사고번호,사고일시,요일,시군구,사고내용,사망자수,중상자수,경상자수,부상신고자수,사고유형,법규위반,노면상태,기상상태,도로형태,가해운전자 차종,가해운전자 성별,가해운전자 연령,가해운전자 상해정도,피해운전자 차종,피해운전자 성별,피해운전자 연령,피해운전자 상해정도
2021011100100430,2021년 1월 11일 19시,월요일,경상남도 창원시 성산구 불모산동,경상사고,0,0,1,0,차대차 - 후진중충돌,안전운전불이행,건조,맑음,단일로 - 기타,화물,남,45세,상해없음,승용,남,36세,경상
2021011100100474,2021년 1월 11일 20시,월요일,경상남도 김해시 부원동,경상사고,0,0,1,0,차대사람 - 횡단중,안전운전불이행,건조,맑음,교차로 - 교차로안,승용,남,35세,상해없음,보행자,남,55세,경상
2021011100100508,2021년 1월 11일 21시,월요일,경상남도 진주시 가좌동,중상사고,0,1,0,0,차대차 - 기타,안전운전불이행,건조,맑음,단일로 - 기타,승용,남,36세,상해없음,이륜,남,25세,중상
2021011100100509,2021년 1월 11일 21시,월요일,경상남도 창원시 의창구 중동,경상사고,0,0,1,0,차대차 - 추돌,안전운전불이행,건조,맑음,교차로 - 교차로부근,승합,남,39세,상해없음,승용,남,66세,경상
2021011200100013,2021년 1월 12일 05시,화요일,경상남도 통영시 당동,경상사고,0,0,2,0,차대차 - 측면충돌,직진우회전진행방해,건조,맑음,교차로 - 교차로안,승용,남,59세,경상,승합,남,28세,경상
2021011200100041,2021년 1월 12일 07시,화요일,경상남도 창원시 진해구 소사동,경상사고,0,0,1,0,차대차 - 측면충돌,차로위반,건조,맑음,교차로 - 교차로안,승용,남,47세,상해없음,승용,여,39세,경상
2021011200100042,2021년 1월 12일 07시,화요일,경상남도 김해시 어방동,경상사고,0,0,2,0,차대차 - 기타,안전운전불이행,건조,맑음,단일로 - 기타,승용,남,25세,상해없음,승용,남,69세,경상
2021011200100069,2021년 1월 12일 08시,화요일,경상남도 의령군 궁류면,중상사고,0,2,0,0,차대차 - 측면충돌,중앙선침범,건조,맑음,교차로 - 교차로부근,화물,남,51세,상해없음,승용,남,56세,중상
2021011200100110,2021년 1월 12일 10시,화요일,경상남도 밀양시 상남면,중상사고,0,1,0,0,차대차 - 측면충돌,중앙선침범,건조,맑음,단일로 - 기타,승용,여,60세,상해없음,자전거,남,43세,중상
2021011200100135,2021년 1월 12일 11시,화요일,경상남도 밀양시 내이동,중상사고,0,1,0,0,차대차 - 측면충돌,안전운전불이행,건조,맑음,단일로 - 기타,자전거,여,64세,중상,승용,남,63세,상해없음
2021011200100136,2021년 1월 12일 11시,화요일,경상남도 김해시 서상동,경상사고,0,0,1,0,차대사람 - 길가장자리구역통행중,안전운전불이행,건조,맑음,교차로 - 교차로부근,승용,여,56세,상해없음,보행자,남,46세,경상
2021011200100137,2021년 1월 12일 11시,화요일,경상남도 함양군 휴천면,중상사고,0,1,1,0,차대차 - 정면충돌,중앙선침범,건조,맑음,단일로 - 기타,승용,여,58세,경상,화물,남,54세,상해없음
2021011200100138,2021년 1월 12일 11시,화요일,경상남도 창원시 성산구 상남동,경상사고,0,0,1,0,차대사람 - 길가장자리구역통행중,안전운전불이행,건조,맑음,단일로 - 기타,화물,남,66세,상해없음,보행자,여,69세,경상
2021011200100165,2021년 1월 12일 12시,화요일,경상남도 통영시 태평동,중상사고,0,1,0,0,차대사람 - 차도통행중,안전운전불이행,건조,맑음,단일로 - 기타,승용,여,49세,상해없음,보행자,여,92세,중상
2021011200100166,2021년 1월 12일 12시,화요일,경상남도 함양군 휴천면,경상사고,0,0,1,0,차량단독 - 기타,안전운전불이행,건조,맑음,단일로 - 기타,이륜,남,83세,경상,,,,
2021011200100167,2021년 1월 12일 12시,화요일,경상남도 양산시 삼호동,경상사고,0,0,1,0,차대차 - 추돌,안전운전불이행,건조,맑음,교차로 - 교차로부근,화물,여,63세,기타불명,승용,남,38세,상해없음
2021011200100199,2021년 1월 12일 13시,화요일,경상남도 통영시 무전동,경상사고,0,0,2,0,차대차 - 추돌,안전운전불이행,건조,맑음,단일로 - 기타,승용,남,35세,상해없음,승용,여,23세,경상
2021011200100232,2021년 1월 12일 14시,화요일,경상남도 창원시 진해구 석동,경상사고,0,0,5,1,차대차 - 추돌,안전운전불이행,건조,맑음,교차로 - 교차로부근,승용,남,28세,부상신고,승용,여,38세,경상
2021011200100233,2021년 1월 12일 14시,화요일,경상남도 창녕군 남지읍,중상사고,0,1,0,0,차대차 - 측면충돌,안전운전불이행,건조,맑음,교차로 - 교차로부근,승용,여,54세,상해없음,자전거,여,69세,중상
2021011200100234,2021년 1월 12일 14시,화요일,경상남도 양산시 물금읍,경상사고,0,0,1,0,차대차 - 측면충돌,안전운전불이행,건조,맑음,교차로 - 교차로안,승용,남,23세,상해없음,승용,남,22세,경상
2021011200100264,2021년 1월 12일 15시,화요일,경상남도 진주시 가좌동,중상사고,0,1,0,0,차대차 - 추돌,안전운전불이행,건조,맑음,교차로 - 교차로부근,이륜,남,28세,중상,화물,남,54세,상해없음
2021011200100301,2021년 1월 12일 16시,화요일,경상남도 양산시 동면,부상신고사고,0,0,0,1,차대차 - 측면충돌,안전운전불이행,건조,맑음,교차로 - 교차로부근,승용,남,73세,상해없음,승용,여,34세,부상신고
2021011200100323,2021년 1월 12일 17시,화요일,경상남도 거창군 거창읍,중상사고,0,1,0,0,차대사람 - 횡단중,안전운전불이행,건조,맑음,교차로 - 교차로안,승용,남,64세,상해없음,보행자,남,54세,중상
2021011200100361,2021년 1월 12일 18시,화요일,경상남도 양산시 물금읍,경상사고,0,0,1,0,차대차 - 측면충돌,신호위반,건조,맑음,교차로 - 교차로안,승용,남,29세,상해없음,이륜,남,40세,경상
2021011200100362,2021년 1월 12일 18시,화요일,경상남도 산청군 신안면,경상사고,0,0,2,0,차대차 - 추돌,안전거리미확보,건조,맑음,단일로 - 기타,승용,여,53세,상해없음,승용,여,49세,경상
2021011200100389,2021년 1월 12일 19시,화요일,경상남도 양산시 덕계동,중상사고,0,1,0,0,차대차 - 측면충돌,안전운전불이행,건조,맑음,교차로 - 교차로안,승용,여,56세,기타불명,승용,여,49세,중상
2021011200100390,2021년 1월 12일 19시,화요일,경상남도 고성군 거류면,부상신고사고,0,0,0,1,차량단독 - 공작물충돌,안전운전불이행,건조,맑음,단일로 - 기타,승용,남,50세,부상신고,,,,
2021011200100410,2021년 1월 12일 20시,화요일,경상남도 창원시 의창구 서상동,경상사고,0,0,1,0,차대사람 - 기타,안전운전불이행,건조,맑음,교차로 - 교차로부근,승용,남,42세,상해없음,보행자,여,23세,경상
2021011200100443,2021년 1월 12일 21시,화요일,경상남도 창원시 성산구 상남동,경상사고,0,0,1,0,차대차 - 측면충돌,안전운전불이행,건조,맑음,기타 - 기타,승용,여,45세,상해없음,이륜,남,26세,경상
2021011300100007,2021년 1월 13일 01시,수요일,경상남도 밀양시 하남읍,부상신고사고,0,0,0,1,차량단독 - 전도전복 - 전복,안전운전불이행,건조,맑음,단일로 - 기타,승용,여,51세,부상신고,,,,
2021011300100008,2021년 1월 13일 01시,수요일,경상남도 김해시 삼계동,중상사고,0,1,0,0,차대차 - 추돌,안전운전불이행,건조,맑음,단일로 - 기타,승용,남,46세,중상,화물,남,61세,상해없음
2021011300100021,2021년 1월 13일 04시,수요일,경상남도 김해시 전하동,경상사고,0,0,2,0,차대차 - 측면충돌,신호위반,건조,맑음,교차로 - 교차로안,화물,남,51세,경상,화물,남,68세,경상
2021011300100037,2021년 1월 13일 06시,수요일,경상남도 밀양시 상남면,경상사고,0,0,1,0,차대차 - 추돌,안전운전불이행,건조,맑음,단일로 - 기타,승용,남,51세,상해없음,승용,여,46세,경상
2021011300100038,2021년 1월 13일 06시,수요일,경상남도 의령군 의령읍,중상사고,0,1,0,0,차대사람 - 기타,안전운전불이행,건조,맑음,단일로 - 기타,승용,남,47세,상해없음,보행자,여,61세,중상
2021011300100039,2021년 1월 13일 06시,수요일,경상남도 창원시 의창구 동읍,중상사고,0,1,0,0,차대사람 - 횡단중,안전운전불이행,건조,맑음,교차로 - 교차로부근,승용,남,60세,상해없음,보행자,여,71세,중상
2021011300100060,2021년 1월 13일 07시,수요일,경상남도 창원시 진해구 석동,경상사고,0,0,1,0,차대차 - 추돌,안전거리미확보,건조,맑음,교차로 - 교차로부근,승합,여,53세,상해없음,승용,여,41세,경상
2021011300100061,2021년 1월 13일 07시,수요일,경상남도 김해시 삼계동,사망사고,1,0,0,0,차량단독 - 공작물충돌,안전운전불이행,젖음/습기,맑음,단일로 - 기타,승용,여,41세,사망,,,,
2021011300100093,2021년 1월 13일 08시,수요일,경상남도 창녕군 도천면,경상사고,0,0,1,0,차대차 - 기타,안전운전불이행,건조,맑음,교차로 - 교차로부근,승용,남,59세,상해없음,승용,남,52세,경상
2021011300100094,2021년 1월 13일 08시,수요일,경상남도 거제시 고현동,경상사고,0,0,2,0,차대차 - 측면충돌,신호위반,건조,맑음,교차로 - 교차로안,화물,남,66세,경상,승용,남,48세,경상
2021011300100095,2021년 1월 13일 08시,수요일,경상남도 의령군 의령읍,중상사고,0,1,0,0,차대차 - 측면충돌,교차로운행방법위반,건조,맑음,교차로 - 교차로부근,화물,남,58세,상해없음,원동기,남,45세,중상
2021011300100140,2021년 1월 13일 10시,수요일,경상남도 밀양시 내일동,중상사고,0,1,0,0,차대차 - 측면충돌,안전운전불이행,건조,맑음,단일로 - 기타,자전거,여,78세,중상,승용,남,39세,상해없음
2021011300100141,2021년 1월 13일 10시,수요일,경상남도 김해시 대청동,경상사고,0,0,1,0,차대차 - 측면충돌,안전거리미확보,건조,맑음,단일로 - 기타,건설기계,남,56세,상해없음,승용,남,26세,경상
2021011300100159,2021년 1월 13일 11시,수요일,경상남도 창원시 마산합포구 구산면,중상사고,0,4,0,0,차대차 - 측면충돌,중앙선침범,건조,맑음,단일로 - 기타,승용,여,62세,중상,승용,여,66세,중상
2021011300100160,2021년 1월 13일 11시,수요일,경상남도 진주시 명석면,경상사고,0,0,1,0,차대차 - 기타,안전운전불이행,건조,맑음,단일로 - 기타,승용,남,43세,상해없음,승용,남,44세,경상
2021011300100215,2021년 1월 13일 13시,수요일,경상남도 통영시 무전동,경상사고,0,0,1,0,차대차 - 측면충돌,중앙선침범,건조,맑음,교차로 - 교차로부근,승용,남,66세,상해없음,화물,남,56세,상해없음
2021011300100216,2021년 1월 13일 13시,수요일,경상남도 함안군 가야읍,경상사고,0,0,2,0,차대차 - 정면충돌,안전운전불이행,건조,맑음,단일로 - 기타,승용,여,66세,상해없음,승용,남,42세,경상
2021011300100237,2021년 1월 13일 14시,수요일,경상남도 창원시 마산합포구 남성동,경상사고,0,0,1,0,차대차 - 기타,안전운전불이행,건조,맑음,교차로 - 교차로안,승용,남,30세,상해없음,승합,남,42세,상해없음
2021011300100264,2021년 1월 13일 15시,수요일,경상남도 진주시 충무공동,중상사고,0,3,2,0,차대차 - 측면충돌,신호위반,건조,맑음,교차로 - 교차로안,승용,남,71세,중상,승용,여,63세,중상
2021011300100265,2021년 1월 13일 15시,수요일,경상남도 김해시 삼계동,경상사고,0,0,1,0,차대사람 - 횡단중,안전운전불이행,건조,맑음,교차로 - 교차로안,승용,여,28세,상해없음,보행자,여,80세,경상
2021011300100266,2021년 1월 13일 15시,수요일,경상남도 함양군 함양읍,경상사고,0,0,1,0,차대차 - 추돌,안전운전불이행,건조,맑음,교차로 - 교차로부근,이륜,남,34세,경상,승용,남,45세,상해없음
2021011300100267,2021년 1월 13일 15시,수요일,경상남도 창원시 마산회원구 내서읍,경상사고,0,0,1,0,차대차 - 추돌,안전운전불이행,건조,맑음,단일로 - 기타,화물,남,56세,상해없음,승용,남,63세,경상
2021011300100297,2021년 1월 13일 16시,수요일,경상남도 밀양시 교동,경상사고,0,0,2,0,차대차 - 측면충돌,신호위반,건조,맑음,교차로 - 교차로안,승용,남,72세,경상,승용,여,60세,경상
2021011300100298,2021년 1월 13일 16시,수요일,경상남도 김해시 대동면,경상사고,0,0,1,0,차대차 - 정면충돌,중앙선침범,건조,맑음,단일로 - 기타,승용,남,57세,상해없음,승용,남,37세,경상
2021011300100299,2021년 1월 13일 16시,수요일,경상남도 거제시 아주동,경상사고,0,0,1,0,차대차 - 측면충돌,안전운전불이행,건조,맑음,교차로 - 교차로부근,승용,남,32세,상해없음,이륜,남,28세,경상
2021011300100320,2021년 1월 13일 17시,수요일,경상남도 통영시 도남동,경상사고,0,0,2,0,차대차 - 측면충돌,안전거리미확보,건조,맑음,기타 - 기타,승용,여,50세,상해없음,승용,여,44세,경상
2021011300100321,2021년 1월 13일 17시,수요일,경상남도 밀양시 무안면,중상사고,0,1,0,0,차대차 - 측면충돌,안전운전불이행,건조,맑음,단일로 - 기타,승용,여,21세,상해없음,농기계,남,76세,중상
2021011300100378,2021년 1월 13일 18시,수요일,경상남도 진주시 초전동,경상사고,0,0,1,0,차대사람 - 차도통행중,안전운전불이행,건조,맑음,단일로 - 기타,승용,여,49세,상해없음,보행자,남,42세,경상
2021011300100379,2021년 1월 13일 18시,수요일,경상남도 김해시 삼방동,경상사고,0,0,1,0,차대사람 - 기타,안전운전불이행,건조,맑음,교차로 - 교차로부근,승합,남,60세,상해없음,보행자,여,67세,경상
2021011300100380,2021년 1월 13일 18시,수요일,경상남도 창녕군 창녕읍,중상사고,0,2,0,0,차대차 - 기타,직진우회전진행방해,건조,맑음,교차로 - 교차로안,승용,남,25세,상해없음,화물,여,63세,중상
2021011300100381,2021년 1월 13일 18시,수요일,경상남도 하동군 금남면,경상사고,0,0,1,0,차대차 - 추돌,안전운전불이행,건조,맑음,단일로 - 기타,화물,남,48세,경상,화물,남,45세,상해없음
2021011300100419,2021년 1월 13일 19시,수요일,경상남도 김해시 생림면,경상사고,0,0,2,0,차대차 - 측면충돌,신호위반,건조,맑음,교차로 - 교차로안,승용,남,49세,경상,화물,남,72세,경상
2021011300100447,2021년 1월 13일 20시,수요일,경상남도 진주시 문산읍,중상사고,0,1,2,0,차대차 - 측면충돌,안전운전불이행,건조,맑음,교차로 - 교차로안,승합,남,55세,경상,승용,남,60세,중상
2021011300100448,2021년 1월 13일 20시,수요일,경상남도 창원시 마산회원구 내서읍,중상사고,0,1,0,0,차대차 - 측면충돌,안전운전불이행,건조,기타,교차로 - 교차로부근,승용,남,63세,상해없음,이륜,남,18세,중상
2021011300100449,2021년 1월 13일 20시,수요일,경상남도 창원시 의창구 동읍,경상사고,0,0,1,0,차대사람 - 기타,안전운전불이행,건조,맑음,단일로 - 기타,승용,남,31세,상해없음,보행자,남,74세,경상
2021011300100481,2021년 1월 13일 21시,수요일,경상남도 창원시 의창구 봉곡동,경상사고,0,0,1,0,차대사람 - 차도통행중,안전운전불이행,건조,맑음,교차로 - 교차로안,승용,남,48세,상해없음,보행자,남,58세,경상
2021011300100482,2021년 1월 13일 21시,수요일,경상남도 창원시 의창구 봉곡동,경상사고,0,0,1,0,차대사람 - 길가장자리구역통행중,안전운전불이행,건조,맑음,단일로 - 기타,승용,남,48세,상해없음,보행자,남,42세,경상
2021011300100501,2021년 1월 13일 22시,수요일,경상남도 진주시 옥봉동,중상사고,0,1,0,0,차대사람 - 횡단중,보행자보호의무위반,건조,맑음,교차로 - 교차로횡단보도내,승용,남,48세,상해없음,보행자,여,62세,중상
2021011400100006,2021년 1월 14일 00시,목요일,경상남도 창원시 마산회원구 회원동,사망사고,1,1,0,0,차대차 - 측면충돌,기타,건조,맑음,교차로 - 교차로부근,승용,남,44세,중상,승용,남,61세,사망
2021011400100011,2021년 1월 14일 01시,목요일,경상남도 창원시 마산합포구 신포동2가,중상사고,0,1,1,0,차대차 - 추돌,안전운전불이행,건조,맑음,교차로 - 교차로부근,승용,남,53세,상해없음,승용,여,49세,중상
2021011400100028,2021년 1월 14일 05시,목요일,경상남도 거제시 고현동,중상사고,0,1,0,0,차대사람 - 차도통행중,안전운전불이행,건조,맑음,교차로 - 교차로안,승용,남,60세,상해없음,보행자,남,88세,중상
2021011400100029,2021년 1월 14일 05시,목요일,경상남도 김해시 무계동,중상사고,0,1,0,0,차대차 - 측면충돌,신호위반,건조,맑음,교차로 - 교차로안,화물,남,54세,상해없음,승용,남,39세,중상
2021011400100038,2021년 1월 14일 06시,목요일,경상남도 창원시 의창구 명서동,중상사고,0,1,0,0,차대사람 - 횡단중,안전운전불이행,건조,맑음,교차로 - 교차로횡단보도내,승용,남,62세,상해없음,보행자,남,63세,중상
2021011400100062,2021년 1월 14일 07시,목요일,경상남도 창원시 진해구 용원동,경상사고,0,0,1,0,차대사람 - 기타,교차로운행방법위반,건조,맑음,교차로 - 교차로안,승용,남,57세,상해없음,보행자,여,39세,경상
2021011400100063,2021년 1월 14일 07시,목요일,경상남도 창녕군 창녕읍,경상사고,0,0,1,0,차대차 - 측면충돌,기타,건조,맑음,교차로 - 교차로부근,화물,남,61세,상해없음,승용,남,34세,경상
2021011400100064,2021년 1월 14일 07시,목요일,경상남도 남해군 남해읍,경상사고,0,0,2,0,차대차 - 추돌,직진우회전진행방해,서리/결빙,맑음,교차로 - 교차로안,승용,여,48세,경상,승용,남,36세,경상
2021011400100065,2021년 1월 14일 07시,목요일,경상남도 창원시 의창구 팔용동,중상사고,0,1,0,0,차대사람 - 횡단중,안전운전불이행,건조,맑음,교차로 - 교차로횡단보도내,승용,남,59세,기타불명,보행자,여,89세,중상
2021011400100097,2021년 1월 14일 08시,목요일,경상남도 통영시 광도면,중상사고,0,1,0,0,차대차 - 추돌,안전거리미확보,건조,맑음,교차로 - 교차로부근,승용,남,37세,상해없음,승용,여,47세,중상
2021011400100098,2021년 1월 14일 08시,목요일,경상남도 거제시 사등면,중상사고,0,1,0,0,차대차 - 정면충돌,안전운전불이행,서리/결빙,맑음,단일로 - 기타,승용,여,48세,상해없음,화물,여,71세,중상
2021011400100099,2021년 1월 14일 08시,목요일,경상남도 거제시 일운면,중상사고,0,1,0,0,차량단독 - 기타,안전운전불이행,서리/결빙,흐림,단일로 - 기타,이륜,남,59세,중상,,,,
2021011400100133,2021년 1월 14일 09시,목요일,경상남도 사천시 벌리동,경상사고,0,0,2,0,차대차 - 측면충돌,직진우회전진행방해,건조,맑음,교차로 - 교차로안,화물,남,56세,상해없음,승용,여,56세,경상
2021011400100134,2021년 1월 14일 09시,목요일,경상남도 밀양시 내이동,중상사고,0,1,0,0,차대차 - 측면충돌,신호위반,건조,맑음,교차로 - 교차로안,승용,남,59세,상해없음,이륜,남,68세,중상
2021011400100172,2021년 1월 14일 10시,목요일,경상남도 밀양시 내이동,중상사고,0,1,0,0,차대차 - 측면충돌,신호위반,건조,맑음,교차로 - 교차로안,승용,여,74세,상해없음,승용,남,65세,중상
2021011400100173,2021년 1월 14일 10시,목요일,경상남도 함양군 마천면,중상사고,0,1,0,0,차량단독 - 공작물충돌,안전운전불이행,젖음/습기,맑음,단일로 - 지하차도(도로)내,승용,남,70세,중상,,,,
2021011400100205,2021년 1월 14일 11시,목요일,경상남도 김해시 삼계동,중상사고,0,1,0,0,차대차 - 정면충돌,신호위반,건조,맑음,교차로 - 교차로안,승용,남,53세,상해없음,승용,여,56세,중상
2021011400100206,2021년 1월 14일 11시,목요일,경상남도 함안군 가야읍,중상사고,0,1,0,0,차대차 - 측면충돌,안전운전불이행,건조,맑음,교차로 - 교차로안,승용,남,81세,상해없음,이륜,여,80세,중상
2021011400100230,2021년 1월 14일 12시,목요일,경상남도 김해시 삼방동,중상사고,0,1,0,0,차대차 - 정면충돌,안전운전불이행,건조,맑음,교차로 - 교차로안,승용,남,60세,상해없음,이륜,남,47세,중상
2021011400100231,2021년 1월 14일 12시,목요일,경상남도 함안군 군북면,중상사고,0,1,0,0,차대차 - 정면충돌,안전운전불이행,건조,맑음,단일로 - 기타,화물,여,67세,상해없음,승용,남,24세,중상
2021011400100259,2021년 1월 14일 13시,목요일,경상남도 창원시 의창구 팔용동,경상사고,0,0,2,0,차대차 - 추돌,안전운전불이행,건조,맑음,단일로 - 기타,승용,여,58세,상해없음,승용,남,19세,경상
2021011400100295,2021년 1월 14일 14시,목요일,경상남도 밀양시 교동,경상사고,0,0,1,2,차대차 - 측면충돌,신호위반,건조,맑음,교차로 - 교차로안,승용,여,77세,상해없음,승용,여,61세,경상
2021011400100296,2021년 1월 14일 14시,목요일,경상남도 함안군 가야읍,경상사고,0,0,1,0,차대차 - 측면충돌,안전운전불이행,건조,맑음,단일로 - 기타,승용,여,49세,상해없음,승용,여,72세,경상
2021011400100333,2021년 1월 14일 15시,목요일,경상남도 통영시 산양읍,경상사고,0,0,1,0,차대사람 - 기타,안전운전불이행,젖음/습기,맑음,기타 - 기타,승용,남,26세,상해없음,보행자,남,59세,경상
2021011400100334,2021년 1월 14일 15시,목요일,경상남도 김해시 한림면,부상신고사고,0,0,0,1,차량단독 - 전도전복 - 전도,안전운전불이행,건조,맑음,교차로 - 교차로부근,이륜,남,65세,부상신고,,,,
2021011400100372,2021년 1월 14일 16시,목요일,경상남도 창원시 진해구 부흥동,경상사고,0,0,1,0,차대차 - 측면충돌,안전거리미확보,건조,맑음,기타 - 기타,승용,여,48세,상해없음,승용,남,30세,경상
2021011400100373,2021년 1월 14일 16시,목요일,경상남도 김해시 흥동,경상사고,0,0,1,0,차대차 - 추돌,안전운전불이행,건조,맑음,교차로 - 교차로부근,화물,남,48세,상해없음,승용,여,41세,경상
2021011400100404,2021년 1월 14일 17시,목요일,경상남도 창원시 마산합포구 우산동,사망사고,1,2,0,0,차대차 - 측면충돌,신호위반,건조,맑음,교차로 - 교차로안,승용,남,81세,사망,승용,남,59세,중상
2021011400100405,2021년 1월 14일 17시,목요일,경상남도 통영시 광도면,중상사고,0,1,0,0,차대차 - 측면충돌,안전거리미확보,건조,맑음,단일로 - 기타,승용,남,37세,상해없음,화물,남,63세,중상
2021011400100406,2021년 1월 14일 17시,목요일,경상남도 양산시 북부동,경상사고,0,0,1,0,차대차 - 측면충돌,교차로운행방법위반,건조,맑음,교차로 - 교차로안,승용,남,69세,상해없음,이륜,남,42세,경상
2021011400100467,2021년 1월 14일 18시,목요일,경상남도 통영시 광도면,경상사고,0,0,3,0,차대차 - 측면충돌,안전거리미확보,건조,맑음,단일로 - 기타,승용,여,40세,상해없음,승용,여,42세,경상
2021011400100468,2021년 1월 14일 18시,목요일,경상남도 양산시 북부동,경상사고,0,0,1,0,차대사람 - 기타,안전운전불이행,건조,맑음,교차로 - 교차로안,승용,남,37세,상해없음,보행자,여,62세,경상
2021011400100469,2021년 1월 14일 18시,목요일,경상남도 거제시 연초면,경상사고,0,0,1,0,차대차 - 추돌,교차로운행방법위반,건조,맑음,교차로 - 교차로안,화물,남,73세,상해없음,승용,여,54세,경상
2021011400100522,2021년 1월 14일 19시,목요일,경상남도 창원시 진해구 이동,중상사고,0,1,0,0,차대사람 - 횡단중,안전운전불이행,건조,맑음,교차로 - 교차로횡단보도내,승용,남,44세,상해없음,보행자,남,56세,중상
2021011400100523,2021년 1월 14일 19시,목요일,경상남도 양산시 유산동,경상사고,0,0,1,0,차대차 - 기타,안전운전불이행,건조,맑음,단일로 - 기타,이륜,남,39세,경상,승용,남,43세,상해없음
2021011400100524,2021년 1월 14일 19시,목요일,경상남도 거제시 능포동,경상사고,0,0,1,0,차대차 - 측면충돌,교차로운행방법위반,건조,맑음,교차로 - 교차로부근,승용,남,40세,상해없음,승용,남,51세,경상
2021011400100550,2021년 1월 14일 20시,목요일,경상남도 김해시 삼계동,경상사고,0,0,2,0,차대차 - 측면충돌,신호위반,건조,맑음,교차로 - 교차로안,이륜,남,24세,경상,승용,남,30세,경상
2021011400100551,2021년 1월 14일 20시,목요일,경상남도 양산시 물금읍,경상사고,0,0,1,0,차대차 - 측면충돌,안전운전불이행,건조,맑음,교차로 - 교차로부근,승용,여,35세,상해없음,이륜,남,27세,경상
2021011400100552,2021년 1월 14일 20시,목요일,경상남도 김해시 삼문동,중상사고,0,1,0,0,차대차 - 추돌,안전운전불이행,건조,맑음,교차로 - 교차로부근,이륜,남,24세,상해없음,이륜,남,49세,중상
2021011400100589,2021년 1월 14일 21시,목요일,경상남도 거제시 장평동,경상사고,0,0,1,0,차대차 - 추돌,안전운전불이행,건조,맑음,단일로 - 기타,승용,남,60세,상해없음,승용,여,31세,경상
2021011400100590,2021년 1월 14일 21시,목요일,경상남도 거제시 동부면,부상신고사고,0,0,0,1,차대사람 - 기타,안전운전불이행,건조,맑음,단일로 - 기타,기타불명,기타불명,미분류,기타불명,보행자,남,56세,부상신고
2021011500100018,2021년 1월 15일 03시,금요일,경상남도 합천군 합천읍,중상사고,0,1,0,0,차대차 - 측면충돌,신호위반,건조,맑음,교차로 - 교차로안,이륜,남,72세,중상,승용,남,26세,상해없음
2021011500100021,2021년 1월 15일 04시,금요일,경상남도 창원시 성산구 외동,사망사고,1,0,0,0,차대사람 - 기타,안전운전불이행,건조,맑음,단일로 - 기타,승용,남,58세,상해없음,보행자,남,61세,사망
2021011500100026,2021년 1월 15일 05시,금요일,경상남도 사천시 서동,중상사고,0,1,0,0,차대사람 - 기타,안전운전불이행,건조,맑음,단일로 - 기타,원동기,남,80세,상해없음,보행자,남,49세,중상
2021011500100035,2021년 1월 15일 06시,금요일,경상남도 통영시 도천동,경상사고,0,0,2,0,차대차 - 측면충돌,직진우회전진행방해,건조,맑음,교차로 - 교차로안,화물,남,73세,상해없음,승용,남,36세,경상
2021011500100036,2021년 1월 15일 06시,금요일,경상남도 창원시 의창구 북면,경상사고,0,0,1,0,차대차 - 측면충돌,안전운전불이행,건조,맑음,단일로 - 기타,화물,남,46세,상해없음,승용,남,31세,경상
2021011500100085,2021년 1월 15일 08시,금요일,경상남도 김해시 대동면,경상사고,0,0,1,0,차대차 - 추돌,중앙선침범,건조,맑음,단일로 - 기타,건설기계,남,62세,상해없음,건설기계,남,71세,경상
2021011500100106,2021년 1월 15일 09시,금요일,경상남도 거창군 거창읍,중상사고,0,1,0,0,차대사람 - 횡단중,안전운전불이행,건조,맑음,교차로 - 교차로부근,화물,여,64세,상해없음,보행자,여,78세,중상
2021011500100107,2021년 1월 15일 09시,금요일,경상남도 거창군 위천면,사망사고,1,0,0,0,차대차 - 정면충돌,안전운전불이행,젖음/습기,맑음,단일로 - 기타,승용,여,65세,사망,건설기계,남,44세,상해없음
2021011500100160,2021년 1월 15일 11시,금요일,경상남도 김해시 관동동,중상사고,0,1,0,0,차대차 - 측면충돌,안전운전불이행,건조,맑음,교차로 - 교차로안,승용,여,46세,상해없음,이륜,남,41세,중상
2021011500100184,2021년 1월 15일 12시,금요일,경상남도 거제시 고현동,경상사고,0,0,1,0,차대차 - 측면충돌,직진우회전진행방해,건조,맑음,교차로 - 교차로안,이륜,남,28세,경상,승용,여,48세,상해없음
2021011500100227,2021년 1월 15일 13시,금요일,경상남도 통영시 북신동,경상사고,0,0,1,0,차대사람 - 횡단중,신호위반,건조,맑음,교차로 - 교차로횡단보도내,승용,남,61세,상해없음,보행자,여,26세,경상
2021011500100228,2021년 1월 15일 13시,금요일,경상남도 창원시 성산구 중앙동,경상사고,0,0,1,0,차대사람 - 횡단중,보행자보호의무위반,건조,맑음,단일로 - 기타,승용,남,39세,상해없음,보행자,여,52세,경상
2021011500100229,2021년 1월 15일 13시,금요일,경상남도 창원시 의창구 팔용동,중상사고,0,1,2,0,차대차 - 추돌,안전운전불이행,건조,맑음,단일로 - 기타,화물,남,57세,상해없음,승용,여,38세,중상
2021011500100263,2021년 1월 15일 14시,금요일,경상남도 진주시 상대동,경상사고,0,0,1,0,차대차 - 추돌,안전거리미확보,건조,맑음,단일로 - 기타,승용,남,35세,상해없음,승용,남,29세,경상