사고번호,사고일시,요일,시군구,사고내용,사망자수,중상자수,경상자수,부상신고자수,사고유형,법규위반,노면상태,기상상태,도로형태,가해운전자 차종,가해운전자 성별,가해운전자 연령,가해운전자 상해정도,피해운전자 차종,피해운전자 성별,피해운전자 연령,피해운전자 상해정도
2021011500100264,2021년 1월 15일 14시,금요일,경상남도 양산시 물금읍,중상사고,0,1,0,0,차대차 - 측면충돌,안전운전불이행,건조,맑음,단일로 - 기타,승용,여,30세,상해없음,이륜,남,27세,중상
2021011500100265,2021년 1월 15일 14시,금요일,경상남도 창원시 의창구 팔용동,경상사고,0,0,1,0,차대사람 - 기타,안전운전불이행,건조,맑음,교차로 - 교차로안,승용,남,43세,상해없음,보행자,여,65세,경상
2021011500100320,2021년 1월 15일 16시,금요일,경상남도 김해시 내동,경상사고,0,0,1,0,차대차 - 추돌,직진우회전진행방해,건조,맑음,교차로 - 교차로안,승용,남,19세,상해없음,승용,여,74세,경상
2021011500100321,2021년 1월 15일 16시,금요일,경상남도 창원시 성산구 중앙동,경상사고,0,0,1,0,차대사람 - 기타,중앙선침범,건조,맑음,교차로 - 교차로횡단보도내,화물,남,41세,상해없음,보행자,여,37세,경상
2021011500100366,2021년 1월 15일 17시,금요일,경상남도 거창군 거창읍,중상사고,0,1,0,0,차대차 - 측면충돌,신호위반,건조,맑음,교차로 - 교차로안,승용,여,43세,상해없음,이륜,여,71세,중상
2021011500100367,2021년 1월 15일 17시,금요일,경상남도 창원시 마산회원구 구암동,경상사고,0,0,2,0,차대차 - 측면충돌,안전운전불이행,건조,맑음,단일로 - 기타,승용,여,43세,상해없음,승용,남,28세,경상
2021011500100439,2021년 1월 15일 18시,금요일,경상남도 창원시 마산합포구 신포동1가,경상사고,0,0,1,0,차대차 - 측면충돌,안전운전불이행,건조,맑음,단일로 - 기타,승용,여,27세,상해없음,승용,남,28세,경상
2021011500100499,2021년 1월 15일 19시,금요일,경상남도 양산시 북부동,중상사고,0,1,2,0,차대차 - 측면충돌,신호위반,건조,맑음,교차로 - 교차로안,승용,남,24세,경상,승용,여,37세,경상
2021011500100500,2021년 1월 15일 19시,금요일,경상남도 남해군 남해읍,중상사고,0,1,0,0,차대차 - 측면충돌,교차로운행방법위반,건조,맑음,교차로 - 교차로안,승용,남,32세,상해없음,이륜,여,59세,중상
2021011500100578,2021년 1월 15일 21시,금요일,경상남도 밀양시 삼문동,중상사고,0,2,0,0,차대차 - 측면충돌,안전운전불이행,건조,맑음,교차로 - 교차로안,승용,남,44세,상해없음,승용,남,50세,중상
2021011500100579,2021년 1월 15일 21시,금요일,경상남도 김해시 외동,경상사고,0,0,1,0,차대차 - 측면충돌,안전운전불이행,건조,맑음,교차로 - 교차로안,원동기,남,42세,상해없음,원동기,남,34세,경상
2021011500100580,2021년 1월 15일 21시,금요일,경상남도 김해시 관동동,경상사고,0,0,1,0,차대차 - 측면충돌,안전운전불이행,건조,맑음,단일로 - 기타,이륜,남,34세,경상,승용,남,62세,상해없음
2021011500100604,2021년 1월 15일 22시,금요일,경상남도 거제시 상동동,경상사고,0,0,1,0,차대차 - 측면충돌,중앙선침범,건조,맑음,교차로 - 교차로부근,이륜,남,39세,상해없음,승합,여,43세,경상
2021011600100025,2021년 1월 16일 03시,토요일,경상남도 거제시 연초면,중상사고,0,1,0,0,차량단독 - 기타,안전운전불이행,건조,맑음,단일로 - 기타,승용,여,43세,중상,,,,
2021011600100031,2021년 1월 16일 05시,토요일,경상남도 창원시 의창구 용동,경상사고,0,0,1,0,차대차 - 기타,중앙선침범,건조,맑음,단일로 - 기타,화물,남,64세,상해없음,승용,남,38세,상해없음
2021011600100040,2021년 1월 16일 06시,토요일,경상남도 함안군 칠서면,사망사고,1,0,0,0,차량단독 - 공작물충돌,안전운전불이행,건조,맑음,단일로 - 기타,승용,남,38세,사망,,,,
2021011600100053,2021년 1월 16일 08시,토요일,경상남도 창원시 마산합포구 진동면,경상사고,0,0,1,0,차대차 - 측면충돌,안전거리미확보,건조,맑음,단일로 - 기타,승용,남,76세,상해없음,승용,여,61세,경상
2021011600100054,2021년 1월 16일 08시,토요일,경상남도 사천시 서포면,중상사고,0,1,1,1,차대차 - 측면충돌,직진우회전진행방해,건조,맑음,교차로 - 교차로안,승용,여,43세,경상,승용,남,55세,중상
2021011600100055,2021년 1월 16일 08시,토요일,경상남도 양산시 북정동,경상사고,0,0,3,0,차대차 - 측면충돌,안전거리미확보,건조,맑음,단일로 - 기타,승용,여,61세,상해없음,승용,남,25세,경상
2021011600100070,2021년 1월 16일 09시,토요일,경상남도 사천시 서포면,중상사고,0,3,0,0,차대차 - 정면충돌,중앙선침범,건조,맑음,단일로 - 기타,승용,남,59세,중상,화물,남,76세,중상
2021011600100087,2021년 1월 16일 10시,토요일,경상남도 사천시 곤명면,경상사고,0,0,1,0,차대차 - 측면충돌,교차로운행방법위반,건조,맑음,교차로 - 교차로안,승용,여,56세,상해없음,승용,남,42세,경상
2021011600100088,2021년 1월 16일 10시,토요일,경상남도 양산시 산막동,중상사고,0,1,0,0,차대차 - 측면충돌,교차로운행방법위반,건조,맑음,교차로 - 교차로안,승용,남,58세,상해없음,승용,남,65세,중상
2021011600100089,2021년 1월 16일 10시,토요일,경상남도 창원시 의창구 소계동,경상사고,0,0,1,0,차대차 - 측면충돌,안전거리미확보,건조,맑음,교차로 - 교차로안,승용,여,64세,상해없음,화물,남,43세,경상
2021011600100106,2021년 1월 16일 11시,토요일,경상남도 밀양시 삼문동,경상사고,0,0,2,0,차대차 - 측면충돌,교차로운행방법위반,건조,맑음,교차로 - 교차로안,승용,남,72세,경상,승용,여,51세,경상
2021011600100107,2021년 1월 16일 11시,토요일,경상남도 거창군 거창읍,경상사고,0,0,1,0,차대차 - 후진중충돌,안전운전불이행,건조,맑음,단일로 - 기타,화물,남,42세,상해없음,승용,여,29세,경상
2021011600100108,2021년 1월 16일 11시,토요일,경상남도 창원시 의창구 사림동,경상사고,0,0,1,0,차대사람 - 기타,안전운전불이행,건조,맑음,기타 - 기타,승합,남,43세,상해없음,보행자,여,57세,경상
2021011600100159,2021년 1월 16일 13시,토요일,경상남도 함안군 가야읍,사망사고,1,1,0,0,차대사람 - 기타,안전운전불이행,건조,맑음,단일로 - 기타,승용,여,58세,상해없음,보행자,여,80세,사망
2021011600100160,2021년 1월 16일 13시,토요일,경상남도 김해시 신문동,중상사고,0,3,0,0,차대차 - 측면충돌,신호위반,건조,맑음,교차로 - 교차로안,건설기계,남,50세,상해없음,승용,여,47세,중상
2021011600100199,2021년 1월 16일 14시,토요일,경상남도 양산시 물금읍,중상사고,0,1,0,0,차량단독 - 기타,안전운전불이행,건조,맑음,교차로 - 교차로안,승용,여,59세,상해없음,,,,
2021011600100224,2021년 1월 16일 15시,토요일,경상남도 통영시 광도면,경상사고,0,0,1,0,차대사람 - 횡단중,안전운전불이행,건조,맑음,교차로 - 교차로부근,승용,남,64세,상해없음,보행자,남,42세,경상
2021011600100225,2021년 1월 16일 15시,토요일,경상남도 김해시 부원동,경상사고,0,0,2,0,차대차 - 추돌,안전운전불이행,건조,맑음,단일로 - 기타,승용,남,65세,상해없음,승용,남,52세,경상
2021011600100226,2021년 1월 16일 15시,토요일,경상남도 거제시 고현동,경상사고,0,0,1,0,차대사람 - 기타,보행자보호의무위반,건조,맑음,교차로 - 교차로횡단보도내,승용,여,44세,상해없음,보행자,여,62세,경상
2021011600100227,2021년 1월 16일 15시,토요일,경상남도 남해군 이동면,중상사고,0,2,0,0,차대차 - 측면충돌,중앙선침범,건조,맑음,교차로 - 교차로안,승용,여,46세,상해없음,화물,남,49세,중상
2021011600100228,2021년 1월 16일 15시,토요일,경상남도 함안군 칠원읍,경상사고,0,0,2,0,차대차 - 추돌,안전운전불이행,건조,맑음,단일로 - 터널,승용,남,22세,상해없음,승합,남,34세,경상
2021011600100266,2021년 1월 16일 16시,토요일,경상남도 통영시 정량동,경상사고,0,0,2,1,차대차 - 측면충돌,직진우회전진행방해,건조,맑음,교차로 - 교차로안,화물,남,50세,부상신고,승용,남,27세,경상
2021011600100267,2021년 1월 16일 16시,토요일,경상남도 함양군 함양읍,경상사고,0,0,1,0,차대차 - 측면충돌,신호위반,건조,맑음,교차로 - 교차로안,이륜,남,20세,경상,승용,남,25세,상해없음
2021011600100301,2021년 1월 16일 17시,토요일,경상남도 거제시 연초면,중상사고,0,1,0,0,차대차 - 측면충돌,신호위반,건조,맑음,단일로 - 기타,승용,여,45세,상해없음,이륜,남,52세,중상
2021011600100343,2021년 1월 16일 18시,토요일,경상남도 통영시 당동,부상신고사고,0,0,0,1,차대차 - 측면충돌,신호위반,건조,맑음,교차로 - 교차로안,이륜,남,46세,부상신고,승용,남,61세,상해없음
2021011600100344,2021년 1월 16일 18시,토요일,경상남도 거창군 거창읍,경상사고,0,0,2,0,차대차 - 정면충돌,중앙선침범,건조,맑음,단일로 - 기타,이륜,남,19세,경상,이륜,남,19세,경상
2021011600100345,2021년 1월 16일 18시,토요일,경상남도 고성군 고성읍,경상사고,0,0,1,0,차량단독 - 전도전복 - 전도,안전운전불이행,건조,맑음,단일로 - 기타,이륜,남,55세,경상,,,,
2021011600100383,2021년 1월 16일 19시,토요일,경상남도 창원시 진해구 덕산동,경상사고,0,0,2,0,차대사람 - 횡단중,보행자보호의무위반,건조,맑음,교차로 - 교차로횡단보도내,승용,남,54세,상해없음,보행자,남,63세,경상
2021011600100384,2021년 1월 16일 19시,토요일,경상남도 김해시 외동,경상사고,0,0,1,0,차대차 - 기타,안전운전불이행,건조,맑음,단일로 - 기타,화물,남,39세,상해없음,이륜,남,22세,경상
2021011600100385,2021년 1월 16일 19시,토요일,경상남도 창원시 의창구 팔용동,경상사고,0,0,1,0,차대차 - 측면충돌,안전운전불이행,기타,기타,교차로 - 교차로안,승용,남,27세,상해없음,원동기,남,18세,경상
2021011600100407,2021년 1월 16일 20시,토요일,경상남도 통영시 광도면,경상사고,0,0,1,0,차대사람 - 기타,기타,건조,맑음,단일로 - 기타,승용,남,24세,상해없음,보행자,남,52세,경상
2021011600100408,2021년 1월 16일 20시,토요일,경상남도 양산시 중부동,경상사고,0,0,1,0,차대차 - 추돌,안전운전불이행,건조,맑음,단일로 - 기타,승용,남,23세,상해없음,자전거,여,70세,경상
2021011600100467,2021년 1월 16일 22시,토요일,경상남도 창원시 마산합포구 상남동,중상사고,0,1,0,0,차대사람 - 차도통행중,안전운전불이행,건조,맑음,단일로 - 기타,승용,남,37세,상해없음,보행자,남,55세,중상
2021011700100012,2021년 1월 17일 01시,일요일,경상남도 거제시 동부면,경상사고,0,0,1,0,차대차 - 정면충돌,중앙선침범,건조,맑음,단일로 - 기타,승용,남,19세,상해없음,승용,남,28세,경상
2021011700100049,2021년 1월 17일 10시,일요일,경상남도 김해시 내덕동,경상사고,0,0,1,0,차량단독 - 공작물충돌,안전운전불이행,건조,맑음,단일로 - 기타,승용,남,49세,경상,,,,
2021011700100082,2021년 1월 17일 12시,일요일,경상남도 통영시 광도면,부상신고사고,0,0,0,1,차대차 - 기타,직진우회전진행방해,건조,맑음,교차로 - 교차로안,승용,여,46세,상해없음,이륜,남,33세,부상신고
2021011700100083,2021년 1월 17일 12시,일요일,경상남도 창원시 마산회원구 구암동,경상사고,0,0,1,0,차대차 - 기타,신호위반,건조,맑음,교차로 - 교차로안,화물,남,53세,상해없음,이륜,남,39세,경상
2021011700100123,2021년 1월 17일 14시,일요일,경상남도 창원시 마산합포구 교방동,부상신고사고,0,0,0,1,차대차 - 측면충돌,안전운전불이행,건조,맑음,단일로 - 기타,승용,남,68세,상해없음,승용,남,29세,기타불명
2021011700100125,2021년 1월 17일 14시,일요일,경상남도 거제시 옥포동,경상사고,0,0,1,0,차대차 - 후진중충돌,안전운전불이행,건조,맑음,주차장 - 주차장,승용,남,74세,상해없음,승용,여,43세,경상
2021011700100155,2021년 1월 17일 16시,일요일,경상남도 김해시 불암동,경상사고,0,0,1,0,차대차 - 추돌,안전운전불이행,건조,맑음,단일로 - 기타,승용,여,60세,상해없음,승용,여,37세,경상
2021011700100190,2021년 1월 17일 17시,일요일,경상남도 창원시 의창구 봉곡동,중상사고,0,1,0,0,차대차 - 측면충돌,중앙선침범,건조,맑음,단일로 - 기타,승용,남,61세,상해없음,이륜,남,30세,중상
2021011700100224,2021년 1월 17일 18시,일요일,경상남도 김해시 외동,경상사고,0,0,2,0,차대차 - 측면충돌,안전운전불이행,건조,맑음,단일로 - 기타,승용,남,46세,상해없음,승용,남,30세,경상
2021011700100251,2021년 1월 17일 19시,일요일,경상남도 창원시 마산회원구 회원동,경상사고,0,0,1,0,차대사람 - 기타,안전운전불이행,건조,맑음,단일로 - 기타,승용,남,39세,상해없음,보행자,여,78세,경상
2021011700100264,2021년 1월 17일 20시,일요일,경상남도 창원시 진해구 용원동,경상사고,0,0,3,0,차대차 - 추돌,안전운전불이행,건조,맑음,교차로 - 교차로안,승용,남,27세,경상,승용,남,39세,경상
2021011700100282,2021년 1월 17일 21시,일요일,경상남도 창원시 성산구 반림동,중상사고,0,1,0,0,차대차 - 정면충돌,중앙선침범,건조,맑음,교차로 - 교차로부근,승용,남,22세,상해없음,승용,남,62세,상해없음
2021011800100015,2021년 1월 18일 05시,월요일,경상남도 김해시 내동,경상사고,0,0,1,0,차대사람 - 길가장자리구역통행중,안전운전불이행,건조,맑음,단일로 - 기타,승용,남,29세,상해없음,보행자,남,46세,경상
2021011800100032,2021년 1월 18일 07시,월요일,경상남도 통영시 서호동,부상신고사고,0,0,0,1,차대사람 - 횡단중,안전운전불이행,건조,맑음,교차로 - 교차로안,승용,남,62세,상해없음,보행자,여,69세,부상신고
2021011800100033,2021년 1월 18일 07시,월요일,경상남도 사천시 죽림동,경상사고,0,0,1,0,차대차 - 측면충돌,신호위반,적설,눈,교차로 - 교차로안,승용,남,57세,상해없음,승용,남,34세,상해없음
2021011800100034,2021년 1월 18일 07시,월요일,경상남도 거제시 사등면,경상사고,0,0,1,0,차대차 - 측면충돌,안전거리미확보,건조,맑음,단일로 - 기타,승합,남,63세,상해없음,승용,남,28세,경상
2021011800100035,2021년 1월 18일 07시,월요일,경상남도 김해시 관동동,경상사고,0,0,1,0,차대차 - 측면충돌,안전운전불이행,건조,맑음,교차로 - 교차로안,승용,남,34세,상해없음,승합,남,47세,경상
2021011800100036,2021년 1월 18일 07시,월요일,경상남도 김해시 진영읍,사망사고,1,0,0,0,차대차 - 추돌,안전운전불이행,건조,맑음,단일로 - 기타,화물,남,59세,사망,화물,남,52세,상해없음
2021011800100037,2021년 1월 18일 07시,월요일,경상남도 하동군 금남면,중상사고,0,2,0,0,차대차 - 기타,안전거리미확보,적설,눈,단일로 - 기타,화물,남,46세,상해없음,승용,남,57세,중상
2021011800100083,2021년 1월 18일 09시,월요일,경상남도 창원시 마산회원구 내서읍,중상사고,0,1,0,0,차대사람 - 기타,기타,건조,맑음,기타 - 기타,승합,남,34세,상해없음,보행자,여,59세,중상
2021011800100105,2021년 1월 18일 10시,월요일,경상남도 창원시 마산합포구 동성동,경상사고,0,0,1,0,차대차 - 추돌,안전운전불이행,건조,맑음,교차로 - 교차로부근,승용,남,51세,상해없음,승용,남,35세,경상
2021011800100106,2021년 1월 18일 10시,월요일,경상남도 김해시 내동,경상사고,0,0,1,0,차대차 - 측면충돌,직진우회전진행방해,건조,맑음,교차로 - 교차로안,승용,남,21세,상해없음,원동기,남,59세,경상
2021011800100107,2021년 1월 18일 10시,월요일,경상남도 창녕군 대지면,중상사고,0,1,1,1,차대차 - 측면충돌,기타,건조,맑음,교차로 - 교차로안,화물,남,71세,부상신고,화물,남,53세,중상
2021011800100108,2021년 1월 18일 10시,월요일,경상남도 거제시 상동동,경상사고,0,0,2,0,차대차 - 측면충돌,신호위반,건조,맑음,교차로 - 교차로안,승용,여,68세,경상,화물,남,38세,경상
2021011800100132,2021년 1월 18일 11시,월요일,경상남도 사천시 향촌동,중상사고,0,1,0,0,차대차 - 측면충돌,안전거리미확보,건조,맑음,단일로 - 기타,승용,남,35세,상해없음,이륜,남,41세,중상
2021011800100133,2021년 1월 18일 11시,월요일,경상남도 밀양시 삼문동,경상사고,0,0,1,0,차대차 - 측면충돌,안전운전불이행,건조,맑음,단일로 - 교량,건설기계,남,55세,상해없음,승용,여,67세,경상
2021011800100134,2021년 1월 18일 11시,월요일,경상남도 양산시 남부동,중상사고,0,1,0,0,차대차 - 기타,안전운전불이행,건조,맑음,기타 - 기타,승용,남,39세,상해없음,승용,남,60세,중상
2021011800100136,2021년 1월 18일 11시,월요일,경상남도 김해시 진영읍,중상사고,0,1,0,0,차량단독 - 공작물충돌,안전운전불이행,건조,맑음,단일로 - 기타,승합,남,54세,상해없음,,,,
2021011800100154,2021년 1월 18일 12시,월요일,경상남도 양산시 소주동,경상사고,0,0,1,0,차대차 - 측면충돌,직진우회전진행방해,건조,맑음,교차로 - 교차로안,승용,남,37세,상해없음,이륜,남,22세,경상
2021011800100155,2021년 1월 18일 12시,월요일,경상남도 거제시 고현동,경상사고,0,0,1,0,차대차 - 측면충돌,안전운전불이행,건조,맑음,교차로 - 교차로안,승용,여,60세,상해없음,승용,남,29세,경상
2021011800100221,2021년 1월 18일 15시,월요일,경상남도 거제시 연초면,중상사고,0,1,2,0,차대차 - 추돌,안전운전불이행,건조,맑음,단일로 - 기타,화물,남,66세,상해없음,승용,남,55세,중상
2021011800100323,2021년 1월 18일 18시,월요일,경상남도 김해시 외동,경상사고,0,0,1,0,차대차 - 후진중충돌,기타,건조,맑음,교차로 - 교차로안,화물,남,44세,상해없음,화물,남,50세,경상
2021011800100324,2021년 1월 18일 18시,월요일,경상남도 창녕군 창녕읍,중상사고,0,1,0,0,차대사람 - 기타,안전운전불이행,건조,맑음,교차로 - 교차로안,승용,남,62세,상해없음,보행자,여,46세,중상
2021011800100409,2021년 1월 18일 20시,월요일,경상남도 진주시 장재동,경상사고,0,0,1,0,차대차 - 추돌,안전운전불이행,건조,흐림,기타 - 기타,화물,남,61세,상해없음,승용,남,50세,경상
2021011800100410,2021년 1월 18일 20시,월요일,경상남도 거제시 상동동,경상사고,0,0,1,0,차대차 - 기타,교차로운행방법위반,건조,맑음,교차로 - 교차로안,승용,남,32세,상해없음,이륜,남,29세,경상
2021011800100411,2021년 1월 18일 20시,월요일,경상남도 창원시 마산회원구 합성동,사망사고,1,0,0,0,차대사람 - 횡단중,안전운전불이행,건조,맑음,단일로 - 기타,승합,남,57세,상해없음,보행자,남,65세,사망
2021011800100444,2021년 1월 18일 21시,월요일,경상남도 창원시 마산합포구 교방동,중상사고,0,1,0,0,차대사람 - 기타,안전운전불이행,건조,맑음,단일로 - 기타,승용,여,28세,상해없음,보행자,남,77세,중상
2021011800100472,2021년 1월 18일 22시,월요일,경상남도 진주시 초전동,경상사고,0,0,1,0,차대차 - 정면충돌,중앙선침범,건조,흐림,교차로 - 교차로부근,승용,여,23세,기타불명,승용,남,65세,경상
2021011800100473,2021년 1월 18일 22시,월요일,경상남도 양산시 명동,중상사고,0,1,0,0,차대차 - 측면충돌,직진우회전진행방해,건조,맑음,교차로 - 교차로안,승합,남,47세,상해없음,이륜,남,26세,중상
2021011900100119,2021년 1월 19일 09시,화요일,경상남도 김해시 외동,중상사고,0,1,0,0,차대사람 - 횡단중,안전운전불이행,건조,맑음,교차로 - 교차로안,화물,남,28세,상해없음,보행자,여,56세,중상
2021011900100120,2021년 1월 19일 09시,화요일,경상남도 고성군 회화면,중상사고,0,1,1,0,차대차 - 정면충돌,중앙선침범,건조,맑음,단일로 - 기타,승용,여,62세,상해없음,화물,남,45세,중상
2021011900100187,2021년 1월 19일 11시,화요일,경상남도 거창군 거창읍,경상사고,0,0,1,0,차대사람 - 횡단중,안전운전불이행,건조,맑음,교차로 - 교차로부근,승용,여,40세,상해없음,보행자,여,28세,경상
2021011900100216,2021년 1월 19일 12시,화요일,경상남도 진주시 상봉동,경상사고,0,0,1,0,차대차 - 정면충돌,안전운전불이행,건조,맑음,교차로 - 교차로안,승용,남,65세,상해없음,이륜,남,40세,경상
2021011900100217,2021년 1월 19일 12시,화요일,경상남도 김해시 내동,중상사고,0,2,0,0,차대차 - 측면충돌,신호위반,건조,맑음,교차로 - 교차로안,이륜,남,55세,중상,승용,여,39세,중상
2021011900100218,2021년 1월 19일 12시,화요일,경상남도 함안군 군북면,중상사고,0,1,0,0,차대차 - 측면충돌,교차로운행방법위반,건조,맑음,교차로 - 교차로안,승용,남,64세,상해없음,승용,남,62세,중상
2021011900100219,2021년 1월 19일 12시,화요일,경상남도 창원시 의창구 서상동,중상사고,0,1,0,0,차대차 - 측면충돌,안전운전불이행,건조,맑음,교차로 - 교차로부근,승용,남,46세,상해없음,이륜,남,38세,중상
2021011900100220,2021년 1월 19일 12시,화요일,경상남도 김해시 주촌면,경상사고,0,0,1,0,차대차 - 측면충돌,신호위반,건조,맑음,단일로 - 기타,승용,여,58세,상해없음,자전거,남,9세,경상
2021011900100251,2021년 1월 19일 13시,화요일,경상남도 김해시 주촌면,경상사고,0,0,1,0,차대차 - 측면충돌,중앙선침범,건조,맑음,단일로 - 기타,화물,남,63세,상해없음,승용,남,41세,경상
2021011900100286,2021년 1월 19일 14시,화요일,경상남도 남해군 남해읍,경상사고,0,0,1,0,차대사람 - 횡단중,안전운전불이행,건조,맑음,단일로 - 기타,화물,남,58세,상해없음,보행자,남,91세,경상
2021011900100316,2021년 1월 19일 15시,화요일,경상남도 고성군 고성읍,중상사고,0,1,0,0,차대사람 - 차도통행중,안전운전불이행,건조,맑음,교차로 - 교차로안,승용,여,33세,상해없음,보행자,남,74세,중상
2021011900100350,2021년 1월 19일 16시,화요일,경상남도 김해시 삼방동,경상사고,0,0,1,0,차대차 - 추돌,안전운전불이행,건조,맑음,교차로 - 교차로부근,승용,여,54세,상해없음,승용,여,39세,경상
2021011900100351,2021년 1월 19일 16시,화요일,경상남도 김해시 어방동,중상사고,0,1,1,0,차대차 - 측면충돌,신호위반,건조,맑음,교차로 - 교차로안,승용,여,52세,경상,승용,남,64세,중상
2021011900100388,2021년 1월 19일 17시,화요일,경상남도 합천군 초계면,중상사고,0,1,0,0,차대차 - 정면충돌,안전운전불이행,건조,맑음,교차로 - 교차로안,화물,남,38세,상해없음,이륜,남,65세,중상
2021011900100389,2021년 1월 19일 17시,화요일,경상남도 함양군 서상면,중상사고,0,1,0,1,차대차 - 측면충돌,교차로운행방법위반,건조,맑음,교차로 - 교차로안,승용,남,40세,부상신고,화물,남,38세,중상
2021011900100390,2021년 1월 19일 17시,화요일,경상남도 양산시 물금읍,경상사고,0,0,1,0,차대차 - 측면충돌,안전운전불이행,건조,맑음,교차로 - 교차로부근,기타불명,기타불명,미분류,기타불명,자전거,남,17세,경상
2021011900100391,2021년 1월 19일 17시,화요일,경상남도 김해시 이동,중상사고,0,1,0,0,차대차 - 측면충돌,안전운전불이행,건조,맑음,교차로 - 교차로안,화물,남,70세,상해없음,승용,여,48세,중상
2021011900100437,2021년 1월 19일 18시,화요일,경상남도 양산시 남부동,경상사고,0,0,1,0,차대차 - 기타,안전운전불이행,건조,맑음,교차로 - 교차로횡단보도내,승용,여,38세,상해없음,자전거,남,13세,경상
2021011900100438,2021년 1월 19일 18시,화요일,경상남도 창원시 의창구 팔용동,중상사고,0,1,0,0,차대사람 - 횡단중,안전운전불이행,건조,맑음,교차로 - 교차로안,승용,여,52세,상해없음,보행자,남,66세,중상
2021011900100488,2021년 1월 19일 19시,화요일,경상남도 진주시 옥봉동,경상사고,0,0,1,0,차대차 - 정면충돌,신호위반,건조,맑음,교차로 - 교차로안,승용,남,61세,상해없음,이륜,남,35세,경상
2021011900100489,2021년 1월 19일 19시,화요일,경상남도 거제시 일운면,중상사고,0,1,0,0,차대사람 - 기타,안전운전불이행,건조,맑음,단일로 - 기타,승용,남,27세,상해없음,보행자,남,71세,중상
2021011900100531,2021년 1월 19일 20시,화요일,경상남도 김해시 삼정동,경상사고,0,0,1,0,차대차 - 추돌,안전운전불이행,건조,맑음,단일로 - 기타,승용,여,54세,상해없음,이륜,남,31세,경상
2021011900100532,2021년 1월 19일 20시,화요일,경상남도 창원시 의창구 서상동,경상사고,0,0,1,0,차대차 - 측면충돌,안전운전불이행,건조,맑음,교차로 - 교차로안,승용,남,24세,상해없음,이륜,남,35세,경상
2021011900100577,2021년 1월 19일 21시,화요일,경상남도 진주시 충무공동,중상사고,0,1,0,0,차대차 - 추돌,안전운전불이행,건조,맑음,단일로 - 기타,승용,여,44세,상해없음,승용,여,47세,중상
2021012000100014,2021년 1월 20일 02시,수요일,경상남도 거제시 고현동,경상사고,0,0,2,0,차대차 - 추돌,안전운전불이행,건조,맑음,교차로 - 교차로부근,승용,남,29세,상해없음,승용,여,22세,경상
2021012000100026,2021년 1월 20일 05시,수요일,경상남도 창녕군 성산면,중상사고,0,1,1,0,차대차 - 추돌,안전운전불이행,건조,맑음,단일로 - 기타,승용,남,42세,중상,특수,남,58세,경상
2021012000100047,2021년 1월 20일 06시,수요일,경상남도 창원시 진해구 덕산동,중상사고,0,1,0,0,차대차 - 측면충돌,안전운전불이행,건조,맑음,교차로 - 교차로안,승합,남,48세,상해없음,자전거,남,24세,중상
2021012000100048,2021년 1월 20일 06시,수요일,경상남도 창원시 마산회원구 두척동,중상사고,0,1,0,0,차대차 - 추돌,안전운전불이행,건조,맑음,단일로 - 기타,승용,남,48세,상해없음,기타불명,남,59세,중상
2021012000100064,2021년 1월 20일 07시,수요일,경상남도 창원시 마산합포구 진전면,중상사고,0,2,0,0,차대차 - 정면충돌,안전운전불이행,건조,맑음,단일로 - 기타,승용,여,53세,상해없음,승용,남,69세,중상
2021012000100095,2021년 1월 20일 08시,수요일,경상남도 창원시 진해구 용원동,경상사고,0,0,1,0,차대차 - 측면충돌,차로위반,건조,맑음,단일로 - 기타,승용,남,51세,상해없음,승용,남,35세,경상
2021012000100125,2021년 1월 20일 09시,수요일,경상남도 양산시 산막동,중상사고,0,1,2,0,차대차 - 측면충돌,안전거리미확보,건조,맑음,단일로 - 기타,화물,남,59세,상해없음,승용,여,61세,중상
2021012000100126,2021년 1월 20일 09시,수요일,경상남도 거제시 능포동,중상사고,0,1,0,0,차대사람 - 횡단중,신호위반,건조,맑음,교차로 - 교차로횡단보도내,승용,여,48세,상해없음,보행자,여,86세,중상
2021012000100127,2021년 1월 20일 09시,수요일,경상남도 창원시 마산회원구 내서읍,경상사고,0,0,2,0,차대차 - 추돌,안전운전불이행,건조,맑음,단일로 - 기타,승용,남,31세,상해없음,화물,남,49세,경상
2021012000100169,2021년 1월 20일 10시,수요일,경상남도 밀양시 산외면,경상사고,0,0,1,0,차대차 - 측면충돌,안전운전불이행,건조,맑음,교차로 - 교차로안,화물,남,62세,상해없음,이륜,남,82세,경상
2021012000100170,2021년 1월 20일 10시,수요일,경상남도 합천군 합천읍,부상신고사고,0,0,0,1,차대차 - 측면충돌,교차로운행방법위반,건조,맑음,단일로 - 기타,기타불명,남,86세,부상신고,화물,남,71세,상해없음
2021012000100207,2021년 1월 20일 11시,수요일,경상남도 김해시 부원동,중상사고,0,1,2,0,차대차 - 측면충돌,안전운전불이행,건조,맑음,교차로 - 교차로안,원동기,남,23세,상해없음,승용,남,26세,경상
2021012000100208,2021년 1월 20일 11시,수요일,경상남도 합천군 합천읍,중상사고,0,1,0,0,차대사람 - 길가장자리구역통행중,안전운전불이행,건조,맑음,교차로 - 교차로부근,화물,여,58세,상해없음,보행자,남,66세,중상
2021012000100247,2021년 1월 20일 12시,수요일,경상남도 창원시 진해구 경화동,경상사고,0,0,1,0,차대차 - 기타,안전운전불이행,건조,맑음,교차로 - 교차로안,승용,남,53세,상해없음,승용,남,65세,경상