사고번호,사고일시,요일,시군구,사고내용,사망자수,중상자수,경상자수,부상신고자수,사고유형,법규위반,노면상태,기상상태,도로형태,가해운전자 차종,가해운전자 성별,가해운전자 연령,가해운전자 상해정도,피해운전자 차종,피해운전자 성별,피해운전자 연령,피해운전자 상해정도
2021012000100248,2021년 1월 20일 12시,수요일,경상남도 김해시 불암동,경상사고,0,0,1,0,차대차 - 추돌,안전거리미확보,건조,맑음,교차로 - 교차로부근,화물,남,45세,상해없음,승용,여,41세,경상
2021012000100249,2021년 1월 20일 12시,수요일,경상남도 양산시 삼호동,부상신고사고,0,0,0,1,차대사람 - 기타,안전운전불이행,건조,맑음,단일로 - 기타,승용,여,53세,상해없음,보행자,남,55세,부상신고
2021012000100285,2021년 1월 20일 13시,수요일,경상남도 사천시 용현면,경상사고,0,0,2,0,차대차 - 추돌,안전운전불이행,건조,맑음,교차로 - 교차로부근,화물,남,57세,상해없음,승용,여,28세,경상
2021012000100286,2021년 1월 20일 13시,수요일,경상남도 창녕군 도천면,중상사고,0,1,0,0,차대차 - 추돌,안전운전불이행,건조,맑음,교차로 - 교차로부근,특수,남,60세,상해없음,승합,남,56세,중상
2021012000100322,2021년 1월 20일 14시,수요일,경상남도 창녕군 창녕읍,경상사고,0,0,2,0,차대차 - 기타,안전운전불이행,건조,맑음,교차로 - 교차로부근,화물,남,63세,상해없음,승용,여,52세,경상
2021012000100346,2021년 1월 20일 15시,수요일,경상남도 진주시 판문동,경상사고,0,0,1,0,차대차 - 추돌,안전운전불이행,건조,맑음,단일로 - 기타,승용,남,64세,상해없음,승용,여,36세,경상
2021012000100386,2021년 1월 20일 16시,수요일,경상남도 창원시 진해구 청안동,경상사고,0,0,1,0,차대사람 - 횡단중,보행자보호의무위반,건조,맑음,단일로 - 기타,승용,남,77세,상해없음,보행자,여,16세,경상
2021012000100387,2021년 1월 20일 16시,수요일,경상남도 통영시 무전동,경상사고,0,0,1,0,차대사람 - 기타,안전운전불이행,건조,맑음,기타 - 기타,승용,남,47세,상해없음,보행자,여,65세,경상
2021012000100429,2021년 1월 20일 17시,수요일,경상남도 창원시 진해구 덕산동,경상사고,0,0,2,0,차대사람 - 기타,안전운전불이행,건조,맑음,단일로 - 기타,승용,남,59세,상해없음,보행자,여,32세,경상
2021012000100430,2021년 1월 20일 17시,수요일,경상남도 합천군 야로면,경상사고,0,0,2,0,차대차 - 측면충돌,교차로운행방법위반,건조,맑음,교차로 - 교차로안,승용,여,48세,상해없음,승합,남,60세,경상
2021012000100431,2021년 1월 20일 17시,수요일,경상남도 거제시 고현동,경상사고,0,0,1,0,차대차 - 측면충돌,신호위반,건조,맑음,교차로 - 교차로안,승용,남,32세,상해없음,자전거,여,45세,경상
2021012000100432,2021년 1월 20일 17시,수요일,경상남도 거제시 고현동,중상사고,0,1,0,0,차대차 - 기타,중앙선침범,건조,맑음,교차로 - 교차로부근,승용,남,55세,상해없음,이륜,남,25세,중상
2021012000100433,2021년 1월 20일 17시,수요일,경상남도 김해시 부곡동,중상사고,0,2,0,0,차대차 - 기타,신호위반,건조,맑음,단일로 - 기타,승용,여,39세,상해없음,이륜,남,16세,중상
2021012000100434,2021년 1월 20일 17시,수요일,경상남도 김해시 부곡동,경상사고,0,0,1,0,차대차 - 후진중충돌,안전운전불이행,건조,흐림,단일로 - 기타,승용,여,42세,상해없음,승용,여,47세,경상
2021012000100506,2021년 1월 20일 18시,수요일,경상남도 창원시 마산합포구 가포동,중상사고,0,1,0,0,차대차 - 측면충돌,불법유턴,건조,맑음,교차로 - 교차로부근,자전거,남,70세,중상,승합,남,63세,상해없음
2021012000100507,2021년 1월 20일 18시,수요일,경상남도 창원시 진해구 자은동,경상사고,0,0,1,0,차대차 - 측면충돌,안전운전불이행,건조,맑음,교차로 - 교차로부근,승용,남,58세,상해없음,이륜,남,38세,경상
2021012000100508,2021년 1월 20일 18시,수요일,경상남도 김해시 상동면,경상사고,0,0,1,0,차대차 - 기타,안전거리미확보,건조,맑음,단일로 - 기타,승용,남,36세,상해없음,화물,남,67세,경상
2021012000100509,2021년 1월 20일 18시,수요일,경상남도 양산시 물금읍,경상사고,0,0,1,0,차대차 - 측면충돌,기타,건조,맑음,단일로 - 기타,이륜,남,26세,상해없음,자전거,남,9세,경상
2021012000100510,2021년 1월 20일 18시,수요일,경상남도 김해시 진례면,부상신고사고,0,0,0,1,차대사람 - 기타,안전운전불이행,건조,맑음,단일로 - 기타,승용,남,28세,상해없음,보행자,여,90세,부상신고
2021012000100563,2021년 1월 20일 19시,수요일,경상남도 양산시 덕계동,중상사고,0,2,0,0,차대차 - 측면충돌,안전운전불이행,건조,맑음,단일로 - 기타,승용,여,64세,상해없음,승용,남,27세,중상
2021012000100599,2021년 1월 20일 20시,수요일,경상남도 창원시 진해구 용원동,중상사고,0,1,0,0,차대차 - 기타,교차로운행방법위반,건조,맑음,교차로 - 교차로안,이륜,남,43세,상해없음,이륜,남,31세,중상
2021012000100600,2021년 1월 20일 20시,수요일,경상남도 창녕군 창녕읍,경상사고,0,0,1,0,차대사람 - 길가장자리구역통행중,안전운전불이행,건조,맑음,단일로 - 기타,이륜,남,49세,상해없음,보행자,남,56세,경상
2021012000100601,2021년 1월 20일 20시,수요일,경상남도 양산시 물금읍,중상사고,0,2,0,1,차량단독 - 기타,안전운전불이행,건조,맑음,단일로 - 기타,원동기,남,15세,부상신고,,,,
2021012000100641,2021년 1월 20일 21시,수요일,경상남도 김해시 외동,중상사고,0,1,1,0,차대차 - 추돌,안전운전불이행,건조,맑음,교차로 - 교차로안,승용,여,18세,상해없음,이륜,남,17세,중상
2021012000100643,2021년 1월 20일 21시,수요일,경상남도 김해시 외동,경상사고,0,0,1,0,차대차 - 측면충돌,안전운전불이행,건조,맑음,교차로 - 교차로부근,승합,남,67세,상해없음,이륜,남,38세,경상
2021012000100690,2021년 1월 20일 23시,수요일,경상남도 김해시 외동,중상사고,0,1,0,0,차대차 - 추돌,안전운전불이행,건조,맑음,교차로 - 교차로부근,승용,남,29세,상해없음,이륜,남,24세,중상
2021012100100023,2021년 1월 21일 05시,목요일,경상남도 진주시 망경동,중상사고,0,1,0,0,차대차 - 기타,안전운전불이행,건조,맑음,단일로 - 기타,승용,남,21세,상해없음,화물,남,53세,중상
2021012100100037,2021년 1월 21일 06시,목요일,경상남도 사천시 동림동,사망사고,1,0,0,0,차대사람 - 차도통행중,안전운전불이행,건조,맑음,교차로 - 교차로부근,승용,남,47세,상해없음,보행자,남,83세,사망
2021012100100038,2021년 1월 21일 06시,목요일,경상남도 김해시 진영읍,경상사고,0,0,5,0,차대차 - 추돌,안전운전불이행,건조,맑음,교차로 - 교차로부근,승용,여,42세,상해없음,승용,남,49세,경상
2021012100100057,2021년 1월 21일 07시,목요일,경상남도 창원시 진해구 경화동,경상사고,0,0,3,0,차대차 - 기타,직진우회전진행방해,건조,맑음,교차로 - 교차로안,승용,남,63세,경상,승용,남,24세,경상
2021012100100114,2021년 1월 21일 09시,목요일,경상남도 창원시 진해구 남문동,경상사고,0,0,1,0,차대차 - 측면충돌,신호위반,건조,맑음,교차로 - 교차로안,승용,남,31세,경상,승용,남,69세,상해없음
2021012100100115,2021년 1월 21일 09시,목요일,경상남도 고성군 상리면,경상사고,0,0,2,0,차대차 - 추돌,안전운전불이행,젖음/습기,맑음,단일로 - 기타,화물,남,59세,경상,화물,남,33세,경상
2021012100100116,2021년 1월 21일 09시,목요일,경상남도 함안군 칠원읍,경상사고,0,0,1,0,차대차 - 측면충돌,신호위반,건조,맑음,교차로 - 교차로안,승합,남,60세,상해없음,승용,여,63세,경상
2021012100100117,2021년 1월 21일 09시,목요일,경상남도 창원시 성산구 사파동,경상사고,0,0,1,0,차대사람 - 횡단중,보행자보호의무위반,건조,맑음,교차로 - 교차로안,승용,여,53세,상해없음,보행자,여,28세,경상
2021012100100148,2021년 1월 21일 10시,목요일,경상남도 창원시 진해구 풍호동,경상사고,0,0,2,0,차대차 - 기타,차로위반,건조,맑음,단일로 - 기타,이륜,남,84세,경상,승용,여,62세,경상
2021012100100149,2021년 1월 21일 10시,목요일,경상남도 의령군 유곡면,경상사고,0,0,1,0,차대차 - 정면충돌,중앙선침범,건조,맑음,교차로 - 교차로안,건설기계,남,44세,기타불명,화물,남,60세,경상
2021012100100185,2021년 1월 21일 11시,목요일,경상남도 함양군 함양읍,중상사고,0,1,0,0,차대사람 - 횡단중,안전운전불이행,건조,맑음,교차로 - 교차로부근,이륜,남,29세,상해없음,보행자,여,62세,중상
2021012100100186,2021년 1월 21일 11시,목요일,경상남도 함안군 산인면,경상사고,0,0,1,0,차대사람 - 기타,안전운전불이행,건조,맑음,교차로 - 교차로부근,기타불명,기타불명,미분류,기타불명,보행자,여,55세,경상
2021012100100220,2021년 1월 21일 12시,목요일,경상남도 김해시 대동면,경상사고,0,0,1,0,차대차 - 기타,안전운전불이행,건조,맑음,단일로 - 기타,특수,남,43세,상해없음,화물,남,65세,경상
2021012100100250,2021년 1월 21일 13시,목요일,경상남도 김해시 무계동,경상사고,0,0,1,0,차대차 - 측면충돌,안전운전불이행,건조,맑음,교차로 - 교차로안,이륜,남,18세,경상,승용,남,73세,상해없음
2021012100100277,2021년 1월 21일 14시,목요일,경상남도 김해시 외동,경상사고,0,0,1,2,차대차 - 기타,안전운전불이행,건조,맑음,교차로 - 교차로부근,화물,남,60세,상해없음,승용,남,40세,부상신고
2021012100100278,2021년 1월 21일 14시,목요일,경상남도 거제시 사등면,경상사고,0,0,1,0,차대차 - 측면충돌,기타,건조,맑음,단일로 - 기타,승용,남,46세,상해없음,승용,남,28세,경상
2021012100100279,2021년 1월 21일 14시,목요일,경상남도 김해시 주촌면,중상사고,0,1,1,0,차대차 - 측면충돌,직진우회전진행방해,건조,맑음,교차로 - 교차로안,승용,여,28세,중상,화물,남,60세,경상
2021012100100298,2021년 1월 21일 15시,목요일,경상남도 창원시 마산합포구 대외동,경상사고,0,0,3,0,차대차 - 측면충돌,교차로운행방법위반,건조,맑음,교차로 - 교차로안,화물,남,54세,상해없음,승용,남,62세,경상
2021012100100365,2021년 1월 21일 17시,목요일,경상남도 김해시 대청동,경상사고,0,0,1,0,차대차 - 추돌,안전운전불이행,건조,맑음,교차로 - 교차로부근,승용,남,61세,상해없음,승용,여,63세,경상
2021012100100366,2021년 1월 21일 17시,목요일,경상남도 김해시 진영읍,경상사고,0,0,1,0,차대차 - 추돌,안전운전불이행,젖음/습기,비,단일로 - 기타,승용,여,50세,상해없음,이륜,남,34세,경상
2021012100100424,2021년 1월 21일 18시,목요일,경상남도 양산시 신기동,부상신고사고,0,0,0,3,차대차 - 측면충돌,안전운전불이행,건조,맑음,단일로 - 기타,승용,여,50세,상해없음,승용,남,48세,부상신고
2021012100100425,2021년 1월 21일 18시,목요일,경상남도 창원시 마산회원구 봉암동,경상사고,0,0,1,0,차대사람 - 길가장자리구역통행중,안전운전불이행,건조,맑음,교차로 - 교차로부근,승용,남,39세,상해없음,보행자,남,61세,경상
2021012100100478,2021년 1월 21일 19시,목요일,경상남도 창원시 진해구 자은동,경상사고,0,0,1,0,차대차 - 기타,안전거리미확보,건조,맑음,단일로 - 기타,승용,여,56세,상해없음,승용,여,62세,경상
2021012100100479,2021년 1월 21일 19시,목요일,경상남도 통영시 광도면,중상사고,0,1,0,0,차대사람 - 횡단중,보행자보호의무위반,젖음/습기,비,교차로 - 교차로횡단보도내,승용,남,34세,상해없음,보행자,여,59세,중상
2021012100100480,2021년 1월 21일 19시,목요일,경상남도 김해시 안동,중상사고,0,1,0,0,차대차 - 기타,신호위반,젖음/습기,비,교차로 - 교차로안,승용,여,49세,상해없음,원동기,남,26세,중상
2021012100100481,2021년 1월 21일 19시,목요일,경상남도 합천군 합천읍,중상사고,0,1,0,0,차대사람 - 차도통행중,안전운전불이행,건조,맑음,교차로 - 교차로안,화물,남,42세,상해없음,보행자,여,83세,중상
2021012100100482,2021년 1월 21일 19시,목요일,경상남도 양산시 물금읍,부상신고사고,0,0,0,1,차대차 - 측면충돌,교차로운행방법위반,젖음/습기,비,교차로 - 교차로안,이륜,남,31세,부상신고,승용,남,60세,상해없음
2021012100100522,2021년 1월 21일 20시,목요일,경상남도 통영시 광도면,경상사고,0,0,1,0,차대차 - 측면충돌,안전운전불이행,젖음/습기,비,교차로 - 교차로안,승용,남,30세,상해없음,승합,남,39세,경상
2021012100100523,2021년 1월 21일 20시,목요일,경상남도 양산시 명동,경상사고,0,0,3,0,차대차 - 측면충돌,안전운전불이행,젖음/습기,비,교차로 - 교차로부근,승용,여,59세,상해없음,승용,남,59세,경상
2021012100100563,2021년 1월 21일 21시,목요일,경상남도 창원시 마산합포구 홍문동,중상사고,0,1,0,0,차대사람 - 차도통행중,안전운전불이행,젖음/습기,비,단일로 - 기타,승용,남,31세,상해없음,보행자,여,52세,중상
2021012100100564,2021년 1월 21일 21시,목요일,경상남도 통영시 광도면,중상사고,0,1,0,0,차대사람 - 횡단중,보행자보호의무위반,젖음/습기,비,교차로 - 교차로횡단보도내,승용,여,42세,상해없음,보행자,남,37세,중상
2021012100100565,2021년 1월 21일 21시,목요일,경상남도 사천시 사남면,경상사고,0,0,2,0,차대차 - 측면충돌,신호위반,젖음/습기,비,교차로 - 교차로안,승용,남,27세,상해없음,승용,남,58세,경상
2021012100100566,2021년 1월 21일 21시,목요일,경상남도 사천시 동동,경상사고,0,0,1,0,차대차 - 측면충돌,교차로운행방법위반,젖음/습기,비,교차로 - 교차로안,승용,남,43세,상해없음,승용,여,38세,경상
2021012100100567,2021년 1월 21일 21시,목요일,경상남도 밀양시 내이동,경상사고,0,0,2,0,차대차 - 측면충돌,안전운전불이행,젖음/습기,비,교차로 - 교차로안,승용,남,59세,경상,승용,여,58세,경상
2021012100100568,2021년 1월 21일 21시,목요일,경상남도 김해시 외동,경상사고,0,0,1,0,차대사람 - 횡단중,안전운전불이행,젖음/습기,비,교차로 - 교차로횡단보도내,승용,남,48세,상해없음,보행자,남,23세,경상
2021012100100590,2021년 1월 21일 22시,목요일,경상남도 양산시 상북면,경상사고,0,0,1,0,차대차 - 추돌,안전운전불이행,젖음/습기,비,단일로 - 기타,화물,남,54세,상해없음,승용,여,25세,경상
2021012100100599,2021년 1월 21일 22시,목요일,경상남도 고성군 마암면,경상사고,0,0,1,0,차대차 - 측면충돌,교차로운행방법위반,젖음/습기,비,교차로 - 교차로안,승용,남,73세,상해없음,승용,남,48세,경상
2021012200100006,2021년 1월 22일 00시,금요일,경상남도 김해시 진영읍,경상사고,0,0,1,0,차대차 - 측면충돌,직진우회전진행방해,건조,맑음,교차로 - 교차로안,화물,남,65세,상해없음,화물,남,26세,경상
2021012200100020,2021년 1월 22일 04시,금요일,경상남도 김해시 상동면,경상사고,0,0,1,0,차대차 - 기타,신호위반,젖음/습기,비,교차로 - 교차로안,화물,남,61세,상해없음,화물,남,63세,경상
2021012200100057,2021년 1월 22일 07시,금요일,경상남도 창녕군 부곡면,중상사고,0,1,0,0,차대차 - 기타,안전운전불이행,건조,맑음,단일로 - 기타,승용,남,55세,상해없음,승용,남,42세,기타불명
2021012200100058,2021년 1월 22일 07시,금요일,경상남도 고성군 고성읍,사망사고,1,0,0,0,차대사람 - 횡단중,보행자보호의무위반,건조,맑음,단일로 - 기타,승용,남,47세,상해없음,보행자,여,83세,사망
2021012200100059,2021년 1월 22일 07시,금요일,경상남도 창원시 의창구 봉곡동,중상사고,0,1,0,0,차대차 - 측면충돌,보행자보호의무위반,젖음/습기,비,교차로 - 교차로안,승용,여,59세,상해없음,화물,남,63세,상해없음
2021012200100076,2021년 1월 22일 08시,금요일,경상남도 양산시 신기동,경상사고,0,0,1,0,차대차 - 측면충돌,안전거리미확보,젖음/습기,비,교차로 - 교차로부근,승용,남,52세,상해없음,승용,남,35세,경상
2021012200100077,2021년 1월 22일 08시,금요일,경상남도 함안군 가야읍,경상사고,0,0,2,0,차대차 - 측면충돌,안전운전불이행,젖음/습기,비,단일로 - 기타,화물,남,47세,상해없음,승용,남,62세,경상
2021012200100078,2021년 1월 22일 08시,금요일,경상남도 창원시 마산회원구 내서읍,중상사고,0,1,0,0,차대차 - 측면충돌,안전거리미확보,젖음/습기,비,단일로 - 기타,화물,남,67세,상해없음,승합,남,53세,중상
2021012200100102,2021년 1월 22일 09시,금요일,경상남도 김해시 동상동,중상사고,0,1,0,0,차대사람 - 횡단중,보행자보호의무위반,젖음/습기,흐림,교차로 - 교차로안,승용,여,40세,상해없음,보행자,여,55세,중상
2021012200100121,2021년 1월 22일 10시,금요일,경상남도 창원시 마산회원구 회성동,중상사고,0,1,0,0,차대사람 - 보도통행중,기타,젖음/습기,비,단일로 - 기타,승용,남,60세,상해없음,보행자,여,66세,중상
2021012200100145,2021년 1월 22일 11시,금요일,경상남도 함양군 함양읍,경상사고,0,0,2,0,차대차 - 측면충돌,신호위반,건조,맑음,교차로 - 교차로안,화물,남,62세,경상,화물,남,54세,상해없음
2021012200100147,2021년 1월 22일 11시,금요일,경상남도 김해시 주촌면,경상사고,0,0,1,0,차대차 - 측면충돌,직진우회전진행방해,젖음/습기,흐림,교차로 - 교차로안,승용,남,55세,상해없음,승용,여,64세,경상
2021012200100169,2021년 1월 22일 12시,금요일,경상남도 창원시 진해구 남문동,경상사고,0,0,1,0,차대차 - 기타,안전운전불이행,건조,맑음,교차로 - 교차로안,승용,남,41세,상해없음,승용,남,32세,경상
2021012200100192,2021년 1월 22일 13시,금요일,경상남도 창원시 진해구 송학동,경상사고,0,0,1,0,차대차 - 측면충돌,안전운전불이행,건조,맑음,교차로 - 교차로부근,승용,남,74세,상해없음,자전거,여,77세,경상
2021012200100193,2021년 1월 22일 13시,금요일,경상남도 김해시 구산동,경상사고,0,0,2,0,차대차 - 기타,기타,건조,맑음,단일로 - 기타,화물,남,41세,경상,화물,남,34세,경상
2021012200100225,2021년 1월 22일 14시,금요일,경상남도 거창군 거창읍,경상사고,0,0,1,0,차대차 - 측면충돌,안전거리미확보,건조,맑음,단일로 - 기타,건설기계,남,39세,상해없음,승용,남,40세,경상
2021012200100226,2021년 1월 22일 14시,금요일,경상남도 양산시 물금읍,경상사고,0,0,1,0,차대차 - 측면충돌,안전운전불이행,건조,맑음,교차로 - 교차로안,승용,남,22세,상해없음,승용,여,39세,경상
2021012200100227,2021년 1월 22일 14시,금요일,경상남도 양산시 물금읍,경상사고,0,0,1,0,차대차 - 측면충돌,안전운전불이행,건조,맑음,교차로 - 교차로안,화물,남,62세,상해없음,승용,남,19세,경상
2021012200100250,2021년 1월 22일 15시,금요일,경상남도 진주시 이반성면,중상사고,0,2,0,0,차대차 - 기타,안전거리미확보,건조,흐림,단일로 - 기타,화물,남,37세,상해없음,화물,남,59세,중상
2021012200100332,2021년 1월 22일 17시,금요일,경상남도 창원시 진해구 마천동,경상사고,0,0,1,0,차대차 - 기타,안전운전불이행,젖음/습기,흐림,기타 - 기타,이륜,남,37세,경상,승용,여,66세,상해없음
2021012200100333,2021년 1월 22일 17시,금요일,경상남도 사천시 사천읍,경상사고,0,0,1,1,차대차 - 추돌,안전운전불이행,건조,맑음,교차로 - 교차로부근,승용,여,34세,상해없음,승용,남,25세,경상
2021012200100401,2021년 1월 22일 18시,금요일,경상남도 김해시 동상동,경상사고,0,0,1,0,차대차 - 측면충돌,신호위반,건조,맑음,교차로 - 교차로안,승용,남,49세,상해없음,이륜,남,22세,경상
2021012200100402,2021년 1월 22일 18시,금요일,경상남도 창원시 성산구 상남동,경상사고,0,0,1,0,차대사람 - 횡단중,안전운전불이행,건조,맑음,단일로 - 기타,승용,남,43세,상해없음,보행자,여,28세,경상
2021012200100445,2021년 1월 22일 19시,금요일,경상남도 김해시 대동면,경상사고,0,0,1,0,차대차 - 기타,안전운전불이행,건조,맑음,단일로 - 기타,화물,남,49세,상해없음,승용,남,32세,경상
2021012200100470,2021년 1월 22일 19시,금요일,경상남도 거제시 아주동,중상사고,0,1,0,0,차대사람 - 기타,안전운전불이행,건조,맑음,교차로 - 교차로안,승용,여,43세,상해없음,보행자,남,44세,중상
2021012200100471,2021년 1월 22일 19시,금요일,경상남도 거제시 거제면,경상사고,0,0,1,0,차대차 - 측면충돌,안전운전불이행,건조,맑음,단일로 - 기타,승용,남,63세,상해없음,승용,남,32세,경상
2021012200100472,2021년 1월 22일 19시,금요일,경상남도 창원시 성산구 외동,경상사고,0,0,1,0,차대차 - 측면충돌,신호위반,건조,맑음,교차로 - 교차로안,승용,남,18세,상해없음,승용,남,50세,경상
2021012200100508,2021년 1월 22일 20시,금요일,경상남도 창원시 진해구 용원동,경상사고,0,0,3,0,차대차 - 측면충돌,안전운전불이행,젖음/습기,흐림,교차로 - 교차로안,이륜,남,19세,경상,승용,남,29세,경상
2021012200100509,2021년 1월 22일 20시,금요일,경상남도 김해시 내동,중상사고,0,1,0,0,차대차 - 측면충돌,안전운전불이행,건조,맑음,교차로 - 교차로안,승용,남,62세,상해없음,이륜,남,41세,중상
2021012200100510,2021년 1월 22일 20시,금요일,경상남도 함안군 칠원읍,중상사고,0,1,0,0,차대차 - 측면충돌,안전운전불이행,건조,맑음,교차로 - 교차로안,승용,남,52세,상해없음,이륜,남,37세,중상
2021012200100549,2021년 1월 22일 21시,금요일,경상남도 창원시 성산구 반지동,경상사고,0,0,3,0,차대차 - 추돌,안전운전불이행,건조,맑음,교차로 - 교차로부근,승용,남,35세,상해없음,승용,남,61세,경상
2021012200100550,2021년 1월 22일 21시,금요일,경상남도 창원시 마산회원구 봉암동,경상사고,0,0,1,0,차대차 - 측면충돌,중앙선침범,젖음/습기,비,단일로 - 기타,승용,남,49세,상해없음,승용,남,29세,경상
2021012200100582,2021년 1월 22일 22시,금요일,경상남도 양산시 북정동,부상신고사고,0,0,0,3,차대차 - 측면충돌,안전운전불이행,건조,맑음,단일로 - 기타,승용,남,24세,부상신고,승용,남,48세,부상신고
2021012300100058,2021년 1월 23일 08시,토요일,경상남도 통영시 미수동,경상사고,0,0,2,0,차대차 - 추돌,안전운전불이행,젖음/습기,비,단일로 - 기타,승용,남,19세,상해없음,승용,남,51세,경상
2021012300100059,2021년 1월 23일 08시,토요일,경상남도 창원시 마산합포구 산호동,중상사고,0,1,1,0,차대차 - 측면충돌,중앙선침범,건조,맑음,단일로 - 기타,승용,남,65세,상해없음,승용,남,59세,경상
2021012300100060,2021년 1월 23일 08시,토요일,경상남도 김해시 명법동,중상사고,0,1,0,0,차대차 - 측면충돌,안전운전불이행,건조,맑음,교차로 - 교차로부근,건설기계,남,52세,상해없음,승용,남,69세,중상
2021012300100072,2021년 1월 23일 09시,토요일,경상남도 김해시 진례면,중상사고,0,2,1,0,차대차 - 측면충돌,불법유턴,젖음/습기,비,교차로 - 교차로부근,승용,남,70세,경상,화물,남,21세,중상
2021012300100087,2021년 1월 23일 10시,토요일,경상남도 양산시 물금읍,중상사고,0,1,0,0,차대차 - 측면충돌,불법유턴,젖음/습기,흐림,교차로 - 교차로안,승용,남,87세,상해없음,이륜,남,34세,중상
2021012300100088,2021년 1월 23일 10시,토요일,경상남도 창원시 의창구 명서동,중상사고,0,2,0,0,차대차 - 측면충돌,교차로운행방법위반,건조,맑음,교차로 - 교차로안,화물,남,47세,상해없음,승용,남,54세,중상
2021012300100089,2021년 1월 23일 10시,토요일,경상남도 창원시 의창구 팔용동,경상사고,0,0,2,0,차대차 - 추돌,안전거리미확보,건조,맑음,교차로 - 교차로안,승합,남,53세,상해없음,승합,여,65세,경상
2021012300100120,2021년 1월 23일 11시,토요일,경상남도 양산시 하북면,경상사고,0,0,1,1,차대차 - 측면충돌,안전운전불이행,젖음/습기,흐림,교차로 - 교차로안,승용,여,54세,부상신고,승용,여,75세,경상
2021012300100155,2021년 1월 23일 12시,토요일,경상남도 진주시 장재동,경상사고,0,0,1,0,차대차 - 측면충돌,신호위반,건조,맑음,교차로 - 교차로안,승용,남,68세,상해없음,승용,남,39세,경상
2021012300100184,2021년 1월 23일 13시,토요일,경상남도 양산시 물금읍,경상사고,0,0,1,0,차대차 - 추돌,안전운전불이행,건조,맑음,단일로 - 기타,특수,남,58세,상해없음,이륜,남,33세,경상
2021012300100255,2021년 1월 23일 15시,토요일,경상남도 김해시 내동,경상사고,0,0,2,0,차대차 - 정면충돌,신호위반,건조,맑음,교차로 - 교차로안,승용,여,58세,경상,승합,남,56세,경상
2021012300100256,2021년 1월 23일 15시,토요일,경상남도 창원시 의창구 북면,경상사고,0,0,1,0,차대차 - 측면충돌,안전운전불이행,건조,맑음,교차로 - 교차로안,승합,여,52세,상해없음,승용,남,32세,경상
2021012300100287,2021년 1월 23일 16시,토요일,경상남도 통영시 무전동,부상신고사고,0,0,0,1,차대차 - 추돌,안전운전불이행,건조,맑음,단일로 - 기타,승용,여,36세,부상신고,승용,남,47세,상해없음
2021012300100288,2021년 1월 23일 16시,토요일,경상남도 밀양시 삼랑진읍,경상사고,0,0,3,0,차대차 - 측면충돌,안전운전불이행,건조,맑음,단일로 - 기타,화물,남,48세,상해없음,승용,남,34세,경상
2021012300100317,2021년 1월 23일 17시,토요일,경상남도 김해시 어방동,경상사고,0,0,1,0,차대차 - 정면충돌,중앙선침범,건조,맑음,단일로 - 기타,승용,남,52세,상해없음,승용,남,51세,경상
2021012300100364,2021년 1월 23일 18시,토요일,경상남도 창원시 진해구 석동,중상사고,0,1,0,0,차대차 - 측면충돌,안전운전불이행,건조,맑음,단일로 - 기타,승용,남,23세,상해없음,원동기,남,43세,중상
2021012300100365,2021년 1월 23일 18시,토요일,경상남도 창원시 진해구 자은동,경상사고,0,0,1,0,차대차 - 기타,기타,건조,맑음,교차로 - 교차로부근,승합,남,54세,상해없음,원동기,남,28세,경상
2021012300100366,2021년 1월 23일 18시,토요일,경상남도 거창군 거창읍,중상사고,0,1,0,0,차대사람 - 횡단중,보행자보호의무위반,건조,맑음,단일로 - 기타,이륜,남,17세,상해없음,보행자,남,68세,중상
2021012300100397,2021년 1월 23일 19시,토요일,경상남도 김해시 구산동,경상사고,0,0,1,0,차대차 - 추돌,안전운전불이행,건조,맑음,교차로 - 교차로부근,승합,남,53세,상해없음,승용,여,29세,경상
2021012300100459,2021년 1월 23일 21시,토요일,경상남도 진주시 상대동,경상사고,0,0,1,0,차대차 - 측면충돌,안전운전불이행,건조,맑음,교차로 - 교차로안,승용,남,66세,상해없음,이륜,남,32세,경상
2021012300100460,2021년 1월 23일 21시,토요일,경상남도 거창군 거창읍,경상사고,0,0,4,0,차대차 - 추돌,안전운전불이행,건조,맑음,교차로 - 교차로부근,승용,남,27세,상해없음,승용,여,50세,경상
2021012300100483,2021년 1월 23일 22시,토요일,경상남도 진주시 내동면,중상사고,0,2,0,0,차대차 - 측면충돌,신호위반,건조,맑음,교차로 - 교차로안,승용,남,24세,상해없음,승용,남,34세,중상
2021012300100484,2021년 1월 23일 22시,토요일,경상남도 거제시 장평동,중상사고,0,1,0,0,차량단독 - 기타,안전운전불이행,건조,맑음,교차로 - 교차로부근,이륜,남,27세,중상,,,,
2021012300100499,2021년 1월 23일 23시,토요일,경상남도 창원시 의창구 소답동,중상사고,0,1,0,0,차대사람 - 횡단중,안전운전불이행,건조,맑음,교차로 - 교차로안,승용,여,41세,상해없음,보행자,남,58세,중상
2021012300100500,2021년 1월 23일 23시,토요일,경상남도 김해시 내덕동,경상사고,0,0,1,0,차대차 - 후진중충돌,안전운전불이행,건조,맑음,교차로 - 교차로부근,승용,남,56세,상해없음,이륜,남,48세,경상
2021012400100016,2021년 1월 24일 02시,일요일,경상남도 사천시 정동면,경상사고,0,0,1,0,차대차 - 측면충돌,안전운전불이행,건조,맑음,단일로 - 기타,승용,여,29세,경상,건설기계,남,50세,기타불명