사고번호,사고일시,요일,시군구,사고내용,사망자수,중상자수,경상자수,부상신고자수,사고유형,법규위반,노면상태,기상상태,도로형태,가해운전자 차종,가해운전자 성별,가해운전자 연령,가해운전자 상해정도,피해운전자 차종,피해운전자 성별,피해운전자 연령,피해운전자 상해정도
2021012400100019,2021년 1월 24일 03시,일요일,경상남도 창원시 마산회원구 양덕동,경상사고,0,0,2,0,차대차 - 측면충돌,신호위반,젖음/습기,흐림,교차로 - 교차로안,승용,남,23세,상해없음,승용,남,29세,경상
2021012400100028,2021년 1월 24일 06시,일요일,경상남도 창원시 마산합포구 진전면,중상사고,0,2,1,0,차대차 - 측면충돌,신호위반,건조,맑음,교차로 - 교차로안,승용,남,69세,경상,승용,여,35세,중상
2021012400100031,2021년 1월 24일 07시,일요일,경상남도 창원시 의창구 팔용동,경상사고,0,0,3,0,차대차 - 측면충돌,신호위반,건조,맑음,교차로 - 교차로안,승용,남,64세,상해없음,승용,남,46세,경상
2021012400100043,2021년 1월 24일 08시,일요일,경상남도 밀양시 삼랑진읍,중상사고,0,1,0,0,차량단독 - 기타,안전운전불이행,건조,맑음,단일로 - 기타,자전거,남,55세,중상,,,,
2021012400100044,2021년 1월 24일 08시,일요일,경상남도 양산시 물금읍,경상사고,0,0,1,0,차대차 - 측면충돌,안전운전불이행,건조,맑음,단일로 - 기타,승용,여,40세,상해없음,승용,여,53세,경상
2021012400100057,2021년 1월 24일 09시,일요일,경상남도 양산시 주진동,중상사고,0,1,0,0,차대차 - 기타,신호위반,건조,맑음,교차로 - 교차로부근,승용,남,38세,상해없음,원동기,남,26세,중상
2021012400100082,2021년 1월 24일 11시,일요일,경상남도 산청군 시천면,경상사고,0,0,1,0,차대사람 - 횡단중,안전운전불이행,건조,맑음,단일로 - 기타,승용,남,61세,상해없음,보행자,여,66세,경상
2021012400100083,2021년 1월 24일 11시,일요일,경상남도 창원시 의창구 팔용동,경상사고,0,0,1,0,차량단독 - 기타,기타,건조,맑음,단일로 - 기타,승합,남,56세,상해없음,,,,
2021012400100084,2021년 1월 24일 11시,일요일,경상남도 김해시 무계동,중상사고,0,1,0,0,차대차 - 측면충돌,교차로운행방법위반,건조,맑음,교차로 - 교차로안,승용,남,49세,상해없음,이륜,남,36세,중상
2021012400100102,2021년 1월 24일 12시,일요일,경상남도 양산시 물금읍,경상사고,0,0,2,0,차대차 - 추돌,안전운전불이행,건조,맑음,단일로 - 기타,승용,여,49세,경상,승용,여,42세,경상
2021012400100122,2021년 1월 24일 13시,일요일,경상남도 거제시 문동동,경상사고,0,0,1,0,차량단독 - 전도전복 - 전도,안전운전불이행,건조,맑음,교차로 - 교차로부근,이륜,남,52세,경상,,,,
2021012400100154,2021년 1월 24일 14시,일요일,경상남도 창원시 진해구 용원동,경상사고,0,0,1,0,차대차 - 기타,안전운전불이행,기타,기타,단일로 - 기타,이륜,남,35세,경상,화물,남,47세,상해없음
2021012400100177,2021년 1월 24일 15시,일요일,경상남도 사천시 벌리동,중상사고,0,1,0,0,차대사람 - 기타,안전운전불이행,건조,맑음,단일로 - 기타,승용,남,76세,상해없음,보행자,남,83세,중상
2021012400100178,2021년 1월 24일 15시,일요일,경상남도 김해시 대청동,경상사고,0,0,1,0,차대차 - 측면충돌,차로위반,건조,맑음,단일로 - 기타,승용,남,68세,상해없음,승용,남,39세,경상
2021012400100249,2021년 1월 24일 18시,일요일,경상남도 창원시 진해구 풍호동,경상사고,0,0,1,0,차대차 - 추돌,안전운전불이행,건조,맑음,단일로 - 기타,원동기,남,33세,경상,승용,남,33세,상해없음
2021012400100250,2021년 1월 24일 18시,일요일,경상남도 김해시 안동,경상사고,0,0,1,0,차대차 - 기타,안전운전불이행,건조,맑음,교차로 - 교차로안,승용,남,52세,경상,기타불명,기타불명,미분류,기타불명
2021012400100251,2021년 1월 24일 18시,일요일,경상남도 양산시 동면,경상사고,0,0,1,0,차대차 - 추돌,안전운전불이행,건조,맑음,기타 - 기타,승용,남,68세,기타불명,승용,여,39세,경상
2021012400100310,2021년 1월 24일 20시,일요일,경상남도 창원시 마산합포구 상남동,중상사고,0,1,0,0,차대차 - 측면충돌,신호위반,건조,맑음,교차로 - 교차로안,승용,여,39세,상해없음,이륜,남,40세,중상
2021012400100311,2021년 1월 24일 20시,일요일,경상남도 합천군 합천읍,부상신고사고,0,0,0,1,차대사람 - 차도통행중,안전운전불이행,건조,맑음,교차로 - 교차로안,승용,남,61세,상해없음,보행자,남,66세,부상신고
2021012400100364,2021년 1월 24일 23시,일요일,경상남도 김해시 내동,경상사고,0,0,1,0,차대사람 - 횡단중,안전운전불이행,건조,맑음,교차로 - 교차로안,승용,남,31세,상해없음,보행자,여,25세,경상
2021012500100026,2021년 1월 25일 06시,월요일,경상남도 양산시 동면,경상사고,0,0,1,0,차대차 - 후진중충돌,안전운전불이행,건조,맑음,기타 - 기타,건설기계,남,50세,기타불명,건설기계,남,63세,경상
2021012500100027,2021년 1월 25일 06시,월요일,경상남도 창원시 마산회원구 양덕동,사망사고,1,0,0,0,차대사람 - 보도통행중,안전운전불이행,건조,맑음,단일로 - 기타,화물,남,65세,상해없음,보행자,남,70세,사망
2021012500100054,2021년 1월 25일 07시,월요일,경상남도 창원시 진해구 태백동,경상사고,0,0,1,0,차대차 - 추돌,안전운전불이행,기타,기타,교차로 - 교차로부근,승용,여,60세,상해없음,승용,여,56세,경상
2021012500100055,2021년 1월 25일 07시,월요일,경상남도 양산시 소주동,중상사고,0,1,0,0,차대차 - 기타,안전운전불이행,건조,맑음,교차로 - 교차로안,승용,남,34세,상해없음,자전거,남,58세,중상
2021012500100056,2021년 1월 25일 07시,월요일,경상남도 창원시 마산회원구 내서읍,경상사고,0,0,1,0,차대차 - 후진중충돌,안전운전불이행,건조,맑음,단일로 - 기타,승용,여,46세,상해없음,승용,여,28세,경상
2021012500100114,2021년 1월 25일 09시,월요일,경상남도 양산시 덕계동,중상사고,0,1,0,0,차대사람 - 기타,안전운전불이행,건조,맑음,단일로 - 기타,화물,남,62세,상해없음,보행자,여,43세,중상
2021012500100140,2021년 1월 25일 10시,월요일,경상남도 창원시 마산합포구 중앙동3가,경상사고,0,0,1,0,차대사람 - 기타,안전운전불이행,건조,맑음,단일로 - 기타,승합,남,53세,상해없음,보행자,여,18세,경상
2021012500100141,2021년 1월 25일 10시,월요일,경상남도 통영시 북신동,중상사고,0,1,0,0,차대차 - 측면충돌,안전운전불이행,건조,맑음,교차로 - 교차로안,승용,남,50세,상해없음,이륜,남,58세,중상
2021012500100142,2021년 1월 25일 10시,월요일,경상남도 밀양시 단장면,사망사고,1,1,0,0,차량단독 - 공작물충돌,안전운전불이행,건조,맑음,단일로 - 기타,승용,여,73세,사망,,,,
2021012500100143,2021년 1월 25일 10시,월요일,경상남도 하동군 진교면,경상사고,0,0,1,0,차대차 - 추돌,안전운전불이행,건조,맑음,단일로 - 기타,화물,남,65세,상해없음,화물,남,65세,경상
2021012500100178,2021년 1월 25일 11시,월요일,경상남도 밀양시 상남면,중상사고,0,1,0,0,차대차 - 정면충돌,중앙선침범,건조,맑음,교차로 - 교차로안,건설기계,남,44세,상해없음,화물,남,31세,중상
2021012500100207,2021년 1월 25일 12시,월요일,경상남도 창원시 진해구 현동,경상사고,0,0,1,0,차대사람 - 기타,안전운전불이행,건조,맑음,교차로 - 교차로안,승용,남,46세,상해없음,보행자,여,58세,경상
2021012500100208,2021년 1월 25일 12시,월요일,경상남도 통영시 미수동,중상사고,0,1,0,1,차대차 - 추돌,안전운전불이행,건조,맑음,단일로 - 기타,승용,남,63세,부상신고,승용,남,69세,중상
2021012500100209,2021년 1월 25일 12시,월요일,경상남도 거창군 거창읍,경상사고,0,0,1,0,차대사람 - 횡단중,안전운전불이행,건조,맑음,단일로 - 기타,승용,여,41세,상해없음,보행자,남,9세,경상
2021012500100241,2021년 1월 25일 13시,월요일,경상남도 함양군 함양읍,경상사고,0,0,1,1,차대차 - 측면충돌,교차로운행방법위반,건조,맑음,교차로 - 교차로안,승용,여,44세,상해없음,승용,여,58세,경상
2021012500100242,2021년 1월 25일 13시,월요일,경상남도 거제시 능포동,경상사고,0,0,1,0,차대차 - 측면충돌,교차로운행방법위반,건조,맑음,교차로 - 교차로안,이륜,남,75세,경상,승용,남,50세,상해없음
2021012500100243,2021년 1월 25일 13시,월요일,경상남도 김해시 율하동,경상사고,0,0,1,0,차대차 - 정면충돌,교차로운행방법위반,건조,맑음,교차로 - 교차로안,이륜,남,36세,경상,승용,여,51세,상해없음
2021012500100285,2021년 1월 25일 14시,월요일,경상남도 통영시 정량동,경상사고,0,0,1,0,차량단독 - 기타,안전운전불이행,건조,맑음,교차로 - 교차로안,승용,남,63세,상해없음,,,,
2021012500100286,2021년 1월 25일 14시,월요일,경상남도 양산시 동면,부상신고사고,0,0,0,1,차대차 - 후진중충돌,안전운전불이행,건조,맑음,단일로 - 기타,승용,남,53세,기타불명,승용,여,45세,부상신고
2021012500100287,2021년 1월 25일 14시,월요일,경상남도 하동군 진교면,중상사고,0,1,0,0,차대사람 - 차도통행중,안전운전불이행,건조,맑음,단일로 - 기타,승용,남,37세,상해없음,보행자,남,72세,중상
2021012500100288,2021년 1월 25일 14시,월요일,경상남도 창원시 성산구 남산동,경상사고,0,0,1,0,차대차 - 측면충돌,신호위반,건조,맑음,교차로 - 교차로안,화물,남,46세,상해없음,화물,남,55세,경상
2021012500100317,2021년 1월 25일 15시,월요일,경상남도 김해시 주촌면,경상사고,0,0,1,0,차대사람 - 보도통행중,기타,건조,맑음,교차로 - 교차로부근,화물,남,50세,상해없음,보행자,남,39세,경상
2021012500100354,2021년 1월 25일 16시,월요일,경상남도 김해시 내동,경상사고,0,0,1,0,차대차 - 추돌,신호위반,건조,맑음,교차로 - 교차로안,승용,여,47세,상해없음,화물,남,66세,경상
2021012500100395,2021년 1월 25일 17시,월요일,경상남도 거제시 아주동,경상사고,0,0,1,0,차대사람 - 기타,안전운전불이행,건조,맑음,단일로 - 기타,승용,여,33세,상해없음,보행자,여,49세,경상
2021012500100396,2021년 1월 25일 17시,월요일,경상남도 창원시 성산구 반림동,중상사고,0,1,0,0,차대사람 - 횡단중,안전운전불이행,건조,맑음,교차로 - 교차로안,승용,여,41세,상해없음,보행자,여,7세,중상
2021012500100439,2021년 1월 25일 18시,월요일,경상남도 창원시 진해구 경화동,경상사고,0,0,1,0,차대차 - 측면충돌,안전운전불이행,건조,기타,기타 - 기타,승용,남,67세,상해없음,승용,남,36세,경상
2021012500100440,2021년 1월 25일 18시,월요일,경상남도 양산시 물금읍,경상사고,0,0,1,0,차대차 - 측면충돌,안전거리미확보,건조,맑음,교차로 - 교차로부근,승용,남,55세,상해없음,승용,남,64세,경상
2021012500100441,2021년 1월 25일 18시,월요일,경상남도 남해군 남해읍,중상사고,0,1,0,0,차대차 - 측면충돌,안전운전불이행,건조,맑음,단일로 - 기타,승용,남,61세,상해없음,이륜,남,65세,상해없음
2021012500100478,2021년 1월 25일 19시,월요일,경상남도 통영시 중앙동,경상사고,0,0,1,0,차대사람 - 차도통행중,안전운전불이행,건조,맑음,단일로 - 기타,승용,여,23세,상해없음,보행자,남,55세,경상
2021012500100479,2021년 1월 25일 19시,월요일,경상남도 밀양시 삼문동,중상사고,0,1,0,0,차대사람 - 횡단중,안전운전불이행,건조,맑음,단일로 - 기타,승용,남,64세,상해없음,보행자,여,74세,중상
2021012500100511,2021년 1월 25일 20시,월요일,경상남도 통영시 광도면,경상사고,0,0,1,0,차대차 - 측면충돌,신호위반,건조,맑음,교차로 - 교차로안,화물,남,55세,상해없음,승용,남,76세,경상
2021012500100512,2021년 1월 25일 20시,월요일,경상남도 김해시 내동,중상사고,0,2,0,0,차대차 - 정면충돌,신호위반,건조,맑음,교차로 - 교차로안,개인형이동수단(PM),남,39세,중상,승용,남,36세,상해없음
2021012500100513,2021년 1월 25일 20시,월요일,경상남도 양산시 물금읍,경상사고,0,0,1,0,차대차 - 측면충돌,신호위반,건조,맑음,교차로 - 교차로안,승용,남,40세,상해없음,승용,남,37세,경상
2021012500100544,2021년 1월 25일 21시,월요일,경상남도 창원시 진해구 용원동,부상신고사고,0,0,0,1,차대차 - 측면충돌,안전운전불이행,건조,맑음,단일로 - 기타,원동기,남,39세,부상신고,승용,남,51세,상해없음
2021012500100545,2021년 1월 25일 21시,월요일,경상남도 창원시 의창구 사림동,경상사고,0,0,1,0,차대차 - 측면충돌,안전운전불이행,건조,맑음,교차로 - 교차로부근,승용,남,27세,상해없음,승용,남,26세,경상
2021012500100546,2021년 1월 25일 21시,월요일,경상남도 창원시 성산구 상남동,경상사고,0,0,1,0,차대차 - 정면충돌,신호위반,건조,맑음,교차로 - 교차로안,승용,남,24세,상해없음,승용,남,35세,경상
2021012500100569,2021년 1월 25일 22시,월요일,경상남도 창원시 성산구 남산동,부상신고사고,0,0,0,1,차대사람 - 횡단중,안전운전불이행,건조,맑음,단일로 - 기타,승용,남,31세,상해없음,보행자,남,52세,부상신고
2021012600100016,2021년 1월 26일 02시,화요일,경상남도 창원시 성산구 상남동,경상사고,0,0,1,0,차대차 - 추돌,안전운전불이행,건조,맑음,교차로 - 교차로부근,승용,남,29세,상해없음,승용,남,24세,경상
2021012600100054,2021년 1월 26일 06시,화요일,경상남도 김해시 외동,사망사고,1,0,0,0,차대사람 - 횡단중,보행자보호의무위반,젖음/습기,비,교차로 - 교차로횡단보도내,승용,남,53세,상해없음,보행자,여,80세,사망
2021012600100055,2021년 1월 26일 06시,화요일,경상남도 창원시 의창구 북면,경상사고,0,0,2,0,차대차 - 측면충돌,안전운전불이행,건조,맑음,교차로 - 교차로안,승용,남,66세,상해없음,승용,남,70세,경상
2021012600100056,2021년 1월 26일 06시,화요일,경상남도 김해시 주촌면,경상사고,0,0,2,0,차대차 - 측면충돌,안전운전불이행,건조,맑음,교차로 - 교차로안,건설기계,남,36세,경상,승용,남,56세,경상
2021012600100077,2021년 1월 26일 07시,화요일,경상남도 창원시 의창구 대산면,경상사고,0,0,1,0,차대차 - 추돌,안전운전불이행,젖음/습기,비,교차로 - 교차로안,승용,남,45세,기타불명,화물,남,25세,경상
2021012600100125,2021년 1월 26일 09시,화요일,경상남도 통영시 미수동,경상사고,0,0,4,1,차대차 - 추돌,안전거리미확보,젖음/습기,비,단일로 - 기타,승용,남,55세,상해없음,승용,남,51세,부상신고
2021012600100126,2021년 1월 26일 09시,화요일,경상남도 양산시 덕계동,사망사고,1,0,0,0,차대사람 - 횡단중,안전운전불이행,젖음/습기,비,교차로 - 교차로안,승용,남,66세,상해없음,보행자,여,77세,사망
2021012600100152,2021년 1월 26일 10시,화요일,경상남도 김해시 풍유동,경상사고,0,0,2,0,차대차 - 측면충돌,신호위반,젖음/습기,비,단일로 - 교량,화물,남,64세,상해없음,화물,남,63세,경상
2021012600100188,2021년 1월 26일 11시,화요일,경상남도 창원시 마산회원구 내서읍,경상사고,0,0,2,0,차대차 - 측면충돌,안전운전불이행,젖음/습기,비,단일로 - 기타,승용,남,81세,기타불명,승용,남,64세,경상
2021012600100207,2021년 1월 26일 12시,화요일,경상남도 거제시 고현동,중상사고,0,1,0,0,차대차 - 측면충돌,신호위반,젖음/습기,비,교차로 - 교차로안,승용,남,53세,상해없음,이륜,남,38세,중상
2021012600100208,2021년 1월 26일 12시,화요일,경상남도 함안군 대산면,경상사고,0,0,2,0,차대차 - 추돌,안전운전불이행,젖음/습기,비,단일로 - 기타,화물,남,61세,경상,승용,여,63세,경상
2021012600100209,2021년 1월 26일 12시,화요일,경상남도 김해시 화목동,중상사고,0,1,0,0,차대차 - 측면충돌,안전운전불이행,젖음/습기,비,교차로 - 교차로안,승용,여,31세,상해없음,이륜,남,39세,중상
2021012600100240,2021년 1월 26일 13시,화요일,경상남도 창원시 마산합포구 진동면,경상사고,0,0,1,0,차대차 - 후진중충돌,안전운전불이행,건조,맑음,단일로 - 기타,승용,남,56세,상해없음,승용,남,63세,상해없음
2021012600100241,2021년 1월 26일 13시,화요일,경상남도 합천군 합천읍,경상사고,0,0,1,0,차대차 - 추돌,안전운전불이행,건조,맑음,교차로 - 교차로부근,화물,여,64세,상해없음,승용,남,36세,경상
2021012600100242,2021년 1월 26일 13시,화요일,경상남도 양산시 물금읍,경상사고,0,0,1,0,차대차 - 측면충돌,교차로운행방법위반,젖음/습기,비,교차로 - 교차로안,승용,여,50세,상해없음,승용,남,32세,경상
2021012600100243,2021년 1월 26일 13시,화요일,경상남도 양산시 원동면,부상신고사고,0,0,0,1,차량단독 - 공작물충돌,안전운전불이행,젖음/습기,비,단일로 - 기타,화물,남,72세,부상신고,,,,
2021012600100244,2021년 1월 26일 13시,화요일,경상남도 양산시 북부동,경상사고,0,0,2,0,차대차 - 추돌,안전운전불이행,젖음/습기,흐림,단일로 - 기타,승용,여,44세,상해없음,승용,남,31세,경상
2021012600100245,2021년 1월 26일 13시,화요일,경상남도 김해시 주촌면,경상사고,0,0,2,0,차대차 - 측면충돌,안전운전불이행,젖음/습기,비,단일로 - 기타,승용,남,65세,상해없음,화물,남,57세,경상
2021012600100280,2021년 1월 26일 14시,화요일,경상남도 김해시 불암동,경상사고,0,0,1,0,차대차 - 기타,안전운전불이행,젖음/습기,비,단일로 - 기타,화물,남,47세,상해없음,화물,남,70세,기타불명
2021012600100307,2021년 1월 26일 15시,화요일,경상남도 김해시 이동,중상사고,0,1,0,0,차대사람 - 횡단중,안전운전불이행,젖음/습기,흐림,교차로 - 교차로안,승용,남,64세,상해없음,보행자,여,82세,중상
2021012600100334,2021년 1월 26일 16시,화요일,경상남도 양산시 물금읍,경상사고,0,0,4,0,차대차 - 측면충돌,교차로운행방법위반,건조,맑음,교차로 - 교차로안,승용,여,63세,상해없음,승합,남,34세,경상
2021012600100364,2021년 1월 26일 17시,화요일,경상남도 사천시 벌리동,경상사고,0,0,1,0,차대차 - 기타,안전운전불이행,젖음/습기,흐림,교차로 - 교차로부근,승용,여,42세,상해없음,승용,여,36세,경상
2021012600100365,2021년 1월 26일 17시,화요일,경상남도 양산시 동면,중상사고,0,1,0,0,차대사람 - 횡단중,안전운전불이행,건조,맑음,단일로 - 기타,화물,남,67세,상해없음,보행자,여,83세,중상
2021012600100366,2021년 1월 26일 17시,화요일,경상남도 남해군 남해읍,부상신고사고,0,0,0,1,차대사람 - 기타,안전운전불이행,건조,맑음,단일로 - 기타,화물,남,31세,상해없음,보행자,남,60세,부상신고
2021012600100411,2021년 1월 26일 18시,화요일,경상남도 김해시 삼계동,경상사고,0,0,1,0,차대차 - 기타,안전운전불이행,젖음/습기,비,단일로 - 기타,승용,남,58세,상해없음,이륜,남,19세,경상
2021012600100466,2021년 1월 26일 19시,화요일,경상남도 거제시 연초면,중상사고,0,1,0,0,차량단독 - 공작물충돌,안전운전불이행,젖음/습기,비,단일로 - 기타,승용,여,38세,중상,,,,
2021012600100467,2021년 1월 26일 19시,화요일,경상남도 남해군 삼동면,중상사고,0,1,0,1,차량단독 - 도로외이탈 - 추락,안전운전불이행,건조,맑음,교차로 - 교차로안,승용,여,70세,부상신고,,,,
2021012600100502,2021년 1월 26일 20시,화요일,경상남도 통영시 북신동,경상사고,0,0,2,0,차대차 - 기타,안전거리미확보,건조,맑음,교차로 - 교차로안,승용,남,61세,상해없음,승용,남,27세,경상
2021012600100503,2021년 1월 26일 20시,화요일,경상남도 함안군 칠서면,경상사고,0,0,1,0,차대차 - 측면충돌,안전운전불이행,건조,맑음,단일로 - 기타,승용,여,55세,상해없음,승용,여,59세,경상
2021012600100524,2021년 1월 26일 21시,화요일,경상남도 창원시 성산구 용호동,부상신고사고,0,0,0,1,차대사람 - 횡단중,안전운전불이행,건조,맑음,단일로 - 기타,기타불명,기타불명,미분류,기타불명,보행자,남,51세,부상신고
2021012600100547,2021년 1월 26일 22시,화요일,경상남도 밀양시 청도면,중상사고,0,1,0,0,차량단독 - 공작물충돌,안전운전불이행,건조,맑음,단일로 - 기타,승용,남,18세,상해없음,,,,
2021012600100562,2021년 1월 26일 23시,화요일,경상남도 김해시 삼문동,경상사고,0,0,1,0,차대차 - 추돌,안전운전불이행,건조,맑음,단일로 - 기타,승용,남,46세,상해없음,승용,남,27세,경상
2021012700100017,2021년 1월 27일 04시,수요일,경상남도 김해시 부곡동,중상사고,0,1,0,0,차대차 - 후진중충돌,안전운전불이행,건조,맑음,단일로 - 기타,화물,남,59세,상해없음,자전거,남,7세,중상
2021012700100024,2021년 1월 27일 05시,수요일,경상남도 양산시 동면,경상사고,0,0,1,1,차대차 - 측면충돌,안전운전불이행,서리/결빙,흐림,단일로 - 기타,화물,남,52세,상해없음,승용,남,37세,경상
2021012700100053,2021년 1월 27일 07시,수요일,경상남도 하동군 하동읍,사망사고,1,0,1,0,차대차 - 측면충돌,중앙선침범,젖음/습기,맑음,단일로 - 교량,승용,남,36세,사망,승합,남,60세,경상
2021012700100079,2021년 1월 27일 08시,수요일,경상남도 양산시 북정동,경상사고,0,0,1,0,차대차 - 측면충돌,신호위반,건조,맑음,교차로 - 교차로안,화물,남,65세,상해없음,화물,남,22세,경상
2021012700100080,2021년 1월 27일 08시,수요일,경상남도 산청군 신안면,중상사고,0,1,0,1,차대차 - 추돌,안전운전불이행,건조,맑음,단일로 - 기타,승용,여,40세,상해없음,농기계,남,78세,중상
2021012700100107,2021년 1월 27일 09시,수요일,경상남도 창원시 진해구 자은동,중상사고,0,1,0,0,차대차 - 측면충돌,안전운전불이행,건조,맑음,교차로 - 교차로안,승용,여,61세,상해없음,이륜,남,68세,중상
2021012700100108,2021년 1월 27일 09시,수요일,경상남도 김해시 무계동,중상사고,0,1,0,0,차대차 - 측면충돌,신호위반,건조,맑음,교차로 - 교차로안,화물,남,49세,상해없음,승용,여,41세,중상
2021012700100123,2021년 1월 27일 10시,수요일,경상남도 통영시 광도면,경상사고,0,0,1,0,차대차 - 측면충돌,교차로운행방법위반,건조,맑음,교차로 - 교차로안,승용,여,47세,상해없음,승용,여,44세,경상
2021012700100145,2021년 1월 27일 11시,수요일,경상남도 창원시 진해구 남문동,중상사고,0,1,0,0,차대사람 - 차도통행중,안전운전불이행,건조,맑음,교차로 - 교차로안,화물,남,65세,상해없음,보행자,남,73세,중상
2021012700100146,2021년 1월 27일 11시,수요일,경상남도 함양군 함양읍,경상사고,0,0,1,1,차량단독 - 기타,안전운전불이행,건조,맑음,단일로 - 교량,이륜,남,81세,부상신고,,,,
2021012700100207,2021년 1월 27일 13시,수요일,경상남도 창원시 마산합포구 중앙동3가,경상사고,0,0,1,0,차대차 - 추돌,안전거리미확보,건조,맑음,단일로 - 기타,승용,남,62세,상해없음,승용,남,51세,경상
2021012700100208,2021년 1월 27일 13시,수요일,경상남도 김해시 불암동,중상사고,0,1,0,0,차대차 - 측면충돌,신호위반,건조,맑음,교차로 - 교차로안,승용,남,68세,상해없음,승용,남,35세,중상
2021012700100247,2021년 1월 27일 14시,수요일,경상남도 통영시 무전동,경상사고,0,0,1,0,차대차 - 추돌,안전거리미확보,건조,맑음,단일로 - 기타,이륜,남,51세,경상,승용,남,35세,상해없음
2021012700100248,2021년 1월 27일 14시,수요일,경상남도 밀양시 교동,경상사고,0,0,2,0,차대차 - 측면충돌,안전운전불이행,건조,맑음,단일로 - 기타,승용,여,56세,상해없음,승용,여,30세,경상
2021012700100249,2021년 1월 27일 14시,수요일,경상남도 산청군 시천면,부상신고사고,0,0,0,1,차대차 - 정면충돌,중앙선침범,건조,맑음,단일로 - 기타,승용,남,63세,상해없음,화물,남,72세,부상신고
2021012700100250,2021년 1월 27일 14시,수요일,경상남도 산청군 단성면,사망사고,1,0,0,0,차대차 - 추돌,안전운전불이행,건조,맑음,단일로 - 터널,승용,남,45세,사망,화물,남,63세,상해없음
2021012700100305,2021년 1월 27일 16시,수요일,경상남도 김해시 관동동,경상사고,0,0,2,0,차대차 - 측면충돌,직진우회전진행방해,건조,맑음,교차로 - 교차로안,승용,남,33세,경상,승용,여,45세,경상
2021012700100332,2021년 1월 27일 17시,수요일,경상남도 양산시 상북면,중상사고,0,7,3,5,차대차 - 측면충돌,신호위반,건조,맑음,교차로 - 교차로안,승합,남,55세,기타불명,승용,남,56세,중상
2021012700100334,2021년 1월 27일 17시,수요일,경상남도 고성군 거류면,중상사고,0,1,0,0,차대차 - 측면충돌,교차로운행방법위반,건조,맑음,교차로 - 교차로안,승용,여,53세,상해없음,이륜,남,76세,중상
2021012700100388,2021년 1월 27일 18시,수요일,경상남도 양산시 남부동,중상사고,0,1,0,0,차대사람 - 횡단중,안전운전불이행,건조,맑음,교차로 - 교차로안,승용,남,45세,상해없음,보행자,남,53세,중상
2021012700100389,2021년 1월 27일 18시,수요일,경상남도 고성군 고성읍,경상사고,0,0,1,0,차대사람 - 횡단중,보행자보호의무위반,건조,맑음,교차로 - 교차로부근,승용,남,27세,상해없음,보행자,여,55세,경상
2021012700100390,2021년 1월 27일 18시,수요일,경상남도 김해시 화목동,경상사고,0,0,1,0,차대차 - 추돌,안전운전불이행,건조,맑음,교차로 - 교차로부근,승용,여,50세,상해없음,승용,여,49세,경상
2021012700100429,2021년 1월 27일 19시,수요일,경상남도 창원시 성산구 반림동,경상사고,0,0,1,0,차대차 - 측면충돌,안전운전불이행,건조,맑음,교차로 - 교차로안,승용,여,35세,상해없음,승용,남,37세,상해없음
2021012700100469,2021년 1월 27일 20시,수요일,경상남도 거창군 거창읍,경상사고,0,0,2,0,차대차 - 측면충돌,교차로운행방법위반,건조,맑음,교차로 - 교차로안,승용,남,61세,상해없음,승용,남,28세,경상
2021012700100470,2021년 1월 27일 20시,수요일,경상남도 양산시 명동,중상사고,0,1,0,0,차대사람 - 차도통행중,안전운전불이행,건조,맑음,교차로 - 교차로안,승용,남,57세,상해없음,보행자,여,66세,중상
2021012700100503,2021년 1월 27일 21시,수요일,경상남도 통영시 봉평동,경상사고,0,0,4,0,차대차 - 추돌,안전운전불이행,건조,맑음,교차로 - 교차로안,승용,남,56세,상해없음,승용,남,53세,경상
2021012700100504,2021년 1월 27일 21시,수요일,경상남도 사천시 벌리동,경상사고,0,0,1,0,차대사람 - 기타,보행자보호의무위반,건조,맑음,교차로 - 교차로안,화물,남,70세,상해없음,보행자,여,16세,경상
2021012700100505,2021년 1월 27일 21시,수요일,경상남도 양산시 물금읍,경상사고,0,0,1,0,차대사람 - 기타,안전운전불이행,건조,맑음,기타 - 기타,승용,여,27세,상해없음,보행자,남,38세,경상
2021012700100521,2021년 1월 27일 22시,수요일,경상남도 김해시 동상동,중상사고,0,1,0,0,차대사람 - 횡단중,안전운전불이행,건조,맑음,교차로 - 교차로횡단보도내,승용,남,40세,상해없음,보행자,남,22세,중상
2021012800100009,2021년 1월 28일 01시,목요일,경상남도 김해시 부원동,경상사고,0,0,1,0,차대사람 - 길가장자리구역통행중,안전운전불이행,건조,맑음,단일로 - 기타,승용,남,42세,상해없음,보행자,남,24세,경상
2021012800100027,2021년 1월 28일 06시,목요일,경상남도 창원시 의창구 북면,경상사고,0,0,1,0,차대차 - 추돌,안전운전불이행,건조,맑음,단일로 - 기타,승용,여,42세,상해없음,승용,남,61세,경상
2021012800100060,2021년 1월 28일 08시,목요일,경상남도 창원시 의창구 팔용동,경상사고,0,0,1,0,차대차 - 측면충돌,신호위반,건조,맑음,단일로 - 기타,원동기,남,42세,경상,화물,남,71세,상해없음
2021012800100080,2021년 1월 28일 09시,목요일,경상남도 거제시 고현동,경상사고,0,0,1,0,차대차 - 측면충돌,안전운전불이행,건조,맑음,주차장 - 주차장,화물,여,61세,상해없음,승용,여,29세,경상
2021012800100175,2021년 1월 28일 11시,목요일,경상남도 창원시 진해구 마천동,중상사고,0,2,0,0,차대차 - 측면충돌,안전운전불이행,건조,맑음,교차로 - 교차로안,승용,남,63세,중상,승용,남,26세,중상