사고번호,사고일시,요일,시군구,사고내용,사망자수,중상자수,경상자수,부상신고자수,사고유형,법규위반,노면상태,기상상태,도로형태,가해운전자 차종,가해운전자 성별,가해운전자 연령,가해운전자 상해정도,피해운전자 차종,피해운전자 성별,피해운전자 연령,피해운전자 상해정도
2021012800100176,2021년 1월 28일 11시,목요일,경상남도 거제시 동부면,경상사고,0,0,1,0,차대차 - 기타,직진우회전진행방해,건조,맑음,교차로 - 교차로안,화물,남,51세,상해없음,화물,남,64세,상해없음
2021012800100196,2021년 1월 28일 12시,목요일,경상남도 창원시 진해구 자은동,경상사고,0,0,1,0,차대차 - 측면충돌,직진우회전진행방해,건조,맑음,교차로 - 교차로안,승용,남,64세,상해없음,원동기,남,58세,경상
2021012800100232,2021년 1월 28일 13시,목요일,경상남도 산청군 생초면,중상사고,0,1,0,1,차대차 - 측면충돌,교차로운행방법위반,건조,맑음,교차로 - 교차로안,승용,남,78세,부상신고,승용,여,55세,중상
2021012800100233,2021년 1월 28일 13시,목요일,경상남도 창원시 의창구 동읍,중상사고,0,1,0,0,차대사람 - 횡단중,안전운전불이행,건조,맑음,교차로 - 교차로부근,화물,남,73세,상해없음,보행자,남,75세,중상
2021012800100263,2021년 1월 28일 14시,목요일,경상남도 통영시 정량동,경상사고,0,0,1,0,차대차 - 기타,교차로운행방법위반,건조,맑음,교차로 - 교차로안,이륜,남,58세,경상,승용,여,58세,상해없음
2021012800100264,2021년 1월 28일 14시,목요일,경상남도 남해군 창선면,경상사고,0,0,1,0,차대차 - 측면충돌,안전운전불이행,건조,맑음,단일로 - 기타,농기계,남,53세,상해없음,이륜,남,47세,경상
2021012800100265,2021년 1월 28일 14시,목요일,경상남도 김해시 진영읍,경상사고,0,0,1,0,차대차 - 추돌,안전운전불이행,건조,맑음,교차로 - 교차로부근,화물,남,61세,상해없음,승용,여,43세,경상
2021012800100292,2021년 1월 28일 15시,목요일,경상남도 창원시 마산회원구 석전동,경상사고,0,0,1,0,차대차 - 추돌,안전운전불이행,건조,맑음,교차로 - 교차로부근,승용,남,57세,상해없음,이륜,남,29세,경상
2021012800100352,2021년 1월 28일 17시,목요일,경상남도 김해시 동상동,경상사고,0,0,2,0,차대차 - 정면충돌,신호위반,건조,맑음,교차로 - 교차로안,승용,여,60세,경상,승용,남,42세,경상
2021012800100353,2021년 1월 28일 17시,목요일,경상남도 거제시 연초면,중상사고,0,1,1,0,차대차 - 측면충돌,안전운전불이행,건조,맑음,단일로 - 기타,승용,여,38세,상해없음,승용,남,40세,경상
2021012800100396,2021년 1월 28일 18시,목요일,경상남도 진주시 집현면,사망사고,1,0,0,0,차량단독 - 도로외이탈 - 추락,안전운전불이행,건조,흐림,단일로 - 기타,화물,남,69세,사망,,,,
2021012800100397,2021년 1월 28일 18시,목요일,경상남도 양산시 매곡동,중상사고,0,1,0,0,차대사람 - 횡단중,안전운전불이행,건조,맑음,교차로 - 교차로안,승용,남,60세,상해없음,보행자,남,74세,중상
2021012800100398,2021년 1월 28일 18시,목요일,경상남도 거제시 연초면,경상사고,0,0,1,0,차대차 - 측면충돌,안전거리미확보,건조,맑음,단일로 - 기타,승용,여,49세,기타불명,이륜,남,35세,경상
2021012800100434,2021년 1월 28일 19시,목요일,경상남도 거제시 두모동,경상사고,0,0,1,0,차대차 - 기타,중앙선침범,건조,맑음,단일로 - 기타,이륜,남,50세,상해없음,이륜,남,37세,경상
2021012800100469,2021년 1월 28일 20시,목요일,경상남도 창원시 성산구 대방동,중상사고,0,1,0,0,차대차 - 측면충돌,안전운전불이행,건조,맑음,교차로 - 교차로안,승용,남,34세,상해없음,승용,남,36세,중상
2021012800100470,2021년 1월 28일 20시,목요일,경상남도 김해시 율하동,중상사고,0,1,0,0,차대차 - 측면충돌,안전거리미확보,건조,맑음,단일로 - 기타,승용,남,45세,상해없음,승용,남,42세,중상
2021012800100471,2021년 1월 28일 20시,목요일,경상남도 김해시 전하동,중상사고,0,1,0,0,차대차 - 정면충돌,안전운전불이행,건조,맑음,교차로 - 교차로부근,자전거,남,51세,중상,화물,여,56세,기타불명
2021012800100503,2021년 1월 28일 21시,목요일,경상남도 김해시 어방동,중상사고,0,1,0,0,차대사람 - 기타,안전운전불이행,건조,맑음,단일로 - 기타,특수,남,21세,상해없음,보행자,여,20세,중상
2021012800100504,2021년 1월 28일 21시,목요일,경상남도 창원시 마산합포구 산호동,경상사고,0,0,1,0,차대차 - 추돌,안전운전불이행,건조,맑음,교차로 - 교차로부근,승용,남,31세,상해없음,승용,남,31세,경상
2021012800100505,2021년 1월 28일 21시,목요일,경상남도 창원시 의창구 동읍,경상사고,0,0,1,0,차대차 - 측면충돌,안전거리미확보,젖음/습기,눈,단일로 - 기타,승용,남,41세,상해없음,특수,남,46세,경상
2021012900100018,2021년 1월 29일 02시,금요일,경상남도 창원시 의창구 북면,경상사고,0,0,2,0,차대차 - 정면충돌,안전운전불이행,건조,맑음,단일로 - 기타,화물,남,67세,상해없음,승용,남,47세,경상
2021012900100033,2021년 1월 29일 05시,금요일,경상남도 양산시 주남동,중상사고,0,1,0,0,차대사람 - 차도통행중,중앙선침범,건조,맑음,단일로 - 기타,화물,남,55세,상해없음,보행자,남,62세,중상
2021012900100052,2021년 1월 29일 06시,금요일,경상남도 창원시 성산구 상남동,중상사고,0,1,0,0,차대사람 - 기타,안전운전불이행,건조,맑음,교차로 - 교차로안,승용,여,63세,상해없음,보행자,남,64세,중상
2021012900100053,2021년 1월 29일 06시,금요일,경상남도 창원시 의창구 북면,경상사고,0,0,1,0,차대차 - 추돌,안전운전불이행,건조,맑음,단일로 - 기타,승용,남,66세,상해없음,승용,남,61세,경상
2021012900100070,2021년 1월 29일 07시,금요일,경상남도 산청군 단성면,부상신고사고,0,0,0,1,차대차 - 추돌,안전운전불이행,건조,맑음,단일로 - 기타,승용,여,29세,부상신고,화물,남,54세,상해없음
2021012900100071,2021년 1월 29일 07시,금요일,경상남도 함안군 군북면,중상사고,0,1,0,0,차대차 - 측면충돌,신호위반,건조,맑음,교차로 - 교차로안,승용,여,28세,상해없음,승용,남,47세,중상
2021012900100099,2021년 1월 29일 08시,금요일,경상남도 통영시 북신동,경상사고,0,0,1,0,차대사람 - 기타,안전운전불이행,건조,맑음,단일로 - 기타,승용,여,48세,상해없음,보행자,여,55세,경상
2021012900100100,2021년 1월 29일 08시,금요일,경상남도 창원시 의창구 북면,경상사고,0,0,1,0,차대사람 - 횡단중,보행자보호의무위반,건조,맑음,단일로 - 기타,승용,여,28세,상해없음,보행자,남,8세,경상
2021012900100137,2021년 1월 29일 09시,금요일,경상남도 창원시 마산합포구 진동면,중상사고,0,1,0,0,차대차 - 추돌,안전운전불이행,건조,맑음,단일로 - 기타,승용,남,63세,상해없음,승용,남,34세,중상
2021012900100138,2021년 1월 29일 09시,금요일,경상남도 고성군 회화면,중상사고,0,1,1,0,차대차 - 추돌,안전운전불이행,건조,맑음,교차로 - 교차로부근,화물,남,48세,상해없음,화물,남,68세,경상
2021012900100175,2021년 1월 29일 10시,금요일,경상남도 통영시 북신동,경상사고,0,0,2,0,차대차 - 추돌,안전거리미확보,건조,맑음,교차로 - 교차로안,승용,여,59세,상해없음,승용,남,24세,경상
2021012900100176,2021년 1월 29일 10시,금요일,경상남도 김해시 대청동,경상사고,0,0,4,0,차대차 - 추돌,안전운전불이행,건조,맑음,단일로 - 기타,승용,남,29세,상해없음,승용,여,53세,경상
2021012900100201,2021년 1월 29일 11시,금요일,경상남도 의령군 부림면,중상사고,0,1,0,0,차대사람 - 기타,안전운전불이행,건조,맑음,단일로 - 기타,화물,남,68세,상해없음,보행자,남,83세,중상
2021012900100202,2021년 1월 29일 11시,금요일,경상남도 김해시 진영읍,중상사고,0,1,0,0,차대차 - 측면충돌,안전운전불이행,건조,맑음,단일로 - 기타,승용,남,36세,상해없음,이륜,남,21세,중상
2021012900100236,2021년 1월 29일 12시,금요일,경상남도 창원시 진해구 풍호동,경상사고,0,0,1,0,차대차 - 기타,안전운전불이행,건조,맑음,단일로 - 기타,자전거,남,74세,경상,승용,남,28세,상해없음
2021012900100237,2021년 1월 29일 12시,금요일,경상남도 김해시 삼문동,중상사고,0,2,0,0,차대차 - 측면충돌,안전운전불이행,건조,맑음,단일로 - 기타,이륜,남,22세,중상,승용,여,38세,중상
2021012900100262,2021년 1월 29일 13시,금요일,경상남도 양산시 물금읍,사망사고,1,0,1,0,차대차 - 기타,신호위반,건조,맑음,교차로 - 교차로안,원동기,남,38세,사망,승용,남,53세,경상
2021012900100288,2021년 1월 29일 14시,금요일,경상남도 사천시 사천읍,경상사고,0,0,1,0,차대차 - 측면충돌,안전운전불이행,건조,맑음,교차로 - 교차로안,이륜,남,63세,경상,승합,남,45세,상해없음
2021012900100289,2021년 1월 29일 14시,금요일,경상남도 창녕군 남지읍,중상사고,0,1,2,0,차대차 - 정면충돌,중앙선침범,건조,맑음,단일로 - 교량,승용,남,53세,경상,화물,남,52세,경상
2021012900100323,2021년 1월 29일 15시,금요일,경상남도 거제시 장평동,경상사고,0,0,2,0,차대차 - 측면충돌,안전운전불이행,건조,맑음,교차로 - 교차로부근,승합,여,41세,상해없음,승용,여,61세,경상
2021012900100347,2021년 1월 29일 16시,금요일,경상남도 창원시 성산구 상남동,경상사고,0,0,1,0,차대사람 - 기타,안전운전불이행,건조,맑음,단일로 - 기타,개인형이동수단(PM),남,18세,상해없음,보행자,여,67세,경상
2021012900100380,2021년 1월 29일 17시,금요일,경상남도 창원시 마산합포구 가포동,중상사고,0,1,0,0,차대사람 - 기타,안전운전불이행,건조,맑음,단일로 - 기타,승용,남,80세,상해없음,보행자,남,36세,중상
2021012900100381,2021년 1월 29일 17시,금요일,경상남도 진주시 충무공동,중상사고,0,1,0,0,차대사람 - 횡단중,신호위반,건조,맑음,단일로 - 기타,특수,남,47세,상해없음,보행자,남,12세,중상
2021012900100382,2021년 1월 29일 17시,금요일,경상남도 창원시 의창구 북면,경상사고,0,0,1,0,차대차 - 측면충돌,안전운전불이행,건조,맑음,교차로 - 교차로안,승용,여,38세,상해없음,이륜,남,46세,경상
2021012900100383,2021년 1월 29일 17시,금요일,경상남도 창원시 의창구 대산면,중상사고,0,1,1,0,차대차 - 측면충돌,교차로운행방법위반,건조,맑음,교차로 - 교차로안,승용,여,50세,상해없음,승용,남,44세,중상
2021012900100434,2021년 1월 29일 18시,금요일,경상남도 창원시 진해구 석동,경상사고,0,0,4,0,차대차 - 기타,교차로운행방법위반,건조,맑음,교차로 - 교차로안,승용,남,69세,경상,승용,여,51세,경상
2021012900100435,2021년 1월 29일 18시,금요일,경상남도 양산시 중부동,중상사고,0,1,0,0,차대사람 - 횡단중,신호위반,건조,맑음,교차로 - 교차로부근,화물,남,53세,상해없음,보행자,여,62세,중상
2021012900100436,2021년 1월 29일 18시,금요일,경상남도 거제시 고현동,경상사고,0,0,1,0,차대차 - 측면충돌,안전운전불이행,건조,맑음,단일로 - 기타,이륜,남,23세,경상,승용,여,36세,상해없음
2021012900100481,2021년 1월 29일 19시,금요일,경상남도 밀양시 내이동,경상사고,0,0,1,0,차대차 - 측면충돌,안전운전불이행,건조,맑음,단일로 - 기타,승용,남,43세,상해없음,승용,남,72세,경상
2021012900100482,2021년 1월 29일 19시,금요일,경상남도 양산시 상북면,부상신고사고,0,0,0,1,차대사람 - 횡단중,안전운전불이행,건조,맑음,교차로 - 교차로횡단보도내,기타불명,기타불명,미분류,기타불명,보행자,여,47세,부상신고
2021012900100483,2021년 1월 29일 19시,금요일,경상남도 하동군 진교면,경상사고,0,0,1,0,차대차 - 측면충돌,안전운전불이행,건조,맑음,교차로 - 교차로안,이륜,남,54세,경상,승용,여,58세,상해없음
2021012900100512,2021년 1월 29일 20시,금요일,경상남도 진주시 장대동,경상사고,0,0,1,0,차대차 - 측면충돌,교차로운행방법위반,건조,맑음,교차로 - 교차로안,승용,남,45세,상해없음,승용,남,59세,경상
2021012900100563,2021년 1월 29일 21시,금요일,경상남도 창원시 마산회원구 내서읍,경상사고,0,0,1,0,차대차 - 추돌,안전운전불이행,건조,맑음,교차로 - 교차로부근,승용,남,43세,상해없음,승용,남,36세,경상
2021012900100598,2021년 1월 29일 22시,금요일,경상남도 양산시 덕계동,경상사고,0,0,1,0,차대차 - 정면충돌,안전운전불이행,건조,맑음,교차로 - 교차로부근,승용,남,28세,상해없음,이륜,남,42세,경상
2021013000100094,2021년 1월 30일 10시,토요일,경상남도 김해시 진영읍,경상사고,0,0,1,0,차대차 - 측면충돌,차로위반,건조,맑음,교차로 - 교차로부근,건설기계,남,63세,상해없음,화물,남,71세,경상
2021013000100122,2021년 1월 30일 11시,토요일,경상남도 진주시 상대동,경상사고,0,0,1,0,차대차 - 기타,중앙선침범,건조,맑음,교차로 - 교차로부근,이륜,남,20세,상해없음,승용,남,41세,상해없음
2021013000100123,2021년 1월 30일 11시,토요일,경상남도 통영시 서호동,경상사고,0,0,1,0,차대차 - 추돌,안전거리미확보,건조,맑음,교차로 - 교차로안,승합,남,50세,상해없음,화물,남,41세,상해없음
2021013000100124,2021년 1월 30일 11시,토요일,경상남도 거제시 아주동,경상사고,0,0,1,0,차대차 - 기타,신호위반,건조,맑음,교차로 - 교차로안,승용,남,54세,상해없음,원동기,남,39세,경상
2021013000100125,2021년 1월 30일 11시,토요일,경상남도 남해군 남해읍,경상사고,0,0,3,0,차대차 - 추돌,안전운전불이행,건조,맑음,교차로 - 교차로부근,승용,여,51세,경상,승용,남,21세,경상
2021013000100156,2021년 1월 30일 12시,토요일,경상남도 창원시 진해구 석동,경상사고,0,0,1,0,차대차 - 측면충돌,안전거리미확보,건조,맑음,교차로 - 교차로안,건설기계,남,56세,상해없음,승용,여,56세,경상
2021013000100157,2021년 1월 30일 12시,토요일,경상남도 창원시 성산구 상남동,경상사고,0,0,1,0,차대차 - 기타,안전운전불이행,건조,맑음,단일로 - 기타,승용,남,42세,상해없음,승용,여,46세,경상
2021013000100195,2021년 1월 30일 13시,토요일,경상남도 창원시 마산합포구 남성동,부상신고사고,0,0,0,1,차대사람 - 기타,안전운전불이행,건조,맑음,단일로 - 기타,이륜,남,54세,상해없음,보행자,여,4세,부상신고
2021013000100196,2021년 1월 30일 13시,토요일,경상남도 창원시 성산구 상남동,부상신고사고,0,0,0,1,차대사람 - 기타,안전운전불이행,건조,맑음,단일로 - 기타,이륜,남,18세,기타불명,보행자,남,15세,부상신고
2021013000100227,2021년 1월 30일 14시,토요일,경상남도 창원시 진해구 행암동,경상사고,0,0,2,0,차대사람 - 기타,기타,건조,맑음,기타 - 기타,승용,여,50세,상해없음,보행자,여,29세,경상
2021013000100228,2021년 1월 30일 14시,토요일,경상남도 거제시 장평동,경상사고,0,0,2,0,차대차 - 추돌,안전거리미확보,건조,맑음,단일로 - 기타,승용,남,44세,상해없음,승용,남,58세,경상
2021013000100275,2021년 1월 30일 15시,토요일,경상남도 사천시 곤양면,경상사고,0,0,1,0,차량단독 - 공작물충돌,안전운전불이행,건조,맑음,단일로 - 기타,이륜,여,68세,경상,,,,
2021013000100310,2021년 1월 30일 16시,토요일,경상남도 밀양시 내이동,경상사고,0,0,5,0,차대차 - 측면충돌,안전운전불이행,건조,맑음,교차로 - 교차로안,승용,남,52세,경상,승용,여,45세,경상
2021013000100311,2021년 1월 30일 16시,토요일,경상남도 양산시 물금읍,경상사고,0,0,1,0,차대차 - 정면충돌,안전운전불이행,건조,맑음,단일로 - 기타,승용,남,33세,상해없음,자전거,여,13세,경상
2021013000100312,2021년 1월 30일 16시,토요일,경상남도 양산시 교동,경상사고,0,0,2,0,차대차 - 추돌,안전거리미확보,건조,맑음,단일로 - 기타,건설기계,남,63세,상해없음,승용,여,35세,경상
2021013000100344,2021년 1월 30일 17시,토요일,경상남도 창원시 진해구 자은동,경상사고,0,0,2,0,차대차 - 기타,교차로운행방법위반,건조,맑음,교차로 - 교차로안,승용,남,23세,경상,승용,남,40세,경상
2021013000100345,2021년 1월 30일 17시,토요일,경상남도 고성군 고성읍,경상사고,0,0,1,0,차대차 - 추돌,안전거리미확보,건조,맑음,단일로 - 기타,화물,남,66세,상해없음,승용,남,37세,경상
2021013000100392,2021년 1월 30일 18시,토요일,경상남도 창원시 진해구 용원동,경상사고,0,0,2,0,차대차 - 기타,안전운전불이행,건조,맑음,단일로 - 기타,승용,남,50세,경상,승용,남,52세,경상
2021013000100425,2021년 1월 30일 19시,토요일,경상남도 창원시 진해구 석동,경상사고,0,0,1,0,차대차 - 측면충돌,직진우회전진행방해,건조,맑음,교차로 - 교차로안,승용,여,48세,상해없음,이륜,남,40세,경상
2021013000100426,2021년 1월 30일 19시,토요일,경상남도 밀양시 삼문동,경상사고,0,0,1,0,차대차 - 측면충돌,신호위반,건조,맑음,교차로 - 교차로안,승용,남,72세,상해없음,승용,남,36세,경상
2021013000100464,2021년 1월 30일 20시,토요일,경상남도 창원시 진해구 용원동,경상사고,0,0,1,0,차대사람 - 기타,안전운전불이행,건조,맑음,교차로 - 교차로횡단보도내,승용,남,67세,상해없음,보행자,남,38세,경상
2021013000100465,2021년 1월 30일 20시,토요일,경상남도 양산시 신기동,부상신고사고,0,0,0,1,차대사람 - 기타,안전운전불이행,건조,맑음,교차로 - 교차로안,승용,남,67세,상해없음,보행자,남,53세,부상신고
2021013000100466,2021년 1월 30일 20시,토요일,경상남도 하동군 옥종면,경상사고,0,0,1,0,차대사람 - 차도통행중,안전운전불이행,건조,맑음,단일로 - 기타,화물,남,60세,상해없음,보행자,남,67세,경상
2021013100100020,2021년 1월 31일 01시,일요일,경상남도 통영시 명정동,중상사고,0,1,0,0,차대차 - 정면충돌,중앙선침범,건조,맑음,교차로 - 교차로부근,승용,남,39세,상해없음,승용,남,48세,중상
2021013100100042,2021년 1월 31일 07시,일요일,경상남도 사천시 늑도동,중상사고,0,1,0,0,차대차 - 측면충돌,직진우회전진행방해,건조,맑음,교차로 - 교차로안,승용,남,42세,상해없음,승용,남,44세,중상
2021013100100138,2021년 1월 31일 13시,일요일,경상남도 진주시 장재동,경상사고,0,0,4,0,차대차 - 기타,안전운전불이행,건조,맑음,단일로 - 기타,승용,남,57세,상해없음,승용,남,43세,경상
2021013100100139,2021년 1월 31일 13시,일요일,경상남도 고성군 고성읍,중상사고,0,1,0,0,차대차 - 측면충돌,중앙선침범,건조,맑음,단일로 - 기타,승용,남,53세,상해없음,이륜,남,71세,중상
2021013100100163,2021년 1월 31일 14시,일요일,경상남도 창원시 마산합포구 산호동,경상사고,0,0,1,0,차대차 - 측면충돌,안전운전불이행,기타,맑음,단일로 - 기타,승용,남,61세,상해없음,승용,여,43세,경상
2021013100100192,2021년 1월 31일 15시,일요일,경상남도 김해시 신문동,중상사고,0,1,0,0,차대차 - 측면충돌,중앙선침범,건조,맑음,단일로 - 기타,승용,남,41세,상해없음,원동기,남,19세,중상
2021013100100216,2021년 1월 31일 16시,일요일,경상남도 함안군 칠원읍,중상사고,0,1,0,0,차대차 - 측면충돌,안전운전불이행,건조,맑음,단일로 - 기타,승용,남,56세,상해없음,승용,여,33세,중상
2021013100100243,2021년 1월 31일 17시,일요일,경상남도 창원시 성산구 반림동,경상사고,0,0,1,0,차대차 - 정면충돌,신호위반,건조,맑음,교차로 - 교차로안,이륜,남,26세,상해없음,승용,남,43세,상해없음
2021013100100244,2021년 1월 31일 17시,일요일,경상남도 김해시 율하동,부상신고사고,0,0,0,1,차대차 - 측면충돌,안전운전불이행,건조,맑음,단일로 - 기타,승용,남,53세,상해없음,이륜,남,33세,부상신고
2021013100100278,2021년 1월 31일 18시,일요일,경상남도 진주시 옥봉동,경상사고,0,0,1,0,차량단독 - 전도전복 - 전도,안전운전불이행,건조,흐림,단일로 - 기타,원동기,남,61세,경상,,,,
2021013100100279,2021년 1월 31일 18시,일요일,경상남도 남해군 창선면,중상사고,0,1,0,0,차대사람 - 길가장자리구역통행중,안전운전불이행,건조,흐림,단일로 - 기타,승용,남,71세,상해없음,보행자,남,52세,중상
2021013100100280,2021년 1월 31일 18시,일요일,경상남도 김해시 진영읍,경상사고,0,0,2,0,차대차 - 측면충돌,신호위반,건조,맑음,교차로 - 교차로안,승용,남,65세,상해없음,승용,여,51세,경상
2021013100100306,2021년 1월 31일 19시,일요일,경상남도 창원시 성산구 가음정동,경상사고,0,0,1,0,차대차 - 측면충돌,안전운전불이행,건조,맑음,교차로 - 교차로부근,승용,남,44세,상해없음,승용,남,51세,경상
2021013100100332,2021년 1월 31일 20시,일요일,경상남도 김해시 진영읍,경상사고,0,0,1,0,차대차 - 기타,안전운전불이행,건조,맑음,단일로 - 기타,이륜,남,30세,경상,승용,남,59세,상해없음
2021013100100357,2021년 1월 31일 21시,일요일,경상남도 김해시 봉황동,경상사고,0,0,2,0,차대차 - 측면충돌,직진우회전진행방해,건조,맑음,교차로 - 교차로안,승용,남,64세,상해없음,승용,여,46세,경상
2021013100100358,2021년 1월 31일 21시,일요일,경상남도 창원시 의창구 봉곡동,경상사고,0,0,1,0,차대차 - 측면충돌,안전운전불이행,건조,맑음,교차로 - 교차로부근,승합,남,59세,상해없음,승용,남,30세,경상
2021013100100373,2021년 1월 31일 22시,일요일,경상남도 김해시 진영읍,경상사고,0,0,1,0,차대차 - 추돌,안전운전불이행,건조,맑음,단일로 - 기타,승용,남,28세,상해없음,화물,남,49세,경상
2021020100100010,2021년 2월 1일 02시,월요일,경상남도 김해시 삼정동,부상신고사고,0,0,0,1,차대사람 - 기타,안전운전불이행,젖음/습기,맑음,단일로 - 기타,승용,남,30세,상해없음,보행자,여,36세,부상신고
2021020100100019,2021년 2월 1일 05시,월요일,경상남도 진주시 옥봉동,중상사고,0,1,1,0,차대차 - 기타,신호위반,젖음/습기,비,교차로 - 교차로안,승용,여,39세,경상,승용,여,34세,중상
2021020100100057,2021년 2월 1일 07시,월요일,경상남도 사천시 사남면,중상사고,0,1,0,0,차대사람 - 횡단중,보행자보호의무위반,젖음/습기,비,단일로 - 기타,화물,남,52세,상해없음,보행자,남,47세,중상
2021020100100058,2021년 2월 1일 07시,월요일,경상남도 양산시 하북면,경상사고,0,0,1,0,차대차 - 측면충돌,중앙선침범,젖음/습기,비,교차로 - 교차로부근,승용,남,47세,상해없음,승용,남,58세,경상
2021020100100059,2021년 2월 1일 07시,월요일,경상남도 창원시 성산구 내동,경상사고,0,0,1,0,차대차 - 측면충돌,안전운전불이행,젖음/습기,맑음,교차로 - 교차로안,승합,남,55세,상해없음,승용,남,28세,경상
2021020100100084,2021년 2월 1일 08시,월요일,경상남도 창원시 성산구 웅남동,경상사고,0,0,1,0,차대차 - 측면충돌,안전운전불이행,건조,맑음,단일로 - 기타,기타불명,기타불명,미분류,기타불명,승용,남,24세,경상
2021020100100085,2021년 2월 1일 08시,월요일,경상남도 김해시 삼문동,경상사고,0,0,1,0,차대차 - 추돌,안전운전불이행,젖음/습기,비,단일로 - 기타,승용,여,26세,상해없음,승용,여,50세,경상
2021020100100086,2021년 2월 1일 08시,월요일,경상남도 김해시 율하동,중상사고,0,1,0,0,차대차 - 측면충돌,안전운전불이행,젖음/습기,흐림,교차로 - 교차로안,화물,남,48세,상해없음,승용,여,44세,중상
2021020100100114,2021년 2월 1일 09시,월요일,경상남도 양산시 물금읍,경상사고,0,0,1,0,차대차 - 측면충돌,중앙선침범,젖음/습기,비,교차로 - 교차로부근,화물,남,28세,상해없음,승용,남,60세,경상
2021020100100152,2021년 2월 1일 11시,월요일,경상남도 창원시 진해구 남양동,중상사고,0,1,1,0,차대차 - 측면충돌,직진우회전진행방해,건조,맑음,교차로 - 교차로안,이륜,남,76세,경상,승용,남,63세,중상
2021020100100153,2021년 2월 1일 11시,월요일,경상남도 김해시 외동,경상사고,0,0,1,0,차대차 - 측면충돌,안전운전불이행,건조,맑음,교차로 - 교차로안,화물,여,44세,상해없음,승용,여,38세,경상
2021020100100180,2021년 2월 1일 12시,월요일,경상남도 양산시 물금읍,부상신고사고,0,0,0,1,차대차 - 측면충돌,신호위반,건조,맑음,교차로 - 교차로안,승용,남,37세,부상신고,승용,여,34세,상해없음
2021020100100206,2021년 2월 1일 13시,월요일,경상남도 통영시 용남면,경상사고,0,0,3,1,차대차 - 측면충돌,직진우회전진행방해,건조,맑음,교차로 - 교차로안,화물,남,33세,부상신고,승합,여,66세,상해없음
2021020100100207,2021년 2월 1일 13시,월요일,경상남도 통영시 무전동,중상사고,0,1,0,0,차대차 - 추돌,신호위반,건조,맑음,교차로 - 교차로안,승용,남,68세,상해없음,승용,남,53세,중상
2021020100100208,2021년 2월 1일 13시,월요일,경상남도 고성군 고성읍,경상사고,0,0,1,0,차대사람 - 보도통행중,안전운전불이행,건조,맑음,교차로 - 교차로안,승용,남,76세,상해없음,보행자,여,61세,경상
2021020100100209,2021년 2월 1일 13시,월요일,경상남도 산청군 시천면,중상사고,0,1,0,0,차대차 - 추돌,안전운전불이행,건조,맑음,교차로 - 교차로안,화물,남,48세,상해없음,화물,여,70세,중상
2021020100100210,2021년 2월 1일 13시,월요일,경상남도 창원시 마산회원구 내서읍,경상사고,0,0,1,0,차대차 - 기타,신호위반,건조,맑음,교차로 - 교차로안,승합,남,43세,상해없음,원동기,남,82세,경상
2021020100100211,2021년 2월 1일 13시,월요일,경상남도 김해시 풍유동,부상신고사고,0,0,0,1,차대차 - 추돌,안전운전불이행,젖음/습기,비,단일로 - 교량,화물,남,55세,상해없음,승용,여,39세,부상신고
2021020100100228,2021년 2월 1일 14시,월요일,경상남도 통영시 광도면,경상사고,0,0,1,1,차량단독 - 기타,안전운전불이행,젖음/습기,비,단일로 - 기타,승용,남,42세,부상신고,,,,
2021020100100229,2021년 2월 1일 14시,월요일,경상남도 양산시 소주동,중상사고,0,1,0,0,차대사람 - 횡단중,중앙선침범,건조,맑음,교차로 - 교차로안,화물,남,43세,상해없음,보행자,여,60세,중상
2021020100100230,2021년 2월 1일 14시,월요일,경상남도 양산시 물금읍,경상사고,0,0,1,0,차대차 - 추돌,안전운전불이행,젖음/습기,비,교차로 - 교차로부근,승용,남,49세,상해없음,화물,남,33세,경상
2021020100100256,2021년 2월 1일 15시,월요일,경상남도 남해군 남해읍,경상사고,0,0,1,0,차대차 - 측면충돌,안전운전불이행,건조,맑음,교차로 - 교차로안,승용,남,26세,상해없음,승용,남,60세,경상
2021020100100280,2021년 2월 1일 16시,월요일,경상남도 진주시 호탄동,중상사고,0,1,0,0,차대차 - 측면충돌,신호위반,건조,맑음,교차로 - 교차로안,승용,남,55세,상해없음,이륜,남,21세,중상
2021020100100305,2021년 2월 1일 17시,월요일,경상남도 양산시 하북면,경상사고,0,0,1,0,차대차 - 측면충돌,안전운전불이행,건조,맑음,단일로 - 기타,화물,남,31세,상해없음,승용,남,47세,경상
2021020100100306,2021년 2월 1일 17시,월요일,경상남도 창원시 성산구 가음정동,경상사고,0,0,1,0,차대사람 - 횡단중,보행자보호의무위반,건조,맑음,단일로 - 기타,화물,남,41세,상해없음,보행자,남,50세,경상
2021020100100362,2021년 2월 1일 18시,월요일,경상남도 거제시 고현동,경상사고,0,0,1,0,차대차 - 추돌,안전운전불이행,건조,맑음,교차로 - 교차로안,화물,남,67세,상해없음,승용,여,40세,경상
2021020100100363,2021년 2월 1일 18시,월요일,경상남도 창원시 성산구 안민동,경상사고,0,0,1,0,차대차 - 측면충돌,안전운전불이행,건조,맑음,교차로 - 교차로부근,화물,남,66세,상해없음,이륜,남,51세,경상
2021020100100406,2021년 2월 1일 19시,월요일,경상남도 양산시 동면,경상사고,0,0,2,0,차대차 - 측면충돌,신호위반,건조,맑음,교차로 - 교차로안,화물,남,38세,상해없음,승용,남,30세,경상