사고번호,사고일시,요일,시군구,사고내용,사망자수,중상자수,경상자수,부상신고자수,사고유형,법규위반,노면상태,기상상태,도로형태,가해운전자 차종,가해운전자 성별,가해운전자 연령,가해운전자 상해정도,피해운전자 차종,피해운전자 성별,피해운전자 연령,피해운전자 상해정도
2021020600100196,2021년 2월 6일 13시,토요일,경상남도 양산시 동면,부상신고사고,0,0,0,1,차대차 - 측면충돌,신호위반,건조,맑음,교차로 - 교차로안,승용,여,30세,상해없음,승용,남,27세,부상신고
2021020600100197,2021년 2월 6일 13시,토요일,경상남도 양산시 북부동,중상사고,0,1,0,0,차대차 - 측면충돌,신호위반,건조,맑음,단일로 - 교량,승용,여,60세,상해없음,승용,남,38세,중상
2021020600100223,2021년 2월 6일 14시,토요일,경상남도 사천시 동금동,경상사고,0,0,3,0,차대차 - 측면충돌,신호위반,건조,맑음,교차로 - 교차로안,화물,여,71세,상해없음,승용,남,29세,경상
2021020600100224,2021년 2월 6일 14시,토요일,경상남도 양산시 물금읍,경상사고,0,0,1,0,차대차 - 정면충돌,신호위반,건조,맑음,교차로 - 교차로안,승용,여,41세,상해없음,승합,남,45세,경상
2021020600100225,2021년 2월 6일 14시,토요일,경상남도 김해시 삼문동,경상사고,0,0,1,0,차대차 - 측면충돌,기타,건조,맑음,교차로 - 교차로안,승용,여,52세,경상,승용,남,54세,상해없음
2021020600100253,2021년 2월 6일 15시,토요일,경상남도 창원시 마산합포구 해운동,중상사고,0,1,0,0,차대사람 - 횡단중,안전운전불이행,건조,맑음,단일로 - 기타,승용,여,48세,상해없음,보행자,여,69세,중상
2021020600100254,2021년 2월 6일 15시,토요일,경상남도 창원시 진해구 여좌동,경상사고,0,0,2,0,차대차 - 기타,직진우회전진행방해,건조,맑음,교차로 - 교차로안,승용,여,49세,상해없음,승용,남,34세,경상
2021020600100255,2021년 2월 6일 15시,토요일,경상남도 통영시 무전동,중상사고,0,1,0,0,차대차 - 추돌,안전거리미확보,건조,맑음,교차로 - 교차로부근,승용,남,21세,상해없음,승용,여,48세,중상
2021020600100285,2021년 2월 6일 16시,토요일,경상남도 진주시 봉곡동,중상사고,0,2,0,0,차대차 - 추돌,안전운전불이행,건조,맑음,단일로 - 기타,승용,남,57세,상해없음,화물,남,74세,중상
2021020600100286,2021년 2월 6일 16시,토요일,경상남도 거제시 옥포동,경상사고,0,0,1,0,차대차 - 측면충돌,안전운전불이행,건조,맑음,교차로 - 교차로안,이륜,남,50세,경상,승용,남,56세,상해없음
2021020600100325,2021년 2월 6일 17시,토요일,경상남도 양산시 어곡동,경상사고,0,0,1,0,차대차 - 정면충돌,중앙선침범,건조,맑음,기타 - 기타,승용,남,32세,상해없음,화물,남,49세,경상
2021020600100326,2021년 2월 6일 17시,토요일,경상남도 남해군 남해읍,경상사고,0,0,1,0,차량단독 - 전도전복 - 전도,안전운전불이행,건조,맑음,단일로 - 기타,이륜,남,59세,상해없음,,,,
2021020600100358,2021년 2월 6일 18시,토요일,경상남도 통영시 미수동,경상사고,0,0,1,0,차대차 - 추돌,안전거리미확보,건조,맑음,단일로 - 교량,승용,여,36세,상해없음,승용,여,58세,경상
2021020600100359,2021년 2월 6일 18시,토요일,경상남도 양산시 중부동,경상사고,0,0,1,1,차대차 - 측면충돌,안전운전불이행,건조,맑음,교차로 - 교차로안,승용,여,58세,상해없음,승합,남,49세,경상
2021020600100360,2021년 2월 6일 18시,토요일,경상남도 양산시 하북면,경상사고,0,0,1,0,차대차 - 추돌,안전운전불이행,건조,맑음,단일로 - 기타,화물,남,63세,경상,화물,남,63세,상해없음
2021020600100401,2021년 2월 6일 19시,토요일,경상남도 거제시 고현동,중상사고,0,1,0,0,차대사람 - 기타,안전운전불이행,건조,맑음,단일로 - 기타,이륜,남,22세,상해없음,보행자,여,21세,중상
2021020600100428,2021년 2월 6일 20시,토요일,경상남도 진주시 가좌동,중상사고,0,1,0,0,차대차 - 정면충돌,직진우회전진행방해,건조,맑음,교차로 - 교차로부근,승용,남,24세,기타불명,이륜,남,46세,중상
2021020600100429,2021년 2월 6일 20시,토요일,경상남도 김해시 어방동,경상사고,0,0,1,0,차대차 - 측면충돌,차로위반,건조,맑음,단일로 - 기타,승용,남,25세,상해없음,이륜,남,17세,경상
2021020600100430,2021년 2월 6일 20시,토요일,경상남도 김해시 구산동,경상사고,0,0,1,0,차대차 - 추돌,안전운전불이행,건조,맑음,단일로 - 기타,화물,남,57세,상해없음,화물,남,38세,경상
2021020600100431,2021년 2월 6일 20시,토요일,경상남도 양산시 동면,경상사고,0,0,1,0,차대차 - 측면충돌,안전거리미확보,건조,맑음,단일로 - 기타,승용,남,71세,상해없음,화물,남,41세,경상
2021020700100010,2021년 2월 7일 00시,일요일,경상남도 창원시 의창구 동정동,경상사고,0,0,1,0,차대차 - 측면충돌,안전운전불이행,건조,맑음,단일로 - 기타,승용,남,30세,상해없음,이륜,남,46세,경상
2021020700100067,2021년 2월 7일 09시,일요일,경상남도 하동군 청암면,사망사고,1,0,0,0,차량단독 - 전도전복 - 전복,안전운전불이행,건조,맑음,기타 - 기타,화물,남,37세,사망,,,,
2021020700100078,2021년 2월 7일 10시,일요일,경상남도 밀양시 단장면,경상사고,0,0,2,0,차대차 - 측면충돌,중앙선침범,서리/결빙,맑음,단일로 - 기타,승용,남,57세,상해없음,승용,여,41세,경상
2021020700100115,2021년 2월 7일 12시,일요일,경상남도 사천시 축동면,경상사고,0,0,1,0,차대차 - 측면충돌,안전거리미확보,건조,맑음,단일로 - 기타,승용,남,68세,상해없음,승용,여,43세,경상
2021020700100116,2021년 2월 7일 12시,일요일,경상남도 거제시 아주동,중상사고,0,1,0,0,차대사람 - 기타,안전운전불이행,건조,맑음,기타 - 기타,자전거,남,10세,상해없음,보행자,여,4세,중상
2021020700100138,2021년 2월 7일 13시,일요일,경상남도 창원시 마산합포구 월남동5가,중상사고,0,3,0,0,차대차 - 정면충돌,안전거리미확보,건조,맑음,교차로 - 교차로안,승용,남,39세,상해없음,승용,남,52세,중상
2021020700100139,2021년 2월 7일 13시,일요일,경상남도 사천시 사천읍,경상사고,0,0,1,0,차대차 - 측면충돌,직진우회전진행방해,건조,맑음,교차로 - 교차로안,승용,여,47세,상해없음,승용,여,18세,경상
2021020700100161,2021년 2월 7일 14시,일요일,경상남도 김해시 동상동,경상사고,0,0,1,0,차대차 - 추돌,기타,건조,맑음,단일로 - 기타,승용,남,65세,상해없음,이륜,남,21세,경상
2021020700100162,2021년 2월 7일 14시,일요일,경상남도 남해군 삼동면,경상사고,0,0,4,0,차대차 - 정면충돌,중앙선침범,건조,맑음,교차로 - 교차로부근,화물,남,60세,경상,승용,남,39세,경상
2021020700100203,2021년 2월 7일 15시,일요일,경상남도 양산시 물금읍,경상사고,0,0,2,0,차대차 - 정면충돌,신호위반,건조,맑음,기타 - 기타,승용,남,52세,상해없음,승용,남,37세,경상
2021020700100228,2021년 2월 7일 16시,일요일,경상남도 창원시 진해구 풍호동,경상사고,0,0,1,0,차대사람 - 기타,안전운전불이행,건조,맑음,단일로 - 기타,승용,남,64세,상해없음,보행자,남,51세,경상
2021020700100229,2021년 2월 7일 16시,일요일,경상남도 거제시 상동동,경상사고,0,0,2,0,차대차 - 추돌,안전운전불이행,건조,맑음,교차로 - 교차로안,승용,남,44세,상해없음,승용,남,34세,경상
2021020700100230,2021년 2월 7일 16시,일요일,경상남도 의령군 의령읍,경상사고,0,0,2,2,차대차 - 정면충돌,중앙선침범,건조,맑음,교차로 - 교차로부근,승용,남,51세,상해없음,승용,여,41세,경상
2021020700100231,2021년 2월 7일 16시,일요일,경상남도 창원시 마산회원구 봉암동,경상사고,0,0,1,0,차대차 - 기타,안전운전불이행,건조,맑음,단일로 - 기타,승합,남,54세,상해없음,승용,남,32세,경상
2021020700100257,2021년 2월 7일 17시,일요일,경상남도 거제시 사등면,경상사고,0,0,1,0,차대차 - 측면충돌,안전거리미확보,건조,맑음,단일로 - 기타,승용,남,30세,상해없음,화물,남,25세,경상
2021020700100258,2021년 2월 7일 17시,일요일,경상남도 남해군 남해읍,경상사고,0,0,1,1,차대사람 - 횡단중,보행자보호의무위반,건조,맑음,교차로 - 교차로안,화물,남,36세,상해없음,보행자,남,18세,경상
2021020700100282,2021년 2월 7일 18시,일요일,경상남도 사천시 사천읍,중상사고,0,1,0,0,차대사람 - 횡단중,안전운전불이행,건조,맑음,교차로 - 교차로안,승용,남,56세,상해없음,보행자,여,73세,중상
2021020700100327,2021년 2월 7일 19시,일요일,경상남도 김해시 신문동,중상사고,0,1,0,0,차대차 - 측면충돌,안전운전불이행,건조,맑음,단일로 - 기타,이륜,남,27세,상해없음,승용,남,37세,중상
2021020700100379,2021년 2월 7일 21시,일요일,경상남도 양산시 삼호동,경상사고,0,0,1,0,차대차 - 추돌,안전운전불이행,건조,맑음,단일로 - 기타,승용,남,53세,상해없음,승용,남,44세,경상
2021020700100395,2021년 2월 7일 22시,일요일,경상남도 진주시 상대동,중상사고,0,1,0,0,차대차 - 정면충돌,중앙선침범,건조,맑음,기타 - 기타,승용,남,59세,기타불명,승용,여,50세,중상
2021020700100405,2021년 2월 7일 23시,일요일,경상남도 창원시 마산합포구 자산동,부상신고사고,0,0,0,1,차량단독 - 공작물충돌,안전운전불이행,건조,맑음,교차로 - 교차로부근,승용,남,27세,부상신고,,,,
2021020800100016,2021년 2월 8일 05시,월요일,경상남도 거제시 연초면,중상사고,0,1,0,0,차대사람 - 차도통행중,안전운전불이행,건조,맑음,단일로 - 기타,화물,남,49세,상해없음,보행자,남,50세,중상
2021020800100050,2021년 2월 8일 07시,월요일,경상남도 창원시 마산합포구 진전면,중상사고,0,1,0,0,차량단독 - 공작물충돌,안전운전불이행,건조,맑음,교차로 - 교차로부근,승용,여,50세,중상,,,,
2021020800100086,2021년 2월 8일 08시,월요일,경상남도 진주시 문산읍,중상사고,0,1,0,0,차대사람 - 횡단중,보행자보호의무위반,건조,맑음,교차로 - 교차로횡단보도내,승용,여,34세,상해없음,보행자,여,64세,중상
2021020800100087,2021년 2월 8일 08시,월요일,경상남도 통영시 미수동,경상사고,0,0,1,0,차대차 - 측면충돌,교차로운행방법위반,건조,맑음,교차로 - 교차로안,승용,남,65세,상해없음,승용,여,49세,경상
2021020800100088,2021년 2월 8일 08시,월요일,경상남도 사천시 축동면,중상사고,0,1,0,0,차대차 - 측면충돌,기타,건조,맑음,단일로 - 기타,승용,남,52세,상해없음,승용,남,30세,중상
2021020800100129,2021년 2월 8일 09시,월요일,경상남도 양산시 신기동,중상사고,0,1,4,0,차량단독 - 전도전복 - 전도,안전운전불이행,건조,맑음,단일로 - 기타,승합,남,75세,중상,,,,
2021020800100130,2021년 2월 8일 09시,월요일,경상남도 창원시 성산구 대원동,경상사고,0,0,1,0,차대차 - 측면충돌,안전운전불이행,건조,맑음,단일로 - 기타,승합,남,73세,상해없음,승용,여,31세,경상
2021020800100161,2021년 2월 8일 10시,월요일,경상남도 사천시 사천읍,중상사고,0,1,0,0,차대차 - 측면충돌,교차로운행방법위반,건조,맑음,교차로 - 교차로안,화물,남,63세,상해없음,개인형이동수단(PM),여,78세,중상
2021020800100162,2021년 2월 8일 10시,월요일,경상남도 양산시 하북면,경상사고,0,0,2,0,차대차 - 기타,교차로운행방법위반,건조,맑음,교차로 - 교차로안,승용,남,54세,상해없음,원동기,남,70세,경상
2021020800100163,2021년 2월 8일 10시,월요일,경상남도 김해시 진영읍,경상사고,0,0,1,0,차대차 - 측면충돌,안전운전불이행,건조,맑음,단일로 - 기타,승용,여,32세,상해없음,승용,남,40세,경상
2021020800100173,2021년 2월 8일 11시,월요일,경상남도 김해시 대동면,중상사고,0,2,14,0,차대차 - 추돌,안전거리미확보,건조,맑음,단일로 - 기타,화물,남,57세,상해없음,화물,남,43세,경상
2021020800100191,2021년 2월 8일 11시,월요일,경상남도 김해시 어방동,경상사고,0,0,1,0,차량단독 - 기타,안전운전불이행,건조,맑음,단일로 - 기타,승합,남,42세,상해없음,,,,
2021020800100192,2021년 2월 8일 11시,월요일,경상남도 하동군 금남면,경상사고,0,0,1,0,차대차 - 측면충돌,안전거리미확보,건조,맑음,교차로 - 교차로안,화물,남,59세,상해없음,승용,여,50세,경상
2021020800100193,2021년 2월 8일 11시,월요일,경상남도 거제시 연초면,경상사고,0,0,1,0,차대차 - 측면충돌,안전운전불이행,건조,맑음,단일로 - 기타,자전거,남,66세,경상,승합,남,58세,상해없음
2021020800100194,2021년 2월 8일 11시,월요일,경상남도 창원시 의창구 팔용동,경상사고,0,0,1,0,차대차 - 측면충돌,차로위반,건조,맑음,단일로 - 기타,승용,남,22세,상해없음,이륜,남,34세,경상
2021020800100234,2021년 2월 8일 12시,월요일,경상남도 밀양시 상남면,부상신고사고,0,0,0,1,차대차 - 추돌,안전운전불이행,건조,맑음,교차로 - 교차로부근,화물,남,23세,상해없음,화물,남,62세,부상신고
2021020800100235,2021년 2월 8일 12시,월요일,경상남도 김해시 삼계동,중상사고,0,1,0,0,차대차 - 기타,안전운전불이행,건조,맑음,교차로 - 교차로횡단보도내,이륜,남,80세,중상,승용,남,46세,상해없음
2021020800100236,2021년 2월 8일 12시,월요일,경상남도 창녕군 창녕읍,중상사고,0,1,0,0,차대차 - 기타,기타,건조,맑음,교차로 - 교차로안,이륜,남,29세,중상,승합,남,71세,상해없음
2021020800100237,2021년 2월 8일 12시,월요일,경상남도 창원시 의창구 사림동,경상사고,0,0,1,0,차대차 - 측면충돌,안전운전불이행,건조,맑음,단일로 - 기타,승용,여,25세,상해없음,이륜,남,29세,경상
2021020800100238,2021년 2월 8일 12시,월요일,경상남도 창원시 마산회원구 회원동,중상사고,0,1,0,0,차대차 - 측면충돌,안전운전불이행,건조,맑음,교차로 - 교차로부근,승용,여,51세,상해없음,승용,여,51세,중상
2021020800100281,2021년 2월 8일 13시,월요일,경상남도 창원시 진해구 경화동,경상사고,0,0,1,0,차대차 - 기타,안전거리미확보,건조,맑음,단일로 - 기타,승용,남,55세,상해없음,화물,남,44세,경상
2021020800100282,2021년 2월 8일 13시,월요일,경상남도 김해시 외동,경상사고,0,0,1,0,차대차 - 추돌,안전운전불이행,건조,맑음,교차로 - 교차로횡단보도내,승용,여,49세,상해없음,이륜,남,41세,경상
2021020800100283,2021년 2월 8일 13시,월요일,경상남도 양산시 주남동,중상사고,0,1,0,0,차대차 - 정면충돌,중앙선침범,건조,맑음,교차로 - 교차로부근,화물,남,35세,상해없음,승용,남,38세,중상
2021020800100284,2021년 2월 8일 13시,월요일,경상남도 남해군 창선면,중상사고,0,1,1,0,차대차 - 추돌,안전운전불이행,건조,맑음,단일로 - 기타,화물,남,80세,상해없음,승용,여,74세,경상
2021020800100285,2021년 2월 8일 13시,월요일,경상남도 함안군 칠원읍,경상사고,0,0,1,0,차대차 - 측면충돌,안전운전불이행,건조,맑음,교차로 - 교차로안,이륜,남,70세,경상,화물,남,56세,상해없음
2021020800100355,2021년 2월 8일 15시,월요일,경상남도 창원시 마산합포구 가포동,경상사고,0,0,3,0,차대차 - 측면충돌,직진우회전진행방해,건조,맑음,교차로 - 교차로안,승용,남,76세,경상,승용,남,60세,경상
2021020800100356,2021년 2월 8일 15시,월요일,경상남도 창원시 성산구 가음동,중상사고,0,1,1,0,차량단독 - 기타,안전운전불이행,건조,맑음,단일로 - 기타,승합,남,53세,상해없음,,,,
2021020800100399,2021년 2월 8일 16시,월요일,경상남도 사천시 벌리동,경상사고,0,0,1,0,차대차 - 측면충돌,안전운전불이행,건조,맑음,교차로 - 교차로안,승용,여,65세,상해없음,승용,여,57세,경상
2021020800100400,2021년 2월 8일 16시,월요일,경상남도 합천군 대양면,중상사고,0,1,0,0,차대차 - 정면충돌,중앙선침범,건조,맑음,단일로 - 기타,이륜,남,76세,중상,화물,남,60세,상해없음
2021020800100447,2021년 2월 8일 17시,월요일,경상남도 창원시 마산회원구 구암동,경상사고,0,0,1,0,차대차 - 추돌,안전운전불이행,건조,맑음,단일로 - 기타,승용,남,53세,상해없음,승용,남,60세,경상
2021020800100491,2021년 2월 8일 18시,월요일,경상남도 사천시 벌리동,경상사고,0,0,1,0,차대사람 - 기타,안전운전불이행,건조,맑음,단일로 - 기타,승용,여,58세,상해없음,보행자,남,41세,경상
2021020800100492,2021년 2월 8일 18시,월요일,경상남도 양산시 물금읍,경상사고,0,0,1,0,차대차 - 기타,안전운전불이행,건조,맑음,교차로 - 교차로부근,승용,여,52세,상해없음,원동기,남,26세,경상
2021020800100493,2021년 2월 8일 18시,월요일,경상남도 김해시 관동동,중상사고,0,2,0,0,차대차 - 측면충돌,안전운전불이행,건조,맑음,교차로 - 교차로안,승용,남,44세,상해없음,승용,남,66세,중상
2021020800100531,2021년 2월 8일 19시,월요일,경상남도 양산시 삼호동,경상사고,0,0,1,0,차대사람 - 횡단중,보행자보호의무위반,건조,맑음,기타 - 기타,화물,남,35세,상해없음,보행자,여,28세,경상
2021020800100532,2021년 2월 8일 19시,월요일,경상남도 창원시 성산구 상남동,경상사고,0,0,1,0,차대사람 - 횡단중,보행자보호의무위반,건조,흐림,단일로 - 기타,승용,여,44세,상해없음,보행자,여,71세,경상
2021020800100533,2021년 2월 8일 19시,월요일,경상남도 김해시 전하동,경상사고,0,0,1,0,차대차 - 후진중충돌,안전운전불이행,건조,맑음,단일로 - 기타,화물,남,70세,상해없음,승용,남,55세,경상
2021020800100571,2021년 2월 8일 20시,월요일,경상남도 창원시 진해구 장천동,경상사고,0,0,2,0,차대차 - 추돌,안전운전불이행,건조,맑음,단일로 - 기타,승용,남,40세,상해없음,승용,여,46세,경상
2021020800100572,2021년 2월 8일 20시,월요일,경상남도 사천시 사천읍,경상사고,0,0,1,0,차대차 - 측면충돌,중앙선침범,건조,맑음,단일로 - 기타,승용,남,36세,상해없음,이륜,남,49세,경상
2021020800100573,2021년 2월 8일 20시,월요일,경상남도 양산시 북정동,경상사고,0,0,1,0,차대차 - 측면충돌,안전운전불이행,건조,맑음,교차로 - 교차로안,승용,남,54세,상해없음,승용,남,30세,경상
2021020800100606,2021년 2월 8일 21시,월요일,경상남도 창원시 진해구 풍호동,중상사고,0,1,0,0,차대차 - 측면충돌,안전운전불이행,건조,맑음,교차로 - 교차로안,원동기,남,28세,중상,승합,남,57세,상해없음
2021020800100607,2021년 2월 8일 21시,월요일,경상남도 김해시 내동,경상사고,0,0,1,0,차대사람 - 횡단중,신호위반,건조,맑음,교차로 - 교차로안,이륜,남,44세,상해없음,보행자,남,28세,경상
2021020800100608,2021년 2월 8일 21시,월요일,경상남도 김해시 내덕동,중상사고,0,1,0,0,차대사람 - 기타,기타,건조,맑음,단일로 - 기타,화물,남,56세,상해없음,보행자,남,46세,중상
2021020800100639,2021년 2월 8일 22시,월요일,경상남도 거제시 수월동,경상사고,0,0,1,0,차대사람 - 횡단중,보행자보호의무위반,건조,맑음,교차로 - 교차로안,승용,남,56세,상해없음,보행자,남,22세,경상
2021020800100655,2021년 2월 8일 23시,월요일,경상남도 양산시 북정동,경상사고,0,0,1,0,차대차 - 측면충돌,안전운전불이행,건조,맑음,교차로 - 교차로안,화물,남,61세,상해없음,승용,남,55세,경상
2021020900100035,2021년 2월 9일 06시,화요일,경상남도 김해시 외동,중상사고,0,2,2,0,차대차 - 추돌,안전운전불이행,서리/결빙,맑음,단일로 - 기타,화물,남,45세,경상,화물,남,36세,상해없음
2021020900100036,2021년 2월 9일 06시,화요일,경상남도 거제시 고현동,경상사고,0,0,1,0,차대차 - 기타,신호위반,건조,맑음,교차로 - 교차로안,승용,남,44세,상해없음,이륜,남,58세,경상
2021020900100037,2021년 2월 9일 06시,화요일,경상남도 산청군 신안면,경상사고,0,0,1,0,차대사람 - 횡단중,안전운전불이행,건조,맑음,교차로 - 교차로안,승용,남,56세,상해없음,보행자,남,88세,경상
2021020900100057,2021년 2월 9일 07시,화요일,경상남도 김해시 삼계동,중상사고,0,1,1,0,차대차 - 측면충돌,신호위반,건조,맑음,교차로 - 교차로안,승용,남,30세,경상,승용,남,23세,중상
2021020900100083,2021년 2월 9일 08시,화요일,경상남도 창원시 마산합포구 진전면,경상사고,0,0,1,0,차대차 - 측면충돌,안전운전불이행,건조,맑음,교차로 - 교차로안,화물,남,71세,경상,화물,남,34세,상해없음
2021020900100084,2021년 2월 9일 08시,화요일,경상남도 김해시 삼방동,경상사고,0,0,2,0,차대차 - 측면충돌,신호위반,건조,맑음,교차로 - 교차로안,승용,여,51세,상해없음,화물,남,74세,경상
2021020900100085,2021년 2월 9일 08시,화요일,경상남도 함양군 함양읍,중상사고,0,1,0,0,차대차 - 측면충돌,교차로운행방법위반,건조,맑음,교차로 - 교차로안,승용,여,47세,상해없음,이륜,여,83세,중상
2021020900100087,2021년 2월 9일 08시,화요일,경상남도 창원시 의창구 북면,경상사고,0,0,2,0,차대차 - 측면충돌,안전운전불이행,건조,맑음,교차로 - 교차로안,승용,남,68세,경상,화물,남,40세,경상
2021020900100114,2021년 2월 9일 09시,화요일,경상남도 양산시 중부동,경상사고,0,0,1,0,차대차 - 측면충돌,교차로운행방법위반,건조,맑음,교차로 - 교차로안,승용,여,62세,기타불명,승용,남,63세,경상
2021020900100143,2021년 2월 9일 10시,화요일,경상남도 김해시 풍유동,경상사고,0,0,1,0,차대차 - 추돌,안전운전불이행,건조,맑음,교차로 - 교차로부근,승용,여,56세,상해없음,승용,여,34세,경상
2021020900100161,2021년 2월 9일 10시,화요일,경상남도 사천시 용강동,경상사고,0,0,1,0,차대차 - 측면충돌,교차로운행방법위반,건조,맑음,교차로 - 교차로안,승용,남,84세,상해없음,승용,남,55세,경상
2021020900100162,2021년 2월 9일 10시,화요일,경상남도 사천시 벌리동,경상사고,0,0,1,0,차대차 - 측면충돌,교차로운행방법위반,건조,맑음,교차로 - 교차로안,화물,남,64세,경상,승합,남,53세,상해없음
2021020900100163,2021년 2월 9일 10시,화요일,경상남도 김해시 외동,경상사고,0,0,1,0,차대차 - 측면충돌,안전거리미확보,건조,맑음,교차로 - 교차로안,화물,남,59세,상해없음,승용,여,31세,경상
2021020900100164,2021년 2월 9일 10시,화요일,경상남도 창원시 의창구 동읍,경상사고,0,0,1,0,차대차 - 측면충돌,안전운전불이행,건조,맑음,단일로 - 기타,승용,여,64세,상해없음,화물,남,46세,경상
2021020900100199,2021년 2월 9일 11시,화요일,경상남도 진주시 신안동,중상사고,0,1,0,0,차대차 - 측면충돌,안전거리미확보,건조,맑음,단일로 - 기타,화물,남,50세,상해없음,원동기,남,19세,중상
2021020900100200,2021년 2월 9일 11시,화요일,경상남도 양산시 명동,경상사고,0,0,2,0,차대차 - 정면충돌,안전거리미확보,건조,맑음,단일로 - 기타,승용,남,73세,상해없음,승용,여,29세,경상
2021020900100201,2021년 2월 9일 11시,화요일,경상남도 양산시 교동,경상사고,0,0,1,0,차대차 - 측면충돌,교차로운행방법위반,건조,맑음,교차로 - 교차로안,화물,남,53세,상해없음,원동기,남,33세,경상
2021020900100202,2021년 2월 9일 11시,화요일,경상남도 창원시 의창구 동읍,경상사고,0,0,1,0,차대차 - 추돌,안전거리미확보,건조,맑음,교차로 - 교차로부근,화물,남,65세,상해없음,승용,여,27세,경상
2021020900100280,2021년 2월 9일 13시,화요일,경상남도 거창군 거창읍,경상사고,0,0,1,0,차대차 - 추돌,안전운전불이행,건조,맑음,교차로 - 교차로안,승용,여,44세,상해없음,이륜,남,70세,경상
2021020900100323,2021년 2월 9일 14시,화요일,경상남도 창원시 진해구 여좌동,경상사고,0,0,1,0,차대차 - 기타,안전운전불이행,건조,맑음,기타 - 기타,승용,여,41세,상해없음,승용,남,49세,경상
2021020900100324,2021년 2월 9일 14시,화요일,경상남도 남해군 창선면,경상사고,0,0,3,0,차대차 - 측면충돌,안전운전불이행,건조,맑음,단일로 - 기타,승용,여,60세,경상,화물,남,72세,상해없음
2021020900100374,2021년 2월 9일 15시,화요일,경상남도 진주시 진성면,중상사고,0,1,0,0,차대차 - 측면충돌,교차로운행방법위반,건조,맑음,교차로 - 교차로안,화물,남,62세,상해없음,자전거,남,39세,중상
2021020900100375,2021년 2월 9일 15시,화요일,경상남도 창원시 진해구 풍호동,중상사고,0,1,0,0,차대사람 - 횡단중,보행자보호의무위반,건조,맑음,교차로 - 교차로부근,승용,남,81세,상해없음,보행자,여,81세,중상
2021020900100376,2021년 2월 9일 15시,화요일,경상남도 함양군 함양읍,경상사고,0,0,2,0,차대차 - 추돌,안전운전불이행,건조,맑음,교차로 - 교차로안,승용,여,60세,경상,승용,남,22세,경상
2021020900100377,2021년 2월 9일 15시,화요일,경상남도 김해시 진례면,중상사고,0,1,2,0,차대차 - 측면충돌,신호위반,건조,맑음,교차로 - 교차로안,화물,남,54세,중상,화물,남,58세,경상
2021020900100419,2021년 2월 9일 16시,화요일,경상남도 김해시 부원동,경상사고,0,0,1,0,차대차 - 정면충돌,신호위반,건조,맑음,교차로 - 교차로안,승용,여,48세,상해없음,승용,여,49세,경상
2021020900100466,2021년 2월 9일 17시,화요일,경상남도 거창군 신원면,중상사고,0,1,1,0,차대차 - 정면충돌,안전운전불이행,건조,맑음,단일로 - 기타,화물,남,55세,상해없음,승용,남,44세,중상
2021020900100518,2021년 2월 9일 18시,화요일,경상남도 거제시 옥포동,중상사고,0,1,0,0,차대사람 - 기타,안전운전불이행,건조,맑음,교차로 - 교차로부근,승용,남,50세,상해없음,보행자,여,80세,중상
2021020900100519,2021년 2월 9일 18시,화요일,경상남도 김해시 대청동,중상사고,0,1,0,0,차대사람 - 차도통행중,안전운전불이행,건조,맑음,교차로 - 교차로부근,이륜,남,34세,상해없음,보행자,여,77세,중상
2021020900100575,2021년 2월 9일 19시,화요일,경상남도 사천시 동금동,중상사고,0,1,0,0,차대차 - 측면충돌,교차로운행방법위반,건조,맑음,교차로 - 교차로안,화물,남,57세,상해없음,이륜,남,61세,중상
2021020900100576,2021년 2월 9일 19시,화요일,경상남도 양산시 동면,경상사고,0,0,1,0,차대차 - 측면충돌,신호위반,건조,맑음,교차로 - 교차로안,승용,남,40세,상해없음,승용,여,56세,경상
2021020900100622,2021년 2월 9일 20시,화요일,경상남도 창원시 마산회원구 회원동,경상사고,0,0,1,0,차대차 - 후진중충돌,안전운전불이행,건조,맑음,단일로 - 기타,화물,남,59세,상해없음,이륜,남,53세,경상
2021020900100623,2021년 2월 9일 20시,화요일,경상남도 창원시 의창구 동읍,경상사고,0,0,2,0,차대차 - 추돌,안전운전불이행,건조,맑음,단일로 - 기타,승용,남,58세,상해없음,화물,남,18세,경상
2021020900100673,2021년 2월 9일 21시,화요일,경상남도 김해시 구산동,중상사고,0,2,0,0,차대차 - 추돌,기타,건조,맑음,단일로 - 기타,승용,남,21세,상해없음,이륜,남,16세,중상
2021020900100718,2021년 2월 9일 22시,화요일,경상남도 창원시 진해구 태평동,경상사고,0,0,1,0,차대차 - 측면충돌,안전운전불이행,건조,맑음,교차로 - 교차로부근,승용,남,20세,상해없음,승용,남,58세,경상
2021020900100732,2021년 2월 9일 23시,화요일,경상남도 양산시 명동,경상사고,0,0,1,0,차대차 - 측면충돌,중앙선침범,건조,맑음,교차로 - 교차로안,승용,남,52세,상해없음,승용,남,27세,경상
2021021000100014,2021년 2월 10일 00시,수요일,경상남도 사천시 서포면,사망사고,1,3,0,0,차량단독 - 공작물충돌,안전운전불이행,건조,흐림,교차로 - 교차로부근,승용,남,37세,중상,,,,
2021021000100049,2021년 2월 10일 06시,수요일,경상남도 통영시 광도면,경상사고,0,0,1,0,차대차 - 측면충돌,불법유턴,건조,맑음,교차로 - 교차로안,승용,남,70세,상해없음,승용,남,55세,경상
2021021000100050,2021년 2월 10일 06시,수요일,경상남도 거제시 연초면,중상사고,0,1,0,0,차대차 - 정면충돌,신호위반,건조,맑음,교차로 - 교차로안,이륜,남,56세,중상,승합,남,31세,상해없음
2021021000100051,2021년 2월 10일 06시,수요일,경상남도 거제시 옥포동,중상사고,0,1,0,0,차대차 - 측면충돌,중앙선침범,건조,맑음,교차로 - 교차로안,승용,남,33세,상해없음,자전거,남,39세,중상