사고번호,사고일시,요일,시군구,사고내용,사망자수,중상자수,경상자수,부상신고자수,사고유형,법규위반,노면상태,기상상태,도로형태,가해운전자 차종,가해운전자 성별,가해운전자 연령,가해운전자 상해정도,피해운전자 차종,피해운전자 성별,피해운전자 연령,피해운전자 상해정도
2021022700100363,2021년 2월 27일 17시,토요일,경상남도 거제시 일운면,부상신고사고,0,0,0,1,차대차 - 측면충돌,교차로운행방법위반,건조,맑음,교차로 - 교차로안,이륜,남,23세,상해없음,승용,남,55세,부상신고
2021022700100399,2021년 2월 27일 18시,토요일,경상남도 창원시 마산합포구 월남동5가,부상신고사고,0,0,0,1,차대차 - 기타,안전거리미확보,건조,맑음,단일로 - 기타,승용,여,35세,상해없음,이륜,남,38세,부상신고
2021022700100400,2021년 2월 27일 18시,토요일,경상남도 창원시 진해구 청안동,경상사고,0,0,1,0,차대차 - 기타,안전운전불이행,건조,기타,교차로 - 교차로안,승합,남,49세,상해없음,이륜,남,37세,경상
2021022700100401,2021년 2월 27일 18시,토요일,경상남도 김해시 관동동,경상사고,0,0,2,0,차대차 - 측면충돌,중앙선침범,건조,맑음,교차로 - 교차로부근,승용,여,21세,상해없음,승용,남,40세,경상
2021022700100441,2021년 2월 27일 19시,토요일,경상남도 김해시 부원동,경상사고,0,0,2,0,차대차 - 측면충돌,신호위반,건조,맑음,교차로 - 교차로안,승용,여,23세,상해없음,승용,남,23세,경상
2021022700100442,2021년 2월 27일 19시,토요일,경상남도 창원시 성산구 사파동,경상사고,0,0,6,0,차대차 - 추돌,안전운전불이행,건조,맑음,교차로 - 교차로부근,승용,남,39세,상해없음,화물,남,23세,경상
2021022700100545,2021년 2월 27일 23시,토요일,경상남도 거제시 아주동,경상사고,0,0,2,0,차대차 - 후진중충돌,안전운전불이행,건조,맑음,교차로 - 교차로부근,승용,남,51세,상해없음,승용,여,31세,경상
2021022800100009,2021년 2월 28일 00시,일요일,경상남도 창원시 마산회원구 내서읍,경상사고,0,0,1,0,차대차 - 측면충돌,안전운전불이행,건조,맑음,교차로 - 교차로횡단보도내,승용,남,53세,상해없음,승용,남,62세,경상
2021022800100017,2021년 2월 28일 01시,일요일,경상남도 김해시 구산동,중상사고,0,1,1,0,차대차 - 정면충돌,안전운전불이행,건조,맑음,교차로 - 교차로안,승용,남,41세,경상,이륜,남,22세,중상
2021022800100022,2021년 2월 28일 02시,일요일,경상남도 김해시 풍유동,경상사고,0,0,1,0,차량단독 - 공작물충돌,안전운전불이행,건조,맑음,단일로 - 기타,승용,남,29세,경상,,,,
2021022800100042,2021년 2월 28일 05시,일요일,경상남도 창원시 의창구 봉곡동,경상사고,0,0,1,0,차대차 - 추돌,안전운전불이행,건조,맑음,기타 - 기타,화물,남,76세,상해없음,이륜,남,30세,경상
2021022800100049,2021년 2월 28일 07시,일요일,경상남도 양산시 물금읍,경상사고,0,0,1,0,차대차 - 추돌,안전운전불이행,건조,맑음,단일로 - 기타,승용,남,21세,상해없음,화물,남,49세,경상
2021022800100070,2021년 2월 28일 09시,일요일,경상남도 창원시 진해구 경화동,경상사고,0,0,1,0,차대사람 - 차도통행중,안전운전불이행,건조,맑음,교차로 - 교차로안,화물,남,59세,상해없음,보행자,남,61세,경상
2021022800100080,2021년 2월 28일 10시,일요일,경상남도 김해시 부원동,중상사고,0,2,1,0,차대차 - 측면충돌,안전운전불이행,건조,맑음,단일로 - 기타,승용,여,47세,상해없음,승용,남,63세,경상
2021022800100106,2021년 2월 28일 11시,일요일,경상남도 창원시 마산합포구 월영동,경상사고,0,0,1,0,차대차 - 측면충돌,중앙선침범,건조,맑음,단일로 - 기타,승용,여,52세,상해없음,승용,남,43세,경상
2021022800100107,2021년 2월 28일 11시,일요일,경상남도 통영시 북신동,경상사고,0,0,1,0,차대차 - 측면충돌,교차로운행방법위반,건조,맑음,교차로 - 교차로안,승용,여,54세,상해없음,승용,남,33세,경상
2021022800100126,2021년 2월 28일 12시,일요일,경상남도 남해군 창선면,중상사고,0,2,2,0,차대차 - 추돌,중앙선침범,건조,맑음,단일로 - 기타,승용,남,28세,상해없음,승용,남,48세,경상
2021022800100185,2021년 2월 28일 14시,일요일,경상남도 창원시 진해구 경화동,부상신고사고,0,0,0,1,차대차 - 기타,안전운전불이행,건조,맑음,기타 - 기타,기타불명,기타불명,미분류,기타불명,자전거,남,12세,부상신고
2021022800100186,2021년 2월 28일 14시,일요일,경상남도 남해군 서면,경상사고,0,0,1,0,차량단독 - 도로외이탈 - 추락,안전운전불이행,건조,맑음,단일로 - 기타,사륜오토바이(ATV),남,58세,경상,,,,
2021022800100259,2021년 2월 28일 17시,일요일,경상남도 창원시 진해구 풍호동,중상사고,0,1,0,0,차대사람 - 기타,안전운전불이행,건조,맑음,교차로 - 교차로안,승용,여,56세,상해없음,보행자,남,68세,중상
2021022800100269,2021년 2월 28일 18시,일요일,경상남도 김해시 대동면,중상사고,0,1,1,0,차대차 - 추돌,안전운전불이행,건조,맑음,단일로 - 기타,승용,남,67세,상해없음,승용,여,60세,경상
2021022800100280,2021년 2월 28일 18시,일요일,경상남도 진주시 가좌동,경상사고,0,0,1,0,차대차 - 측면충돌,안전운전불이행,건조,맑음,단일로 - 기타,승용,남,29세,상해없음,이륜,남,20세,경상
2021022800100281,2021년 2월 28일 18시,일요일,경상남도 창원시 진해구 안골동,경상사고,0,0,1,0,차량단독 - 공작물충돌,안전운전불이행,기타,맑음,단일로 - 기타,특수,남,46세,경상,,,,
2021022800100282,2021년 2월 28일 18시,일요일,경상남도 김해시 삼계동,중상사고,0,1,0,0,차대차 - 측면충돌,안전운전불이행,건조,맑음,교차로 - 교차로안,화물,남,30세,상해없음,이륜,남,58세,중상
2021022800100307,2021년 2월 28일 19시,일요일,경상남도 사천시 벌리동,경상사고,0,0,1,0,차대차 - 측면충돌,직진우회전진행방해,건조,맑음,교차로 - 교차로안,승합,여,57세,상해없음,승용,여,46세,경상
2021022800100308,2021년 2월 28일 19시,일요일,경상남도 창원시 성산구 중앙동,경상사고,0,0,4,0,차대차 - 추돌,안전운전불이행,건조,맑음,단일로 - 기타,승용,여,65세,상해없음,승용,남,44세,경상
2021022800100309,2021년 2월 28일 19시,일요일,경상남도 창원시 성산구 중앙동,경상사고,0,0,3,0,차대차 - 측면충돌,차로위반,건조,맑음,기타 - 기타,승용,남,57세,상해없음,승용,남,31세,경상
2021022800100310,2021년 2월 28일 19시,일요일,경상남도 창원시 마산합포구 산호동,중상사고,0,1,0,0,차대차 - 측면충돌,안전운전불이행,건조,맑음,단일로 - 기타,승용,남,58세,상해없음,이륜,남,24세,중상
2021022800100331,2021년 2월 28일 20시,일요일,경상남도 통영시 태평동,경상사고,0,0,1,0,차대사람 - 기타,안전운전불이행,건조,맑음,교차로 - 교차로부근,승용,남,60세,상해없음,보행자,남,38세,경상
2021022800100354,2021년 2월 28일 21시,일요일,경상남도 김해시 부원동,중상사고,0,1,1,0,차대차 - 측면충돌,신호위반,건조,맑음,교차로 - 교차로안,승용,여,25세,상해없음,승용,남,72세,경상
2021030100100011,2021년 3월 1일 01시,월요일,경상남도 창원시 성산구 상남동,중상사고,0,1,1,0,차대차 - 측면충돌,신호위반,건조,맑음,교차로 - 교차로안,승용,여,24세,상해없음,승용,남,59세,경상
2021030100100022,2021년 3월 1일 03시,월요일,경상남도 양산시 하북면,부상신고사고,0,0,0,1,차량단독 - 공작물충돌,안전운전불이행,건조,맑음,단일로 - 기타,승용,남,21세,부상신고,,,,
2021030100100050,2021년 3월 1일 09시,월요일,경상남도 통영시 도남동,중상사고,0,1,0,0,차대차 - 기타,신호위반,건조,맑음,교차로 - 교차로안,승용,남,63세,상해없음,자전거,남,56세,중상
2021030100100067,2021년 3월 1일 10시,월요일,경상남도 김해시 구산동,경상사고,0,0,1,0,차대차 - 정면충돌,안전운전불이행,젖음/습기,비,교차로 - 교차로안,승용,남,63세,상해없음,원동기,남,51세,경상
2021030100100100,2021년 3월 1일 12시,월요일,경상남도 밀양시 내이동,경상사고,0,0,1,0,차대차 - 측면충돌,안전운전불이행,건조,맑음,단일로 - 기타,화물,남,62세,상해없음,승용,여,40세,경상
2021030100100119,2021년 3월 1일 13시,월요일,경상남도 김해시 삼정동,중상사고,0,1,1,0,차대차 - 측면충돌,신호위반,젖음/습기,비,교차로 - 교차로안,승용,남,29세,상해없음,승용,남,43세,중상
2021030100100120,2021년 3월 1일 13시,월요일,경상남도 김해시 동상동,경상사고,0,0,1,0,차대차 - 기타,차로위반,젖음/습기,비,교차로 - 교차로부근,승용,남,44세,상해없음,승합,남,60세,상해없음
2021030100100121,2021년 3월 1일 13시,월요일,경상남도 김해시 대청동,경상사고,0,0,1,0,차대차 - 측면충돌,신호위반,젖음/습기,비,교차로 - 교차로부근,이륜,남,38세,경상,승용,남,60세,상해없음
2021030100100137,2021년 3월 1일 14시,월요일,경상남도 양산시 다방동,경상사고,0,0,2,0,차대차 - 추돌,안전운전불이행,젖음/습기,비,단일로 - 기타,화물,남,72세,상해없음,승용,남,43세,경상
2021030100100177,2021년 3월 1일 15시,월요일,경상남도 양산시 동면,중상사고,0,1,1,0,차대차 - 추돌,차로위반,젖음/습기,비,단일로 - 기타,승용,여,42세,상해없음,승용,여,34세,중상
2021030100100247,2021년 3월 1일 17시,월요일,경상남도 창원시 마산합포구 우산동,경상사고,0,0,1,0,차대차 - 측면충돌,안전운전불이행,젖음/습기,비,교차로 - 교차로안,승용,남,50세,상해없음,화물,남,33세,경상
2021030100100290,2021년 3월 1일 18시,월요일,경상남도 사천시 사천읍,경상사고,0,0,3,0,차대차 - 측면충돌,안전운전불이행,젖음/습기,비,교차로 - 교차로안,화물,남,56세,상해없음,승용,남,58세,경상
2021030100100291,2021년 3월 1일 18시,월요일,경상남도 합천군 대양면,경상사고,0,0,3,0,차대차 - 추돌,안전운전불이행,젖음/습기,비,단일로 - 기타,승용,여,56세,상해없음,승용,남,52세,경상
2021030100100292,2021년 3월 1일 18시,월요일,경상남도 거제시 연초면,중상사고,0,1,0,0,차대사람 - 차도통행중,안전운전불이행,젖음/습기,비,교차로 - 교차로안,화물,남,49세,상해없음,보행자,남,26세,중상
2021030100100293,2021년 3월 1일 18시,월요일,경상남도 산청군 신안면,중상사고,0,1,0,0,차대차 - 정면충돌,중앙선침범,젖음/습기,비,단일로 - 기타,승용,남,58세,상해없음,승용,여,57세,중상
2021030100100294,2021년 3월 1일 18시,월요일,경상남도 김해시 율하동,경상사고,0,0,1,0,차대차 - 기타,안전운전불이행,젖음/습기,비,교차로 - 교차로부근,승용,여,38세,상해없음,이륜,남,44세,경상
2021030100100346,2021년 3월 1일 19시,월요일,경상남도 창원시 진해구 석동,경상사고,0,0,3,0,차대차 - 기타,교차로운행방법위반,젖음/습기,비,교차로 - 교차로안,승용,여,45세,경상,승용,남,52세,경상
2021030100100375,2021년 3월 1일 20시,월요일,경상남도 양산시 삼호동,경상사고,0,0,1,0,차대차 - 측면충돌,교차로운행방법위반,젖음/습기,비,교차로 - 교차로안,승용,남,56세,상해없음,승용,남,42세,경상
2021030100100376,2021년 3월 1일 20시,월요일,경상남도 창원시 성산구 가음동,경상사고,0,0,1,0,차대차 - 측면충돌,안전운전불이행,젖음/습기,비,교차로 - 교차로안,승용,남,60세,상해없음,승용,남,45세,경상
2021030100100406,2021년 3월 1일 21시,월요일,경상남도 김해시 외동,경상사고,0,0,2,0,차대사람 - 횡단중,보행자보호의무위반,젖음/습기,비,교차로 - 교차로안,이륜,남,57세,상해없음,보행자,여,17세,경상
2021030100100407,2021년 3월 1일 21시,월요일,경상남도 창녕군 영산면,경상사고,0,0,2,0,차대차 - 정면충돌,안전운전불이행,젖음/습기,비,단일로 - 기타,승용,여,58세,상해없음,승용,남,19세,상해없음
2021030100100439,2021년 3월 1일 22시,월요일,경상남도 창원시 의창구 서상동,경상사고,0,0,1,0,차대사람 - 보도통행중,기타,젖음/습기,비,기타 - 기타,이륜,남,38세,상해없음,보행자,여,53세,경상
2021030100100452,2021년 3월 1일 23시,월요일,경상남도 창원시 진해구 자은동,경상사고,0,0,1,0,차대차 - 기타,안전운전불이행,젖음/습기,비,교차로 - 교차로안,화물,남,42세,상해없음,원동기,남,56세,경상
2021030100100453,2021년 3월 1일 23시,월요일,경상남도 김해시 구산동,경상사고,0,0,1,0,차대차 - 추돌,안전운전불이행,젖음/습기,비,교차로 - 교차로부근,승용,남,56세,상해없음,화물,남,68세,경상
2021030200100041,2021년 3월 2일 06시,화요일,경상남도 창원시 진해구 여좌동,경상사고,0,0,2,0,차대차 - 추돌,안전운전불이행,건조,맑음,교차로 - 교차로부근,승용,남,43세,상해없음,승용,남,41세,경상
2021030200100053,2021년 3월 2일 07시,화요일,경상남도 거제시 연초면,경상사고,0,0,1,0,차대사람 - 기타,안전운전불이행,건조,맑음,기타 - 기타,승합,남,61세,상해없음,보행자,남,61세,경상
2021030200100109,2021년 3월 2일 09시,화요일,경상남도 밀양시 삼문동,경상사고,0,0,1,0,차대사람 - 보도통행중,보행자보호의무위반,건조,맑음,단일로 - 기타,화물,남,47세,상해없음,보행자,여,65세,경상
2021030200100168,2021년 3월 2일 11시,화요일,경상남도 진주시 하대동,경상사고,0,0,1,0,차대사람 - 기타,안전운전불이행,건조,맑음,단일로 - 기타,승용,여,24세,상해없음,보행자,남,79세,경상
2021030200100199,2021년 3월 2일 12시,화요일,경상남도 창원시 진해구 석동,중상사고,0,1,0,0,차대차 - 측면충돌,안전운전불이행,기타,흐림,교차로 - 교차로부근,화물,남,34세,상해없음,원동기,남,38세,중상
2021030200100222,2021년 3월 2일 13시,화요일,경상남도 양산시 소주동,중상사고,0,1,0,0,차대사람 - 횡단중,보행자보호의무위반,건조,맑음,단일로 - 기타,승용,남,33세,상해없음,보행자,남,87세,중상
2021030200100223,2021년 3월 2일 13시,화요일,경상남도 산청군 시천면,경상사고,0,0,1,1,차대차 - 측면충돌,안전운전불이행,건조,맑음,교차로 - 교차로안,승용,여,56세,부상신고,화물,남,53세,경상
2021030200100253,2021년 3월 2일 14시,화요일,경상남도 진주시 상대동,중상사고,0,1,1,0,차대차 - 기타,안전운전불이행,건조,맑음,단일로 - 기타,승용,남,60세,상해없음,승용,남,35세,기타불명
2021030200100254,2021년 3월 2일 14시,화요일,경상남도 밀양시 삼랑진읍,중상사고,0,1,0,0,차대차 - 측면충돌,안전운전불이행,건조,맑음,단일로 - 기타,승용,여,67세,상해없음,원동기,남,65세,상해없음
2021030200100255,2021년 3월 2일 14시,화요일,경상남도 양산시 하북면,경상사고,0,0,1,0,차량단독 - 기타,안전운전불이행,건조,맑음,단일로 - 기타,화물,남,56세,경상,,,,
2021030200100256,2021년 3월 2일 14시,화요일,경상남도 창원시 의창구 팔용동,중상사고,0,1,1,0,차대차 - 추돌,안전운전불이행,건조,맑음,교차로 - 교차로부근,화물,남,50세,상해없음,승용,여,44세,경상
2021030200100282,2021년 3월 2일 15시,화요일,경상남도 김해시 부원동,중상사고,0,1,0,0,차대사람 - 차도통행중,안전운전불이행,건조,맑음,단일로 - 기타,이륜,남,20세,상해없음,보행자,여,73세,중상
2021030200100283,2021년 3월 2일 15시,화요일,경상남도 양산시 북부동,부상신고사고,0,0,0,1,차대차 - 측면충돌,안전운전불이행,젖음/습기,맑음,교차로 - 교차로안,이륜,남,43세,기타불명,승용,남,60세,부상신고
2021030200100284,2021년 3월 2일 15시,화요일,경상남도 창원시 의창구 봉곡동,경상사고,0,0,1,0,차대차 - 측면충돌,안전운전불이행,건조,맑음,교차로 - 교차로안,승용,남,41세,상해없음,자전거,남,69세,경상
2021030200100315,2021년 3월 2일 16시,화요일,경상남도 진주시 이반성면,중상사고,0,1,1,0,차대차 - 기타,중앙선침범,건조,맑음,단일로 - 기타,화물,남,65세,중상,승합,남,55세,경상
2021030200100316,2021년 3월 2일 16시,화요일,경상남도 진주시 판문동,중상사고,0,2,1,0,차대차 - 기타,안전운전불이행,건조,맑음,교차로 - 교차로안,승용,여,52세,상해없음,승용,남,42세,중상
2021030200100317,2021년 3월 2일 16시,화요일,경상남도 함안군 칠원읍,경상사고,0,0,1,0,차대차 - 측면충돌,중앙선침범,건조,맑음,단일로 - 기타,승용,남,42세,상해없음,승용,남,63세,경상
2021030200100359,2021년 3월 2일 17시,화요일,경상남도 통영시 명정동,경상사고,0,0,2,0,차대차 - 측면충돌,안전운전불이행,건조,맑음,교차로 - 교차로안,승용,남,64세,상해없음,승용,여,21세,경상
2021030200100360,2021년 3월 2일 17시,화요일,경상남도 양산시 동면,경상사고,0,0,1,0,차대차 - 추돌,안전거리미확보,건조,맑음,단일로 - 기타,승용,남,33세,상해없음,승용,남,64세,경상
2021030200100394,2021년 3월 2일 18시,화요일,경상남도 창원시 진해구 용원동,경상사고,0,0,1,0,차대차 - 기타,직진우회전진행방해,건조,맑음,교차로 - 교차로안,승용,남,52세,상해없음,이륜,남,34세,경상
2021030200100395,2021년 3월 2일 18시,화요일,경상남도 밀양시 교동,경상사고,0,0,2,0,차대차 - 측면충돌,안전운전불이행,건조,흐림,교차로 - 교차로안,화물,남,71세,상해없음,승용,여,44세,경상
2021030200100396,2021년 3월 2일 18시,화요일,경상남도 창원시 마산회원구 양덕동,중상사고,0,2,0,0,차대차 - 측면충돌,기타,건조,맑음,단일로 - 기타,이륜,남,31세,기타불명,이륜,남,47세,중상
2021030200100442,2021년 3월 2일 19시,화요일,경상남도 김해시 어방동,경상사고,0,0,6,1,차대차 - 기타,안전운전불이행,건조,맑음,단일로 - 기타,승용,남,56세,상해없음,화물,남,47세,경상
2021030200100443,2021년 3월 2일 19시,화요일,경상남도 함양군 수동면,중상사고,0,1,0,0,차대차 - 추돌,안전운전불이행,건조,맑음,단일로 - 지하차도(도로)내,승용,남,63세,상해없음,농기계,남,67세,중상
2021030200100465,2021년 3월 2일 20시,화요일,경상남도 김해시 진영읍,경상사고,0,0,1,0,차대차 - 기타,안전운전불이행,건조,맑음,단일로 - 기타,화물,남,67세,상해없음,승용,남,58세,경상
2021030200100485,2021년 3월 2일 21시,화요일,경상남도 창원시 의창구 명서동,경상사고,0,0,2,0,차대차 - 추돌,안전운전불이행,건조,맑음,교차로 - 교차로부근,승용,남,29세,상해없음,승용,남,59세,경상
2021030200100486,2021년 3월 2일 21시,화요일,경상남도 창원시 의창구 팔용동,경상사고,0,0,1,0,차량단독 - 기타,안전운전불이행,건조,맑음,단일로 - 기타,승합,남,40세,상해없음,,,,
2021030200100510,2021년 3월 2일 22시,화요일,경상남도 진주시 충무공동,경상사고,0,0,1,0,차대차 - 기타,안전운전불이행,건조,맑음,단일로 - 기타,승용,남,37세,상해없음,승용,여,25세,경상
2021030300100010,2021년 3월 3일 01시,수요일,경상남도 김해시 관동동,경상사고,0,0,1,0,차량단독 - 전도전복 - 전도,안전운전불이행,건조,맑음,단일로 - 기타,이륜,남,21세,경상,,,,
2021030300100019,2021년 3월 3일 03시,수요일,경상남도 창원시 의창구 동읍,경상사고,0,0,1,0,차대차 - 측면충돌,안전운전불이행,건조,맑음,단일로 - 터널,승용,남,24세,상해없음,화물,남,56세,경상
2021030300100027,2021년 3월 3일 05시,수요일,경상남도 사천시 봉남동,중상사고,0,1,0,0,차대사람 - 기타,기타,건조,맑음,단일로 - 기타,승용,여,58세,상해없음,보행자,남,72세,중상
2021030300100028,2021년 3월 3일 05시,수요일,경상남도 양산시 물금읍,중상사고,0,1,0,0,차대사람 - 횡단중,보행자보호의무위반,건조,맑음,교차로 - 교차로부근,승용,남,57세,상해없음,보행자,여,70세,중상
2021030300100044,2021년 3월 3일 06시,수요일,경상남도 거제시 장평동,경상사고,0,0,1,0,차대차 - 측면충돌,안전운전불이행,건조,맑음,교차로 - 교차로안,승용,여,51세,상해없음,자전거,남,36세,경상
2021030300100045,2021년 3월 3일 06시,수요일,경상남도 김해시 대청동,경상사고,0,0,1,0,차량단독 - 전도전복 - 전복,안전운전불이행,젖음/습기,맑음,단일로 - 기타,승용,남,66세,경상,,,,
2021030300100065,2021년 3월 3일 07시,수요일,경상남도 창원시 진해구 마천동,중상사고,0,1,0,0,차대차 - 기타,교차로운행방법위반,건조,맑음,교차로 - 교차로안,승합,남,50세,상해없음,승합,남,46세,상해없음
2021030300100066,2021년 3월 3일 07시,수요일,경상남도 김해시 내동,중상사고,0,2,1,0,차대차 - 기타,안전운전불이행,건조,맑음,단일로 - 기타,승용,남,42세,상해없음,승용,남,46세,중상
2021030300100132,2021년 3월 3일 09시,수요일,경상남도 창원시 마산합포구 자산동,중상사고,0,1,0,0,차대차 - 측면충돌,안전운전불이행,건조,맑음,교차로 - 교차로안,이륜,남,60세,중상,승용,여,26세,상해없음
2021030300100133,2021년 3월 3일 09시,수요일,경상남도 김해시 내동,경상사고,0,0,2,0,차대차 - 측면충돌,신호위반,건조,맑음,교차로 - 교차로안,승용,여,60세,경상,승용,남,27세,경상
2021030300100156,2021년 3월 3일 10시,수요일,경상남도 함안군 칠원읍,중상사고,0,1,0,0,차대차 - 기타,안전운전불이행,건조,맑음,단일로 - 기타,화물,남,66세,상해없음,승용,남,32세,중상
2021030300100173,2021년 3월 3일 11시,수요일,경상남도 김해시 상동면,중상사고,0,1,0,0,차대차 - 추돌,안전운전불이행,건조,맑음,단일로 - 기타,승합,남,30세,상해없음,승용,여,52세,중상
2021030300100186,2021년 3월 3일 11시,수요일,경상남도 함양군 함양읍,중상사고,0,2,0,0,차대차 - 추돌,안전운전불이행,건조,맑음,단일로 - 지하차도(도로)내,승합,남,53세,상해없음,화물,기타불명,미분류,기타불명
2021030300100187,2021년 3월 3일 11시,수요일,경상남도 창원시 성산구 상남동,중상사고,0,1,0,0,차대사람 - 차도통행중,안전운전불이행,건조,맑음,교차로 - 교차로안,승용,여,61세,기타불명,보행자,여,48세,중상
2021030300100227,2021년 3월 3일 12시,수요일,경상남도 창원시 진해구 여좌동,중상사고,0,1,0,0,차대사람 - 기타,안전운전불이행,건조,맑음,교차로 - 교차로부근,승용,여,38세,상해없음,보행자,여,83세,중상
2021030300100228,2021년 3월 3일 12시,수요일,경상남도 창녕군 남지읍,경상사고,0,0,3,0,차대차 - 측면충돌,신호위반,건조,맑음,교차로 - 교차로안,승용,남,65세,경상,승용,남,69세,경상
2021030300100229,2021년 3월 3일 12시,수요일,경상남도 김해시 관동동,경상사고,0,0,1,0,차대차 - 측면충돌,안전운전불이행,건조,맑음,교차로 - 교차로안,승용,남,67세,상해없음,이륜,남,27세,경상
2021030300100258,2021년 3월 3일 13시,수요일,경상남도 진주시 정촌면,중상사고,0,1,1,0,차대차 - 측면충돌,신호위반,건조,맑음,교차로 - 교차로안,승용,여,64세,중상,승용,남,79세,경상
2021030300100287,2021년 3월 3일 14시,수요일,경상남도 고성군 영현면,경상사고,0,0,2,0,차대차 - 측면충돌,직진우회전진행방해,건조,맑음,교차로 - 교차로안,승용,남,60세,상해없음,승용,남,34세,경상
2021030300100319,2021년 3월 3일 15시,수요일,경상남도 창원시 마산합포구 진북면,경상사고,0,0,1,0,차대차 - 추돌,안전거리미확보,건조,맑음,단일로 - 터널,승용,남,36세,상해없음,승용,남,62세,경상
2021030300100320,2021년 3월 3일 15시,수요일,경상남도 창원시 진해구 충무동,경상사고,0,0,1,0,차대차 - 기타,안전운전불이행,건조,맑음,단일로 - 기타,승용,여,45세,상해없음,이륜,남,42세,경상
2021030300100321,2021년 3월 3일 15시,수요일,경상남도 창원시 성산구 천선동,경상사고,0,0,1,0,차대차 - 측면충돌,안전운전불이행,건조,맑음,단일로 - 고가도로위,승용,남,40세,상해없음,승용,남,39세,경상
2021030300100352,2021년 3월 3일 16시,수요일,경상남도 통영시 무전동,중상사고,0,1,0,0,차대사람 - 횡단중,안전운전불이행,건조,맑음,단일로 - 기타,승용,남,42세,상해없음,보행자,남,67세,중상
2021030300100371,2021년 3월 3일 17시,수요일,경상남도 김해시 외동,중상사고,0,2,1,0,차대차 - 측면충돌,중앙선침범,건조,맑음,단일로 - 기타,승용,남,56세,경상,승용,남,60세,중상
2021030300100372,2021년 3월 3일 17시,수요일,경상남도 고성군 고성읍,경상사고,0,0,2,0,차대차 - 측면충돌,신호위반,건조,맑음,교차로 - 교차로안,화물,남,82세,상해없음,화물,남,61세,경상
2021030300100398,2021년 3월 3일 18시,수요일,경상남도 창원시 마산합포구 월남동2가,경상사고,0,0,2,0,차대차 - 후진중충돌,안전운전불이행,건조,맑음,기타 - 기타,승용,남,58세,상해없음,승용,여,30세,경상
2021030300100399,2021년 3월 3일 18시,수요일,경상남도 김해시 봉황동,경상사고,0,0,1,0,차대차 - 측면충돌,안전운전불이행,건조,맑음,교차로 - 교차로안,승용,남,53세,상해없음,자전거,남,50세,경상
2021030300100400,2021년 3월 3일 18시,수요일,경상남도 김해시 관동동,중상사고,0,1,0,0,차대차 - 추돌,안전운전불이행,건조,맑음,교차로 - 교차로부근,승용,남,52세,상해없음,승용,여,44세,중상
2021030300100437,2021년 3월 3일 19시,수요일,경상남도 통영시 미수동,중상사고,0,1,0,0,차대사람 - 횡단중,안전운전불이행,건조,맑음,단일로 - 기타,승용,남,34세,상해없음,보행자,남,77세,중상
2021030300100438,2021년 3월 3일 19시,수요일,경상남도 사천시 대방동,부상신고사고,0,0,0,1,차대차 - 정면충돌,중앙선침범,건조,맑음,교차로 - 교차로부근,승용,남,37세,상해없음,이륜,남,71세,부상신고
2021030300100465,2021년 3월 3일 20시,수요일,경상남도 진주시 가좌동,중상사고,0,1,0,0,차대차 - 기타,신호위반,건조,맑음,교차로 - 교차로안,이륜,남,29세,상해없음,승용,남,23세,상해없음
2021030300100466,2021년 3월 3일 20시,수요일,경상남도 창원시 진해구 태평동,중상사고,0,1,0,0,차대사람 - 보도통행중,보행자보호의무위반,건조,맑음,교차로 - 교차로부근,자전거,남,45세,상해없음,보행자,여,49세,중상
2021030300100467,2021년 3월 3일 20시,수요일,경상남도 양산시 주진동,경상사고,0,0,1,0,차대차 - 측면충돌,안전운전불이행,건조,맑음,기타 - 기타,승용,남,54세,상해없음,승용,남,49세,경상
2021030300100468,2021년 3월 3일 20시,수요일,경상남도 양산시 북정동,경상사고,0,0,1,0,차대차 - 후진중충돌,안전운전불이행,건조,맑음,교차로 - 교차로부근,승용,남,50세,상해없음,승용,남,24세,경상
2021030300100486,2021년 3월 3일 21시,수요일,경상남도 거창군 거창읍,경상사고,0,0,1,0,차량단독 - 공작물충돌,안전운전불이행,건조,맑음,단일로 - 기타,화물,남,58세,경상,,,,
2021030300100488,2021년 3월 3일 21시,수요일,경상남도 김해시 무계동,중상사고,0,1,0,0,차대사람 - 차도통행중,안전운전불이행,건조,맑음,단일로 - 기타,승용,여,55세,상해없음,보행자,남,57세,중상
2021030300100530,2021년 3월 3일 23시,수요일,경상남도 양산시 물금읍,경상사고,0,0,1,0,차대차 - 추돌,안전운전불이행,건조,맑음,교차로 - 교차로부근,승용,남,60세,상해없음,승용,남,63세,경상
2021030400100039,2021년 3월 4일 06시,목요일,경상남도 창원시 마산합포구 두월동2가,경상사고,0,0,1,0,차대차 - 측면충돌,안전운전불이행,건조,맑음,교차로 - 교차로부근,승합,남,62세,상해없음,승용,남,41세,상해없음
2021030400100120,2021년 3월 4일 09시,목요일,경상남도 김해시 동상동,경상사고,0,0,1,0,차대차 - 측면충돌,안전운전불이행,건조,맑음,교차로 - 교차로안,승용,남,53세,기타불명,승용,남,63세,경상
2021030400100148,2021년 3월 4일 10시,목요일,경상남도 거창군 거창읍,중상사고,0,1,0,0,차대차 - 측면충돌,안전운전불이행,건조,맑음,단일로 - 기타,이륜,남,83세,중상,화물,남,53세,상해없음
2021030400100194,2021년 3월 4일 12시,목요일,경상남도 진주시 상평동,중상사고,0,1,1,0,차대차 - 측면충돌,안전운전불이행,건조,맑음,교차로 - 교차로안,화물,여,47세,상해없음,화물,남,57세,중상