사고번호,사고일시,요일,시군구,사고내용,사망자수,중상자수,경상자수,부상신고자수,사고유형,법규위반,노면상태,기상상태,도로형태,가해운전자 차종,가해운전자 성별,가해운전자 연령,가해운전자 상해정도,피해운전자 차종,피해운전자 성별,피해운전자 연령,피해운전자 상해정도
2021030800100394,2021년 3월 8일 17시,월요일,경상남도 양산시 산막동,경상사고,0,0,1,0,차대차 - 기타,안전운전불이행,건조,맑음,단일로 - 기타,화물,남,50세,상해없음,승용,여,40세,경상
2021030800100413,2021년 3월 8일 17시,월요일,경상남도 통영시 광도면,중상사고,0,1,0,0,차대차 - 추돌,안전거리미확보,건조,맑음,단일로 - 기타,승용,남,49세,상해없음,승용,남,51세,중상
2021030800100414,2021년 3월 8일 17시,월요일,경상남도 김해시 외동,중상사고,0,1,0,0,차대사람 - 횡단중,보행자보호의무위반,건조,맑음,교차로 - 교차로횡단보도내,승용,여,55세,상해없음,보행자,여,53세,중상
2021030800100455,2021년 3월 8일 18시,월요일,경상남도 양산시 중부동,경상사고,0,0,1,0,차대차 - 측면충돌,안전운전불이행,건조,맑음,교차로 - 교차로안,화물,남,48세,상해없음,승용,여,39세,경상
2021030800100456,2021년 3월 8일 18시,월요일,경상남도 양산시 물금읍,경상사고,0,0,1,0,차대차 - 측면충돌,안전운전불이행,건조,맑음,교차로 - 교차로부근,승용,남,43세,상해없음,승용,여,48세,경상
2021030800100501,2021년 3월 8일 19시,월요일,경상남도 창원시 의창구 팔용동,경상사고,0,0,2,0,차대차 - 측면충돌,안전운전불이행,건조,맑음,단일로 - 기타,승용,남,63세,상해없음,승합,남,40세,경상
2021030800100502,2021년 3월 8일 19시,월요일,경상남도 창원시 의창구 서상동,경상사고,0,0,1,0,차대사람 - 횡단중,안전운전불이행,건조,맑음,단일로 - 기타,승용,여,64세,상해없음,보행자,여,64세,경상
2021030800100532,2021년 3월 8일 20시,월요일,경상남도 진주시 봉곡동,경상사고,0,0,1,0,차대차 - 측면충돌,안전운전불이행,건조,맑음,교차로 - 교차로안,승용,남,67세,상해없음,승용,남,26세,경상
2021030800100533,2021년 3월 8일 20시,월요일,경상남도 양산시 동면,중상사고,0,1,0,0,차대차 - 추돌,안전운전불이행,건조,맑음,교차로 - 교차로부근,승용,남,27세,상해없음,승용,남,39세,중상
2021030800100534,2021년 3월 8일 20시,월요일,경상남도 창원시 의창구 북면,경상사고,0,0,1,0,차대차 - 추돌,안전운전불이행,건조,맑음,교차로 - 교차로부근,승용,남,39세,기타불명,이륜,남,43세,경상
2021030800100558,2021년 3월 8일 21시,월요일,경상남도 창원시 마산합포구 동성동,경상사고,0,0,1,0,차대사람 - 횡단중,보행자보호의무위반,건조,맑음,단일로 - 기타,승용,남,65세,상해없음,보행자,남,62세,경상
2021030800100583,2021년 3월 8일 22시,월요일,경상남도 김해시 부원동,경상사고,0,0,1,0,차대차 - 측면충돌,차로위반,건조,맑음,단일로 - 기타,화물,여,55세,상해없음,승용,남,49세,경상
2021030800100598,2021년 3월 8일 23시,월요일,경상남도 양산시 신기동,중상사고,0,1,0,0,차대차 - 측면충돌,안전운전불이행,건조,맑음,기타 - 기타,승용,여,45세,상해없음,승용,남,38세,중상
2021030900100007,2021년 3월 9일 00시,화요일,경상남도 김해시 삼계동,경상사고,0,0,1,0,차대사람 - 기타,안전운전불이행,건조,맑음,기타 - 기타,승용,여,46세,상해없음,보행자,남,62세,경상
2021030900100056,2021년 3월 9일 07시,화요일,경상남도 거제시 문동동,경상사고,0,0,1,0,차대사람 - 차도통행중,보행자보호의무위반,건조,맑음,교차로 - 교차로안,승용,남,67세,상해없음,보행자,남,54세,경상
2021030900100083,2021년 3월 9일 08시,화요일,경상남도 함양군 함양읍,중상사고,0,1,1,0,차대차 - 측면충돌,불법유턴,건조,맑음,단일로 - 기타,승합,남,77세,경상,승용,여,29세,중상
2021030900100084,2021년 3월 9일 08시,화요일,경상남도 양산시 용당동,경상사고,0,0,1,0,차대차 - 측면충돌,직진우회전진행방해,건조,맑음,교차로 - 교차로안,화물,남,41세,기타불명,화물,남,50세,경상
2021030900100085,2021년 3월 9일 08시,화요일,경상남도 창원시 마산회원구 양덕동,경상사고,0,0,1,0,차대차 - 측면충돌,안전운전불이행,건조,맑음,교차로 - 교차로부근,승용,남,27세,상해없음,승용,여,30세,경상
2021030900100086,2021년 3월 9일 08시,화요일,경상남도 김해시 부곡동,중상사고,0,1,0,0,차대차 - 측면충돌,안전운전불이행,건조,맑음,단일로 - 기타,승용,여,40세,상해없음,개인형이동수단(PM),남,21세,중상
2021030900100093,2021년 3월 9일 09시,화요일,경상남도 김해시 무계동,경상사고,0,0,1,0,차대차 - 추돌,안전운전불이행,건조,맑음,단일로 - 기타,특수,남,58세,기타불명,승용,여,29세,경상
2021030900100102,2021년 3월 9일 09시,화요일,경상남도 거제시 덕포동,경상사고,0,0,1,0,차대사람 - 길가장자리구역통행중,안전운전불이행,건조,맑음,기타 - 기타,화물,남,65세,상해없음,보행자,여,45세,경상
2021030900100128,2021년 3월 9일 10시,화요일,경상남도 거제시 아주동,경상사고,0,0,2,0,차대차 - 측면충돌,안전운전불이행,건조,맑음,단일로 - 기타,화물,남,55세,상해없음,승용,여,23세,경상
2021030900100165,2021년 3월 9일 11시,화요일,경상남도 합천군 율곡면,중상사고,0,2,0,0,차대차 - 추돌,안전운전불이행,건조,맑음,교차로 - 교차로안,건설기계,남,56세,상해없음,화물,남,73세,중상
2021030900100166,2021년 3월 9일 11시,화요일,경상남도 하동군 고전면,중상사고,0,2,1,3,차대차 - 추돌,안전운전불이행,건조,맑음,단일로 - 기타,화물,남,27세,중상,화물,남,54세,경상
2021030900100193,2021년 3월 9일 12시,화요일,경상남도 창원시 마산합포구 신포동1가,경상사고,0,0,1,0,차대차 - 측면충돌,신호위반,건조,맑음,교차로 - 교차로안,승용,여,59세,상해없음,승용,여,41세,경상
2021030900100194,2021년 3월 9일 12시,화요일,경상남도 진주시 호탄동,중상사고,0,1,0,0,차대차 - 기타,신호위반,건조,맑음,교차로 - 교차로안,화물,남,63세,상해없음,이륜,남,32세,중상
2021030900100195,2021년 3월 9일 12시,화요일,경상남도 김해시 내동,중상사고,0,1,1,0,차대차 - 측면충돌,신호위반,건조,맑음,교차로 - 교차로부근,승용,남,75세,상해없음,승용,여,46세,경상
2021030900100196,2021년 3월 9일 12시,화요일,경상남도 거제시 아주동,경상사고,0,0,1,0,차대차 - 측면충돌,안전운전불이행,건조,맑음,단일로 - 기타,이륜,남,57세,경상,승용,남,61세,상해없음
2021030900100222,2021년 3월 9일 13시,화요일,경상남도 거제시 양정동,경상사고,0,0,1,1,차대차 - 추돌,안전운전불이행,건조,맑음,단일로 - 터널,화물,남,57세,부상신고,승용,여,32세,경상
2021030900100259,2021년 3월 9일 14시,화요일,경상남도 창원시 마산합포구 월남동2가,중상사고,0,1,1,0,차대차 - 측면충돌,안전운전불이행,건조,맑음,교차로 - 교차로안,승용,남,79세,중상,승용,여,71세,경상
2021030900100260,2021년 3월 9일 14시,화요일,경상남도 통영시 북신동,경상사고,0,0,1,0,차대차 - 기타,차로위반,건조,맑음,교차로 - 교차로안,승용,남,51세,상해없음,이륜,남,55세,경상
2021030900100261,2021년 3월 9일 14시,화요일,경상남도 함양군 함양읍,중상사고,0,1,0,0,차대사람 - 차도통행중,안전운전불이행,건조,맑음,단일로 - 지하차도(도로)내,승용,여,56세,상해없음,보행자,여,63세,중상
2021030900100284,2021년 3월 9일 15시,화요일,경상남도 김해시 내동,중상사고,0,1,0,0,차대차 - 측면충돌,안전운전불이행,건조,맑음,기타 - 기타,승용,여,43세,상해없음,자전거,여,64세,중상
2021030900100351,2021년 3월 9일 17시,화요일,경상남도 고성군 고성읍,경상사고,0,0,1,0,차대사람 - 기타,안전운전불이행,건조,맑음,기타 - 기타,승용,남,43세,상해없음,보행자,여,7세,경상
2021030900100352,2021년 3월 9일 17시,화요일,경상남도 거제시 아주동,중상사고,0,1,0,0,차대차 - 측면충돌,안전거리미확보,건조,맑음,단일로 - 기타,승용,여,56세,상해없음,승용,남,31세,중상
2021030900100353,2021년 3월 9일 17시,화요일,경상남도 창원시 의창구 명서동,경상사고,0,0,1,0,차대차 - 측면충돌,신호위반,건조,맑음,교차로 - 교차로부근,이륜,남,16세,상해없음,화물,남,64세,상해없음
2021030900100387,2021년 3월 9일 18시,화요일,경상남도 김해시 삼계동,중상사고,0,1,1,0,차대차 - 정면충돌,안전운전불이행,건조,맑음,교차로 - 교차로안,승용,여,27세,경상,승용,여,43세,중상
2021030900100388,2021년 3월 9일 18시,화요일,경상남도 합천군 삼가면,경상사고,0,0,1,0,차량단독 - 기타,안전운전불이행,건조,맑음,단일로 - 터널,승용,남,73세,경상,,,,
2021030900100389,2021년 3월 9일 18시,화요일,경상남도 산청군 산청읍,경상사고,0,0,1,0,차대차 - 측면충돌,교차로운행방법위반,건조,맑음,교차로 - 교차로안,이륜,남,47세,경상,화물,남,56세,상해없음
2021030900100415,2021년 3월 9일 19시,화요일,경상남도 김해시 율하동,경상사고,0,0,1,0,차대차 - 측면충돌,안전운전불이행,건조,맑음,단일로 - 기타,승용,남,35세,기타불명,원동기,남,18세,경상
2021030900100448,2021년 3월 9일 20시,화요일,경상남도 사천시 곤양면,중상사고,0,2,1,0,차대차 - 측면충돌,중앙선침범,건조,맑음,단일로 - 기타,화물,남,71세,경상,승용,여,59세,중상
2021031000100068,2021년 3월 10일 07시,수요일,경상남도 거제시 상동동,경상사고,0,0,3,0,차대차 - 기타,안전운전불이행,건조,맑음,기타 - 기타,화물,남,60세,상해없음,승용,남,40세,경상
2021031000100094,2021년 3월 10일 08시,수요일,경상남도 함안군 함안면,경상사고,0,0,1,0,차대차 - 측면충돌,교차로운행방법위반,건조,맑음,교차로 - 교차로안,승용,남,62세,경상,화물,남,59세,상해없음
2021031000100095,2021년 3월 10일 08시,수요일,경상남도 김해시 한림면,중상사고,0,1,0,0,차대사람 - 횡단중,신호위반,건조,맑음,교차로 - 교차로안,화물,남,59세,상해없음,보행자,여,34세,중상
2021031000100121,2021년 3월 10일 09시,수요일,경상남도 거창군 남상면,경상사고,0,0,2,0,차대차 - 정면충돌,중앙선침범,건조,맑음,단일로 - 기타,승용,여,67세,상해없음,승용,남,24세,경상
2021031000100122,2021년 3월 10일 09시,수요일,경상남도 거제시 상동동,중상사고,0,1,1,0,차대차 - 추돌,안전운전불이행,건조,맑음,단일로 - 기타,승용,여,50세,상해없음,승용,여,28세,중상
2021031000100154,2021년 3월 10일 10시,수요일,경상남도 창원시 마산합포구 동성동,경상사고,0,0,1,0,차대차 - 측면충돌,안전운전불이행,건조,맑음,교차로 - 교차로안,승용,남,42세,상해없음,화물,남,33세,경상
2021031000100155,2021년 3월 10일 10시,수요일,경상남도 창원시 진해구 자은동,경상사고,0,0,1,0,차대차 - 측면충돌,직진우회전진행방해,건조,맑음,교차로 - 교차로안,승용,남,58세,상해없음,원동기,남,49세,경상
2021031000100180,2021년 3월 10일 11시,수요일,경상남도 창원시 성산구 대방동,중상사고,0,1,0,0,차대사람 - 차도통행중,안전운전불이행,건조,맑음,단일로 - 기타,승합,남,53세,상해없음,보행자,여,28세,중상
2021031000100246,2021년 3월 10일 13시,수요일,경상남도 창원시 성산구 상남동,중상사고,0,1,0,0,차대사람 - 기타,안전운전불이행,건조,기타,단일로 - 기타,승합,남,53세,상해없음,보행자,여,85세,중상
2021031000100285,2021년 3월 10일 14시,수요일,경상남도 진주시 신안동,중상사고,0,3,0,0,차대차 - 측면충돌,신호위반,건조,맑음,교차로 - 교차로안,승용,남,76세,상해없음,승용,남,65세,중상
2021031000100286,2021년 3월 10일 14시,수요일,경상남도 양산시 평산동,경상사고,0,0,1,0,차대차 - 추돌,안전운전불이행,건조,맑음,기타 - 기타,화물,남,35세,기타불명,승용,여,37세,경상
2021031000100287,2021년 3월 10일 14시,수요일,경상남도 산청군 생초면,사망사고,1,0,1,0,차대차 - 추돌,안전운전불이행,건조,맑음,교차로 - 교차로부근,이륜,남,77세,사망,승용,남,31세,경상
2021031000100288,2021년 3월 10일 14시,수요일,경상남도 김해시 관동동,경상사고,0,0,1,0,차대차 - 측면충돌,안전운전불이행,건조,맑음,교차로 - 교차로안,건설기계,남,48세,상해없음,승용,여,42세,경상
2021031000100335,2021년 3월 10일 15시,수요일,경상남도 창원시 마산합포구 신포동2가,중상사고,0,1,0,0,차대차 - 측면충돌,안전운전불이행,건조,맑음,교차로 - 교차로안,이륜,남,80세,중상,승용,여,57세,상해없음
2021031000100336,2021년 3월 10일 15시,수요일,경상남도 창원시 마산회원구 내서읍,중상사고,0,1,0,0,차대차 - 측면충돌,중앙선침범,건조,맑음,교차로 - 교차로부근,승용,여,35세,상해없음,자전거,남,75세,중상
2021031000100370,2021년 3월 10일 16시,수요일,경상남도 창원시 진해구 용원동,경상사고,0,0,1,3,차대차 - 측면충돌,교차로운행방법위반,건조,맑음,교차로 - 교차로안,승용,남,40세,상해없음,승합,남,30세,상해없음
2021031000100371,2021년 3월 10일 16시,수요일,경상남도 양산시 남부동,경상사고,0,0,1,0,차대차 - 기타,신호위반,건조,맑음,교차로 - 교차로안,승용,여,48세,기타불명,승용,남,56세,경상
2021031000100372,2021년 3월 10일 16시,수요일,경상남도 창원시 마산회원구 구암동,중상사고,0,1,0,0,차대차 - 측면충돌,안전운전불이행,건조,맑음,교차로 - 교차로안,화물,남,64세,상해없음,승용,여,38세,중상
2021031000100410,2021년 3월 10일 17시,수요일,경상남도 창원시 진해구 석동,경상사고,0,0,1,0,차대차 - 기타,교차로운행방법위반,건조,맑음,교차로 - 교차로안,승용,여,52세,상해없음,원동기,남,21세,경상
2021031000100445,2021년 3월 10일 18시,수요일,경상남도 김해시 외동,경상사고,0,0,1,0,차대차 - 측면충돌,안전운전불이행,건조,맑음,교차로 - 교차로부근,화물,남,55세,상해없음,승용,남,31세,경상
2021031000100482,2021년 3월 10일 19시,수요일,경상남도 양산시 삼호동,경상사고,0,0,1,0,차대차 - 측면충돌,안전운전불이행,건조,맑음,교차로 - 교차로안,승용,남,62세,기타불명,이륜,남,24세,경상
2021031000100512,2021년 3월 10일 20시,수요일,경상남도 창원시 진해구 여좌동,중상사고,0,1,0,0,차대차 - 측면충돌,안전운전불이행,건조,기타,기타 - 기타,원동기,남,48세,상해없음,자전거,남,28세,중상
2021031000100513,2021년 3월 10일 20시,수요일,경상남도 김해시 어방동,경상사고,0,0,1,0,차대사람 - 기타,안전운전불이행,건조,맑음,단일로 - 기타,이륜,남,39세,경상,보행자,남,21세,상해없음
2021031000100542,2021년 3월 10일 21시,수요일,경상남도 창원시 성산구 중앙동,중상사고,0,1,0,0,차대사람 - 보도통행중,안전운전불이행,건조,맑음,교차로 - 교차로안,승용,남,57세,상해없음,보행자,남,17세,중상
2021031000100543,2021년 3월 10일 21시,수요일,경상남도 창원시 마산회원구 합성동,부상신고사고,0,0,0,1,차대차 - 기타,안전운전불이행,건조,맑음,교차로 - 교차로부근,자전거,남,63세,부상신고,승합,남,54세,상해없음
2021031100100069,2021년 3월 11일 07시,목요일,경상남도 김해시 삼계동,중상사고,0,1,0,0,차대사람 - 횡단중,안전운전불이행,건조,맑음,단일로 - 기타,승용,여,43세,상해없음,보행자,여,49세,중상
2021031100100070,2021년 3월 11일 07시,목요일,경상남도 거제시 장평동,경상사고,0,0,1,0,차대차 - 기타,안전운전불이행,건조,맑음,교차로 - 교차로안,화물,남,60세,상해없음,이륜,남,34세,경상
2021031100100071,2021년 3월 11일 07시,목요일,경상남도 창원시 성산구 웅남동,부상신고사고,0,0,0,1,차대사람 - 기타,안전운전불이행,건조,맑음,단일로 - 기타,이륜,기타불명,미분류,기타불명,보행자,남,16세,부상신고
2021031100100118,2021년 3월 11일 09시,목요일,경상남도 함안군 가야읍,중상사고,0,1,0,0,차대사람 - 기타,안전운전불이행,건조,맑음,단일로 - 기타,승용,남,53세,상해없음,보행자,남,78세,중상
2021031100100141,2021년 3월 11일 10시,목요일,경상남도 사천시 동금동,경상사고,0,0,3,1,차대차 - 추돌,안전거리미확보,건조,맑음,교차로 - 교차로안,승용,여,59세,상해없음,화물,남,61세,상해없음
2021031100100174,2021년 3월 11일 11시,목요일,경상남도 창원시 마산합포구 남성동,경상사고,0,0,1,0,차량단독 - 기타,안전운전불이행,건조,맑음,단일로 - 기타,승합,남,49세,상해없음,,,,
2021031100100202,2021년 3월 11일 12시,목요일,경상남도 거창군 거창읍,경상사고,0,0,1,0,차대차 - 측면충돌,신호위반,건조,맑음,교차로 - 교차로안,이륜,남,77세,경상,승용,여,47세,상해없음
2021031100100215,2021년 3월 11일 13시,목요일,경상남도 김해시 수가동,중상사고,0,1,0,0,차대차 - 측면충돌,차로위반,건조,맑음,단일로 - 기타,화물,남,60세,상해없음,승용,남,70세,중상
2021031100100227,2021년 3월 11일 13시,목요일,경상남도 합천군 가야면,경상사고,0,0,1,0,차대차 - 기타,안전거리미확보,건조,맑음,교차로 - 교차로부근,이륜,남,69세,경상,화물,남,64세,상해없음
2021031100100289,2021년 3월 11일 15시,목요일,경상남도 김해시 율하동,중상사고,0,1,0,0,차대차 - 측면충돌,안전운전불이행,건조,맑음,교차로 - 교차로안,승용,여,38세,상해없음,원동기,남,19세,중상
2021031100100331,2021년 3월 11일 16시,목요일,경상남도 김해시 관동동,경상사고,0,0,3,1,차대차 - 측면충돌,직진우회전진행방해,건조,맑음,교차로 - 교차로안,승용,여,20세,상해없음,승합,남,34세,경상
2021031100100363,2021년 3월 11일 17시,목요일,경상남도 김해시 진례면,중상사고,0,1,0,0,차대차 - 측면충돌,안전운전불이행,건조,맑음,교차로 - 교차로안,원동기,여,30세,중상,화물,남,57세,상해없음
2021031100100397,2021년 3월 11일 18시,목요일,경상남도 진주시 상봉동,경상사고,0,0,1,0,차대차 - 후진중충돌,안전운전불이행,건조,맑음,단일로 - 기타,승용,남,57세,상해없음,승용,남,41세,경상
2021031100100398,2021년 3월 11일 18시,목요일,경상남도 김해시 대성동,중상사고,0,1,0,0,차대사람 - 횡단중,신호위반,건조,맑음,교차로 - 교차로안,이륜,여,62세,상해없음,보행자,여,62세,중상
2021031100100399,2021년 3월 11일 18시,목요일,경상남도 양산시 물금읍,경상사고,0,0,2,0,차대차 - 추돌,안전거리미확보,건조,맑음,교차로 - 교차로부근,승용,남,71세,상해없음,승용,남,44세,경상
2021031100100444,2021년 3월 11일 19시,목요일,경상남도 창원시 마산합포구 자산동,중상사고,0,1,0,0,차대차 - 측면충돌,안전운전불이행,건조,맑음,교차로 - 교차로부근,승용,남,56세,상해없음,이륜,남,37세,중상
2021031100100445,2021년 3월 11일 19시,목요일,경상남도 창원시 마산합포구 상남동,중상사고,0,1,1,0,차대차 - 측면충돌,안전거리미확보,건조,맑음,교차로 - 교차로부근,승용,여,64세,상해없음,승용,남,51세,경상
2021031100100479,2021년 3월 11일 20시,목요일,경상남도 김해시 삼계동,중상사고,0,1,0,0,차대사람 - 횡단중,보행자보호의무위반,건조,맑음,교차로 - 교차로안,승용,남,55세,상해없음,보행자,여,16세,중상
2021031100100480,2021년 3월 11일 20시,목요일,경상남도 양산시 유산동,경상사고,0,0,1,0,차대차 - 측면충돌,교차로운행방법위반,건조,맑음,교차로 - 교차로안,승용,남,54세,상해없음,이륜,남,27세,경상
2021031100100553,2021년 3월 11일 23시,목요일,경상남도 창녕군 창녕읍,경상사고,0,0,2,0,차대차 - 추돌,안전운전불이행,건조,맑음,교차로 - 교차로부근,승용,남,36세,상해없음,승용,남,27세,경상
2021031200100036,2021년 3월 12일 06시,금요일,경상남도 창원시 진해구 석동,사망사고,1,0,0,0,차대사람 - 기타,안전운전불이행,젖음/습기,기타,단일로 - 기타,승용,여,57세,상해없음,보행자,남,83세,사망
2021031200100037,2021년 3월 12일 06시,금요일,경상남도 양산시 유산동,경상사고,0,0,1,0,차대사람 - 횡단중,보행자보호의무위반,젖음/습기,비,교차로 - 교차로안,승용,남,74세,상해없음,보행자,남,59세,경상
2021031200100050,2021년 3월 12일 07시,금요일,경상남도 사천시 곤명면,경상사고,0,0,4,0,차대차 - 기타,중앙선침범,젖음/습기,비,단일로 - 기타,화물,남,25세,상해없음,화물,남,43세,경상
2021031200100075,2021년 3월 12일 08시,금요일,경상남도 김해시 삼계동,중상사고,0,1,0,0,차대사람 - 기타,안전운전불이행,젖음/습기,비,단일로 - 기타,승용,여,35세,상해없음,보행자,여,49세,중상
2021031200100076,2021년 3월 12일 08시,금요일,경상남도 김해시 내동,중상사고,0,1,1,0,차대차 - 기타,신호위반,젖음/습기,비,교차로 - 교차로부근,승용,남,32세,경상,승용,여,48세,중상
2021031200100099,2021년 3월 12일 09시,금요일,경상남도 함양군 병곡면,경상사고,0,0,1,0,차량단독 - 기타,기타,젖음/습기,비,단일로 - 기타,승용,여,56세,경상,,,,
2021031200100100,2021년 3월 12일 09시,금요일,경상남도 양산시 물금읍,경상사고,0,0,1,0,차대차 - 측면충돌,안전운전불이행,젖음/습기,비,단일로 - 기타,승용,남,69세,상해없음,승용,여,35세,경상
2021031200100158,2021년 3월 12일 11시,금요일,경상남도 밀양시 삼문동,경상사고,0,0,1,0,차대차 - 측면충돌,신호위반,젖음/습기,비,교차로 - 교차로안,원동기,남,16세,상해없음,승용,여,52세,경상
2021031200100159,2021년 3월 12일 11시,금요일,경상남도 함양군 병곡면,사망사고,1,0,1,0,차량단독 - 공작물충돌,안전운전불이행,젖음/습기,비,단일로 - 지하차도(도로)내,화물,남,61세,경상,,,,
2021031200100160,2021년 3월 12일 11시,금요일,경상남도 창원시 의창구 북면,경상사고,0,0,2,0,차대차 - 측면충돌,안전운전불이행,젖음/습기,흐림,단일로 - 기타,승용,여,69세,상해없음,화물,여,54세,경상
2021031200100222,2021년 3월 12일 13시,금요일,경상남도 창원시 마산합포구 상남동,경상사고,0,0,1,0,차대차 - 측면충돌,안전운전불이행,젖음/습기,비,단일로 - 기타,승용,남,64세,경상,승용,남,44세,상해없음
2021031200100223,2021년 3월 12일 13시,금요일,경상남도 양산시 신기동,경상사고,0,0,1,0,차대차 - 측면충돌,교차로운행방법위반,젖음/습기,비,교차로 - 교차로부근,화물,남,32세,기타불명,승용,남,38세,경상
2021031200100254,2021년 3월 12일 14시,금요일,경상남도 함양군 서상면,경상사고,0,0,2,0,차대차 - 기타,안전운전불이행,젖음/습기,비,단일로 - 기타,승용,남,70세,상해없음,승용,남,34세,경상
2021031200100261,2021년 3월 12일 14시,금요일,경상남도 진주시 정촌면,경상사고,0,0,1,0,차대차 - 기타,안전운전불이행,젖음/습기,비,교차로 - 교차로부근,승용,남,25세,상해없음,승용,남,33세,상해없음
2021031200100262,2021년 3월 12일 14시,금요일,경상남도 김해시 한림면,사망사고,1,2,0,0,차대차 - 기타,안전운전불이행,젖음/습기,비,단일로 - 터널,승용,남,55세,중상,승용,남,61세,상해없음
2021031200100295,2021년 3월 12일 15시,금요일,경상남도 사천시 송포동,경상사고,0,0,1,0,차대차 - 추돌,안전운전불이행,젖음/습기,비,단일로 - 기타,승용,남,23세,상해없음,화물,남,56세,경상
2021031200100296,2021년 3월 12일 15시,금요일,경상남도 창녕군 부곡면,경상사고,0,0,3,0,차대차 - 기타,중앙선침범,젖음/습기,맑음,단일로 - 기타,승용,남,44세,경상,승용,남,37세,경상
2021031200100297,2021년 3월 12일 15시,금요일,경상남도 창원시 의창구 동읍,중상사고,0,1,1,0,차대차 - 측면충돌,안전운전불이행,젖음/습기,흐림,단일로 - 기타,승용,여,42세,상해없음,화물,남,79세,경상
2021031200100339,2021년 3월 12일 16시,금요일,경상남도 통영시 광도면,경상사고,0,0,2,2,차대차 - 기타,안전운전불이행,젖음/습기,흐림,교차로 - 교차로안,승용,여,30세,부상신고,승용,남,38세,경상
2021031200100340,2021년 3월 12일 16시,금요일,경상남도 창녕군 계성면,중상사고,0,1,0,0,차대차 - 기타,신호위반,젖음/습기,비,교차로 - 교차로안,화물,남,46세,상해없음,승용,여,68세,중상
2021031200100341,2021년 3월 12일 16시,금요일,경상남도 창원시 의창구 팔용동,경상사고,0,0,1,0,차대차 - 측면충돌,신호위반,젖음/습기,흐림,교차로 - 교차로안,승용,남,30세,상해없음,승용,남,32세,경상
2021031200100385,2021년 3월 12일 17시,금요일,경상남도 함양군 유림면,중상사고,0,1,0,0,차량단독 - 기타,안전운전불이행,젖음/습기,비,단일로 - 기타,승용,남,27세,상해없음,,,,
2021031200100386,2021년 3월 12일 17시,금요일,경상남도 창원시 의창구 중동,사망사고,1,0,0,0,차대사람 - 횡단중,신호위반,젖음/습기,흐림,교차로 - 교차로안,화물,남,55세,상해없음,보행자,남,71세,사망
2021031200100421,2021년 3월 12일 18시,금요일,경상남도 김해시 관동동,중상사고,0,1,0,0,차대차 - 측면충돌,안전거리미확보,젖음/습기,비,단일로 - 기타,승용,여,42세,상해없음,이륜,남,45세,중상
2021031200100473,2021년 3월 12일 19시,금요일,경상남도 창원시 마산합포구 창동,중상사고,0,1,0,0,차대차 - 측면충돌,교차로운행방법위반,젖음/습기,비,교차로 - 교차로안,승용,여,64세,상해없음,이륜,남,27세,중상
2021031200100474,2021년 3월 12일 19시,금요일,경상남도 진주시 신안동,중상사고,0,1,0,0,차대차 - 기타,교차로운행방법위반,젖음/습기,비,교차로 - 교차로안,승용,여,45세,상해없음,승용,남,58세,중상
2021031200100475,2021년 3월 12일 19시,금요일,경상남도 창원시 진해구 용원동,중상사고,0,1,0,0,차대차 - 측면충돌,차로위반,젖음/습기,흐림,단일로 - 기타,승용,남,30세,상해없음,이륜,남,17세,중상
2021031200100476,2021년 3월 12일 19시,금요일,경상남도 사천시 서금동,중상사고,0,1,0,0,차대사람 - 기타,안전운전불이행,건조,맑음,단일로 - 기타,승용,남,56세,상해없음,보행자,남,68세,중상
2021031200100477,2021년 3월 12일 19시,금요일,경상남도 거창군 거창읍,경상사고,0,0,1,0,차대차 - 측면충돌,안전운전불이행,젖음/습기,비,교차로 - 교차로부근,화물,남,64세,상해없음,승용,여,57세,경상
2021031200100478,2021년 3월 12일 19시,금요일,경상남도 창원시 마산회원구 내서읍,중상사고,0,1,0,0,차대사람 - 횡단중,안전운전불이행,젖음/습기,비,단일로 - 기타,이륜,남,20세,상해없음,보행자,여,79세,중상
2021031200100479,2021년 3월 12일 19시,금요일,경상남도 창원시 의창구 팔용동,중상사고,0,1,0,0,차대사람 - 횡단중,보행자보호의무위반,젖음/습기,비,교차로 - 교차로안,승용,남,67세,상해없음,보행자,여,52세,중상
2021031200100527,2021년 3월 12일 20시,금요일,경상남도 사천시 사천읍,경상사고,0,0,1,0,차대차 - 측면충돌,신호위반,건조,맑음,교차로 - 교차로안,승용,남,41세,상해없음,승용,남,31세,경상
2021031200100528,2021년 3월 12일 20시,금요일,경상남도 양산시 물금읍,경상사고,0,0,1,0,차대차 - 측면충돌,안전운전불이행,건조,맑음,단일로 - 기타,승용,여,62세,상해없음,개인형이동수단(PM),남,49세,경상
2021031200100559,2021년 3월 12일 21시,금요일,경상남도 양산시 물금읍,경상사고,0,0,2,2,차대차 - 추돌,안전운전불이행,건조,맑음,단일로 - 기타,승용,남,55세,상해없음,승용,남,34세,경상
2021031200100587,2021년 3월 12일 22시,금요일,경상남도 김해시 부원동,경상사고,0,0,1,0,차대차 - 기타,직진우회전진행방해,건조,맑음,교차로 - 교차로안,승용,여,43세,상해없음,자전거,남,51세,경상
2021031200100616,2021년 3월 12일 23시,금요일,경상남도 양산시 중부동,경상사고,0,0,1,0,차대사람 - 횡단중,보행자보호의무위반,건조,맑음,교차로 - 교차로부근,승용,남,54세,상해없음,보행자,남,50세,경상