사고번호,사고일시,요일,시군구,사고내용,사망자수,중상자수,경상자수,부상신고자수,사고유형,법규위반,노면상태,기상상태,도로형태,가해운전자 차종,가해운전자 성별,가해운전자 연령,가해운전자 상해정도,피해운전자 차종,피해운전자 성별,피해운전자 연령,피해운전자 상해정도
2021031800100270,2021년 3월 18일 14시,목요일,경상남도 창원시 마산회원구 회원동,경상사고,0,0,1,0,차대차 - 측면충돌,안전운전불이행,건조,맑음,교차로 - 교차로부근,승용,여,74세,기타불명,승용,남,36세,경상
2021031800100336,2021년 3월 18일 16시,목요일,경상남도 창원시 마산합포구 월영동,경상사고,0,0,1,0,차대차 - 추돌,안전거리미확보,건조,맑음,교차로 - 교차로부근,화물,남,40세,상해없음,승용,남,35세,경상
2021031800100337,2021년 3월 18일 16시,목요일,경상남도 진주시 상대동,중상사고,0,1,0,0,차대차 - 추돌,안전운전불이행,건조,맑음,교차로 - 교차로부근,이륜,남,25세,상해없음,승용,여,63세,중상
2021031800100375,2021년 3월 18일 17시,목요일,경상남도 창원시 진해구 이동,중상사고,0,1,0,0,차대차 - 측면충돌,기타,건조,맑음,단일로 - 기타,원동기,남,82세,중상,승용,남,54세,상해없음
2021031800100376,2021년 3월 18일 17시,목요일,경상남도 양산시 물금읍,경상사고,0,0,1,0,차대차 - 정면충돌,안전운전불이행,건조,맑음,교차로 - 교차로안,이륜,남,31세,기타불명,승용,남,58세,경상
2021031800100403,2021년 3월 18일 18시,목요일,경상남도 창원시 의창구 명서동,중상사고,0,1,0,0,차대사람 - 기타,안전운전불이행,건조,맑음,교차로 - 교차로안,승합,남,56세,상해없음,보행자,남,13세,중상
2021031800100404,2021년 3월 18일 18시,목요일,경상남도 김해시 진영읍,중상사고,0,1,1,0,차대차 - 측면충돌,안전운전불이행,건조,맑음,교차로 - 교차로안,승용,남,52세,기타불명,승용,여,60세,경상
2021031800100438,2021년 3월 18일 19시,목요일,경상남도 김해시 진영읍,중상사고,0,1,1,0,차대차 - 추돌,안전운전불이행,건조,맑음,단일로 - 기타,화물,남,60세,상해없음,승용,남,34세,경상
2021031800100460,2021년 3월 18일 20시,목요일,경상남도 진주시 이현동,중상사고,0,1,0,0,차대차 - 측면충돌,안전운전불이행,건조,맑음,단일로 - 기타,승용,남,48세,상해없음,이륜,남,44세,중상
2021031800100461,2021년 3월 18일 20시,목요일,경상남도 산청군 단성면,사망사고,1,1,0,0,차대차 - 추돌,안전운전불이행,건조,맑음,단일로 - 교량,화물,남,49세,상해없음,자전거,남,39세,사망
2021031800100462,2021년 3월 18일 20시,목요일,경상남도 김해시 부곡동,경상사고,0,0,1,0,차대차 - 측면충돌,안전운전불이행,건조,맑음,교차로 - 교차로안,이륜,남,30세,상해없음,승용,여,52세,경상
2021031800100463,2021년 3월 18일 20시,목요일,경상남도 김해시 부곡동,경상사고,0,0,1,0,차대차 - 추돌,안전거리미확보,건조,맑음,교차로 - 교차로부근,승용,남,36세,상해없음,승용,남,26세,상해없음
2021031800100464,2021년 3월 18일 20시,목요일,경상남도 김해시 부곡동,중상사고,0,1,1,0,차대차 - 추돌,안전운전불이행,건조,맑음,단일로 - 기타,승용,남,46세,상해없음,승용,남,64세,경상
2021031800100481,2021년 3월 18일 21시,목요일,경상남도 밀양시 내이동,경상사고,0,0,3,0,차대차 - 추돌,안전운전불이행,건조,흐림,교차로 - 교차로부근,화물,남,48세,상해없음,승용,남,57세,경상
2021031800100482,2021년 3월 18일 21시,목요일,경상남도 김해시 부원동,경상사고,0,0,2,0,차대차 - 측면충돌,신호위반,건조,맑음,교차로 - 교차로안,승용,남,23세,기타불명,승용,남,62세,경상
2021031800100483,2021년 3월 18일 21시,목요일,경상남도 김해시 구산동,중상사고,0,1,0,0,차대차 - 측면충돌,안전운전불이행,건조,맑음,단일로 - 기타,승용,남,61세,상해없음,이륜,남,25세,중상
2021031800100484,2021년 3월 18일 21시,목요일,경상남도 양산시 물금읍,경상사고,0,0,1,0,차대차 - 추돌,안전운전불이행,건조,흐림,기타 - 기타,이륜,남,16세,기타불명,승용,남,29세,경상
2021031800100505,2021년 3월 18일 22시,목요일,경상남도 양산시 동면,경상사고,0,0,2,0,차대차 - 정면충돌,중앙선침범,건조,맑음,단일로 - 기타,화물,남,40세,상해없음,승용,남,60세,경상
2021031800100520,2021년 3월 18일 23시,목요일,경상남도 고성군 고성읍,중상사고,0,1,0,0,차량단독 - 전도전복 - 전도,안전운전불이행,건조,맑음,단일로 - 기타,이륜,남,61세,중상,,,,
2021031900100013,2021년 3월 19일 01시,금요일,경상남도 창녕군 대합면,중상사고,0,1,1,0,차대차 - 측면충돌,불법유턴,건조,맑음,단일로 - 기타,이륜,여,74세,중상,승용,남,38세,경상
2021031900100023,2021년 3월 19일 03시,금요일,경상남도 의령군 부림면,경상사고,0,0,1,0,차량단독 - 전도전복 - 전도,안전운전불이행,건조,맑음,단일로 - 기타,승용,여,48세,경상,,,,
2021031900100034,2021년 3월 19일 05시,금요일,경상남도 창원시 마산합포구 진동면,경상사고,0,0,2,0,차대차 - 측면충돌,안전운전불이행,건조,맑음,단일로 - 기타,승용,남,44세,상해없음,화물,남,50세,경상
2021031900100043,2021년 3월 19일 06시,금요일,경상남도 창원시 진해구 자은동,경상사고,0,0,1,0,차대차 - 측면충돌,안전거리미확보,건조,맑음,단일로 - 기타,특수,남,65세,상해없음,승용,남,58세,경상
2021031900100055,2021년 3월 19일 07시,금요일,경상남도 밀양시 상남면,경상사고,0,0,1,0,차대차 - 추돌,안전운전불이행,건조,맑음,단일로 - 기타,화물,남,74세,상해없음,승용,여,34세,경상
2021031900100092,2021년 3월 19일 08시,금요일,경상남도 창원시 진해구 경화동,중상사고,0,1,0,0,차대차 - 기타,안전운전불이행,건조,맑음,교차로 - 교차로안,승용,남,24세,상해없음,승용,여,52세,중상
2021031900100111,2021년 3월 19일 09시,금요일,경상남도 김해시 상동면,경상사고,0,0,1,0,차대차 - 측면충돌,안전거리미확보,건조,맑음,단일로 - 기타,특수,남,48세,상해없음,승용,남,55세,경상
2021031900100122,2021년 3월 19일 09시,금요일,경상남도 밀양시 내이동,경상사고,0,0,1,0,차대차 - 측면충돌,교차로운행방법위반,건조,맑음,교차로 - 교차로안,화물,남,52세,상해없음,화물,남,71세,경상
2021031900100151,2021년 3월 19일 10시,금요일,경상남도 거창군 북상면,경상사고,0,0,1,0,차대차 - 측면충돌,안전운전불이행,건조,맑음,교차로 - 교차로안,승용,남,79세,경상,화물,남,51세,상해없음
2021031900100152,2021년 3월 19일 10시,금요일,경상남도 거제시 연초면,중상사고,0,1,0,0,차대차 - 측면충돌,신호위반,건조,맑음,교차로 - 교차로안,화물,남,30세,상해없음,화물,남,51세,중상
2021031900100153,2021년 3월 19일 10시,금요일,경상남도 창원시 성산구 토월동,경상사고,0,0,10,0,차대차 - 추돌,안전운전불이행,건조,맑음,단일로 - 기타,승용,남,30세,경상,승용,남,62세,상해없음
2021031900100154,2021년 3월 19일 10시,금요일,경상남도 창원시 성산구 중앙동,경상사고,0,0,1,0,차대사람 - 기타,안전운전불이행,건조,맑음,단일로 - 기타,승합,남,54세,상해없음,보행자,여,44세,경상
2021031900100184,2021년 3월 19일 11시,금요일,경상남도 사천시 동금동,경상사고,0,0,1,0,차대사람 - 기타,안전운전불이행,건조,맑음,단일로 - 기타,자전거,남,59세,상해없음,보행자,여,77세,경상
2021031900100216,2021년 3월 19일 12시,금요일,경상남도 의령군 유곡면,경상사고,0,0,1,0,차량단독 - 전도전복 - 전도,안전운전불이행,건조,맑음,단일로 - 기타,이륜,남,84세,경상,,,,
2021031900100257,2021년 3월 19일 13시,금요일,경상남도 통영시 항남동,중상사고,0,1,0,0,차대차 - 정면충돌,안전운전불이행,건조,맑음,교차로 - 교차로안,화물,남,46세,상해없음,이륜,남,28세,중상
2021031900100258,2021년 3월 19일 13시,금요일,경상남도 고성군 마암면,경상사고,0,0,1,0,차대차 - 측면충돌,안전운전불이행,건조,맑음,교차로 - 교차로안,사륜오토바이(ATV),여,76세,경상,승용,남,61세,상해없음
2021031900100286,2021년 3월 19일 14시,금요일,경상남도 의령군 의령읍,중상사고,0,1,0,0,차대차 - 정면충돌,중앙선침범,건조,맑음,교차로 - 교차로부근,화물,남,44세,상해없음,승용,여,26세,중상
2021031900100329,2021년 3월 19일 15시,금요일,경상남도 거제시 아주동,경상사고,0,0,1,0,차대차 - 측면충돌,안전운전불이행,건조,맑음,단일로 - 기타,승용,남,59세,상해없음,이륜,남,27세,경상
2021031900100424,2021년 3월 19일 17시,금요일,경상남도 진주시 충무공동,경상사고,0,0,2,0,차대차 - 기타,안전운전불이행,건조,맑음,교차로 - 교차로안,승용,남,46세,경상,이륜,남,26세,경상
2021031900100425,2021년 3월 19일 17시,금요일,경상남도 양산시 중부동,경상사고,0,0,1,0,차대사람 - 기타,안전운전불이행,건조,맑음,기타 - 기타,이륜,남,52세,상해없음,보행자,여,19세,경상
2021031900100426,2021년 3월 19일 17시,금요일,경상남도 거제시 상동동,경상사고,0,0,2,0,차대차 - 측면충돌,안전운전불이행,건조,맑음,단일로 - 기타,승용,여,56세,경상,승용,여,36세,경상
2021031900100427,2021년 3월 19일 17시,금요일,경상남도 창원시 성산구 성산동,경상사고,0,0,2,0,차대차 - 측면충돌,안전운전불이행,건조,맑음,단일로 - 기타,이륜,남,41세,경상,승용,남,37세,경상
2021031900100428,2021년 3월 19일 17시,금요일,경상남도 창원시 의창구 소계동,경상사고,0,0,1,0,차대사람 - 기타,안전운전불이행,건조,맑음,기타 - 기타,승용,여,30세,상해없음,보행자,여,27세,경상
2021031900100462,2021년 3월 19일 18시,금요일,경상남도 김해시 삼계동,경상사고,0,0,1,0,차대차 - 추돌,안전운전불이행,건조,맑음,단일로 - 기타,승용,여,23세,기타불명,승용,남,25세,경상
2021031900100463,2021년 3월 19일 18시,금요일,경상남도 창녕군 영산면,중상사고,0,1,2,0,차대차 - 추돌,안전운전불이행,건조,맑음,교차로 - 교차로부근,승용,남,37세,상해없음,승용,여,49세,중상
2021031900100464,2021년 3월 19일 18시,금요일,경상남도 양산시 물금읍,경상사고,0,0,1,0,차대차 - 기타,안전운전불이행,건조,맑음,기타 - 기타,화물,남,69세,상해없음,승합,남,28세,경상
2021031900100560,2021년 3월 19일 20시,금요일,경상남도 창원시 진해구 석동,경상사고,0,0,1,0,차대차 - 기타,교차로운행방법위반,건조,기타,교차로 - 교차로안,승용,남,38세,상해없음,이륜,남,47세,경상
2021031900100561,2021년 3월 19일 20시,금요일,경상남도 사천시 사남면,중상사고,0,1,0,0,차대차 - 측면충돌,안전운전불이행,건조,맑음,교차로 - 교차로안,승용,여,50세,상해없음,이륜,남,29세,중상
2021031900100562,2021년 3월 19일 20시,금요일,경상남도 합천군 합천읍,중상사고,0,2,0,0,차대차 - 추돌,안전운전불이행,건조,맑음,기타 - 기타,승용,남,69세,상해없음,승용,여,38세,중상
2021031900100588,2021년 3월 19일 21시,금요일,경상남도 통영시 북신동,경상사고,0,0,1,0,차대차 - 정면충돌,직진우회전진행방해,건조,맑음,교차로 - 교차로안,이륜,남,53세,상해없음,이륜,남,41세,경상
2021031900100630,2021년 3월 19일 22시,금요일,경상남도 김해시 구산동,중상사고,0,1,0,0,차대사람 - 횡단중,신호위반,건조,맑음,교차로 - 교차로횡단보도내,승용,남,58세,상해없음,보행자,여,56세,중상
2021032000100057,2021년 3월 20일 07시,토요일,경상남도 양산시 용당동,경상사고,0,0,2,0,차대차 - 측면충돌,신호위반,젖음/습기,비,교차로 - 교차로부근,승용,남,55세,기타불명,승용,여,64세,경상
2021032000100058,2021년 3월 20일 07시,토요일,경상남도 함안군 군북면,경상사고,0,0,1,0,차대차 - 측면충돌,안전운전불이행,젖음/습기,비,교차로 - 교차로부근,승용,남,54세,상해없음,승용,여,34세,경상
2021032000100067,2021년 3월 20일 08시,토요일,경상남도 고성군 고성읍,중상사고,0,1,0,0,차대차 - 측면충돌,신호위반,건조,맑음,교차로 - 교차로안,승용,남,53세,상해없음,승용,남,26세,중상
2021032000100083,2021년 3월 20일 09시,토요일,경상남도 통영시 항남동,경상사고,0,0,1,0,차대차 - 측면충돌,안전거리미확보,젖음/습기,비,단일로 - 기타,화물,남,54세,상해없음,승용,여,41세,경상
2021032000100169,2021년 3월 20일 12시,토요일,경상남도 김해시 어방동,경상사고,0,0,1,0,차대차 - 추돌,안전운전불이행,젖음/습기,비,교차로 - 교차로부근,이륜,남,26세,경상,승용,남,42세,상해없음
2021032000100208,2021년 3월 20일 13시,토요일,경상남도 김해시 삼계동,경상사고,0,0,1,0,차대차 - 기타,안전운전불이행,젖음/습기,비,교차로 - 교차로안,승용,남,46세,상해없음,이륜,남,17세,경상
2021032000100209,2021년 3월 20일 13시,토요일,경상남도 김해시 진영읍,경상사고,0,0,1,0,차대차 - 측면충돌,안전운전불이행,젖음/습기,비,단일로 - 기타,이륜,남,51세,경상,승용,남,47세,상해없음
2021032000100247,2021년 3월 20일 14시,토요일,경상남도 창원시 진해구 용원동,경상사고,0,0,1,0,차대사람 - 기타,안전운전불이행,젖음/습기,흐림,단일로 - 기타,승용,남,61세,기타불명,보행자,여,12세,경상
2021032000100248,2021년 3월 20일 14시,토요일,경상남도 사천시 서동,경상사고,0,0,2,0,차대차 - 측면충돌,안전운전불이행,젖음/습기,흐림,단일로 - 기타,승용,남,61세,상해없음,승용,남,50세,경상
2021032000100249,2021년 3월 20일 14시,토요일,경상남도 김해시 대성동,경상사고,0,0,3,0,차대차 - 기타,안전운전불이행,건조,맑음,교차로 - 교차로안,승용,남,42세,상해없음,승용,여,42세,경상
2021032000100250,2021년 3월 20일 14시,토요일,경상남도 거제시 아주동,경상사고,0,0,2,0,차대차 - 측면충돌,안전운전불이행,젖음/습기,비,교차로 - 교차로안,승용,여,30세,경상,이륜,남,37세,경상
2021032000100252,2021년 3월 20일 14시,토요일,경상남도 김해시 진영읍,경상사고,0,0,1,0,차대차 - 측면충돌,안전운전불이행,젖음/습기,비,교차로 - 교차로안,승용,여,56세,상해없음,이륜,남,48세,경상
2021032000100271,2021년 3월 20일 15시,토요일,경상남도 거제시 장목면,경상사고,0,0,1,0,차대차 - 추돌,안전운전불이행,건조,맑음,단일로 - 기타,승용,여,31세,상해없음,승용,남,39세,경상
2021032000100298,2021년 3월 20일 16시,토요일,경상남도 창녕군 창녕읍,경상사고,0,0,1,0,차대차 - 기타,안전운전불이행,젖음/습기,비,단일로 - 기타,화물,여,55세,경상,승용,남,59세,상해없음
2021032000100299,2021년 3월 20일 16시,토요일,경상남도 창녕군 계성면,중상사고,0,1,0,0,차량단독 - 공작물충돌,안전운전불이행,젖음/습기,비,단일로 - 기타,화물,남,62세,중상,,,,
2021032000100300,2021년 3월 20일 16시,토요일,경상남도 창원시 성산구 내동,경상사고,0,0,1,0,차대차 - 기타,안전운전불이행,건조,흐림,교차로 - 교차로안,승용,남,65세,상해없음,승용,남,52세,상해없음
2021032000100301,2021년 3월 20일 16시,토요일,경상남도 김해시 진영읍,경상사고,0,0,1,0,차대차 - 측면충돌,안전운전불이행,건조,맑음,교차로 - 교차로안,승용,남,59세,상해없음,승용,남,44세,경상
2021032000100333,2021년 3월 20일 17시,토요일,경상남도 양산시 물금읍,경상사고,0,0,1,0,차대차 - 기타,안전운전불이행,젖음/습기,비,단일로 - 기타,이륜,남,36세,경상,승용,남,45세,상해없음
2021032000100334,2021년 3월 20일 17시,토요일,경상남도 거제시 고현동,중상사고,0,1,0,0,차대사람 - 기타,안전운전불이행,건조,맑음,단일로 - 기타,이륜,남,23세,상해없음,보행자,남,26세,중상
2021032000100335,2021년 3월 20일 17시,토요일,경상남도 창원시 의창구 명서동,경상사고,0,0,1,0,차대차 - 추돌,안전운전불이행,건조,맑음,단일로 - 기타,이륜,남,39세,상해없음,승용,여,56세,경상
2021032000100369,2021년 3월 20일 18시,토요일,경상남도 거제시 고현동,경상사고,0,0,1,0,차대사람 - 기타,교차로운행방법위반,젖음/습기,비,교차로 - 교차로안,승용,남,51세,상해없음,보행자,남,58세,경상
2021032000100402,2021년 3월 20일 19시,토요일,경상남도 거제시 고현동,중상사고,0,1,0,0,차대차 - 기타,안전운전불이행,젖음/습기,비,교차로 - 교차로안,승용,남,69세,상해없음,원동기,남,31세,중상
2021032000100403,2021년 3월 20일 19시,토요일,경상남도 의령군 의령읍,경상사고,0,0,1,0,차대사람 - 횡단중,안전운전불이행,젖음/습기,흐림,단일로 - 기타,화물,남,39세,상해없음,보행자,남,50세,경상
2021032000100441,2021년 3월 20일 20시,토요일,경상남도 양산시 신기동,경상사고,0,0,1,0,차대차 - 기타,안전운전불이행,건조,맑음,교차로 - 교차로부근,특수,남,43세,상해없음,이륜,남,19세,경상
2021032000100495,2021년 3월 20일 22시,토요일,경상남도 창원시 진해구 충무동,경상사고,0,0,1,0,차대차 - 측면충돌,안전운전불이행,건조,맑음,단일로 - 기타,승용,남,44세,기타불명,승용,여,43세,경상
2021032000100496,2021년 3월 20일 22시,토요일,경상남도 밀양시 상남면,경상사고,0,0,1,0,차대차 - 추돌,안전운전불이행,건조,맑음,단일로 - 기타,승용,남,39세,상해없음,승용,여,30세,경상
2021032000100497,2021년 3월 20일 22시,토요일,경상남도 창원시 성산구 상남동,경상사고,0,0,1,0,차대사람 - 차도통행중,안전운전불이행,건조,맑음,단일로 - 기타,승용,남,30세,상해없음,보행자,남,47세,경상
2021032100100006,2021년 3월 21일 00시,일요일,경상남도 양산시 북부동,경상사고,0,0,2,0,차대차 - 추돌,안전운전불이행,건조,맑음,단일로 - 기타,승용,남,56세,상해없음,승용,남,60세,상해없음
2021032100100017,2021년 3월 21일 01시,일요일,경상남도 밀양시 부북면,사망사고,1,0,0,0,차량단독 - 공작물충돌,안전운전불이행,건조,맑음,단일로 - 기타,승용,여,48세,사망,,,,
2021032100100032,2021년 3월 21일 03시,일요일,경상남도 사천시 좌룡동,사망사고,1,0,0,0,차량단독 - 전도전복 - 전도,안전운전불이행,건조,맑음,단일로 - 기타,이륜,남,34세,사망,,,,
2021032100100050,2021년 3월 21일 07시,일요일,경상남도 사천시 동금동,중상사고,0,1,0,0,차대차 - 측면충돌,신호위반,건조,맑음,교차로 - 교차로안,이륜,남,68세,상해없음,자전거,남,79세,중상
2021032100100051,2021년 3월 21일 07시,일요일,경상남도 양산시 북정동,중상사고,0,1,0,0,차대차 - 기타,신호위반,건조,맑음,교차로 - 교차로안,승용,남,26세,상해없음,화물,남,45세,중상
2021032100100061,2021년 3월 21일 08시,일요일,경상남도 함양군 함양읍,중상사고,0,1,0,0,차대차 - 측면충돌,교차로운행방법위반,건조,맑음,교차로 - 교차로안,승용,남,41세,상해없음,이륜,여,65세,중상
2021032100100084,2021년 3월 21일 10시,일요일,경상남도 남해군 창선면,중상사고,0,1,1,0,차대차 - 측면충돌,중앙선침범,건조,맑음,단일로 - 기타,화물,남,47세,상해없음,승용,여,25세,중상
2021032100100100,2021년 3월 21일 11시,일요일,경상남도 김해시 삼계동,중상사고,0,1,0,0,차대차 - 정면충돌,불법유턴,건조,맑음,교차로 - 교차로부근,승용,남,48세,상해없음,원동기,남,37세,중상
2021032100100118,2021년 3월 21일 12시,일요일,경상남도 함양군 함양읍,중상사고,0,1,0,0,차대차 - 측면충돌,중앙선침범,건조,맑음,단일로 - 지하차도(도로)내,승용,여,62세,상해없음,이륜,남,67세,중상
2021032100100144,2021년 3월 21일 13시,일요일,경상남도 김해시 구산동,경상사고,0,0,1,0,차대차 - 측면충돌,안전운전불이행,건조,맑음,교차로 - 교차로안,이륜,남,49세,상해없음,승용,남,54세,상해없음
2021032100100176,2021년 3월 21일 14시,일요일,경상남도 창원시 마산합포구 현동,경상사고,0,0,4,0,차대차 - 추돌,안전거리미확보,건조,맑음,교차로 - 교차로부근,승용,남,72세,상해없음,승용,남,38세,경상
2021032100100177,2021년 3월 21일 14시,일요일,경상남도 창녕군 창녕읍,경상사고,0,0,1,0,차대차 - 추돌,안전운전불이행,건조,맑음,단일로 - 기타,이륜,남,51세,상해없음,승용,남,59세,경상
2021032100100218,2021년 3월 21일 15시,일요일,경상남도 사천시 향촌동,경상사고,0,0,1,0,차량단독 - 전도전복 - 전도,안전운전불이행,건조,맑음,교차로 - 교차로부근,이륜,남,40세,경상,,,,
2021032100100219,2021년 3월 21일 15시,일요일,경상남도 창원시 마산회원구 합성동,중상사고,0,1,0,0,차대사람 - 횡단중,보행자보호의무위반,건조,맑음,단일로 - 기타,승용,여,57세,상해없음,보행자,여,70세,중상
2021032100100254,2021년 3월 21일 16시,일요일,경상남도 하동군 진교면,중상사고,0,1,1,0,차대차 - 추돌,안전거리미확보,건조,맑음,단일로 - 기타,승용,여,25세,상해없음,승용,여,39세,중상
2021032100100282,2021년 3월 21일 17시,일요일,경상남도 산청군 단성면,부상신고사고,0,0,0,1,차량단독 - 기타,안전운전불이행,건조,맑음,단일로 - 기타,사륜오토바이(ATV),남,80세,부상신고,,,,
2021032100100312,2021년 3월 21일 18시,일요일,경상남도 통영시 광도면,경상사고,0,0,1,0,차량단독 - 도로외이탈 - 추락,안전운전불이행,건조,맑음,단일로 - 기타,승용,여,51세,경상,,,,
2021032100100313,2021년 3월 21일 18시,일요일,경상남도 양산시 명동,경상사고,0,0,1,0,차대차 - 측면충돌,교차로운행방법위반,건조,맑음,교차로 - 교차로안,승용,남,51세,상해없음,이륜,남,51세,경상
2021032100100347,2021년 3월 21일 19시,일요일,경상남도 밀양시 단장면,경상사고,0,0,2,0,차대차 - 측면충돌,안전운전불이행,건조,맑음,단일로 - 기타,승용,여,33세,상해없음,승용,남,70세,경상
2021032100100348,2021년 3월 21일 19시,일요일,경상남도 양산시 물금읍,경상사고,0,0,1,0,차대차 - 측면충돌,중앙선침범,건조,맑음,단일로 - 기타,승용,남,62세,상해없음,이륜,남,35세,경상
2021032100100349,2021년 3월 21일 19시,일요일,경상남도 남해군 서면,경상사고,0,0,1,0,차대사람 - 길가장자리구역통행중,안전운전불이행,건조,흐림,단일로 - 기타,기타불명,기타불명,미분류,기타불명,보행자,남,73세,경상
2021032100100377,2021년 3월 21일 20시,일요일,경상남도 밀양시 교동,경상사고,0,0,1,0,차대차 - 측면충돌,안전운전불이행,건조,맑음,교차로 - 교차로안,화물,남,43세,상해없음,승용,남,21세,경상
2021032100100378,2021년 3월 21일 20시,일요일,경상남도 김해시 외동,경상사고,0,0,1,0,차대사람 - 기타,기타,건조,맑음,단일로 - 기타,개인형이동수단(PM),여,17세,상해없음,보행자,여,24세,경상
2021032100100395,2021년 3월 21일 21시,일요일,경상남도 김해시 부곡동,중상사고,0,2,0,0,차대차 - 추돌,안전운전불이행,건조,맑음,단일로 - 기타,승용,남,37세,상해없음,승용,여,53세,중상
2021032100100403,2021년 3월 21일 21시,일요일,경상남도 창원시 마산합포구 상남동,경상사고,0,0,1,0,차대사람 - 횡단중,보행자보호의무위반,건조,맑음,교차로 - 교차로횡단보도내,승용,여,64세,상해없음,보행자,여,15세,경상
2021032100100404,2021년 3월 21일 21시,일요일,경상남도 창원시 마산회원구 석전동,경상사고,0,0,1,0,차대사람 - 횡단중,신호위반,건조,맑음,교차로 - 교차로횡단보도내,이륜,남,44세,상해없음,보행자,남,64세,경상
2021032100100428,2021년 3월 21일 23시,일요일,경상남도 김해시 진영읍,사망사고,1,0,0,0,차대사람 - 횡단중,기타,건조,맑음,교차로 - 교차로횡단보도내,승용,남,23세,상해없음,보행자,남,46세,사망
2021032200100002,2021년 3월 22일 00시,월요일,경상남도 양산시 중부동,경상사고,0,0,5,0,차대차 - 추돌,기타,건조,맑음,단일로 - 기타,승용,남,56세,상해없음,승용,남,24세,경상
2021032200100024,2021년 3월 22일 06시,월요일,경상남도 창원시 성산구 대방동,중상사고,0,1,0,0,차대차 - 측면충돌,신호위반,건조,맑음,교차로 - 교차로안,승용,여,54세,상해없음,승용,여,54세,중상
2021032200100055,2021년 3월 22일 07시,월요일,경상남도 창원시 마산합포구 진북면,중상사고,0,1,0,0,차대사람 - 기타,안전운전불이행,건조,맑음,단일로 - 기타,승용,남,47세,상해없음,보행자,여,43세,중상
2021032200100056,2021년 3월 22일 07시,월요일,경상남도 밀양시 삼문동,중상사고,0,1,0,0,차대차 - 기타,신호위반,건조,맑음,교차로 - 교차로안,자전거,여,79세,중상,승용,남,42세,상해없음
2021032200100100,2021년 3월 22일 08시,월요일,경상남도 통영시 북신동,중상사고,0,1,0,0,차대사람 - 횡단중,신호위반,건조,맑음,교차로 - 교차로부근,승용,남,41세,상해없음,보행자,여,71세,중상
2021032200100101,2021년 3월 22일 08시,월요일,경상남도 사천시 죽림동,경상사고,0,0,1,0,차대차 - 측면충돌,안전운전불이행,건조,맑음,단일로 - 기타,승용,여,56세,상해없음,승용,남,52세,경상
2021032200100133,2021년 3월 22일 09시,월요일,경상남도 사천시 향촌동,중상사고,0,1,0,0,차대차 - 측면충돌,교차로운행방법위반,건조,맑음,교차로 - 교차로안,승용,남,23세,상해없음,자전거,남,86세,중상
2021032200100134,2021년 3월 22일 09시,월요일,경상남도 김해시 생림면,사망사고,1,0,0,0,차대사람 - 차도통행중,안전운전불이행,건조,맑음,단일로 - 기타,화물,남,60세,상해없음,보행자,여,77세,사망
2021032200100135,2021년 3월 22일 09시,월요일,경상남도 함안군 가야읍,경상사고,0,0,1,0,차대차 - 기타,신호위반,건조,맑음,교차로 - 교차로안,승용,남,24세,상해없음,승용,여,55세,경상
2021032200100196,2021년 3월 22일 11시,월요일,경상남도 김해시 외동,중상사고,0,1,2,1,차대차 - 기타,신호위반,건조,맑음,교차로 - 교차로안,승용,남,68세,경상,승용,남,49세,중상
2021032200100197,2021년 3월 22일 11시,월요일,경상남도 합천군 쌍책면,중상사고,0,1,0,0,차대차 - 측면충돌,직진우회전진행방해,건조,맑음,교차로 - 교차로안,승용,남,68세,상해없음,자전거,남,72세,중상
2021032200100222,2021년 3월 22일 12시,월요일,경상남도 창원시 마산합포구 가포동,경상사고,0,0,1,0,차대차 - 측면충돌,중앙선침범,건조,맑음,교차로 - 교차로횡단보도내,승용,남,63세,상해없음,승용,남,63세,경상
2021032200100258,2021년 3월 22일 13시,월요일,경상남도 진주시 옥봉동,중상사고,0,1,1,0,차대차 - 추돌,안전운전불이행,건조,맑음,교차로 - 교차로부근,승용,남,77세,상해없음,화물,남,61세,중상
2021032200100259,2021년 3월 22일 13시,월요일,경상남도 의령군 부림면,중상사고,0,1,1,0,차대차 - 정면충돌,안전운전불이행,건조,맑음,교차로 - 교차로안,승용,남,85세,상해없음,승용,남,30세,경상
2021032200100292,2021년 3월 22일 14시,월요일,경상남도 사천시 봉남동,사망사고,1,0,0,0,차대사람 - 횡단중,안전운전불이행,건조,맑음,교차로 - 교차로안,화물,남,38세,상해없음,보행자,여,78세,사망
2021032200100293,2021년 3월 22일 14시,월요일,경상남도 김해시 삼계동,중상사고,0,1,0,0,차대사람 - 횡단중,보행자보호의무위반,건조,맑음,교차로 - 교차로안,화물,남,60세,상해없음,보행자,여,83세,중상
2021032200100294,2021년 3월 22일 14시,월요일,경상남도 김해시 서상동,중상사고,0,1,0,0,차대사람 - 차도통행중,안전운전불이행,건조,맑음,단일로 - 기타,승용,남,79세,상해없음,보행자,여,36세,중상
2021032200100295,2021년 3월 22일 14시,월요일,경상남도 거제시 연초면,부상신고사고,0,0,0,1,차대사람 - 보도통행중,안전운전불이행,건조,맑음,단일로 - 기타,자전거,남,39세,상해없음,보행자,여,65세,부상신고
2021032200100329,2021년 3월 22일 15시,월요일,경상남도 거제시 고현동,경상사고,0,0,1,0,차대차 - 측면충돌,안전운전불이행,건조,맑음,교차로 - 교차로안,원동기,남,26세,경상,승용,남,28세,상해없음