사고번호,사고일시,요일,시군구,사고내용,사망자수,중상자수,경상자수,부상신고자수,사고유형,법규위반,노면상태,기상상태,도로형태,가해운전자 차종,가해운전자 성별,가해운전자 연령,가해운전자 상해정도,피해운전자 차종,피해운전자 성별,피해운전자 연령,피해운전자 상해정도
2021032200100330,2021년 3월 22일 15시,월요일,경상남도 창원시 마산회원구 석전동,중상사고,0,1,0,0,차량단독 - 기타,안전운전불이행,건조,맑음,단일로 - 기타,승합,남,47세,상해없음,,,,
2021032200100331,2021년 3월 22일 15시,월요일,경상남도 김해시 관동동,중상사고,0,1,1,0,차대차 - 측면충돌,중앙선침범,건조,맑음,교차로 - 교차로부근,화물,남,50세,상해없음,화물,남,28세,중상
2021032200100332,2021년 3월 22일 15시,월요일,경상남도 김해시 율하동,중상사고,0,1,0,0,차대차 - 측면충돌,기타,건조,맑음,교차로 - 교차로횡단보도내,승용,여,30세,상해없음,자전거,남,11세,중상
2021032200100412,2021년 3월 22일 17시,월요일,경상남도 사천시 벌리동,경상사고,0,0,1,0,차대차 - 측면충돌,안전운전불이행,건조,맑음,교차로 - 교차로안,승용,여,46세,상해없음,승용,남,38세,경상
2021032200100413,2021년 3월 22일 17시,월요일,경상남도 창원시 성산구 불모산동,경상사고,0,0,1,0,차대차 - 측면충돌,안전운전불이행,건조,맑음,단일로 - 기타,승용,남,52세,상해없음,승용,남,24세,경상
2021032200100444,2021년 3월 22일 18시,월요일,경상남도 창원시 진해구 석동,경상사고,0,0,5,0,차대차 - 추돌,안전거리미확보,건조,맑음,교차로 - 교차로부근,승합,남,35세,상해없음,승용,남,36세,경상
2021032200100445,2021년 3월 22일 18시,월요일,경상남도 양산시 소주동,중상사고,0,1,0,0,차대차 - 측면충돌,중앙선침범,건조,맑음,단일로 - 기타,승용,남,60세,상해없음,승용,남,36세,중상
2021032200100446,2021년 3월 22일 18시,월요일,경상남도 거제시 장평동,경상사고,0,0,1,0,차대차 - 기타,안전운전불이행,건조,맑음,교차로 - 교차로안,승용,남,51세,상해없음,자전거,남,25세,경상
2021032200100485,2021년 3월 22일 19시,월요일,경상남도 김해시 구산동,중상사고,0,1,1,0,차대차 - 기타,신호위반,건조,맑음,단일로 - 기타,원동기,남,28세,중상,화물,남,62세,경상
2021032200100517,2021년 3월 22일 20시,월요일,경상남도 창녕군 대지면,경상사고,0,0,1,0,차대차 - 추돌,기타,건조,맑음,기타 - 기타,승용,남,40세,상해없음,승합,남,49세,경상
2021032200100518,2021년 3월 22일 20시,월요일,경상남도 김해시 진영읍,경상사고,0,0,1,0,차대사람 - 횡단중,안전운전불이행,건조,맑음,교차로 - 교차로부근,이륜,남,19세,상해없음,보행자,남,18세,경상
2021032200100538,2021년 3월 22일 21시,월요일,경상남도 거창군 거창읍,중상사고,0,2,0,0,차대차 - 측면충돌,교차로운행방법위반,건조,맑음,교차로 - 교차로안,화물,남,67세,상해없음,원동기,남,16세,중상
2021032200100562,2021년 3월 22일 22시,월요일,경상남도 밀양시 청도면,경상사고,0,0,1,0,차량단독 - 공작물충돌,안전운전불이행,건조,흐림,단일로 - 기타,승용,남,54세,경상,,,,
2021032200100563,2021년 3월 22일 22시,월요일,경상남도 창원시 마산회원구 구암동,중상사고,0,1,0,0,차대차 - 추돌,안전운전불이행,건조,맑음,단일로 - 기타,승합,남,54세,상해없음,이륜,남,38세,중상
2021032200100581,2021년 3월 22일 23시,월요일,경상남도 통영시 항남동,경상사고,0,0,1,0,차대차 - 측면충돌,안전운전불이행,건조,맑음,교차로 - 교차로안,승합,남,28세,상해없음,승용,남,61세,경상
2021032200100582,2021년 3월 22일 23시,월요일,경상남도 김해시 삼계동,경상사고,0,0,1,0,차대차 - 기타,안전운전불이행,건조,맑음,단일로 - 기타,승용,남,43세,상해없음,승용,남,57세,상해없음
2021032300100037,2021년 3월 23일 06시,화요일,경상남도 김해시 외동,경상사고,0,0,2,0,차대차 - 기타,신호위반,건조,맑음,교차로 - 교차로안,화물,남,70세,경상,승용,남,60세,경상
2021032300100050,2021년 3월 23일 07시,화요일,경상남도 진주시 평안동,중상사고,0,1,0,0,차대차 - 기타,신호위반,건조,맑음,교차로 - 교차로안,승용,여,51세,상해없음,승용,남,57세,중상
2021032300100051,2021년 3월 23일 07시,화요일,경상남도 밀양시 부북면,중상사고,0,2,1,0,차대차 - 측면충돌,신호위반,건조,맑음,교차로 - 교차로안,화물,남,68세,경상,승용,남,33세,중상
2021032300100090,2021년 3월 23일 08시,화요일,경상남도 창원시 마산합포구 중앙동3가,경상사고,0,0,1,1,차대차 - 측면충돌,안전운전불이행,건조,맑음,교차로 - 교차로안,승용,여,40세,부상신고,승용,남,55세,경상
2021032300100113,2021년 3월 23일 09시,화요일,경상남도 거제시 고현동,경상사고,0,0,1,0,차대차 - 추돌,안전운전불이행,건조,맑음,교차로 - 교차로부근,승용,여,43세,상해없음,화물,남,42세,경상
2021032300100137,2021년 3월 23일 10시,화요일,경상남도 진주시 정촌면,중상사고,0,1,1,0,차대차 - 측면충돌,직진우회전진행방해,건조,맑음,교차로 - 교차로안,승용,남,45세,경상,승용,여,52세,중상
2021032300100138,2021년 3월 23일 10시,화요일,경상남도 진주시 문산읍,경상사고,0,0,1,0,차대차 - 추돌,안전운전불이행,건조,맑음,단일로 - 기타,화물,남,30세,상해없음,화물,남,65세,경상
2021032300100139,2021년 3월 23일 10시,화요일,경상남도 통영시 무전동,중상사고,0,1,2,0,차대차 - 추돌,안전거리미확보,건조,맑음,기타 - 기타,승용,여,47세,상해없음,화물,남,75세,중상
2021032300100140,2021년 3월 23일 10시,화요일,경상남도 거창군 가조면,중상사고,0,1,0,0,차대차 - 추돌,안전운전불이행,건조,맑음,교차로 - 교차로안,화물,남,56세,상해없음,이륜,남,77세,중상
2021032300100141,2021년 3월 23일 10시,화요일,경상남도 양산시 중부동,중상사고,0,1,0,0,차대사람 - 횡단중,보행자보호의무위반,건조,맑음,교차로 - 교차로부근,화물,남,59세,상해없음,보행자,여,80세,중상
2021032300100142,2021년 3월 23일 10시,화요일,경상남도 고성군 회화면,중상사고,0,1,1,0,차량단독 - 공작물충돌,안전운전불이행,건조,맑음,기타 - 기타,승용,여,64세,경상,,,,
2021032300100167,2021년 3월 23일 11시,화요일,경상남도 사천시 정동면,중상사고,0,3,1,0,차대차 - 측면충돌,신호위반,건조,맑음,교차로 - 교차로안,승용,남,70세,경상,승용,여,65세,중상
2021032300100196,2021년 3월 23일 12시,화요일,경상남도 창원시 마산합포구 구산면,중상사고,0,1,0,0,차량단독 - 전도전복 - 전도,안전운전불이행,건조,맑음,단일로 - 기타,농기계,남,73세,중상,,,,
2021032300100268,2021년 3월 23일 14시,화요일,경상남도 창녕군 남지읍,부상신고사고,0,0,0,1,차대차 - 측면충돌,직진우회전진행방해,건조,맑음,교차로 - 교차로안,이륜,여,47세,부상신고,승용,남,36세,상해없음
2021032300100269,2021년 3월 23일 14시,화요일,경상남도 창녕군 남지읍,중상사고,0,1,0,0,차대차 - 측면충돌,안전운전불이행,건조,맑음,단일로 - 기타,화물,남,63세,상해없음,화물,남,72세,중상
2021032300100315,2021년 3월 23일 15시,화요일,경상남도 김해시 내동,경상사고,0,0,1,0,차량단독 - 전도전복 - 전도,안전운전불이행,건조,맑음,교차로 - 교차로부근,이륜,남,23세,경상,,,,
2021032300100351,2021년 3월 23일 16시,화요일,경상남도 거창군 가조면,경상사고,0,0,1,0,차대차 - 측면충돌,안전운전불이행,건조,맑음,교차로 - 교차로안,승용,남,65세,상해없음,이륜,남,35세,경상
2021032300100352,2021년 3월 23일 16시,화요일,경상남도 창녕군 고암면,부상신고사고,0,0,0,1,차대차 - 기타,안전운전불이행,건조,맑음,단일로 - 기타,자전거,남,17세,부상신고,화물,남,56세,상해없음
2021032300100353,2021년 3월 23일 16시,화요일,경상남도 고성군 고성읍,중상사고,0,1,1,0,차대차 - 추돌,안전운전불이행,건조,맑음,교차로 - 교차로안,승용,남,80세,경상,화물,남,46세,상해없음
2021032300100354,2021년 3월 23일 16시,화요일,경상남도 창원시 의창구 팔용동,경상사고,0,0,1,0,차대차 - 측면충돌,안전운전불이행,건조,맑음,교차로 - 교차로안,승용,남,68세,상해없음,승용,남,59세,경상
2021032300100395,2021년 3월 23일 17시,화요일,경상남도 창원시 진해구 가주동,중상사고,0,1,0,0,차대사람 - 기타,안전운전불이행,건조,맑음,교차로 - 교차로안,화물,남,52세,상해없음,보행자,남,47세,중상
2021032300100396,2021년 3월 23일 17시,화요일,경상남도 사천시 용현면,경상사고,0,0,1,0,차대차 - 추돌,안전운전불이행,건조,맑음,단일로 - 기타,화물,남,63세,상해없음,승용,여,39세,경상
2021032300100397,2021년 3월 23일 17시,화요일,경상남도 사천시 용현면,중상사고,0,3,1,0,차대차 - 추돌,안전운전불이행,건조,맑음,단일로 - 기타,승용,남,56세,경상,화물,남,50세,중상
2021032300100398,2021년 3월 23일 17시,화요일,경상남도 거창군 거창읍,중상사고,0,1,2,0,차대차 - 측면충돌,안전운전불이행,건조,맑음,기타 - 기타,화물,남,20세,중상,승용,남,52세,경상
2021032300100399,2021년 3월 23일 17시,화요일,경상남도 김해시 율하동,중상사고,0,1,2,0,차대차 - 측면충돌,신호위반,건조,맑음,교차로 - 교차로안,승용,여,43세,경상,승용,여,32세,경상
2021032300100439,2021년 3월 23일 18시,화요일,경상남도 양산시 산막동,부상신고사고,0,0,0,1,차대차 - 측면충돌,안전운전불이행,건조,맑음,교차로 - 교차로안,이륜,남,38세,부상신고,승용,남,47세,상해없음
2021032300100440,2021년 3월 23일 18시,화요일,경상남도 거제시 장평동,부상신고사고,0,0,0,1,차대차 - 측면충돌,기타,건조,맑음,교차로 - 교차로안,자전거,남,26세,부상신고,승합,남,58세,상해없음
2021032300100441,2021년 3월 23일 18시,화요일,경상남도 창원시 의창구 대산면,경상사고,0,0,2,0,차대차 - 측면충돌,안전운전불이행,건조,맑음,교차로 - 교차로안,승용,여,67세,경상,화물,남,36세,경상
2021032300100502,2021년 3월 23일 20시,화요일,경상남도 진주시 초전동,경상사고,0,0,1,0,차대차 - 측면충돌,직진우회전진행방해,건조,맑음,교차로 - 교차로안,승용,남,37세,상해없음,자전거,남,23세,경상
2021032300100527,2021년 3월 23일 21시,화요일,경상남도 진주시 가좌동,경상사고,0,0,2,0,차대차 - 측면충돌,신호위반,건조,맑음,교차로 - 교차로안,이륜,남,19세,경상,이륜,남,24세,경상
2021032300100551,2021년 3월 23일 22시,화요일,경상남도 김해시 주촌면,경상사고,0,0,1,0,차대차 - 측면충돌,신호위반,건조,맑음,교차로 - 교차로안,화물,남,28세,상해없음,승용,남,25세,경상
2021032300100574,2021년 3월 23일 23시,화요일,경상남도 남해군 남해읍,경상사고,0,0,1,0,차대차 - 측면충돌,안전운전불이행,건조,맑음,단일로 - 기타,승용,여,25세,경상,승용,남,42세,기타불명
2021032400100010,2021년 3월 24일 01시,수요일,경상남도 김해시 대청동,중상사고,0,3,1,0,차대차 - 측면충돌,신호위반,건조,맑음,교차로 - 교차로안,승합,남,27세,상해없음,승용,여,53세,중상
2021032400100016,2021년 3월 24일 02시,수요일,경상남도 창원시 마산합포구 서성동,경상사고,0,0,1,0,차대차 - 후진중충돌,안전운전불이행,건조,맑음,교차로 - 교차로부근,승용,여,29세,상해없음,승용,남,58세,경상
2021032400100019,2021년 3월 24일 03시,수요일,경상남도 양산시 명동,사망사고,1,0,0,0,차량단독 - 공작물충돌,안전운전불이행,건조,맑음,기타 - 기타,이륜,남,31세,사망,,,,
2021032400100065,2021년 3월 24일 07시,수요일,경상남도 창원시 마산합포구 자산동,중상사고,0,1,0,0,차대차 - 측면충돌,안전운전불이행,건조,맑음,단일로 - 기타,화물,남,41세,상해없음,승용,여,59세,중상
2021032400100066,2021년 3월 24일 07시,수요일,경상남도 산청군 시천면,경상사고,0,0,2,0,차대차 - 기타,안전운전불이행,건조,맑음,주차장 - 주차장,승용,남,71세,경상,승용,여,49세,기타불명
2021032400100067,2021년 3월 24일 07시,수요일,경상남도 함안군 가야읍,경상사고,0,0,1,0,차대차 - 측면충돌,신호위반,건조,맑음,교차로 - 교차로안,화물,남,44세,상해없음,승용,여,65세,경상
2021032400100068,2021년 3월 24일 07시,수요일,경상남도 창원시 의창구 대산면,경상사고,0,0,2,0,차대차 - 측면충돌,안전운전불이행,건조,맑음,교차로 - 교차로안,승용,남,26세,경상,승용,남,39세,경상
2021032400100103,2021년 3월 24일 08시,수요일,경상남도 창원시 진해구 자은동,중상사고,0,1,0,0,차대사람 - 횡단중,신호위반,건조,맑음,교차로 - 교차로횡단보도내,승용,남,63세,상해없음,보행자,여,56세,중상
2021032400100104,2021년 3월 24일 08시,수요일,경상남도 사천시 동금동,중상사고,0,1,0,0,차대사람 - 횡단중,보행자보호의무위반,건조,맑음,교차로 - 교차로횡단보도내,승용,남,73세,상해없음,보행자,여,80세,중상
2021032400100105,2021년 3월 24일 08시,수요일,경상남도 산청군 단성면,중상사고,0,1,1,0,차대차 - 측면충돌,안전운전불이행,건조,맑음,단일로 - 기타,사륜오토바이(ATV),여,79세,중상,승용,여,77세,경상
2021032400100106,2021년 3월 24일 08시,수요일,경상남도 창원시 의창구 동정동,경상사고,0,0,1,0,차대차 - 측면충돌,신호위반,건조,맑음,교차로 - 교차로안,승용,남,18세,상해없음,승용,여,24세,경상
2021032400100140,2021년 3월 24일 09시,수요일,경상남도 창원시 진해구 경화동,경상사고,0,0,1,0,차대차 - 추돌,안전운전불이행,건조,맑음,단일로 - 기타,승용,남,39세,경상,승용,남,63세,기타불명
2021032400100141,2021년 3월 24일 09시,수요일,경상남도 김해시 부원동,중상사고,0,1,0,0,차대차 - 측면충돌,안전운전불이행,건조,맑음,교차로 - 교차로안,승용,여,57세,상해없음,이륜,남,68세,중상
2021032400100142,2021년 3월 24일 09시,수요일,경상남도 양산시 물금읍,중상사고,0,1,0,0,차대차 - 측면충돌,신호위반,건조,맑음,교차로 - 교차로안,이륜,남,47세,중상,승용,여,38세,상해없음
2021032400100172,2021년 3월 24일 10시,수요일,경상남도 창원시 진해구 죽곡동,경상사고,0,0,2,0,차대차 - 측면충돌,안전거리미확보,건조,맑음,단일로 - 기타,특수,남,48세,상해없음,승용,남,72세,경상
2021032400100192,2021년 3월 24일 11시,수요일,경상남도 밀양시 내이동,경상사고,0,0,2,0,차대차 - 측면충돌,안전운전불이행,건조,맑음,교차로 - 교차로안,승용,여,67세,경상,승용,남,64세,경상
2021032400100194,2021년 3월 24일 11시,수요일,경상남도 산청군 오부면,경상사고,0,0,1,0,차대차 - 추돌,안전거리미확보,건조,맑음,기타 - 기타,화물,여,57세,상해없음,승용,여,37세,경상
2021032400100216,2021년 3월 24일 12시,수요일,경상남도 거제시 수월동,경상사고,0,0,1,0,차대차 - 측면충돌,안전운전불이행,건조,맑음,교차로 - 교차로안,승용,여,34세,상해없음,승용,여,29세,경상
2021032400100217,2021년 3월 24일 12시,수요일,경상남도 창원시 성산구 안민동,중상사고,0,2,0,0,차대차 - 측면충돌,신호위반,건조,맑음,단일로 - 기타,승합,남,50세,상해없음,화물,남,61세,중상
2021032400100242,2021년 3월 24일 13시,수요일,경상남도 진주시 수곡면,중상사고,0,1,0,0,차대차 - 측면충돌,안전운전불이행,건조,맑음,단일로 - 기타,화물,남,46세,상해없음,이륜,남,80세,중상
2021032400100280,2021년 3월 24일 14시,수요일,경상남도 김해시 진영읍,경상사고,0,0,1,1,차대차 - 정면충돌,교차로운행방법위반,건조,맑음,교차로 - 교차로안,화물,남,32세,부상신고,화물,남,65세,경상
2021032400100316,2021년 3월 24일 15시,수요일,경상남도 진주시 하대동,경상사고,0,0,1,0,차대차 - 추돌,안전운전불이행,건조,맑음,단일로 - 기타,승용,남,54세,상해없음,승용,여,50세,경상
2021032400100347,2021년 3월 24일 16시,수요일,경상남도 창원시 성산구 상남동,경상사고,0,0,2,0,차대차 - 측면충돌,교차로운행방법위반,건조,맑음,교차로 - 교차로안,승용,남,66세,상해없음,승용,남,23세,경상
2021032400100348,2021년 3월 24일 16시,수요일,경상남도 창원시 의창구 팔용동,경상사고,0,0,1,0,차대차 - 측면충돌,안전운전불이행,건조,맑음,교차로 - 교차로안,화물,남,68세,상해없음,승용,여,56세,경상
2021032400100390,2021년 3월 24일 17시,수요일,경상남도 김해시 관동동,중상사고,0,1,0,0,차대차 - 측면충돌,신호위반,건조,맑음,교차로 - 교차로안,승용,여,42세,상해없음,이륜,남,32세,중상
2021032400100432,2021년 3월 24일 18시,수요일,경상남도 밀양시 삼문동,경상사고,0,0,1,0,차대사람 - 횡단중,보행자보호의무위반,건조,맑음,교차로 - 교차로안,승용,여,46세,상해없음,보행자,여,17세,경상
2021032400100476,2021년 3월 24일 19시,수요일,경상남도 사천시 서포면,경상사고,0,0,1,0,차대차 - 측면충돌,안전운전불이행,건조,맑음,단일로 - 기타,승용,남,64세,상해없음,화물,남,66세,경상
2021032400100517,2021년 3월 24일 21시,수요일,경상남도 거제시 고현동,경상사고,0,0,1,0,차대사람 - 기타,안전운전불이행,건조,맑음,교차로 - 교차로안,승용,남,48세,상해없음,보행자,남,12세,경상
2021032500100023,2021년 3월 25일 04시,목요일,경상남도 창원시 마산합포구 중앙동2가,경상사고,0,0,1,0,차대차 - 측면충돌,신호위반,건조,맑음,교차로 - 교차로안,승용,남,44세,상해없음,승용,남,51세,경상
2021032500100033,2021년 3월 25일 05시,목요일,경상남도 산청군 금서면,중상사고,0,1,0,0,차량단독 - 공작물충돌,안전운전불이행,건조,흐림,교차로 - 교차로안,화물,남,60세,상해없음,,,,
2021032500100041,2021년 3월 25일 06시,목요일,경상남도 창원시 진해구 장천동,경상사고,0,0,1,0,차대차 - 기타,안전운전불이행,건조,맑음,단일로 - 기타,화물,남,69세,상해없음,자전거,남,55세,경상
2021032500100042,2021년 3월 25일 06시,목요일,경상남도 통영시 북신동,중상사고,0,1,0,0,차대사람 - 횡단중,안전운전불이행,건조,맑음,교차로 - 교차로횡단보도내,승용,여,61세,상해없음,보행자,여,69세,중상
2021032500100062,2021년 3월 25일 07시,목요일,경상남도 사천시 사남면,중상사고,0,1,0,0,차대사람 - 기타,안전운전불이행,건조,맑음,단일로 - 기타,승용,남,58세,상해없음,보행자,남,56세,중상
2021032500100095,2021년 3월 25일 08시,목요일,경상남도 사천시 사천읍,경상사고,0,0,3,0,차대차 - 측면충돌,안전운전불이행,건조,맑음,교차로 - 교차로부근,승용,여,42세,상해없음,승용,여,48세,경상
2021032500100112,2021년 3월 25일 09시,목요일,경상남도 사천시 사남면,중상사고,0,1,0,0,차대차 - 측면충돌,안전운전불이행,건조,맑음,단일로 - 기타,승합,남,64세,상해없음,원동기,남,71세,중상
2021032500100150,2021년 3월 25일 10시,목요일,경상남도 김해시 어방동,경상사고,0,0,1,0,차대사람 - 횡단중,보행자보호의무위반,건조,맑음,단일로 - 기타,화물,남,55세,상해없음,보행자,남,18세,경상
2021032500100151,2021년 3월 25일 10시,목요일,경상남도 창녕군 창녕읍,중상사고,0,1,0,0,차대차 - 측면충돌,직진우회전진행방해,건조,맑음,교차로 - 교차로안,승용,남,73세,상해없음,이륜,남,81세,중상
2021032500100152,2021년 3월 25일 10시,목요일,경상남도 양산시 물금읍,경상사고,0,0,2,0,차대차 - 측면충돌,교차로운행방법위반,건조,맑음,교차로 - 교차로부근,승용,여,65세,기타불명,승용,남,32세,경상
2021032500100183,2021년 3월 25일 11시,목요일,경상남도 창녕군 영산면,중상사고,0,1,0,0,차대차 - 기타,안전운전불이행,건조,맑음,단일로 - 기타,이륜,여,68세,중상,화물,남,73세,기타불명
2021032500100184,2021년 3월 25일 11시,목요일,경상남도 김해시 부곡동,중상사고,0,2,0,0,차대사람 - 횡단중,신호위반,건조,맑음,교차로 - 교차로안,승용,남,63세,상해없음,보행자,여,44세,중상
2021032500100185,2021년 3월 25일 11시,목요일,경상남도 김해시 관동동,중상사고,0,1,0,0,차대사람 - 횡단중,신호위반,건조,맑음,교차로 - 교차로안,승용,여,63세,상해없음,보행자,여,42세,중상
2021032500100214,2021년 3월 25일 12시,목요일,경상남도 창원시 진해구 경화동,경상사고,0,0,1,0,차대차 - 기타,안전운전불이행,건조,맑음,교차로 - 교차로부근,화물,남,76세,상해없음,승용,여,69세,경상
2021032500100251,2021년 3월 25일 13시,목요일,경상남도 통영시 도천동,중상사고,0,1,0,0,차대차 - 기타,차로위반,건조,맑음,단일로 - 기타,승용,남,62세,상해없음,이륜,남,35세,중상
2021032500100252,2021년 3월 25일 13시,목요일,경상남도 양산시 물금읍,중상사고,0,1,0,0,차대차 - 측면충돌,안전운전불이행,건조,맑음,교차로 - 교차로부근,승용,남,34세,상해없음,자전거,남,41세,중상
2021032500100253,2021년 3월 25일 13시,목요일,경상남도 거제시 고현동,경상사고,0,0,1,0,차대차 - 측면충돌,신호위반,건조,맑음,교차로 - 교차로안,자전거,남,71세,경상,승용,남,46세,상해없음
2021032500100254,2021년 3월 25일 13시,목요일,경상남도 김해시 관동동,경상사고,0,0,1,0,차대차 - 측면충돌,안전운전불이행,건조,맑음,교차로 - 교차로안,승용,여,50세,상해없음,이륜,남,21세,경상
2021032500100296,2021년 3월 25일 14시,목요일,경상남도 창원시 진해구 여좌동,경상사고,0,0,1,0,차대차 - 측면충돌,안전운전불이행,젖음/습기,맑음,기타 - 기타,자전거,여,78세,경상,자전거,남,47세,상해없음
2021032500100297,2021년 3월 25일 14시,목요일,경상남도 밀양시 삼문동,경상사고,0,0,1,0,차대차 - 측면충돌,안전운전불이행,건조,맑음,교차로 - 교차로부근,승용,여,43세,상해없음,자전거,여,9세,경상
2021032500100298,2021년 3월 25일 14시,목요일,경상남도 양산시 동면,경상사고,0,0,1,0,차대차 - 측면충돌,안전운전불이행,건조,맑음,기타 - 기타,자전거,남,82세,경상,화물,남,71세,상해없음
2021032500100299,2021년 3월 25일 14시,목요일,경상남도 거제시 삼거동,경상사고,0,0,3,0,차대차 - 기타,중앙선침범,건조,맑음,기타 - 기타,승용,여,71세,상해없음,승용,남,67세,경상
2021032500100300,2021년 3월 25일 14시,목요일,경상남도 창원시 마산회원구 구암동,경상사고,0,0,1,0,차대차 - 측면충돌,안전운전불이행,건조,맑음,단일로 - 기타,승용,여,61세,상해없음,승용,남,29세,경상
2021032500100338,2021년 3월 25일 15시,목요일,경상남도 창원시 마산합포구 진동면,중상사고,0,1,1,1,차대차 - 측면충돌,안전운전불이행,건조,맑음,교차로 - 교차로안,승용,남,59세,부상신고,승용,남,68세,경상
2021032500100339,2021년 3월 25일 15시,목요일,경상남도 김해시 서상동,중상사고,0,1,0,0,차대사람 - 기타,기타,건조,맑음,단일로 - 기타,승합,남,43세,상해없음,보행자,여,55세,중상
2021032500100340,2021년 3월 25일 15시,목요일,경상남도 창녕군 계성면,경상사고,0,0,1,0,차대차 - 측면충돌,안전운전불이행,건조,맑음,교차로 - 교차로안,이륜,남,71세,경상,승용,남,55세,상해없음
2021032500100370,2021년 3월 25일 16시,목요일,경상남도 창원시 의창구 팔용동,경상사고,0,0,1,0,차대사람 - 횡단중,안전운전불이행,건조,맑음,단일로 - 기타,승용,여,55세,상해없음,보행자,남,7세,경상
2021032500100411,2021년 3월 25일 17시,목요일,경상남도 창원시 마산합포구 진동면,중상사고,0,1,0,0,차대차 - 측면충돌,기타,건조,맑음,교차로 - 교차로안,화물,남,62세,상해없음,승용,여,49세,중상
2021032500100412,2021년 3월 25일 17시,목요일,경상남도 진주시 충무공동,경상사고,0,0,1,0,차대차 - 측면충돌,안전운전불이행,건조,맑음,교차로 - 교차로부근,승용,여,66세,상해없음,자전거,남,26세,경상
2021032500100413,2021년 3월 25일 17시,목요일,경상남도 창원시 진해구 태백동,경상사고,0,0,4,0,차대차 - 추돌,안전운전불이행,건조,맑음,단일로 - 교량,승용,여,19세,경상,승용,남,44세,경상
2021032500100414,2021년 3월 25일 17시,목요일,경상남도 하동군 옥종면,부상신고사고,0,0,0,1,차대차 - 측면충돌,안전운전불이행,건조,맑음,단일로 - 기타,기타불명,기타불명,미분류,기타불명,자전거,남,34세,부상신고
2021032500100452,2021년 3월 25일 18시,목요일,경상남도 창원시 진해구 제황산동,경상사고,0,0,1,0,차대차 - 기타,기타,건조,맑음,단일로 - 기타,승용,남,59세,상해없음,이륜,남,30세,경상
2021032500100453,2021년 3월 25일 18시,목요일,경상남도 양산시 원동면,부상신고사고,0,0,0,1,차대사람 - 기타,기타,건조,맑음,단일로 - 기타,승합,남,45세,기타불명,보행자,남,76세,부상신고
2021032500100454,2021년 3월 25일 18시,목요일,경상남도 거제시 아주동,경상사고,0,0,1,0,차대차 - 측면충돌,신호위반,건조,맑음,교차로 - 교차로안,이륜,남,60세,경상,승용,여,40세,상해없음
2021032500100455,2021년 3월 25일 18시,목요일,경상남도 창원시 성산구 상남동,경상사고,0,0,2,0,차대차 - 측면충돌,안전운전불이행,건조,맑음,교차로 - 교차로안,승용,남,28세,상해없음,승용,남,34세,경상
2021032500100494,2021년 3월 25일 19시,목요일,경상남도 김해시 내동,경상사고,0,0,1,0,차대차 - 기타,안전운전불이행,건조,맑음,교차로 - 교차로안,승용,남,30세,상해없음,이륜,남,36세,경상
2021032500100525,2021년 3월 25일 20시,목요일,경상남도 사천시 사천읍,경상사고,0,0,3,0,차대차 - 추돌,안전운전불이행,건조,맑음,교차로 - 교차로부근,승용,남,32세,상해없음,승용,남,37세,경상
2021032500100526,2021년 3월 25일 20시,목요일,경상남도 밀양시 삼문동,경상사고,0,0,1,0,차대차 - 측면충돌,직진우회전진행방해,건조,흐림,교차로 - 교차로안,승용,남,56세,상해없음,이륜,남,45세,경상
2021032500100527,2021년 3월 25일 20시,목요일,경상남도 창원시 성산구 가음동,경상사고,0,0,1,0,차대사람 - 차도통행중,안전운전불이행,건조,맑음,단일로 - 기타,승용,남,57세,상해없음,보행자,남,54세,경상
2021032500100528,2021년 3월 25일 20시,목요일,경상남도 창원시 마산회원구 양덕동,경상사고,0,0,1,0,차대차 - 측면충돌,안전운전불이행,기타,맑음,단일로 - 기타,승용,여,39세,상해없음,승용,여,44세,경상
2021032500100561,2021년 3월 25일 21시,목요일,경상남도 밀양시 내이동,경상사고,0,0,1,0,차대차 - 측면충돌,안전운전불이행,건조,흐림,교차로 - 교차로안,승용,남,50세,상해없음,승용,남,31세,경상
2021032500100606,2021년 3월 25일 23시,목요일,경상남도 남해군 남해읍,중상사고,0,1,0,0,차대사람 - 차도통행중,안전운전불이행,건조,흐림,단일로 - 기타,승합,남,22세,상해없음,보행자,남,38세,중상
2021032600100009,2021년 3월 26일 00시,금요일,경상남도 창원시 진해구 이동,중상사고,0,1,0,0,차대사람 - 기타,안전운전불이행,건조,맑음,교차로 - 교차로안,원동기,남,26세,상해없음,보행자,남,50세,중상
2021032600100021,2021년 3월 26일 03시,금요일,경상남도 김해시 진영읍,경상사고,0,0,1,0,차량단독 - 기타,안전운전불이행,건조,맑음,단일로 - 기타,개인형이동수단(PM),남,18세,경상,,,,
2021032600100055,2021년 3월 26일 07시,금요일,경상남도 양산시 주진동,경상사고,0,0,2,0,차대차 - 기타,신호위반,건조,맑음,교차로 - 교차로안,승용,여,34세,경상,승용,남,44세,경상
2021032600100056,2021년 3월 26일 07시,금요일,경상남도 하동군 화개면,부상신고사고,0,0,0,1,차대차 - 기타,안전운전불이행,건조,맑음,단일로 - 기타,승용,여,58세,기타불명,자전거,남,51세,부상신고
2021032600100057,2021년 3월 26일 07시,금요일,경상남도 김해시 신문동,경상사고,0,0,2,0,차대차 - 측면충돌,안전운전불이행,건조,맑음,교차로 - 교차로부근,승용,남,37세,상해없음,승용,남,32세,경상
2021032600100100,2021년 3월 26일 08시,금요일,경상남도 진주시 신안동,중상사고,0,1,0,0,차대사람 - 횡단중,안전운전불이행,건조,맑음,교차로 - 교차로부근,승용,여,49세,상해없음,보행자,남,4세,중상