사고번호,사고일시,요일,시군구,사고내용,사망자수,중상자수,경상자수,부상신고자수,사고유형,법규위반,노면상태,기상상태,도로형태,가해운전자 차종,가해운전자 성별,가해운전자 연령,가해운전자 상해정도,피해운전자 차종,피해운전자 성별,피해운전자 연령,피해운전자 상해정도
2021033000100182,2021년 3월 30일 10시,화요일,경상남도 양산시 물금읍,중상사고,0,1,1,0,차대차 - 기타,안전운전불이행,건조,맑음,교차로 - 교차로안,승용,여,35세,상해없음,승용,여,51세,중상
2021033000100275,2021년 3월 30일 13시,화요일,경상남도 남해군 창선면,중상사고,0,1,0,0,차대사람 - 기타,안전운전불이행,건조,맑음,단일로 - 기타,승용,남,32세,상해없음,보행자,남,74세,중상
2021033000100314,2021년 3월 30일 14시,화요일,경상남도 김해시 동상동,경상사고,0,0,1,0,차대차 - 측면충돌,직진우회전진행방해,건조,맑음,교차로 - 교차로안,승용,여,23세,상해없음,승용,여,49세,경상
2021033000100349,2021년 3월 30일 15시,화요일,경상남도 통영시 광도면,중상사고,0,3,0,0,차대차 - 측면충돌,안전운전불이행,건조,맑음,단일로 - 기타,승합,남,20세,상해없음,승용,남,77세,중상
2021033000100384,2021년 3월 30일 16시,화요일,경상남도 사천시 사천읍,중상사고,0,1,0,0,차대차 - 측면충돌,기타,건조,맑음,교차로 - 교차로안,승용,남,37세,상해없음,자전거,남,11세,중상
2021033000100385,2021년 3월 30일 16시,화요일,경상남도 양산시 용당동,경상사고,0,0,1,0,차대차 - 측면충돌,중앙선침범,건조,맑음,단일로 - 기타,승합,여,63세,기타불명,승용,남,40세,경상
2021033000100431,2021년 3월 30일 17시,화요일,경상남도 거제시 사등면,중상사고,0,1,1,0,차대차 - 정면충돌,안전운전불이행,건조,맑음,단일로 - 기타,이륜,남,75세,중상,승용,남,41세,경상
2021033000100486,2021년 3월 30일 18시,화요일,경상남도 거제시 하청면,중상사고,0,1,0,0,차대사람 - 기타,안전운전불이행,건조,맑음,단일로 - 기타,화물,남,58세,상해없음,보행자,여,77세,중상
2021033000100534,2021년 3월 30일 19시,화요일,경상남도 창원시 진해구 장천동,중상사고,0,1,0,0,차대차 - 정면충돌,안전운전불이행,건조,맑음,단일로 - 기타,자전거,남,26세,중상,승용,기타불명,미분류,기타불명
2021033000100535,2021년 3월 30일 19시,화요일,경상남도 창원시 의창구 팔용동,경상사고,0,0,3,0,차대차 - 추돌,안전거리미확보,건조,맑음,단일로 - 기타,승용,남,29세,상해없음,승용,남,25세,경상
2021033000100536,2021년 3월 30일 19시,화요일,경상남도 김해시 율하동,중상사고,0,1,0,0,차대차 - 측면충돌,안전운전불이행,건조,맑음,교차로 - 교차로안,승용,남,62세,상해없음,이륜,남,26세,중상
2021033000100585,2021년 3월 30일 21시,화요일,경상남도 통영시 광도면,중상사고,0,1,0,0,차대사람 - 횡단중,안전운전불이행,건조,맑음,교차로 - 교차로안,승용,남,41세,기타불명,보행자,남,55세,중상
2021033000100612,2021년 3월 30일 22시,화요일,경상남도 진주시 신안동,경상사고,0,0,1,0,차대사람 - 횡단중,안전운전불이행,건조,맑음,단일로 - 기타,승용,남,47세,상해없음,보행자,남,54세,경상
2021033000100613,2021년 3월 30일 22시,화요일,경상남도 창원시 진해구 풍호동,경상사고,0,0,1,0,차량단독 - 전도전복 - 전도,안전운전불이행,기타,흐림,기타 - 기타,자전거,남,43세,경상,,,,
2021033100100011,2021년 3월 31일 00시,수요일,경상남도 거제시 고현동,경상사고,0,0,1,0,차대차 - 측면충돌,신호위반,건조,맑음,교차로 - 교차로안,승용,남,38세,상해없음,승용,남,23세,경상
2021033100100012,2021년 3월 31일 00시,수요일,경상남도 김해시 진영읍,경상사고,0,0,1,0,차대차 - 측면충돌,안전운전불이행,건조,맑음,교차로 - 교차로부근,승용,남,58세,상해없음,승용,남,34세,경상
2021033100100032,2021년 3월 31일 04시,수요일,경상남도 창녕군 남지읍,중상사고,0,1,1,0,차대차 - 측면충돌,안전운전불이행,건조,맑음,교차로 - 교차로안,승용,남,47세,상해없음,승용,남,35세,경상
2021033100100068,2021년 3월 31일 07시,수요일,경상남도 창원시 마산회원구 석전동,경상사고,0,0,1,0,차대차 - 정면충돌,안전운전불이행,건조,맑음,단일로 - 기타,승용,남,56세,상해없음,승합,남,43세,경상
2021033100100107,2021년 3월 31일 08시,수요일,경상남도 진주시 평거동,경상사고,0,0,1,0,차대차 - 측면충돌,안전거리미확보,건조,맑음,단일로 - 기타,화물,남,46세,상해없음,승용,남,37세,경상
2021033100100108,2021년 3월 31일 08시,수요일,경상남도 통영시 광도면,중상사고,0,1,0,0,차대사람 - 횡단중,보행자보호의무위반,건조,맑음,교차로 - 교차로횡단보도내,승용,여,47세,상해없음,보행자,여,32세,중상
2021033100100109,2021년 3월 31일 08시,수요일,경상남도 양산시 중부동,중상사고,0,1,4,0,차대차 - 기타,안전운전불이행,건조,맑음,교차로 - 교차로부근,승용,남,67세,상해없음,승합,남,65세,중상
2021033100100156,2021년 3월 31일 10시,수요일,경상남도 거제시 연초면,경상사고,0,0,2,0,차대차 - 추돌,안전운전불이행,건조,맑음,단일로 - 기타,화물,남,76세,상해없음,승용,여,59세,경상
2021033100100190,2021년 3월 31일 11시,수요일,경상남도 창녕군 남지읍,중상사고,0,1,0,0,차대차 - 기타,안전운전불이행,건조,맑음,단일로 - 기타,이륜,남,56세,중상,자전거,여,61세,상해없음
2021033100100222,2021년 3월 31일 12시,수요일,경상남도 통영시 용남면,부상신고사고,0,0,0,1,차대차 - 추돌,안전운전불이행,건조,맑음,단일로 - 기타,화물,남,48세,부상신고,건설기계,남,54세,상해없음
2021033100100285,2021년 3월 31일 14시,수요일,경상남도 창원시 진해구 남양동,경상사고,0,0,2,0,차대차 - 기타,교차로운행방법위반,건조,맑음,교차로 - 교차로안,화물,남,34세,기타불명,승용,남,55세,경상
2021033100100286,2021년 3월 31일 14시,수요일,경상남도 사천시 벌리동,경상사고,0,0,1,0,차대차 - 측면충돌,안전운전불이행,건조,맑음,교차로 - 교차로안,승용,여,50세,상해없음,이륜,남,64세,경상
2021033100100287,2021년 3월 31일 14시,수요일,경상남도 창녕군 영산면,경상사고,0,0,1,1,차대차 - 측면충돌,기타,건조,맑음,교차로 - 교차로안,화물,남,41세,부상신고,승용,남,59세,경상
2021033100100334,2021년 3월 31일 15시,수요일,경상남도 김해시 율하동,경상사고,0,0,1,0,차대차 - 측면충돌,신호위반,건조,맑음,교차로 - 교차로안,승용,여,34세,상해없음,승합,여,53세,경상
2021033100100464,2021년 3월 31일 18시,수요일,경상남도 양산시 물금읍,경상사고,0,0,1,0,차대차 - 측면충돌,교차로운행방법위반,건조,맑음,교차로 - 교차로안,승합,여,51세,상해없음,승용,남,37세,경상
2021033100100465,2021년 3월 31일 18시,수요일,경상남도 산청군 신등면,경상사고,0,0,2,1,차대차 - 측면충돌,신호위반,건조,맑음,교차로 - 교차로안,승용,여,52세,경상,화물,남,49세,상해없음
2021033100100466,2021년 3월 31일 18시,수요일,경상남도 창원시 성산구 남양동,경상사고,0,0,1,0,차대차 - 측면충돌,안전운전불이행,건조,맑음,교차로 - 교차로부근,승용,여,58세,상해없음,이륜,남,58세,경상
2021033100100511,2021년 3월 31일 19시,수요일,경상남도 통영시 광도면,부상신고사고,0,0,0,1,차대사람 - 횡단중,보행자보호의무위반,건조,맑음,교차로 - 교차로횡단보도내,이륜,남,34세,상해없음,보행자,남,11세,부상신고
2021033100100512,2021년 3월 31일 19시,수요일,경상남도 함양군 휴천면,경상사고,0,0,2,0,차대차 - 측면충돌,안전운전불이행,건조,맑음,단일로 - 지하차도(도로)내,승용,남,69세,경상,농기계,남,47세,경상
2021033100100513,2021년 3월 31일 19시,수요일,경상남도 창원시 의창구 동읍,경상사고,0,0,1,0,차대사람 - 기타,안전운전불이행,건조,맑음,단일로 - 기타,승용,여,48세,상해없음,보행자,남,43세,경상
2021033100100562,2021년 3월 31일 21시,수요일,경상남도 김해시 어방동,경상사고,0,0,1,0,차대차 - 추돌,안전운전불이행,건조,맑음,교차로 - 교차로부근,승용,남,46세,상해없음,화물,남,41세,경상
2021033100100586,2021년 3월 31일 22시,수요일,경상남도 김해시 서상동,경상사고,0,0,1,0,차대차 - 측면충돌,안전운전불이행,건조,맑음,교차로 - 교차로안,원동기,남,51세,상해없음,원동기,남,33세,경상
2021033100100587,2021년 3월 31일 22시,수요일,경상남도 창원시 의창구 소계동,경상사고,0,0,1,0,차대차 - 추돌,안전운전불이행,건조,맑음,교차로 - 교차로안,승용,여,58세,상해없음,승용,여,28세,경상
2021033100100609,2021년 3월 31일 23시,수요일,경상남도 김해시 내동,경상사고,0,0,1,1,차대차 - 측면충돌,안전운전불이행,건조,맑음,교차로 - 교차로안,승합,남,57세,상해없음,승용,남,29세,경상
2021040100100049,2021년 4월 1일 06시,목요일,경상남도 양산시 평산동,중상사고,0,1,0,0,차대차 - 측면충돌,직진우회전진행방해,건조,맑음,교차로 - 교차로안,승용,남,42세,상해없음,이륜,남,18세,중상
2021040100100061,2021년 4월 1일 07시,목요일,경상남도 김해시 대청동,중상사고,0,1,0,0,차대차 - 측면충돌,신호위반,건조,맑음,교차로 - 교차로안,화물,여,23세,상해없음,화물,남,65세,중상
2021040100100098,2021년 4월 1일 08시,목요일,경상남도 사천시 사천읍,경상사고,0,0,2,0,차대차 - 측면충돌,직진우회전진행방해,건조,맑음,교차로 - 교차로안,승용,여,31세,경상,승용,여,42세,경상
2021040100100099,2021년 4월 1일 08시,목요일,경상남도 김해시 어방동,중상사고,0,1,0,0,차대차 - 기타,안전운전불이행,건조,맑음,교차로 - 교차로안,화물,남,33세,상해없음,자전거,남,63세,중상
2021040100100100,2021년 4월 1일 08시,목요일,경상남도 김해시 서상동,중상사고,0,1,0,0,차대차 - 측면충돌,직진우회전진행방해,건조,맑음,교차로 - 교차로안,승용,여,43세,상해없음,이륜,남,63세,중상
2021040100100137,2021년 4월 1일 09시,목요일,경상남도 김해시 부원동,경상사고,0,0,1,0,차대사람 - 길가장자리구역통행중,안전운전불이행,건조,맑음,교차로 - 교차로안,화물,남,60세,상해없음,보행자,남,76세,경상
2021040100100138,2021년 4월 1일 09시,목요일,경상남도 거제시 사등면,경상사고,0,0,1,0,차대차 - 추돌,안전운전불이행,건조,맑음,단일로 - 기타,화물,남,64세,상해없음,건설기계,남,51세,경상
2021040100100165,2021년 4월 1일 10시,목요일,경상남도 거제시 장평동,부상신고사고,0,0,0,1,차대차 - 측면충돌,안전거리미확보,건조,맑음,단일로 - 기타,이륜,남,67세,부상신고,화물,남,41세,상해없음
2021040100100166,2021년 4월 1일 10시,목요일,경상남도 거제시 고현동,경상사고,0,0,1,0,차대차 - 측면충돌,안전운전불이행,건조,맑음,단일로 - 기타,화물,남,48세,상해없음,승용,여,46세,경상
2021040100100167,2021년 4월 1일 10시,목요일,경상남도 김해시 신문동,중상사고,0,1,0,0,차대차 - 측면충돌,안전운전불이행,건조,맑음,교차로 - 교차로부근,승용,여,32세,상해없음,개인형이동수단(PM),여,22세,중상
2021040100100199,2021년 4월 1일 11시,목요일,경상남도 진주시 상대동,경상사고,0,0,1,0,차대차 - 기타,안전운전불이행,건조,맑음,교차로 - 교차로안,승용,여,52세,상해없음,이륜,남,42세,경상
2021040100100200,2021년 4월 1일 11시,목요일,경상남도 창원시 의창구 동읍,경상사고,0,0,4,0,차대차 - 추돌,안전운전불이행,건조,맑음,교차로 - 교차로안,승용,남,48세,상해없음,승용,남,62세,경상
2021040100100237,2021년 4월 1일 12시,목요일,경상남도 함양군 지곡면,중상사고,0,1,0,0,차량단독 - 공작물충돌,안전운전불이행,건조,맑음,기타 - 기타,승용,남,56세,상해없음,,,,
2021040100100241,2021년 4월 1일 12시,목요일,경상남도 진주시 신안동,경상사고,0,0,1,0,차량단독 - 기타,안전운전불이행,건조,맑음,교차로 - 교차로부근,원동기,남,34세,경상,,,,
2021040100100278,2021년 4월 1일 13시,목요일,경상남도 진주시 주약동,경상사고,0,0,1,0,차대차 - 기타,신호위반,건조,맑음,교차로 - 교차로안,승용,남,70세,상해없음,승용,여,34세,경상
2021040100100312,2021년 4월 1일 14시,목요일,경상남도 진주시 이현동,중상사고,0,1,0,0,차량단독 - 기타,안전운전불이행,건조,맑음,단일로 - 기타,승합,남,61세,상해없음,,,,
2021040100100313,2021년 4월 1일 14시,목요일,경상남도 밀양시 삼문동,경상사고,0,0,1,0,차대사람 - 횡단중,보행자보호의무위반,건조,맑음,단일로 - 기타,화물,남,58세,상해없음,보행자,여,59세,경상
2021040100100314,2021년 4월 1일 14시,목요일,경상남도 거제시 옥포동,경상사고,0,0,1,0,차대차 - 측면충돌,직진우회전진행방해,건조,맑음,교차로 - 교차로안,이륜,남,27세,기타불명,승용,여,50세,경상
2021040100100356,2021년 4월 1일 15시,목요일,경상남도 김해시 삼계동,중상사고,0,1,0,0,차대사람 - 횡단중,보행자보호의무위반,건조,흐림,교차로 - 교차로안,승합,남,69세,상해없음,보행자,여,54세,중상
2021040100100357,2021년 4월 1일 15시,목요일,경상남도 함양군 서하면,사망사고,1,0,0,0,차량단독 - 공작물충돌,안전운전불이행,건조,맑음,단일로 - 기타,이륜,남,58세,사망,,,,
2021040100100358,2021년 4월 1일 15시,목요일,경상남도 양산시 물금읍,경상사고,0,0,1,0,차대차 - 측면충돌,중앙선침범,건조,맑음,단일로 - 기타,승용,여,52세,상해없음,승합,남,47세,경상
2021040100100359,2021년 4월 1일 15시,목요일,경상남도 함안군 칠원읍,경상사고,0,0,1,0,차대차 - 측면충돌,안전운전불이행,건조,기타,교차로 - 교차로안,승용,여,47세,기타불명,승용,여,36세,경상
2021040100100360,2021년 4월 1일 15시,목요일,경상남도 창원시 성산구 불모산동,경상사고,0,0,1,0,차대차 - 기타,기타,건조,맑음,단일로 - 기타,건설기계,남,52세,상해없음,승용,남,37세,경상
2021040100100393,2021년 4월 1일 16시,목요일,경상남도 양산시 중부동,중상사고,0,1,0,0,차대차 - 측면충돌,교차로운행방법위반,건조,맑음,교차로 - 교차로부근,승합,남,69세,상해없음,승용,남,61세,중상
2021040100100394,2021년 4월 1일 16시,목요일,경상남도 거제시 아주동,경상사고,0,0,1,0,차대차 - 기타,안전운전불이행,건조,맑음,단일로 - 기타,승용,남,68세,상해없음,원동기,남,35세,경상
2021040100100437,2021년 4월 1일 17시,목요일,경상남도 사천시 벌리동,중상사고,0,1,1,0,차대차 - 측면충돌,직진우회전진행방해,건조,맑음,교차로 - 교차로안,화물,남,61세,상해없음,승용,남,71세,경상
2021040100100438,2021년 4월 1일 17시,목요일,경상남도 양산시 평산동,경상사고,0,0,2,0,차대차 - 측면충돌,안전운전불이행,건조,맑음,교차로 - 교차로안,승용,여,45세,상해없음,승용,여,59세,경상
2021040100100439,2021년 4월 1일 17시,목요일,경상남도 거제시 장평동,경상사고,0,0,1,0,차대차 - 측면충돌,기타,건조,맑음,교차로 - 교차로안,승용,남,51세,상해없음,승용,남,40세,경상
2021040100100460,2021년 4월 1일 18시,목요일,경상남도 김해시 삼문동,경상사고,0,0,1,0,차대차 - 추돌,안전운전불이행,건조,맑음,단일로 - 기타,화물,남,56세,상해없음,승용,여,48세,경상
2021040100100484,2021년 4월 1일 18시,목요일,경상남도 진주시 신안동,중상사고,0,1,0,0,차대사람 - 기타,안전운전불이행,건조,맑음,단일로 - 기타,자전거,여,52세,상해없음,보행자,여,72세,중상
2021040100100485,2021년 4월 1일 18시,목요일,경상남도 사천시 선구동,부상신고사고,0,0,0,1,차대차 - 측면충돌,안전운전불이행,건조,맑음,단일로 - 기타,이륜,남,52세,부상신고,승용,여,59세,상해없음
2021040100100486,2021년 4월 1일 18시,목요일,경상남도 창녕군 남지읍,중상사고,0,1,1,0,차대차 - 기타,안전운전불이행,건조,맑음,교차로 - 교차로안,승용,남,72세,상해없음,이륜,남,17세,중상
2021040100100487,2021년 4월 1일 18시,목요일,경상남도 고성군 고성읍,부상신고사고,0,0,0,1,차대사람 - 횡단중,안전운전불이행,건조,맑음,교차로 - 교차로안,화물,남,67세,상해없음,보행자,남,68세,부상신고
2021040100100488,2021년 4월 1일 18시,목요일,경상남도 거제시 옥포동,경상사고,0,0,2,0,차대차 - 추돌,안전운전불이행,건조,맑음,교차로 - 교차로안,승합,남,45세,상해없음,승용,남,44세,경상
2021040100100489,2021년 4월 1일 18시,목요일,경상남도 김해시 진례면,경상사고,0,0,1,0,차대차 - 측면충돌,안전운전불이행,건조,맑음,단일로 - 기타,화물,남,45세,상해없음,승용,여,64세,경상
2021040100100490,2021년 4월 1일 18시,목요일,경상남도 거창군 남상면,중상사고,0,1,0,0,차대사람 - 기타,안전운전불이행,건조,맑음,단일로 - 기타,특수,남,49세,상해없음,보행자,남,50세,중상
2021040100100533,2021년 4월 1일 19시,목요일,경상남도 창원시 진해구 자은동,경상사고,0,0,1,0,차대차 - 측면충돌,안전운전불이행,건조,맑음,단일로 - 기타,원동기,남,36세,경상,승용,남,28세,상해없음
2021040100100534,2021년 4월 1일 19시,목요일,경상남도 밀양시 하남읍,사망사고,1,0,0,0,차대사람 - 횡단중,안전운전불이행,건조,맑음,교차로 - 교차로안,승용,남,50세,상해없음,보행자,남,84세,사망
2021040100100535,2021년 4월 1일 19시,목요일,경상남도 밀양시 하남읍,중상사고,0,1,1,0,차대차 - 측면충돌,안전운전불이행,건조,맑음,교차로 - 교차로안,승용,남,25세,상해없음,승용,여,41세,중상
2021040100100536,2021년 4월 1일 19시,목요일,경상남도 양산시 중부동,경상사고,0,0,1,1,차대차 - 측면충돌,신호위반,건조,맑음,교차로 - 교차로안,화물,남,70세,상해없음,승용,남,27세,경상
2021040100100566,2021년 4월 1일 20시,목요일,경상남도 김해시 내동,중상사고,0,1,1,0,차대차 - 기타,신호위반,건조,맑음,단일로 - 기타,이륜,남,37세,중상,승용,남,45세,경상
2021040100100619,2021년 4월 1일 22시,목요일,경상남도 창원시 성산구 신월동,중상사고,0,1,0,0,차대차 - 측면충돌,안전운전불이행,건조,맑음,교차로 - 교차로안,승용,남,58세,상해없음,이륜,남,43세,중상
2021040200100019,2021년 4월 2일 02시,금요일,경상남도 김해시 외동,부상신고사고,0,0,0,1,차대차 - 기타,중앙선침범,건조,맑음,단일로 - 기타,승용,남,24세,부상신고,승용,남,58세,기타불명
2021040200100101,2021년 4월 2일 08시,금요일,경상남도 양산시 북정동,중상사고,0,1,0,0,차대차 - 측면충돌,신호위반,건조,맑음,단일로 - 기타,승용,남,42세,상해없음,승용,여,48세,상해없음
2021040200100164,2021년 4월 2일 10시,금요일,경상남도 함양군 유림면,사망사고,1,0,0,0,차량단독 - 공작물충돌,안전운전불이행,건조,맑음,단일로 - 기타,사륜오토바이(ATV),남,77세,사망,,,,
2021040200100190,2021년 4월 2일 11시,금요일,경상남도 밀양시 용평동,중상사고,0,1,0,0,차대사람 - 횡단중,보행자보호의무위반,건조,맑음,교차로 - 교차로안,건설기계,남,60세,상해없음,보행자,남,72세,중상
2021040200100191,2021년 4월 2일 11시,금요일,경상남도 밀양시 삼문동,중상사고,0,1,1,0,차대사람 - 횡단중,보행자보호의무위반,건조,맑음,단일로 - 기타,승용,남,54세,상해없음,보행자,남,80세,경상
2021040200100192,2021년 4월 2일 11시,금요일,경상남도 김해시 생림면,경상사고,0,0,1,0,차대차 - 정면충돌,중앙선침범,건조,맑음,교차로 - 교차로부근,화물,남,68세,상해없음,승용,남,29세,경상
2021040200100193,2021년 4월 2일 11시,금요일,경상남도 고성군 거류면,경상사고,0,0,1,0,차대차 - 추돌,직진우회전진행방해,건조,맑음,교차로 - 교차로안,화물,남,59세,상해없음,화물,남,79세,경상
2021040200100194,2021년 4월 2일 11시,금요일,경상남도 남해군 남해읍,경상사고,0,0,1,0,차대차 - 측면충돌,안전운전불이행,건조,맑음,교차로 - 교차로안,이륜,남,82세,경상,승용,여,59세,상해없음
2021040200100195,2021년 4월 2일 11시,금요일,경상남도 함안군 함안면,중상사고,0,1,0,0,차대차 - 측면충돌,안전운전불이행,건조,맑음,교차로 - 교차로안,승용,남,71세,상해없음,이륜,남,78세,중상
2021040200100233,2021년 4월 2일 12시,금요일,경상남도 창원시 진해구 여좌동,중상사고,0,1,0,0,차대차 - 기타,기타,건조,맑음,단일로 - 기타,원동기,남,72세,중상,승용,여,60세,상해없음
2021040200100234,2021년 4월 2일 12시,금요일,경상남도 고성군 하일면,경상사고,0,0,1,0,차대사람 - 기타,안전운전불이행,건조,맑음,교차로 - 교차로안,승용,남,62세,상해없음,보행자,여,60세,경상
2021040200100235,2021년 4월 2일 12시,금요일,경상남도 김해시 진영읍,경상사고,0,0,1,0,차대차 - 측면충돌,안전운전불이행,건조,맑음,단일로 - 기타,승용,남,82세,상해없음,승용,여,50세,경상
2021040200100274,2021년 4월 2일 13시,금요일,경상남도 통영시 북신동,경상사고,0,0,2,0,차대차 - 측면충돌,안전운전불이행,건조,맑음,교차로 - 교차로부근,화물,남,30세,상해없음,승용,여,64세,경상
2021040200100275,2021년 4월 2일 13시,금요일,경상남도 거제시 수월동,경상사고,0,0,3,0,차대차 - 측면충돌,신호위반,건조,맑음,단일로 - 기타,화물,남,69세,상해없음,승용,남,26세,경상
2021040200100306,2021년 4월 2일 14시,금요일,경상남도 통영시 용남면,경상사고,0,0,1,0,차대차 - 기타,차로위반,건조,맑음,단일로 - 기타,화물,남,63세,상해없음,승용,남,38세,경상
2021040200100307,2021년 4월 2일 14시,금요일,경상남도 사천시 선구동,중상사고,0,1,0,0,차대차 - 측면충돌,안전운전불이행,건조,맑음,교차로 - 교차로부근,승용,남,65세,상해없음,승용,여,70세,중상
2021040200100308,2021년 4월 2일 14시,금요일,경상남도 거제시 동부면,경상사고,0,0,1,0,차대차 - 측면충돌,신호위반,건조,맑음,교차로 - 교차로안,화물,남,70세,상해없음,승용,남,75세,경상
2021040200100309,2021년 4월 2일 14시,금요일,경상남도 거제시 장목면,경상사고,0,0,1,0,차대차 - 기타,신호위반,건조,맑음,교차로 - 교차로안,승합,남,63세,상해없음,승용,남,59세,경상
2021040200100340,2021년 4월 2일 15시,금요일,경상남도 진주시 하대동,경상사고,0,0,1,0,차대차 - 측면충돌,직진우회전진행방해,건조,맑음,교차로 - 교차로안,승용,남,26세,상해없음,화물,남,52세,경상
2021040200100381,2021년 4월 2일 16시,금요일,경상남도 창원시 마산합포구 현동,중상사고,0,1,1,0,차대차 - 정면충돌,안전운전불이행,건조,맑음,교차로 - 교차로부근,승용,남,64세,상해없음,승용,남,40세,중상
2021040200100382,2021년 4월 2일 16시,금요일,경상남도 진주시 평거동,중상사고,0,1,1,0,차대사람 - 횡단중,안전운전불이행,건조,맑음,단일로 - 기타,자전거,남,17세,상해없음,보행자,여,79세,중상
2021040200100383,2021년 4월 2일 16시,금요일,경상남도 함양군 병곡면,중상사고,0,2,0,0,차대차 - 측면충돌,기타,건조,맑음,교차로 - 교차로안,화물,여,66세,기타불명,사륜오토바이(ATV),남,81세,중상
2021040200100421,2021년 4월 2일 17시,금요일,경상남도 통영시 광도면,중상사고,0,1,0,0,차대차 - 기타,교차로운행방법위반,건조,맑음,교차로 - 교차로안,승용,여,68세,상해없음,이륜,남,44세,중상
2021040200100422,2021년 4월 2일 17시,금요일,경상남도 김해시 외동,경상사고,0,0,1,0,차대차 - 추돌,안전운전불이행,건조,맑음,교차로 - 교차로부근,승용,남,25세,상해없음,화물,남,26세,경상
2021040200100471,2021년 4월 2일 18시,금요일,경상남도 창원시 마산합포구 우산동,경상사고,0,0,1,0,차대차 - 추돌,안전운전불이행,건조,맑음,단일로 - 기타,승용,남,50세,상해없음,승용,남,30세,경상
2021040200100472,2021년 4월 2일 18시,금요일,경상남도 밀양시 삼랑진읍,중상사고,0,2,0,0,차대차 - 측면충돌,안전운전불이행,건조,맑음,교차로 - 교차로안,승용,남,62세,상해없음,승용,남,59세,중상
2021040200100473,2021년 4월 2일 18시,금요일,경상남도 양산시 삼호동,경상사고,0,0,1,0,차대사람 - 횡단중,보행자보호의무위반,건조,맑음,교차로 - 교차로횡단보도내,승용,여,48세,상해없음,보행자,여,51세,경상
2021040200100474,2021년 4월 2일 18시,금요일,경상남도 창원시 마산회원구 양덕동,경상사고,0,0,1,0,차대차 - 측면충돌,안전운전불이행,기타,맑음,교차로 - 교차로부근,승용,남,60세,상해없음,승용,여,39세,경상
2021040200100516,2021년 4월 2일 19시,금요일,경상남도 진주시 상대동,중상사고,0,1,0,0,차대차 - 측면충돌,직진우회전진행방해,건조,맑음,교차로 - 교차로안,승용,남,24세,상해없음,이륜,남,48세,중상
2021040200100517,2021년 4월 2일 19시,금요일,경상남도 창원시 진해구 여좌동,경상사고,0,0,1,0,차대차 - 기타,안전운전불이행,건조,맑음,단일로 - 기타,승용,여,65세,상해없음,이륜,남,27세,경상
2021040200100518,2021년 4월 2일 19시,금요일,경상남도 통영시 항남동,경상사고,0,0,1,0,차대사람 - 기타,안전운전불이행,건조,맑음,단일로 - 기타,화물,남,66세,상해없음,보행자,여,28세,경상
2021040200100519,2021년 4월 2일 19시,금요일,경상남도 양산시 북정동,중상사고,0,1,0,0,차대차 - 측면충돌,안전운전불이행,건조,맑음,교차로 - 교차로안,승용,남,65세,상해없음,이륜,남,58세,중상
2021040200100520,2021년 4월 2일 19시,금요일,경상남도 양산시 동면,경상사고,0,0,1,0,차대차 - 추돌,안전거리미확보,건조,맑음,교차로 - 교차로안,이륜,남,27세,상해없음,승용,남,30세,경상
2021040200100559,2021년 4월 2일 20시,금요일,경상남도 김해시 어방동,경상사고,0,0,1,0,차대차 - 후진중충돌,안전운전불이행,건조,맑음,단일로 - 기타,승용,남,30세,상해없음,승용,남,58세,경상
2021040200100560,2021년 4월 2일 20시,금요일,경상남도 양산시 물금읍,중상사고,0,1,2,0,차대차 - 측면충돌,신호위반,건조,맑음,교차로 - 교차로안,이륜,남,55세,중상,승용,남,30세,경상
2021040200100561,2021년 4월 2일 20시,금요일,경상남도 창원시 마산회원구 석전동,경상사고,0,0,2,0,차대차 - 정면충돌,안전운전불이행,기타,맑음,단일로 - 기타,승용,남,26세,상해없음,승용,남,70세,경상
2021040200100595,2021년 4월 2일 21시,금요일,경상남도 고성군 마암면,경상사고,0,0,1,0,차대차 - 추돌,안전거리미확보,건조,맑음,단일로 - 기타,승용,남,34세,상해없음,승용,남,51세,상해없음
2021040200100596,2021년 4월 2일 21시,금요일,경상남도 하동군 옥종면,경상사고,0,0,1,0,차대사람 - 기타,안전운전불이행,건조,맑음,단일로 - 기타,승용,남,57세,상해없음,보행자,여,68세,경상
2021040300100044,2021년 4월 3일 04시,토요일,경상남도 김해시 대동면,경상사고,0,0,1,0,차대차 - 추돌,안전운전불이행,건조,맑음,단일로 - 기타,화물,남,55세,상해없음,화물,남,61세,경상
2021040300100066,2021년 4월 3일 07시,토요일,경상남도 거제시 고현동,중상사고,0,1,0,0,차대차 - 측면충돌,교차로운행방법위반,건조,맑음,교차로 - 교차로안,승합,남,24세,상해없음,이륜,남,44세,중상
2021040300100087,2021년 4월 3일 09시,토요일,경상남도 창원시 진해구 소사동,중상사고,0,1,0,0,차대사람 - 기타,안전운전불이행,건조,맑음,단일로 - 기타,건설기계,남,49세,상해없음,보행자,남,52세,중상
2021040300100096,2021년 4월 3일 09시,토요일,경상남도 창원시 성산구 대원동,경상사고,0,0,1,0,차대차 - 추돌,안전운전불이행,건조,맑음,단일로 - 교량,승용,남,63세,상해없음,승용,남,29세,경상
2021040300100147,2021년 4월 3일 11시,토요일,경상남도 창원시 진해구 경화동,경상사고,0,0,3,0,차대차 - 측면충돌,교차로운행방법위반,건조,맑음,교차로 - 교차로안,승용,남,25세,경상,승용,남,54세,경상
2021040300100148,2021년 4월 3일 11시,토요일,경상남도 창녕군 유어면,중상사고,0,1,0,0,차대차 - 측면충돌,안전운전불이행,건조,흐림,기타 - 기타,화물,남,57세,상해없음,화물,남,78세,중상