사고번호,사고일시,요일,시군구,사고내용,사망자수,중상자수,경상자수,부상신고자수,사고유형,법규위반,노면상태,기상상태,도로형태,가해운전자 차종,가해운전자 성별,가해운전자 연령,가해운전자 상해정도,피해운전자 차종,피해운전자 성별,피해운전자 연령,피해운전자 상해정도
2021040300100149,2021년 4월 3일 11시,토요일,경상남도 양산시 신기동,경상사고,0,0,3,0,차대차 - 추돌,안전거리미확보,젖음/습기,비,단일로 - 기타,승용,남,51세,상해없음,승용,남,67세,경상
2021040300100150,2021년 4월 3일 11시,토요일,경상남도 거제시 고현동,경상사고,0,0,1,0,차대차 - 측면충돌,안전운전불이행,젖음/습기,비,단일로 - 기타,승용,여,51세,상해없음,이륜,남,37세,경상
2021040300100151,2021년 4월 3일 11시,토요일,경상남도 산청군 단성면,사망사고,1,3,0,0,차대차 - 정면충돌,기타,젖음/습기,비,단일로 - 기타,화물,남,19세,중상,승용,여,56세,사망
2021040300100152,2021년 4월 3일 11시,토요일,경상남도 창원시 의창구 팔용동,중상사고,0,1,0,0,차대차 - 기타,안전운전불이행,건조,맑음,교차로 - 교차로안,승용,여,26세,상해없음,원동기,남,44세,중상
2021040300100153,2021년 4월 3일 11시,토요일,경상남도 김해시 화목동,중상사고,0,1,0,0,차대차 - 측면충돌,안전운전불이행,젖음/습기,흐림,교차로 - 교차로안,화물,남,54세,상해없음,이륜,남,62세,중상
2021040300100190,2021년 4월 3일 12시,토요일,경상남도 사천시 벌리동,경상사고,0,0,1,0,차대차 - 측면충돌,안전운전불이행,젖음/습기,비,교차로 - 교차로부근,이륜,남,33세,경상,승용,남,25세,상해없음
2021040300100191,2021년 4월 3일 12시,토요일,경상남도 김해시 삼계동,경상사고,0,0,1,0,차대차 - 기타,안전운전불이행,젖음/습기,비,단일로 - 기타,승용,여,50세,상해없음,이륜,남,32세,경상
2021040300100192,2021년 4월 3일 12시,토요일,경상남도 양산시 주진동,중상사고,0,1,0,0,차대차 - 측면충돌,신호위반,건조,맑음,기타 - 기타,승용,여,40세,상해없음,이륜,남,30세,중상
2021040300100221,2021년 4월 3일 13시,토요일,경상남도 김해시 대동면,경상사고,0,0,2,0,차대차 - 측면충돌,안전운전불이행,젖음/습기,비,단일로 - 기타,화물,남,62세,상해없음,승용,남,68세,경상
2021040300100243,2021년 4월 3일 13시,토요일,경상남도 창녕군 도천면,중상사고,0,1,1,0,차대차 - 측면충돌,기타,젖음/습기,비,기타 - 기타,승용,남,34세,상해없음,승용,여,49세,중상
2021040300100244,2021년 4월 3일 13시,토요일,경상남도 양산시 중부동,중상사고,0,1,0,0,차대차 - 측면충돌,안전운전불이행,젖음/습기,비,교차로 - 교차로부근,승용,여,44세,상해없음,이륜,남,31세,중상
2021040300100245,2021년 4월 3일 13시,토요일,경상남도 김해시 전하동,중상사고,0,1,1,0,차대차 - 측면충돌,직진우회전진행방해,건조,맑음,교차로 - 교차로안,승용,여,37세,상해없음,승용,남,56세,중상
2021040300100313,2021년 4월 3일 15시,토요일,경상남도 창원시 마산합포구 두월동2가,중상사고,0,1,0,0,차대사람 - 기타,신호위반,젖음/습기,비,교차로 - 교차로안,승용,남,48세,상해없음,보행자,남,63세,중상
2021040300100314,2021년 4월 3일 15시,토요일,경상남도 함양군 함양읍,중상사고,0,1,0,0,차대차 - 측면충돌,신호위반,젖음/습기,비,교차로 - 교차로안,화물,남,72세,상해없음,자전거,남,66세,중상
2021040300100350,2021년 4월 3일 16시,토요일,경상남도 거창군 거창읍,경상사고,0,0,1,0,차대사람 - 기타,안전운전불이행,젖음/습기,비,단일로 - 기타,승용,남,53세,상해없음,보행자,여,68세,경상
2021040300100384,2021년 4월 3일 17시,토요일,경상남도 김해시 무계동,중상사고,0,1,0,0,차대사람 - 기타,안전운전불이행,젖음/습기,비,단일로 - 기타,승용,남,67세,기타불명,보행자,여,61세,중상
2021040300100415,2021년 4월 3일 18시,토요일,경상남도 김해시 지내동,중상사고,0,1,0,0,차대차 - 기타,교차로운행방법위반,젖음/습기,비,교차로 - 교차로안,이륜,남,22세,상해없음,이륜,남,38세,중상
2021040300100416,2021년 4월 3일 18시,토요일,경상남도 김해시 구산동,중상사고,0,1,0,0,차대사람 - 횡단중,보행자보호의무위반,젖음/습기,비,교차로 - 교차로횡단보도내,이륜,남,21세,상해없음,보행자,여,45세,중상
2021040300100459,2021년 4월 3일 19시,토요일,경상남도 양산시 중부동,부상신고사고,0,0,0,1,차대차 - 측면충돌,안전운전불이행,젖음/습기,비,교차로 - 교차로안,승용,남,36세,상해없음,원동기,남,20세,부상신고
2021040300100460,2021년 4월 3일 19시,토요일,경상남도 창원시 의창구 도계동,경상사고,0,0,1,0,차대차 - 기타,안전운전불이행,젖음/습기,비,단일로 - 기타,승용,여,35세,상해없음,원동기,남,36세,경상
2021040300100499,2021년 4월 3일 20시,토요일,경상남도 창원시 마산합포구 산호동,경상사고,0,0,2,4,차대차 - 측면충돌,신호위반,젖음/습기,비,교차로 - 교차로안,승용,여,44세,상해없음,승용,남,24세,부상신고
2021040300100542,2021년 4월 3일 21시,토요일,경상남도 창원시 진해구 자은동,중상사고,0,1,0,0,차대사람 - 보도통행중,신호위반,젖음/습기,비,교차로 - 교차로횡단보도내,승용,여,55세,상해없음,보행자,여,66세,중상
2021040300100543,2021년 4월 3일 21시,토요일,경상남도 김해시 삼계동,중상사고,0,1,0,0,차대차 - 기타,안전운전불이행,젖음/습기,비,단일로 - 기타,승용,남,39세,상해없음,이륜,남,31세,중상
2021040300100544,2021년 4월 3일 21시,토요일,경상남도 김해시 내동,중상사고,0,1,2,0,차대차 - 측면충돌,안전운전불이행,젖음/습기,비,교차로 - 교차로안,승용,남,29세,경상,승합,남,65세,경상
2021040300100545,2021년 4월 3일 21시,토요일,경상남도 거제시 아주동,경상사고,0,0,1,0,차대차 - 측면충돌,안전운전불이행,젖음/습기,비,단일로 - 기타,승용,남,38세,상해없음,승용,남,70세,경상
2021040300100594,2021년 4월 3일 22시,토요일,경상남도 양산시 남부동,경상사고,0,0,1,0,차대차 - 측면충돌,안전거리미확보,젖음/습기,비,단일로 - 기타,화물,남,64세,상해없음,승용,남,28세,경상
2021040300100595,2021년 4월 3일 22시,토요일,경상남도 창원시 성산구 사파동,중상사고,0,1,0,0,차대사람 - 횡단중,안전운전불이행,젖음/습기,비,교차로 - 교차로횡단보도내,이륜,남,56세,상해없음,보행자,여,24세,중상
2021040300100626,2021년 4월 3일 23시,토요일,경상남도 남해군 창선면,경상사고,0,0,1,0,차량단독 - 공작물충돌,안전운전불이행,젖음/습기,비,단일로 - 기타,승용,여,61세,경상,,,,
2021040400100019,2021년 4월 4일 01시,일요일,경상남도 김해시 대동면,경상사고,0,0,1,0,차대차 - 기타,안전운전불이행,젖음/습기,비,단일로 - 기타,화물,남,44세,경상,승용,남,63세,기타불명
2021040400100020,2021년 4월 4일 01시,일요일,경상남도 김해시 동상동,중상사고,0,1,2,0,차대차 - 기타,중앙선침범,젖음/습기,비,단일로 - 기타,승용,여,54세,중상,승용,남,39세,경상
2021040400100021,2021년 4월 4일 01시,일요일,경상남도 창원시 성산구 상남동,중상사고,0,1,0,0,차대사람 - 차도통행중,안전운전불이행,건조,흐림,단일로 - 기타,승용,남,30세,상해없음,보행자,남,48세,중상
2021040400100042,2021년 4월 4일 04시,일요일,경상남도 양산시 동면,사망사고,1,0,0,0,차량단독 - 공작물충돌,안전운전불이행,젖음/습기,비,단일로 - 기타,승용,남,28세,사망,,,,
2021040400100046,2021년 4월 4일 05시,일요일,경상남도 김해시 동상동,중상사고,0,1,0,0,차량단독 - 기타,안전운전불이행,젖음/습기,비,단일로 - 기타,이륜,남,26세,중상,,,,
2021040400100051,2021년 4월 4일 06시,일요일,경상남도 사천시 사천읍,중상사고,0,1,0,0,차량단독 - 공작물충돌,안전운전불이행,젖음/습기,비,단일로 - 기타,승용,여,56세,중상,,,,
2021040400100063,2021년 4월 4일 08시,일요일,경상남도 사천시 동금동,중상사고,0,1,0,0,차대사람 - 차도통행중,안전운전불이행,건조,맑음,단일로 - 기타,승합,남,55세,상해없음,보행자,남,47세,중상
2021040400100064,2021년 4월 4일 08시,일요일,경상남도 남해군 남해읍,중상사고,0,1,0,1,차대차 - 측면충돌,직진우회전진행방해,젖음/습기,흐림,교차로 - 교차로안,승합,남,64세,부상신고,이륜,남,73세,중상
2021040400100077,2021년 4월 4일 09시,일요일,경상남도 밀양시 상남면,경상사고,0,0,4,0,차대차 - 측면충돌,안전운전불이행,젖음/습기,맑음,교차로 - 교차로부근,승합,남,68세,경상,승용,여,48세,경상
2021040400100078,2021년 4월 4일 09시,일요일,경상남도 하동군 하동읍,경상사고,0,0,1,0,차량단독 - 기타,안전운전불이행,젖음/습기,비,교차로 - 교차로부근,이륜,남,54세,경상,,,,
2021040400100079,2021년 4월 4일 09시,일요일,경상남도 창원시 성산구 상남동,경상사고,0,0,1,0,차대차 - 측면충돌,안전운전불이행,젖음/습기,비,교차로 - 교차로안,승용,남,66세,상해없음,승용,여,50세,경상
2021040400100096,2021년 4월 4일 10시,일요일,경상남도 진주시 가좌동,부상신고사고,0,0,0,1,차대차 - 측면충돌,교차로운행방법위반,젖음/습기,흐림,교차로 - 교차로안,승용,남,31세,상해없음,승용,남,40세,부상신고
2021040400100109,2021년 4월 4일 11시,일요일,경상남도 사천시 죽림동,경상사고,0,0,1,0,차량단독 - 공작물충돌,안전운전불이행,젖음/습기,비,교차로 - 교차로안,승용,남,66세,상해없음,,,,
2021040400100134,2021년 4월 4일 12시,일요일,경상남도 통영시 산양읍,경상사고,0,0,1,0,차대사람 - 기타,기타,젖음/습기,비,단일로 - 기타,화물,남,65세,상해없음,보행자,여,65세,경상
2021040400100135,2021년 4월 4일 12시,일요일,경상남도 의령군 정곡면,경상사고,0,0,1,0,차대차 - 정면충돌,중앙선침범,젖음/습기,흐림,단일로 - 기타,화물,남,62세,상해없음,승용,남,27세,경상
2021040400100136,2021년 4월 4일 12시,일요일,경상남도 창원시 의창구 동읍,사망사고,1,0,0,0,차량단독 - 전도전복 - 전복,안전운전불이행,젖음/습기,흐림,단일로 - 기타,화물,남,61세,사망,,,,
2021040400100231,2021년 4월 4일 15시,일요일,경상남도 통영시 북신동,경상사고,0,0,2,0,차대차 - 추돌,안전운전불이행,젖음/습기,비,교차로 - 교차로부근,승용,남,50세,상해없음,승합,남,59세,경상
2021040400100232,2021년 4월 4일 15시,일요일,경상남도 거제시 상동동,경상사고,0,0,2,0,차대차 - 추돌,안전거리미확보,젖음/습기,비,교차로 - 교차로안,이륜,남,38세,상해없음,승용,남,22세,경상
2021040400100264,2021년 4월 4일 16시,일요일,경상남도 사천시 대방동,중상사고,0,1,0,0,차대차 - 측면충돌,안전운전불이행,건조,맑음,단일로 - 교량,이륜,남,56세,중상,화물,남,65세,상해없음
2021040400100265,2021년 4월 4일 16시,일요일,경상남도 남해군 설천면,중상사고,0,1,0,0,차대사람 - 기타,안전운전불이행,건조,맑음,단일로 - 기타,승용,여,38세,상해없음,보행자,남,74세,중상
2021040400100289,2021년 4월 4일 17시,일요일,경상남도 김해시 구산동,중상사고,0,1,0,0,차대사람 - 차도통행중,안전운전불이행,건조,맑음,단일로 - 기타,승용,남,30세,상해없음,보행자,남,34세,중상
2021040400100290,2021년 4월 4일 17시,일요일,경상남도 창원시 의창구 동읍,경상사고,0,0,2,0,차대차 - 기타,안전운전불이행,건조,맑음,단일로 - 기타,승용,남,27세,상해없음,화물,남,49세,경상
2021040400100340,2021년 4월 4일 19시,일요일,경상남도 거제시 연초면,경상사고,0,0,1,0,차량단독 - 공작물충돌,안전운전불이행,건조,맑음,교차로 - 교차로안,승용,남,48세,경상,,,,
2021040400100341,2021년 4월 4일 19시,일요일,경상남도 김해시 삼문동,중상사고,0,1,0,0,차대차 - 정면충돌,신호위반,건조,맑음,교차로 - 교차로안,승용,남,36세,상해없음,이륜,남,33세,중상
2021040400100363,2021년 4월 4일 20시,일요일,경상남도 사천시 향촌동,경상사고,0,0,1,0,차대차 - 측면충돌,안전운전불이행,건조,맑음,단일로 - 기타,승용,남,47세,상해없음,원동기,남,41세,경상
2021040500100016,2021년 4월 5일 02시,월요일,경상남도 김해시 불암동,중상사고,0,1,0,0,차대차 - 추돌,안전운전불이행,건조,맑음,단일로 - 기타,승용,남,38세,상해없음,승용,남,43세,중상
2021040500100019,2021년 4월 5일 02시,월요일,경상남도 진주시 상봉동,중상사고,0,1,0,0,차대차 - 측면충돌,안전운전불이행,건조,맑음,단일로 - 기타,승용,남,55세,상해없음,원동기,남,41세,중상
2021040500100026,2021년 4월 5일 04시,월요일,경상남도 창원시 성산구 상남동,경상사고,0,0,1,0,차대차 - 측면충돌,신호위반,건조,맑음,교차로 - 교차로안,승용,남,67세,상해없음,이륜,남,40세,경상
2021040500100032,2021년 4월 5일 05시,월요일,경상남도 거제시 고현동,중상사고,0,1,0,0,차대차 - 추돌,안전운전불이행,건조,맑음,단일로 - 기타,승용,남,72세,상해없음,이륜,남,49세,중상
2021040500100053,2021년 4월 5일 06시,월요일,경상남도 통영시 북신동,경상사고,0,0,1,0,차대차 - 추돌,안전운전불이행,건조,맑음,단일로 - 기타,승용,남,54세,상해없음,승용,남,69세,경상
2021040500100074,2021년 4월 5일 07시,월요일,경상남도 진주시 호탄동,경상사고,0,0,1,0,차대차 - 측면충돌,안전운전불이행,건조,맑음,교차로 - 교차로안,승용,여,61세,상해없음,승용,여,49세,경상
2021040500100075,2021년 4월 5일 07시,월요일,경상남도 창녕군 부곡면,중상사고,0,1,0,0,차대차 - 측면충돌,기타,건조,맑음,단일로 - 기타,승용,여,67세,상해없음,이륜,여,65세,중상
2021040500100076,2021년 4월 5일 07시,월요일,경상남도 남해군 이동면,경상사고,0,0,1,0,차량단독 - 공작물충돌,안전운전불이행,건조,맑음,교차로 - 교차로안,승용,남,57세,경상,,,,
2021040500100077,2021년 4월 5일 07시,월요일,경상남도 창원시 마산회원구 양덕동,중상사고,0,1,0,0,차대사람 - 횡단중,보행자보호의무위반,건조,맑음,교차로 - 교차로횡단보도내,승합,남,26세,상해없음,보행자,여,45세,중상
2021040500100114,2021년 4월 5일 08시,월요일,경상남도 고성군 고성읍,경상사고,0,0,1,0,차량단독 - 공작물충돌,안전운전불이행,건조,맑음,단일로 - 기타,승용,여,48세,상해없음,,,,
2021040500100115,2021년 4월 5일 08시,월요일,경상남도 고성군 고성읍,경상사고,0,0,1,0,차대차 - 측면충돌,차로위반,건조,맑음,단일로 - 기타,화물,남,66세,상해없음,자전거,남,14세,경상
2021040500100155,2021년 4월 5일 09시,월요일,경상남도 창원시 마산회원구 구암동,중상사고,0,1,0,0,차대사람 - 횡단중,안전운전불이행,건조,맑음,교차로 - 교차로부근,이륜,남,41세,상해없음,보행자,여,67세,중상
2021040500100193,2021년 4월 5일 10시,월요일,경상남도 통영시 광도면,부상신고사고,0,0,0,1,차량단독 - 공작물충돌,안전운전불이행,건조,맑음,단일로 - 기타,승용,남,56세,부상신고,,,,
2021040500100194,2021년 4월 5일 10시,월요일,경상남도 고성군 영오면,경상사고,0,0,2,0,차대차 - 측면충돌,신호위반,건조,맑음,교차로 - 교차로안,화물,남,75세,상해없음,화물,남,82세,경상
2021040500100225,2021년 4월 5일 11시,월요일,경상남도 창원시 마산합포구 완월동,중상사고,0,1,0,0,차대사람 - 횡단중,보행자보호의무위반,건조,맑음,교차로 - 교차로횡단보도내,승용,남,73세,상해없음,보행자,남,77세,중상
2021040500100254,2021년 4월 5일 12시,월요일,경상남도 거제시 고현동,경상사고,0,0,1,0,차대차 - 추돌,안전운전불이행,건조,맑음,교차로 - 교차로부근,승용,남,68세,상해없음,승용,여,25세,경상
2021040500100255,2021년 4월 5일 12시,월요일,경상남도 창원시 마산회원구 석전동,경상사고,0,0,1,0,차대사람 - 보도통행중,기타,건조,맑음,단일로 - 교량,이륜,남,28세,상해없음,보행자,여,35세,경상
2021040500100256,2021년 4월 5일 12시,월요일,경상남도 김해시 부곡동,사망사고,1,0,0,0,차대사람 - 차도통행중,신호위반,건조,맑음,교차로 - 교차로부근,화물,남,59세,상해없음,보행자,남,62세,사망
2021040500100288,2021년 4월 5일 13시,월요일,경상남도 창녕군 창녕읍,경상사고,0,0,1,0,차대사람 - 횡단중,보행자보호의무위반,건조,맑음,교차로 - 교차로횡단보도내,승용,남,52세,기타불명,보행자,남,7세,경상
2021040500100289,2021년 4월 5일 13시,월요일,경상남도 함양군 서상면,경상사고,0,0,4,0,차대차 - 추돌,안전운전불이행,건조,맑음,단일로 - 지하차도(도로)내,승용,남,62세,경상,승용,여,37세,경상
2021040500100290,2021년 4월 5일 13시,월요일,경상남도 함안군 산인면,중상사고,0,1,0,0,차대차 - 추돌,안전운전불이행,건조,맑음,단일로 - 기타,승용,여,53세,상해없음,자전거,남,79세,중상
2021040500100330,2021년 4월 5일 14시,월요일,경상남도 창원시 진해구 경화동,중상사고,0,1,0,0,차대사람 - 기타,안전운전불이행,건조,맑음,단일로 - 기타,자전거,남,13세,상해없음,보행자,여,69세,중상
2021040500100331,2021년 4월 5일 14시,월요일,경상남도 함양군 안의면,중상사고,0,1,0,0,차대사람 - 차도통행중,안전운전불이행,건조,맑음,단일로 - 기타,건설기계,남,52세,상해없음,보행자,여,90세,중상
2021040500100332,2021년 4월 5일 14시,월요일,경상남도 양산시 물금읍,경상사고,0,0,1,0,차대차 - 측면충돌,신호위반,건조,맑음,교차로 - 교차로안,승용,남,63세,상해없음,화물,남,27세,경상
2021040500100378,2021년 4월 5일 15시,월요일,경상남도 진주시 충무공동,경상사고,0,0,1,0,차대차 - 정면충돌,신호위반,건조,맑음,교차로 - 교차로안,승용,남,37세,상해없음,승용,여,34세,경상
2021040500100379,2021년 4월 5일 15시,월요일,경상남도 양산시 삼호동,경상사고,0,0,1,0,차대사람 - 횡단중,안전운전불이행,건조,맑음,교차로 - 교차로안,승용,남,45세,상해없음,보행자,남,29세,경상
2021040500100421,2021년 4월 5일 16시,월요일,경상남도 통영시 광도면,경상사고,0,0,1,0,차대차 - 추돌,안전거리미확보,건조,맑음,교차로 - 교차로부근,화물,남,51세,상해없음,승용,여,49세,경상
2021040500100467,2021년 4월 5일 17시,월요일,경상남도 진주시 하대동,경상사고,0,0,1,0,차대차 - 측면충돌,안전운전불이행,건조,맑음,교차로 - 교차로안,승합,남,67세,상해없음,승용,여,25세,경상
2021040500100469,2021년 4월 5일 17시,월요일,경상남도 밀양시 상남면,경상사고,0,0,2,0,차대차 - 정면충돌,안전운전불이행,건조,맑음,단일로 - 기타,승용,여,56세,경상,승용,여,55세,경상
2021040500100470,2021년 4월 5일 17시,월요일,경상남도 김해시 삼계동,경상사고,0,0,1,0,차대차 - 추돌,신호위반,건조,맑음,교차로 - 교차로안,승용,여,55세,상해없음,이륜,남,27세,경상
2021040500100471,2021년 4월 5일 17시,월요일,경상남도 김해시 삼정동,경상사고,0,0,1,0,차대차 - 측면충돌,안전운전불이행,건조,맑음,교차로 - 교차로부근,승용,여,55세,상해없음,자전거,남,7세,경상
2021040500100472,2021년 4월 5일 17시,월요일,경상남도 양산시 삼호동,경상사고,0,0,1,0,차대차 - 추돌,안전운전불이행,건조,맑음,단일로 - 기타,승용,남,61세,상해없음,원동기,남,29세,경상
2021040500100473,2021년 4월 5일 17시,월요일,경상남도 창원시 의창구 팔용동,경상사고,0,0,1,0,차대차 - 측면충돌,교차로운행방법위반,건조,맑음,교차로 - 교차로안,승용,여,36세,상해없음,승용,남,36세,경상
2021040500100523,2021년 4월 5일 18시,월요일,경상남도 진주시 대곡면,경상사고,0,0,2,0,차대차 - 정면충돌,중앙선침범,건조,맑음,단일로 - 기타,승용,여,41세,상해없음,승용,여,63세,경상
2021040500100542,2021년 4월 5일 19시,월요일,경상남도 양산시 물금읍,중상사고,0,1,1,0,차대차 - 추돌,기타,건조,맑음,단일로 - 기타,승용,기타불명,미분류,기타불명,승용,남,48세,중상
2021040500100566,2021년 4월 5일 19시,월요일,경상남도 진주시 강남동,중상사고,0,1,0,0,차대차 - 측면충돌,교차로운행방법위반,건조,맑음,교차로 - 교차로안,이륜,남,52세,중상,승용,남,38세,상해없음
2021040500100567,2021년 4월 5일 19시,월요일,경상남도 창원시 진해구 풍호동,경상사고,0,0,1,0,차대차 - 기타,신호위반,건조,기타,교차로 - 교차로안,자전거,여,41세,경상,승용,남,75세,상해없음
2021040500100568,2021년 4월 5일 19시,월요일,경상남도 김해시 한림면,중상사고,0,1,0,0,차대사람 - 횡단중,안전운전불이행,건조,맑음,교차로 - 교차로안,승용,여,62세,상해없음,보행자,여,65세,중상
2021040600100004,2021년 4월 6일 00시,화요일,경상남도 창원시 성산구 신월동,중상사고,0,2,0,0,차대차 - 측면충돌,신호위반,건조,맑음,교차로 - 교차로안,승용,남,31세,상해없음,승용,남,59세,상해없음
2021040600100009,2021년 4월 6일 01시,화요일,경상남도 창원시 마산합포구 우산동,경상사고,0,0,1,0,차량단독 - 공작물충돌,안전운전불이행,건조,맑음,단일로 - 고가도로위,승용,남,25세,상해없음,,,,
2021040600100015,2021년 4월 6일 02시,화요일,경상남도 창원시 진해구 자은동,중상사고,0,3,2,0,차대차 - 추돌,기타,건조,맑음,단일로 - 기타,승용,남,25세,상해없음,승용,남,21세,중상
2021040600100033,2021년 4월 6일 06시,화요일,경상남도 창원시 마산합포구 덕동동,중상사고,0,1,0,0,차량단독 - 공작물충돌,안전운전불이행,건조,맑음,단일로 - 기타,승용,여,56세,중상,,,,
2021040600100034,2021년 4월 6일 06시,화요일,경상남도 의령군 대의면,중상사고,0,1,0,0,차대차 - 기타,안전운전불이행,건조,맑음,교차로 - 교차로안,화물,남,76세,중상,건설기계,남,62세,상해없음
2021040600100055,2021년 4월 6일 07시,화요일,경상남도 양산시 덕계동,중상사고,0,1,0,0,차대차 - 정면충돌,교차로운행방법위반,건조,맑음,교차로 - 교차로안,승용,여,44세,상해없음,이륜,남,72세,중상
2021040600100056,2021년 4월 6일 07시,화요일,경상남도 거제시 아주동,경상사고,0,0,1,0,차대차 - 기타,신호위반,건조,맑음,교차로 - 교차로횡단보도내,승용,남,37세,상해없음,자전거,남,26세,경상
2021040600100092,2021년 4월 6일 08시,화요일,경상남도 산청군 시천면,중상사고,0,1,0,0,차량단독 - 도로외이탈 - 추락,안전운전불이행,젖음/습기,맑음,단일로 - 기타,화물,여,60세,중상,,,,
2021040600100093,2021년 4월 6일 08시,화요일,경상남도 창원시 성산구 신월동,경상사고,0,0,1,0,차대사람 - 기타,안전운전불이행,건조,맑음,단일로 - 기타,승용,남,32세,상해없음,보행자,여,32세,경상
2021040600100121,2021년 4월 6일 09시,화요일,경상남도 김해시 진영읍,경상사고,0,0,1,0,차대차 - 측면충돌,안전운전불이행,건조,맑음,교차로 - 교차로부근,이륜,남,16세,경상,승용,여,56세,상해없음
2021040600100152,2021년 4월 6일 10시,화요일,경상남도 진주시 대곡면,중상사고,0,1,0,0,차대사람 - 기타,안전운전불이행,건조,맑음,기타 - 기타,화물,남,53세,상해없음,보행자,여,79세,중상
2021040600100181,2021년 4월 6일 11시,화요일,경상남도 통영시 도산면,중상사고,0,1,0,0,차량단독 - 전도전복 - 전도,안전운전불이행,건조,맑음,기타 - 기타,이륜,남,44세,중상,,,,
2021040600100206,2021년 4월 6일 12시,화요일,경상남도 창원시 진해구 풍호동,경상사고,0,0,1,0,차대차 - 측면충돌,안전운전불이행,건조,맑음,교차로 - 교차로안,승용,남,61세,상해없음,이륜,남,39세,경상
2021040600100207,2021년 4월 6일 12시,화요일,경상남도 통영시 용남면,경상사고,0,0,1,0,차대차 - 측면충돌,신호위반,건조,맑음,단일로 - 기타,승합,남,73세,상해없음,승용,남,47세,경상
2021040600100208,2021년 4월 6일 12시,화요일,경상남도 밀양시 산외면,경상사고,0,0,2,0,차대차 - 측면충돌,교차로운행방법위반,건조,맑음,교차로 - 교차로안,승용,여,63세,상해없음,승용,남,83세,경상
2021040600100238,2021년 4월 6일 13시,화요일,경상남도 밀양시 하남읍,경상사고,0,0,2,0,차대차 - 기타,기타,건조,맑음,단일로 - 기타,건설기계,남,45세,상해없음,승용,남,54세,경상
2021040600100239,2021년 4월 6일 13시,화요일,경상남도 김해시 내동,부상신고사고,0,0,0,1,차대차 - 기타,신호위반,건조,맑음,교차로 - 교차로안,승용,여,35세,상해없음,이륜,남,25세,부상신고
2021040600100269,2021년 4월 6일 14시,화요일,경상남도 사천시 사천읍,경상사고,0,0,2,0,차대차 - 측면충돌,교차로운행방법위반,건조,맑음,교차로 - 교차로부근,승용,남,52세,경상,승용,남,63세,경상
2021040600100270,2021년 4월 6일 14시,화요일,경상남도 거제시 사등면,중상사고,0,1,0,0,차대차 - 측면충돌,신호위반,건조,맑음,단일로 - 기타,이륜,남,83세,중상,승용,여,37세,상해없음
2021040600100313,2021년 4월 6일 15시,화요일,경상남도 창원시 의창구 사림동,중상사고,0,1,0,0,차대사람 - 기타,안전운전불이행,건조,맑음,교차로 - 교차로안,화물,남,70세,상해없음,보행자,남,8세,중상
2021040600100314,2021년 4월 6일 15시,화요일,경상남도 창원시 마산회원구 양덕동,중상사고,0,1,0,0,차대차 - 정면충돌,신호위반,건조,맑음,교차로 - 교차로부근,승용,여,49세,상해없음,자전거,남,78세,중상
2021040600100348,2021년 4월 6일 16시,화요일,경상남도 밀양시 상남면,경상사고,0,0,1,0,차대차 - 추돌,안전운전불이행,건조,맑음,단일로 - 기타,승용,남,42세,상해없음,화물,남,61세,상해없음
2021040600100349,2021년 4월 6일 16시,화요일,경상남도 산청군 신안면,중상사고,0,2,0,0,차대차 - 측면충돌,교차로운행방법위반,건조,맑음,교차로 - 교차로안,승용,남,31세,상해없음,승용,남,70세,중상
2021040600100392,2021년 4월 6일 17시,화요일,경상남도 통영시 북신동,경상사고,0,0,1,2,차대차 - 추돌,안전거리미확보,건조,맑음,단일로 - 기타,승용,남,74세,상해없음,승용,남,51세,상해없음
2021040600100393,2021년 4월 6일 17시,화요일,경상남도 김해시 삼방동,경상사고,0,0,2,0,차대차 - 기타,신호위반,건조,맑음,교차로 - 교차로안,원동기,남,16세,경상,원동기,남,17세,경상
2021040600100394,2021년 4월 6일 17시,화요일,경상남도 고성군 동해면,경상사고,0,0,1,0,차대차 - 측면충돌,안전운전불이행,건조,맑음,교차로 - 교차로안,승용,남,80세,상해없음,화물,남,43세,경상
2021040600100429,2021년 4월 6일 18시,화요일,경상남도 창원시 마산합포구 월남동3가,경상사고,0,0,1,0,차대차 - 측면충돌,교차로운행방법위반,건조,맑음,교차로 - 교차로안,이륜,남,41세,경상,승용,남,56세,상해없음
2021040600100430,2021년 4월 6일 18시,화요일,경상남도 창원시 진해구 대흥동,중상사고,0,1,1,0,차대차 - 기타,교차로운행방법위반,건조,맑음,교차로 - 교차로안,이륜,남,48세,중상,승용,여,30세,경상
2021040600100431,2021년 4월 6일 18시,화요일,경상남도 양산시 삼호동,경상사고,0,0,1,0,차대사람 - 차도통행중,안전운전불이행,건조,맑음,교차로 - 교차로안,승용,남,70세,상해없음,보행자,남,15세,경상
2021040600100432,2021년 4월 6일 18시,화요일,경상남도 김해시 무계동,경상사고,0,0,1,0,차대차 - 추돌,안전운전불이행,건조,맑음,단일로 - 기타,승용,남,41세,상해없음,화물,남,30세,경상
2021040600100515,2021년 4월 6일 20시,화요일,경상남도 하동군 횡천면,중상사고,0,1,1,0,차대차 - 추돌,안전거리미확보,건조,기타,단일로 - 기타,승용,남,59세,기타불명,승용,여,25세,중상
2021040600100561,2021년 4월 6일 22시,화요일,경상남도 양산시 교동,중상사고,0,1,0,0,차대차 - 정면충돌,교차로운행방법위반,건조,맑음,교차로 - 교차로안,승용,여,61세,상해없음,이륜,남,16세,중상
2021040700100010,2021년 4월 7일 01시,수요일,경상남도 창원시 마산합포구 오동동,중상사고,0,1,0,0,차대사람 - 기타,안전운전불이행,건조,맑음,교차로 - 교차로횡단보도내,승용,남,63세,상해없음,보행자,여,52세,중상