사고번호,사고일시,요일,시군구,사고내용,사망자수,중상자수,경상자수,부상신고자수,사고유형,법규위반,노면상태,기상상태,도로형태,가해운전자 차종,가해운전자 성별,가해운전자 연령,가해운전자 상해정도,피해운전자 차종,피해운전자 성별,피해운전자 연령,피해운전자 상해정도
2021040700100131,2021년 4월 7일 09시,수요일,경상남도 창원시 진해구 석동,경상사고,0,0,1,0,차대차 - 측면충돌,안전운전불이행,건조,맑음,단일로 - 기타,승용,남,46세,상해없음,승용,남,23세,경상
2021040700100165,2021년 4월 7일 10시,수요일,경상남도 양산시 동면,중상사고,0,1,0,0,차대사람 - 차도통행중,안전운전불이행,건조,맑음,교차로 - 교차로부근,승용,여,41세,상해없음,보행자,남,54세,중상
2021040700100196,2021년 4월 7일 11시,수요일,경상남도 산청군 산청읍,경상사고,0,0,1,0,차대차 - 측면충돌,교차로운행방법위반,건조,맑음,교차로 - 교차로안,화물,남,46세,상해없음,화물,남,76세,경상
2021040700100229,2021년 4월 7일 12시,수요일,경상남도 밀양시 하남읍,경상사고,0,0,1,0,차대차 - 측면충돌,안전운전불이행,건조,맑음,교차로 - 교차로부근,승용,여,55세,상해없음,승용,여,30세,경상
2021040700100230,2021년 4월 7일 12시,수요일,경상남도 의령군 의령읍,중상사고,0,1,0,0,차대차 - 측면충돌,직진우회전진행방해,건조,맑음,교차로 - 교차로안,승용,남,55세,상해없음,승용,여,75세,중상
2021040700100258,2021년 4월 7일 13시,수요일,경상남도 의령군 칠곡면,중상사고,0,1,3,0,차대차 - 측면충돌,불법유턴,건조,맑음,단일로 - 기타,이륜,남,87세,중상,화물,남,63세,경상
2021040700100293,2021년 4월 7일 14시,수요일,경상남도 통영시 도산면,중상사고,0,1,1,0,차대차 - 측면충돌,안전운전불이행,건조,맑음,단일로 - 기타,승용,여,41세,상해없음,승용,여,43세,상해없음
2021040700100334,2021년 4월 7일 15시,수요일,경상남도 통영시 용남면,경상사고,0,0,1,0,차대차 - 측면충돌,중앙선침범,건조,맑음,교차로 - 교차로부근,승용,남,68세,상해없음,승용,남,67세,경상
2021040700100335,2021년 4월 7일 15시,수요일,경상남도 김해시 삼계동,경상사고,0,0,1,0,차대차 - 추돌,안전운전불이행,건조,맑음,단일로 - 기타,승용,여,59세,경상,승용,남,65세,기타불명
2021040700100336,2021년 4월 7일 15시,수요일,경상남도 하동군 적량면,중상사고,0,1,0,0,차량단독 - 전도전복 - 전도,안전운전불이행,건조,맑음,단일로 - 기타,화물,남,63세,기타불명,,,,
2021040700100337,2021년 4월 7일 15시,수요일,경상남도 하동군 횡천면,중상사고,0,1,0,0,차대차 - 기타,신호위반,건조,맑음,교차로 - 교차로안,승용,남,39세,상해없음,승용,여,58세,중상
2021040700100338,2021년 4월 7일 15시,수요일,경상남도 거제시 고현동,중상사고,0,1,0,0,차대사람 - 차도통행중,안전운전불이행,건조,맑음,단일로 - 기타,승합,남,55세,상해없음,보행자,여,66세,중상
2021040700100339,2021년 4월 7일 15시,수요일,경상남도 거제시 상동동,중상사고,0,1,0,0,차대차 - 기타,안전운전불이행,건조,맑음,교차로 - 교차로안,이륜,남,60세,중상,승용,남,47세,상해없음
2021040700100340,2021년 4월 7일 15시,수요일,경상남도 창원시 성산구 용호동,경상사고,0,0,1,0,차대차 - 측면충돌,안전운전불이행,건조,맑음,단일로 - 기타,승용,남,42세,상해없음,화물,남,35세,경상
2021040700100384,2021년 4월 7일 16시,수요일,경상남도 사천시 동금동,중상사고,0,1,0,0,차대차 - 추돌,교차로운행방법위반,건조,맑음,교차로 - 교차로안,승용,남,59세,상해없음,승용,남,23세,중상
2021040700100385,2021년 4월 7일 16시,수요일,경상남도 함양군 서하면,경상사고,0,0,1,0,차대차 - 측면충돌,안전운전불이행,건조,맑음,단일로 - 기타,승용,남,78세,상해없음,승용,여,62세,경상
2021040700100386,2021년 4월 7일 16시,수요일,경상남도 창원시 의창구 소답동,중상사고,0,3,0,0,차대차 - 측면충돌,안전운전불이행,건조,맑음,교차로 - 교차로부근,승용,여,60세,중상,승용,여,27세,중상
2021040700100403,2021년 4월 7일 17시,수요일,경상남도 양산시 하북면,중상사고,0,1,0,0,차대차 - 정면충돌,안전운전불이행,건조,맑음,단일로 - 기타,승용,남,65세,상해없음,승용,남,28세,중상
2021040700100431,2021년 4월 7일 17시,수요일,경상남도 양산시 소주동,중상사고,0,1,0,0,차대사람 - 횡단중,보행자보호의무위반,건조,맑음,교차로 - 교차로횡단보도내,승용,남,42세,상해없음,보행자,남,50세,중상
2021040700100433,2021년 4월 7일 17시,수요일,경상남도 창원시 성산구 상남동,경상사고,0,0,1,0,차대차 - 측면충돌,신호위반,건조,맑음,교차로 - 교차로안,승합,남,67세,상해없음,이륜,남,60세,경상
2021040700100483,2021년 4월 7일 18시,수요일,경상남도 창원시 성산구 상남동,부상신고사고,0,0,0,1,차대사람 - 기타,안전운전불이행,건조,맑음,기타 - 기타,자전거,남,28세,상해없음,보행자,남,9세,부상신고
2021040700100537,2021년 4월 7일 19시,수요일,경상남도 양산시 소주동,중상사고,0,1,0,0,차대차 - 측면충돌,안전운전불이행,건조,맑음,교차로 - 교차로안,승합,남,70세,상해없음,승용,남,37세,중상
2021040700100561,2021년 4월 7일 20시,수요일,경상남도 진주시 내동면,중상사고,0,1,0,0,차량단독 - 기타,안전운전불이행,건조,맑음,단일로 - 기타,승용,남,18세,상해없음,,,,
2021040700100562,2021년 4월 7일 20시,수요일,경상남도 통영시 용남면,경상사고,0,0,2,0,차대차 - 측면충돌,신호위반,건조,맑음,교차로 - 교차로안,승용,여,53세,상해없음,승용,여,41세,경상
2021040700100597,2021년 4월 7일 21시,수요일,경상남도 창원시 의창구 북면,경상사고,0,0,1,0,차대차 - 측면충돌,안전운전불이행,건조,맑음,교차로 - 교차로부근,승용,남,67세,상해없음,승용,여,37세,경상
2021040700100627,2021년 4월 7일 22시,수요일,경상남도 합천군 율곡면,중상사고,0,1,0,0,차대차 - 추돌,안전운전불이행,건조,맑음,단일로 - 기타,화물,남,64세,상해없음,승용,여,48세,상해없음
2021040800100012,2021년 4월 8일 00시,목요일,경상남도 김해시 삼정동,경상사고,0,0,4,0,차대차 - 기타,중앙선침범,건조,맑음,단일로 - 기타,승용,여,51세,경상,승용,남,62세,경상
2021040800100017,2021년 4월 8일 01시,목요일,경상남도 김해시 대성동,중상사고,0,1,0,0,차대차 - 측면충돌,중앙선침범,건조,맑음,단일로 - 기타,승용,남,35세,상해없음,이륜,남,32세,중상
2021040800100018,2021년 4월 8일 01시,목요일,경상남도 창원시 마산회원구 봉암동,경상사고,0,0,1,0,차대차 - 추돌,안전운전불이행,건조,기타,단일로 - 기타,승용,남,67세,상해없음,승용,여,34세,경상
2021040800100020,2021년 4월 8일 02시,목요일,경상남도 양산시 주진동,경상사고,0,0,3,0,차대차 - 추돌,안전운전불이행,건조,맑음,교차로 - 교차로부근,승용,남,47세,상해없음,승용,남,62세,경상
2021040800100040,2021년 4월 8일 06시,목요일,경상남도 양산시 북정동,경상사고,0,0,1,0,차대차 - 측면충돌,안전운전불이행,건조,맑음,교차로 - 교차로안,승용,남,30세,상해없음,승용,남,71세,경상
2021040800100105,2021년 4월 8일 08시,목요일,경상남도 창원시 진해구 두동,경상사고,0,0,1,0,차대차 - 측면충돌,신호위반,건조,맑음,교차로 - 교차로안,승용,남,37세,상해없음,승용,남,27세,경상
2021040800100106,2021년 4월 8일 08시,목요일,경상남도 통영시 광도면,경상사고,0,0,5,0,차대차 - 측면충돌,교차로운행방법위반,건조,맑음,교차로 - 교차로안,승용,남,60세,상해없음,승합,남,50세,상해없음
2021040800100147,2021년 4월 8일 09시,목요일,경상남도 김해시 어방동,경상사고,0,0,1,0,차대차 - 측면충돌,안전거리미확보,건조,맑음,단일로 - 기타,승용,남,60세,상해없음,승용,여,43세,경상
2021040800100177,2021년 4월 8일 10시,목요일,경상남도 고성군 고성읍,경상사고,0,0,1,0,차대차 - 추돌,안전거리미확보,건조,맑음,단일로 - 기타,건설기계,남,56세,상해없음,화물,남,50세,경상
2021040800100178,2021년 4월 8일 10시,목요일,경상남도 산청군 단성면,경상사고,0,0,1,0,차대차 - 측면충돌,교차로운행방법위반,건조,맑음,교차로 - 교차로안,승용,여,36세,상해없음,화물,남,52세,경상
2021040800100219,2021년 4월 8일 11시,목요일,경상남도 양산시 명동,경상사고,0,0,1,0,차대차 - 측면충돌,기타,건조,맑음,단일로 - 기타,승용,여,50세,경상,승용,여,40세,상해없음
2021040800100232,2021년 4월 8일 12시,목요일,경상남도 김해시 대동면,중상사고,0,1,0,0,차대차 - 추돌,안전운전불이행,건조,맑음,단일로 - 기타,화물,남,29세,상해없음,특수,남,60세,상해없음
2021040800100247,2021년 4월 8일 12시,목요일,경상남도 창원시 진해구 자은동,중상사고,0,1,0,0,차대사람 - 횡단중,안전운전불이행,건조,맑음,교차로 - 교차로횡단보도내,승용,여,20세,상해없음,보행자,여,59세,중상
2021040800100279,2021년 4월 8일 13시,목요일,경상남도 창원시 마산합포구 현동,경상사고,0,0,1,0,차대차 - 추돌,안전거리미확보,건조,맑음,교차로 - 교차로안,화물,남,75세,상해없음,승용,남,39세,경상
2021040800100280,2021년 4월 8일 13시,목요일,경상남도 창원시 진해구 장천동,경상사고,0,0,2,0,차대차 - 추돌,안전거리미확보,건조,맑음,교차로 - 교차로부근,건설기계,남,58세,상해없음,승용,여,23세,경상
2021040800100318,2021년 4월 8일 14시,목요일,경상남도 진주시 상봉동,중상사고,0,1,0,0,차대사람 - 횡단중,보행자보호의무위반,건조,맑음,교차로 - 교차로횡단보도내,화물,남,58세,상해없음,보행자,여,79세,중상
2021040800100319,2021년 4월 8일 14시,목요일,경상남도 통영시 당동,중상사고,0,2,1,1,차대차 - 추돌,안전거리미확보,건조,맑음,단일로 - 기타,화물,남,61세,상해없음,승용,남,60세,중상
2021040800100320,2021년 4월 8일 14시,목요일,경상남도 창원시 의창구 봉곡동,중상사고,0,1,0,0,차대사람 - 기타,안전운전불이행,건조,맑음,단일로 - 기타,승용,남,67세,상해없음,보행자,남,68세,중상
2021040800100443,2021년 4월 8일 17시,목요일,경상남도 밀양시 교동,경상사고,0,0,1,0,차대사람 - 횡단중,안전운전불이행,건조,맑음,단일로 - 기타,승용,남,67세,상해없음,보행자,여,17세,경상
2021040800100444,2021년 4월 8일 17시,목요일,경상남도 밀양시 초동면,경상사고,0,0,1,0,차대차 - 추돌,안전운전불이행,건조,맑음,단일로 - 기타,승용,남,59세,상해없음,화물,남,55세,경상
2021040800100445,2021년 4월 8일 17시,목요일,경상남도 산청군 단성면,경상사고,0,0,1,0,차대사람 - 기타,안전운전불이행,건조,맑음,단일로 - 기타,화물,남,61세,상해없음,보행자,남,51세,경상
2021040800100484,2021년 4월 8일 18시,목요일,경상남도 진주시 강남동,중상사고,0,1,1,0,차대차 - 측면충돌,안전운전불이행,건조,맑음,교차로 - 교차로안,이륜,남,16세,중상,승용,남,43세,경상
2021040800100485,2021년 4월 8일 18시,목요일,경상남도 양산시 동면,경상사고,0,0,1,0,차대차 - 측면충돌,신호위반,건조,맑음,기타 - 기타,승용,여,46세,상해없음,승용,남,63세,경상
2021040800100486,2021년 4월 8일 18시,목요일,경상남도 창원시 의창구 팔용동,경상사고,0,0,2,0,차대차 - 추돌,안전운전불이행,건조,맑음,교차로 - 교차로부근,승용,여,30세,상해없음,승용,남,32세,경상
2021040800100528,2021년 4월 8일 19시,목요일,경상남도 밀양시 삼문동,경상사고,0,0,1,0,차대차 - 측면충돌,중앙선침범,건조,흐림,단일로 - 기타,이륜,남,39세,상해없음,자전거,남,26세,경상
2021040800100570,2021년 4월 8일 20시,목요일,경상남도 고성군 고성읍,경상사고,0,0,1,0,차대차 - 기타,안전운전불이행,건조,맑음,단일로 - 기타,화물,남,53세,상해없음,승용,남,46세,경상
2021040800100586,2021년 4월 8일 21시,목요일,경상남도 합천군 가야면,부상신고사고,0,0,0,1,차대차 - 정면충돌,중앙선침범,건조,맑음,단일로 - 기타,이륜,남,54세,부상신고,승용,여,51세,상해없음
2021040800100587,2021년 4월 8일 21시,목요일,경상남도 거제시 고현동,부상신고사고,0,0,0,1,차대차 - 기타,안전운전불이행,건조,맑음,단일로 - 기타,승용,여,47세,상해없음,자전거,남,30세,부상신고
2021040800100619,2021년 4월 8일 22시,목요일,경상남도 양산시 물금읍,경상사고,0,0,4,0,차대차 - 측면충돌,신호위반,건조,맑음,단일로 - 기타,승용,남,58세,상해없음,승용,여,41세,경상
2021040900100023,2021년 4월 9일 03시,금요일,경상남도 양산시 하북면,중상사고,0,1,1,0,차대차 - 측면충돌,안전운전불이행,건조,맑음,기타 - 기타,승용,남,54세,상해없음,승용,남,52세,중상
2021040900100038,2021년 4월 9일 06시,금요일,경상남도 거제시 상동동,중상사고,0,1,0,0,차대차 - 측면충돌,안전운전불이행,건조,맑음,교차로 - 교차로안,이륜,남,49세,중상,승용,여,43세,상해없음
2021040900100039,2021년 4월 9일 06시,금요일,경상남도 함안군 칠서면,경상사고,0,0,1,0,차대차 - 추돌,안전운전불이행,건조,맑음,교차로 - 교차로부근,화물,남,56세,상해없음,승용,여,60세,경상
2021040900100058,2021년 4월 9일 07시,금요일,경상남도 창원시 마산합포구 월영동,경상사고,0,0,1,0,차대차 - 측면충돌,직진우회전진행방해,건조,맑음,교차로 - 교차로부근,화물,남,42세,상해없음,승용,남,29세,경상
2021040900100059,2021년 4월 9일 07시,금요일,경상남도 진주시 진성면,중상사고,0,1,0,0,차대차 - 기타,안전운전불이행,건조,흐림,교차로 - 교차로안,승용,남,55세,상해없음,자전거,남,73세,중상
2021040900100060,2021년 4월 9일 07시,금요일,경상남도 창원시 성산구 사파동,경상사고,0,0,1,0,차대차 - 측면충돌,안전운전불이행,건조,맑음,교차로 - 교차로안,승용,남,47세,상해없음,자전거,남,9세,경상
2021040900100061,2021년 4월 9일 07시,금요일,경상남도 김해시 진례면,경상사고,0,0,2,0,차대차 - 추돌,안전운전불이행,건조,맑음,교차로 - 교차로부근,승용,남,32세,상해없음,승용,남,31세,경상
2021040900100162,2021년 4월 9일 10시,금요일,경상남도 남해군 남해읍,중상사고,0,1,0,0,차대차 - 측면충돌,안전운전불이행,건조,맑음,단일로 - 기타,승용,남,62세,상해없음,이륜,남,90세,중상
2021040900100203,2021년 4월 9일 11시,금요일,경상남도 사천시 사천읍,중상사고,0,1,0,0,차대차 - 측면충돌,직진우회전진행방해,건조,맑음,교차로 - 교차로안,승용,여,65세,상해없음,이륜,여,70세,중상
2021040900100204,2021년 4월 9일 11시,금요일,경상남도 밀양시 삼랑진읍,경상사고,0,0,1,0,차대사람 - 기타,안전운전불이행,건조,맑음,단일로 - 기타,건설기계,남,55세,상해없음,보행자,남,60세,경상
2021040900100238,2021년 4월 9일 12시,금요일,경상남도 밀양시 삼랑진읍,경상사고,0,0,1,0,차대차 - 측면충돌,안전운전불이행,건조,맑음,단일로 - 기타,승용,남,52세,상해없음,자전거,여,56세,경상
2021040900100239,2021년 4월 9일 12시,금요일,경상남도 거창군 거창읍,경상사고,0,0,1,0,차대차 - 추돌,안전운전불이행,건조,맑음,교차로 - 교차로부근,화물,남,52세,경상,승용,남,47세,상해없음
2021040900100240,2021년 4월 9일 12시,금요일,경상남도 양산시 상북면,부상신고사고,0,0,0,1,차대차 - 기타,안전운전불이행,건조,맑음,교차로 - 교차로부근,이륜,남,46세,부상신고,건설기계,남,66세,상해없음
2021040900100241,2021년 4월 9일 12시,금요일,경상남도 창원시 의창구 팔용동,경상사고,0,0,2,0,차대차 - 측면충돌,중앙선침범,건조,맑음,교차로 - 교차로안,승용,남,45세,상해없음,승합,남,43세,경상
2021040900100242,2021년 4월 9일 12시,금요일,경상남도 김해시 주촌면,경상사고,0,0,2,0,차대차 - 측면충돌,신호위반,건조,맑음,교차로 - 교차로안,승용,남,22세,상해없음,승용,남,64세,경상
2021040900100276,2021년 4월 9일 13시,금요일,경상남도 통영시 광도면,경상사고,0,0,2,0,차대차 - 추돌,안전거리미확보,건조,맑음,단일로 - 기타,승용,남,61세,상해없음,승용,남,70세,경상
2021040900100277,2021년 4월 9일 13시,금요일,경상남도 통영시 용남면,경상사고,0,0,2,0,차대차 - 측면충돌,안전운전불이행,건조,맑음,단일로 - 기타,승용,남,43세,상해없음,승용,남,63세,경상
2021040900100305,2021년 4월 9일 14시,금요일,경상남도 김해시 삼방동,경상사고,0,0,1,0,차대사람 - 횡단중,안전운전불이행,건조,맑음,단일로 - 기타,승용,남,59세,상해없음,보행자,남,11세,경상
2021040900100388,2021년 4월 9일 16시,금요일,경상남도 창원시 마산합포구 신포동2가,부상신고사고,0,0,0,1,차대차 - 측면충돌,안전운전불이행,건조,맑음,교차로 - 교차로안,승용,남,86세,상해없음,이륜,남,24세,부상신고
2021040900100389,2021년 4월 9일 16시,금요일,경상남도 창원시 진해구 이동,경상사고,0,0,1,0,차대사람 - 횡단중,보행자보호의무위반,건조,맑음,교차로 - 교차로횡단보도내,화물,남,63세,상해없음,보행자,남,6세,경상
2021040900100390,2021년 4월 9일 16시,금요일,경상남도 통영시 미수동,중상사고,0,1,0,0,차대사람 - 기타,안전운전불이행,건조,맑음,단일로 - 기타,화물,남,48세,상해없음,보행자,여,68세,중상
2021040900100391,2021년 4월 9일 16시,금요일,경상남도 창원시 의창구 동읍,경상사고,0,0,1,0,차대사람 - 기타,안전운전불이행,건조,맑음,단일로 - 기타,승용,여,60세,상해없음,보행자,여,61세,경상
2021040900100451,2021년 4월 9일 17시,금요일,경상남도 진주시 상대동,중상사고,0,1,0,0,차대사람 - 횡단중,안전운전불이행,건조,맑음,교차로 - 교차로안,화물,남,61세,상해없음,보행자,여,79세,중상
2021040900100452,2021년 4월 9일 17시,금요일,경상남도 통영시 북신동,부상신고사고,0,0,0,1,차대차 - 기타,기타,건조,맑음,교차로 - 교차로안,이륜,남,25세,부상신고,승용,남,55세,상해없음
2021040900100453,2021년 4월 9일 17시,금요일,경상남도 김해시 구산동,부상신고사고,0,0,0,1,차대차 - 측면충돌,기타,건조,맑음,교차로 - 교차로안,이륜,남,19세,부상신고,건설기계,남,61세,상해없음
2021040900100491,2021년 4월 9일 18시,금요일,경상남도 밀양시 부북면,중상사고,0,1,0,0,차대차 - 정면충돌,안전운전불이행,건조,맑음,교차로 - 교차로안,승용,남,29세,기타불명,승용,남,40세,중상
2021040900100492,2021년 4월 9일 18시,금요일,경상남도 김해시 어방동,중상사고,0,1,0,0,차대사람 - 횡단중,보행자보호의무위반,건조,맑음,교차로 - 교차로횡단보도내,승용,남,32세,상해없음,보행자,여,64세,중상
2021040900100493,2021년 4월 9일 18시,금요일,경상남도 거제시 아주동,중상사고,0,2,0,0,차대차 - 추돌,안전운전불이행,건조,맑음,단일로 - 기타,승용,남,31세,상해없음,승용,여,55세,중상
2021040900100531,2021년 4월 9일 19시,금요일,경상남도 양산시 평산동,경상사고,0,0,2,0,차대차 - 측면충돌,안전운전불이행,건조,맑음,교차로 - 교차로안,승용,남,59세,기타불명,승용,여,49세,경상
2021040900100532,2021년 4월 9일 19시,금요일,경상남도 거제시 두모동,중상사고,0,1,1,0,차대차 - 측면충돌,신호위반,건조,맑음,교차로 - 교차로부근,이륜,남,21세,중상,승용,남,31세,경상
2021040900100569,2021년 4월 9일 20시,금요일,경상남도 김해시 상동면,경상사고,0,0,2,0,차대차 - 추돌,직진우회전진행방해,건조,맑음,교차로 - 교차로부근,승용,여,59세,경상,화물,남,59세,상해없음
2021040900100598,2021년 4월 9일 21시,금요일,경상남도 김해시 삼정동,중상사고,0,1,0,0,차대사람 - 기타,안전운전불이행,건조,맑음,교차로 - 교차로안,승용,남,40세,상해없음,보행자,여,53세,중상
2021040900100654,2021년 4월 9일 23시,금요일,경상남도 창원시 진해구 용원동,경상사고,0,0,3,0,차대차 - 기타,안전운전불이행,건조,맑음,단일로 - 기타,승용,남,53세,경상,특수,남,48세,경상
2021041000100054,2021년 4월 10일 07시,토요일,경상남도 창원시 진해구 풍호동,중상사고,0,1,0,0,차대사람 - 기타,안전운전불이행,건조,맑음,교차로 - 교차로안,승용,남,58세,상해없음,보행자,여,63세,중상
2021041000100072,2021년 4월 10일 08시,토요일,경상남도 김해시 관동동,중상사고,0,1,0,0,차대차 - 측면충돌,직진우회전진행방해,건조,맑음,교차로 - 교차로안,화물,남,57세,상해없음,승용,남,23세,중상
2021041000100098,2021년 4월 10일 09시,토요일,경상남도 진주시 주약동,경상사고,0,0,2,0,차대차 - 측면충돌,신호위반,건조,맑음,교차로 - 교차로안,승용,남,51세,상해없음,승용,여,65세,경상
2021041000100099,2021년 4월 10일 09시,토요일,경상남도 김해시 외동,경상사고,0,0,2,0,차대차 - 추돌,안전운전불이행,건조,맑음,단일로 - 기타,화물,남,53세,상해없음,화물,남,73세,경상
2021041000100116,2021년 4월 10일 10시,토요일,경상남도 밀양시 상동면,경상사고,0,0,1,0,차대차 - 추돌,안전거리미확보,건조,맑음,단일로 - 기타,승용,남,30세,상해없음,승용,남,59세,경상
2021041000100128,2021년 4월 10일 10시,토요일,경상남도 통영시 용남면,경상사고,0,0,2,0,차대차 - 기타,안전거리미확보,건조,맑음,단일로 - 기타,승용,남,38세,상해없음,승용,남,65세,경상
2021041000100129,2021년 4월 10일 10시,토요일,경상남도 양산시 용당동,경상사고,0,0,1,0,차대차 - 측면충돌,기타,건조,맑음,교차로 - 교차로안,화물,남,57세,상해없음,화물,남,43세,경상
2021041000100130,2021년 4월 10일 10시,토요일,경상남도 남해군 남해읍,중상사고,0,1,0,0,차대차 - 측면충돌,안전운전불이행,건조,맑음,교차로 - 교차로안,화물,남,69세,상해없음,이륜,남,63세,중상
2021041000100174,2021년 4월 10일 11시,토요일,경상남도 밀양시 산내면,중상사고,0,1,0,0,차대차 - 측면충돌,안전운전불이행,건조,맑음,교차로 - 교차로안,화물,남,57세,상해없음,원동기,남,68세,중상
2021041000100195,2021년 4월 10일 12시,토요일,경상남도 양산시 하북면,경상사고,0,0,1,0,차대차 - 추돌,안전운전불이행,건조,맑음,단일로 - 기타,승용,남,25세,상해없음,승용,남,27세,경상
2021041000100220,2021년 4월 10일 12시,토요일,경상남도 합천군 초계면,사망사고,1,0,0,0,차대사람 - 횡단중,안전운전불이행,건조,맑음,단일로 - 기타,승용,남,76세,상해없음,보행자,여,86세,사망
2021041000100221,2021년 4월 10일 12시,토요일,경상남도 양산시 삼호동,중상사고,0,1,0,0,차대사람 - 횡단중,안전운전불이행,건조,맑음,교차로 - 교차로안,승용,남,64세,상해없음,보행자,여,60세,중상
2021041000100222,2021년 4월 10일 12시,토요일,경상남도 김해시 관동동,경상사고,0,0,1,0,차대사람 - 횡단중,신호위반,건조,맑음,단일로 - 기타,원동기,남,49세,상해없음,보행자,여,66세,경상
2021041000100262,2021년 4월 10일 13시,토요일,경상남도 통영시 북신동,중상사고,0,1,0,0,차대차 - 기타,교차로운행방법위반,건조,맑음,교차로 - 교차로안,이륜,남,88세,중상,승용,여,32세,상해없음
2021041000100263,2021년 4월 10일 13시,토요일,경상남도 밀양시 상남면,중상사고,0,1,0,0,차대차 - 추돌,안전운전불이행,건조,맑음,단일로 - 기타,승용,남,68세,상해없음,승용,여,69세,중상
2021041000100264,2021년 4월 10일 13시,토요일,경상남도 김해시 외동,경상사고,0,0,1,0,차대차 - 정면충돌,직진우회전진행방해,건조,맑음,교차로 - 교차로안,승용,남,25세,상해없음,이륜,남,58세,경상
2021041000100265,2021년 4월 10일 13시,토요일,경상남도 창원시 성산구 귀산동,중상사고,0,1,0,0,차대사람 - 횡단중,안전운전불이행,건조,맑음,단일로 - 기타,승용,남,50세,상해없음,보행자,여,8세,중상
2021041000100266,2021년 4월 10일 13시,토요일,경상남도 창원시 의창구 봉곡동,경상사고,0,0,1,0,차대차 - 측면충돌,안전운전불이행,건조,맑음,교차로 - 교차로부근,승용,남,26세,상해없음,승용,여,26세,경상
2021041000100298,2021년 4월 10일 14시,토요일,경상남도 창원시 진해구 이동,경상사고,0,0,1,0,차대차 - 측면충돌,안전거리미확보,건조,맑음,단일로 - 기타,승용,남,62세,상해없음,승용,남,33세,경상
2021041000100299,2021년 4월 10일 14시,토요일,경상남도 김해시 삼방동,중상사고,0,1,0,0,차대차 - 측면충돌,직진우회전진행방해,건조,맑음,교차로 - 교차로안,승용,여,44세,상해없음,이륜,남,41세,중상
2021041000100300,2021년 4월 10일 14시,토요일,경상남도 함양군 마천면,경상사고,0,0,1,0,차대차 - 측면충돌,안전운전불이행,건조,맑음,단일로 - 지하차도(도로)내,농기계,남,80세,경상,승용,여,60세,상해없음
2021041000100301,2021년 4월 10일 14시,토요일,경상남도 고성군 고성읍,경상사고,0,0,1,0,차대차 - 측면충돌,중앙선침범,건조,맑음,단일로 - 기타,승용,여,63세,상해없음,이륜,남,28세,경상
2021041000100302,2021년 4월 10일 14시,토요일,경상남도 남해군 이동면,경상사고,0,0,1,0,차량단독 - 도로외이탈 - 추락,안전운전불이행,건조,맑음,단일로 - 기타,승용,남,67세,경상,,,,
2021041000100303,2021년 4월 10일 14시,토요일,경상남도 창원시 의창구 도계동,중상사고,0,1,0,0,차대차 - 측면충돌,안전운전불이행,건조,맑음,단일로 - 기타,승용,남,48세,상해없음,자전거,여,59세,중상
2021041000100344,2021년 4월 10일 15시,토요일,경상남도 사천시 사천읍,경상사고,0,0,1,0,차대차 - 추돌,안전운전불이행,건조,맑음,교차로 - 교차로부근,승용,남,87세,상해없음,승용,남,29세,경상
2021041000100345,2021년 4월 10일 15시,토요일,경상남도 밀양시 삼랑진읍,경상사고,0,0,1,0,차대차 - 측면충돌,교차로운행방법위반,건조,맑음,교차로 - 교차로안,자전거,남,57세,기타불명,자전거,남,53세,경상
2021041000100346,2021년 4월 10일 15시,토요일,경상남도 창녕군 영산면,경상사고,0,0,1,0,차대차 - 측면충돌,안전운전불이행,건조,맑음,교차로 - 교차로안,승용,남,71세,경상,승용,남,62세,상해없음
2021041000100437,2021년 4월 10일 17시,토요일,경상남도 사천시 송포동,경상사고,0,0,3,0,차대차 - 추돌,안전운전불이행,건조,맑음,단일로 - 기타,화물,남,57세,상해없음,승용,남,56세,경상
2021041000100438,2021년 4월 10일 17시,토요일,경상남도 사천시 송포동,경상사고,0,0,2,0,차대차 - 추돌,안전운전불이행,건조,맑음,단일로 - 기타,승용,남,49세,상해없음,승용,남,28세,경상
2021041000100439,2021년 4월 10일 17시,토요일,경상남도 하동군 하동읍,중상사고,0,3,0,1,차대차 - 추돌,안전운전불이행,건조,맑음,단일로 - 기타,화물,남,76세,상해없음,승용,남,70세,부상신고
2021041000100440,2021년 4월 10일 17시,토요일,경상남도 산청군 신안면,경상사고,0,0,1,0,차대차 - 추돌,안전운전불이행,건조,맑음,교차로 - 교차로안,승용,남,43세,상해없음,승용,남,61세,경상
2021041000100472,2021년 4월 10일 18시,토요일,경상남도 통영시 무전동,경상사고,0,0,1,0,차대차 - 측면충돌,신호위반,건조,맑음,교차로 - 교차로안,자전거,남,39세,경상,승용,남,39세,상해없음
2021041000100473,2021년 4월 10일 18시,토요일,경상남도 양산시 물금읍,경상사고,0,0,1,0,차대차 - 측면충돌,교차로운행방법위반,건조,맑음,교차로 - 교차로안,승용,여,61세,상해없음,원동기,남,18세,경상
2021041000100474,2021년 4월 10일 18시,토요일,경상남도 양산시 남부동,경상사고,0,0,1,0,차대차 - 기타,기타,건조,맑음,단일로 - 기타,승합,남,60세,상해없음,승용,여,48세,상해없음
2021041000100475,2021년 4월 10일 18시,토요일,경상남도 김해시 진영읍,중상사고,0,1,0,0,차량단독 - 공작물충돌,안전운전불이행,건조,맑음,교차로 - 교차로부근,승용,남,84세,중상,,,,