사고번호,사고일시,요일,시군구,사고내용,사망자수,중상자수,경상자수,부상신고자수,사고유형,법규위반,노면상태,기상상태,도로형태,가해운전자 차종,가해운전자 성별,가해운전자 연령,가해운전자 상해정도,피해운전자 차종,피해운전자 성별,피해운전자 연령,피해운전자 상해정도
2021042200100302,2021년 4월 22일 14시,목요일,경상남도 밀양시 내이동,경상사고,0,0,1,0,차대차 - 측면충돌,안전운전불이행,건조,맑음,교차로 - 교차로안,승용,여,57세,상해없음,승용,여,28세,상해없음
2021042200100303,2021년 4월 22일 14시,목요일,경상남도 의령군 의령읍,사망사고,1,0,0,0,차대차 - 추돌,안전운전불이행,건조,맑음,교차로 - 교차로부근,특수,남,48세,상해없음,이륜,여,63세,사망
2021042200100330,2021년 4월 22일 15시,목요일,경상남도 창원시 마산합포구 상남동,경상사고,0,0,1,0,차대차 - 측면충돌,안전운전불이행,건조,맑음,교차로 - 교차로부근,승용,여,58세,상해없음,승용,여,67세,경상
2021042200100331,2021년 4월 22일 15시,목요일,경상남도 창원시 진해구 충무동,경상사고,0,0,1,0,차대사람 - 기타,안전운전불이행,건조,맑음,단일로 - 기타,승용,남,75세,상해없음,보행자,남,60세,경상
2021042200100332,2021년 4월 22일 15시,목요일,경상남도 밀양시 삼문동,경상사고,0,0,3,0,차대차 - 측면충돌,신호위반,건조,맑음,교차로 - 교차로안,승용,남,43세,경상,승용,여,70세,경상
2021042200100333,2021년 4월 22일 15시,목요일,경상남도 김해시 불암동,경상사고,0,0,1,0,차대차 - 기타,신호위반,건조,맑음,교차로 - 교차로안,화물,남,29세,상해없음,승용,남,58세,경상
2021042200100334,2021년 4월 22일 15시,목요일,경상남도 양산시 다방동,경상사고,0,0,1,1,차대차 - 측면충돌,신호위반,건조,맑음,교차로 - 교차로안,승용,여,59세,상해없음,승용,남,69세,경상
2021042200100371,2021년 4월 22일 16시,목요일,경상남도 양산시 물금읍,경상사고,0,0,1,0,차대차 - 측면충돌,안전운전불이행,건조,맑음,단일로 - 기타,승용,남,32세,상해없음,자전거,남,25세,경상
2021042200100397,2021년 4월 22일 17시,목요일,경상남도 창원시 마산합포구 중앙동3가,부상신고사고,0,0,0,1,차대사람 - 길가장자리구역통행중,안전운전불이행,건조,맑음,단일로 - 기타,승합,남,35세,상해없음,보행자,남,90세,부상신고
2021042200100398,2021년 4월 22일 17시,목요일,경상남도 김해시 삼계동,경상사고,0,0,1,0,차대차 - 후진중충돌,안전운전불이행,건조,맑음,단일로 - 기타,화물,남,60세,상해없음,승용,여,29세,경상
2021042200100399,2021년 4월 22일 17시,목요일,경상남도 함양군 함양읍,중상사고,0,1,0,0,차대사람 - 횡단중,안전운전불이행,건조,맑음,단일로 - 지하차도(도로)내,이륜,남,32세,상해없음,보행자,여,84세,중상
2021042200100400,2021년 4월 22일 17시,목요일,경상남도 양산시 신기동,중상사고,0,1,0,0,차대차 - 측면충돌,교차로운행방법위반,건조,맑음,교차로 - 교차로안,승용,여,50세,상해없음,이륜,남,54세,중상
2021042200100445,2021년 4월 22일 18시,목요일,경상남도 통영시 광도면,경상사고,0,0,2,0,차대차 - 측면충돌,신호위반,건조,맑음,교차로 - 교차로안,승용,여,59세,상해없음,승용,남,46세,경상
2021042200100446,2021년 4월 22일 18시,목요일,경상남도 거제시 고현동,경상사고,0,0,2,0,차대차 - 기타,불법유턴,건조,맑음,단일로 - 기타,승용,여,43세,상해없음,승용,남,26세,경상
2021042200100447,2021년 4월 22일 18시,목요일,경상남도 남해군 남해읍,경상사고,0,0,1,0,차대사람 - 차도통행중,안전운전불이행,건조,맑음,교차로 - 교차로안,승용,여,29세,기타불명,보행자,남,54세,경상
2021042200100448,2021년 4월 22일 18시,목요일,경상남도 창원시 성산구 사파동,중상사고,0,1,0,0,차대차 - 측면충돌,안전운전불이행,건조,맑음,교차로 - 교차로부근,승용,남,48세,상해없음,승용,여,44세,중상
2021042200100485,2021년 4월 22일 19시,목요일,경상남도 의령군 유곡면,경상사고,0,0,1,0,차대사람 - 기타,안전운전불이행,건조,맑음,교차로 - 교차로부근,승용,남,62세,기타불명,보행자,남,51세,경상
2021042200100486,2021년 4월 22일 19시,목요일,경상남도 창원시 마산회원구 내서읍,경상사고,0,0,1,0,차대차 - 추돌,안전운전불이행,건조,맑음,단일로 - 기타,승용,남,60세,상해없음,승용,여,37세,경상
2021042200100520,2021년 4월 22일 20시,목요일,경상남도 창원시 마산합포구 산호동,경상사고,0,0,2,0,차대차 - 정면충돌,신호위반,건조,맑음,교차로 - 교차로안,승용,남,35세,상해없음,승용,남,31세,경상
2021042200100521,2021년 4월 22일 20시,목요일,경상남도 김해시 율하동,중상사고,0,1,0,0,차대차 - 측면충돌,안전거리미확보,건조,맑음,단일로 - 기타,승용,남,32세,기타불명,이륜,남,46세,중상
2021042200100542,2021년 4월 22일 21시,목요일,경상남도 창원시 의창구 사림동,중상사고,0,1,0,0,차대차 - 측면충돌,안전운전불이행,건조,맑음,교차로 - 교차로안,승합,남,61세,상해없음,원동기,남,37세,중상
2021042200100543,2021년 4월 22일 21시,목요일,경상남도 창원시 마산회원구 내서읍,중상사고,0,1,0,0,차대차 - 측면충돌,안전운전불이행,건조,맑음,단일로 - 기타,승용,남,39세,상해없음,원동기,남,43세,중상
2021042200100544,2021년 4월 22일 21시,목요일,경상남도 김해시 대청동,중상사고,0,1,0,0,차대사람 - 횡단중,보행자보호의무위반,건조,맑음,기타 - 기타,승용,남,55세,상해없음,보행자,남,42세,중상
2021042200100545,2021년 4월 22일 21시,목요일,경상남도 김해시 대청동,경상사고,0,0,1,0,차대차 - 측면충돌,신호위반,건조,맑음,교차로 - 교차로안,승용,남,63세,상해없음,승용,남,66세,경상
2021042200100575,2021년 4월 22일 22시,목요일,경상남도 진주시 상대동,부상신고사고,0,0,0,1,차대차 - 측면충돌,안전운전불이행,건조,맑음,단일로 - 기타,승용,여,50세,상해없음,개인형이동수단(PM),남,23세,부상신고
2021042200100576,2021년 4월 22일 22시,목요일,경상남도 양산시 다방동,경상사고,0,0,1,0,차대차 - 측면충돌,신호위반,건조,맑음,교차로 - 교차로안,승용,여,21세,상해없음,승용,남,61세,경상
2021042300100009,2021년 4월 23일 00시,금요일,경상남도 진주시 가좌동,경상사고,0,0,1,0,차대차 - 기타,안전운전불이행,건조,맑음,단일로 - 기타,승용,여,41세,상해없음,승용,여,58세,경상
2021042300100056,2021년 4월 23일 07시,금요일,경상남도 함양군 함양읍,중상사고,0,2,0,0,차대차 - 측면충돌,신호위반,건조,맑음,교차로 - 교차로안,승용,남,52세,상해없음,화물,남,71세,중상
2021042300100096,2021년 4월 23일 08시,금요일,경상남도 창원시 마산합포구 교방동,경상사고,0,0,1,0,차대사람 - 차도통행중,보행자보호의무위반,건조,맑음,교차로 - 교차로안,승용,여,47세,상해없음,보행자,남,9세,경상
2021042300100097,2021년 4월 23일 08시,금요일,경상남도 통영시 북신동,중상사고,0,1,2,0,차대차 - 기타,안전거리미확보,건조,맑음,교차로 - 교차로안,승용,남,60세,상해없음,승합,남,41세,상해없음
2021042300100098,2021년 4월 23일 08시,금요일,경상남도 사천시 사천읍,경상사고,0,0,2,0,차대차 - 측면충돌,신호위반,건조,맑음,교차로 - 교차로안,승용,여,50세,상해없음,승용,여,44세,경상
2021042300100099,2021년 4월 23일 08시,금요일,경상남도 양산시 물금읍,경상사고,0,0,1,0,차대차 - 측면충돌,안전운전불이행,건조,맑음,교차로 - 교차로안,승합,남,72세,상해없음,이륜,남,35세,경상
2021042300100127,2021년 4월 23일 09시,금요일,경상남도 창원시 진해구 용원동,경상사고,0,0,2,0,차대차 - 추돌,중앙선침범,건조,맑음,단일로 - 기타,화물,남,61세,상해없음,승용,남,29세,경상
2021042300100128,2021년 4월 23일 09시,금요일,경상남도 김해시 삼방동,중상사고,0,1,0,0,차대사람 - 차도통행중,안전운전불이행,건조,맑음,교차로 - 교차로안,화물,남,52세,상해없음,보행자,여,62세,중상
2021042300100159,2021년 4월 23일 10시,금요일,경상남도 창원시 마산회원구 회원동,경상사고,0,0,1,0,차대차 - 측면충돌,신호위반,건조,맑음,단일로 - 기타,승용,남,60세,상해없음,승용,여,61세,경상
2021042300100202,2021년 4월 23일 11시,금요일,경상남도 양산시 하북면,경상사고,0,0,1,0,차대차 - 추돌,안전거리미확보,건조,맑음,교차로 - 교차로부근,승용,남,65세,상해없음,승용,여,63세,경상
2021042300100203,2021년 4월 23일 11시,금요일,경상남도 함안군 가야읍,중상사고,0,1,0,0,차대차 - 측면충돌,교차로운행방법위반,건조,맑음,교차로 - 교차로안,승용,여,42세,상해없음,승용,여,40세,중상
2021042300100246,2021년 4월 23일 12시,금요일,경상남도 김해시 전하동,경상사고,0,0,1,0,차대차 - 측면충돌,안전운전불이행,건조,맑음,교차로 - 교차로안,승용,남,48세,상해없음,승용,여,57세,경상
2021042300100285,2021년 4월 23일 13시,금요일,경상남도 김해시 어방동,부상신고사고,0,0,0,2,차대차 - 측면충돌,안전운전불이행,건조,맑음,단일로 - 기타,승용,남,69세,상해없음,승용,여,36세,부상신고
2021042300100318,2021년 4월 23일 14시,금요일,경상남도 거제시 양정동,중상사고,0,1,0,0,차대차 - 측면충돌,안전운전불이행,건조,맑음,교차로 - 교차로안,승용,남,26세,상해없음,이륜,남,64세,중상
2021042300100401,2021년 4월 23일 16시,금요일,경상남도 진주시 망경동,경상사고,0,0,1,0,차대사람 - 차도통행중,신호위반,건조,맑음,교차로 - 교차로안,승용,여,52세,상해없음,보행자,남,75세,경상
2021042300100402,2021년 4월 23일 16시,금요일,경상남도 통영시 광도면,경상사고,0,0,1,0,차대차 - 측면충돌,교차로운행방법위반,건조,맑음,교차로 - 교차로부근,화물,여,58세,상해없음,승용,여,58세,경상
2021042300100403,2021년 4월 23일 16시,금요일,경상남도 통영시 광도면,경상사고,0,0,2,0,차대차 - 측면충돌,직진우회전진행방해,건조,맑음,교차로 - 교차로안,승용,여,38세,경상,승합,남,62세,경상
2021042300100404,2021년 4월 23일 16시,금요일,경상남도 김해시 삼정동,중상사고,0,1,4,0,차대차 - 추돌,안전운전불이행,건조,맑음,교차로 - 교차로안,승용,남,26세,상해없음,화물,남,66세,중상
2021042300100405,2021년 4월 23일 16시,금요일,경상남도 창원시 의창구 대산면,중상사고,0,1,3,0,차대차 - 측면충돌,신호위반,건조,맑음,교차로 - 교차로안,화물,남,31세,상해없음,화물,여,58세,경상
2021042300100444,2021년 4월 23일 17시,금요일,경상남도 진주시 하대동,중상사고,0,1,1,0,차대차 - 측면충돌,안전운전불이행,건조,맑음,교차로 - 교차로안,이륜,남,35세,경상,승용,여,54세,중상
2021042300100445,2021년 4월 23일 17시,금요일,경상남도 남해군 이동면,중상사고,0,1,0,2,차량단독 - 공작물충돌,교차로운행방법위반,건조,맑음,단일로 - 기타,승용,여,61세,부상신고,,,,
2021042300100488,2021년 4월 23일 18시,금요일,경상남도 진주시 하대동,경상사고,0,0,1,0,차대차 - 측면충돌,안전운전불이행,건조,맑음,교차로 - 교차로안,승용,남,41세,상해없음,이륜,남,26세,경상
2021042300100489,2021년 4월 23일 18시,금요일,경상남도 함양군 함양읍,중상사고,0,1,0,0,차대차 - 측면충돌,신호위반,건조,맑음,교차로 - 교차로안,승용,여,45세,상해없음,원동기,여,60세,중상
2021042300100542,2021년 4월 23일 19시,금요일,경상남도 창원시 의창구 명서동,중상사고,0,1,0,0,차대차 - 추돌,안전운전불이행,건조,맑음,단일로 - 기타,화물,남,49세,상해없음,원동기,남,60세,중상
2021042300100570,2021년 4월 23일 20시,금요일,경상남도 의령군 의령읍,경상사고,0,0,1,0,차대사람 - 횡단중,안전운전불이행,건조,맑음,교차로 - 교차로안,이륜,남,69세,상해없음,보행자,여,71세,경상
2021042300100571,2021년 4월 23일 20시,금요일,경상남도 김해시 수가동,중상사고,0,1,0,0,차대차 - 추돌,기타,건조,맑음,단일로 - 교량,승용,남,30세,상해없음,자전거,남,34세,중상
2021042300100650,2021년 4월 23일 23시,금요일,경상남도 진주시 상대동,경상사고,0,0,2,0,차대차 - 측면충돌,신호위반,건조,맑음,교차로 - 교차로안,승용,남,46세,상해없음,승용,여,49세,경상
2021042300100651,2021년 4월 23일 23시,금요일,경상남도 거창군 가조면,부상신고사고,0,0,0,1,차량단독 - 도로외이탈 - 추락,안전운전불이행,건조,맑음,단일로 - 기타,화물,남,57세,부상신고,,,,
2021042300100652,2021년 4월 23일 23시,금요일,경상남도 거제시 옥포동,경상사고,0,0,1,0,차대차 - 측면충돌,안전운전불이행,건조,맑음,교차로 - 교차로안,승용,남,47세,기타불명,이륜,남,36세,경상
2021042400100012,2021년 4월 24일 00시,토요일,경상남도 거제시 고현동,경상사고,0,0,1,0,차대사람 - 기타,보행자보호의무위반,건조,맑음,교차로 - 교차로안,승용,여,59세,상해없음,보행자,남,63세,경상
2021042400100045,2021년 4월 24일 04시,토요일,경상남도 양산시 물금읍,중상사고,0,1,0,0,차대차 - 측면충돌,중앙선침범,건조,맑음,단일로 - 기타,이륜,남,17세,중상,승용,여,50세,상해없음
2021042400100087,2021년 4월 24일 08시,토요일,경상남도 김해시 부원동,경상사고,0,0,1,0,차대사람 - 기타,안전운전불이행,건조,맑음,단일로 - 기타,승용,남,31세,상해없음,보행자,남,54세,경상
2021042400100103,2021년 4월 24일 09시,토요일,경상남도 김해시 삼정동,경상사고,0,0,2,0,차대차 - 측면충돌,직진우회전진행방해,건조,맑음,교차로 - 교차로안,승용,여,57세,경상,승용,남,52세,경상
2021042400100104,2021년 4월 24일 09시,토요일,경상남도 양산시 북정동,경상사고,0,0,1,0,차대차 - 측면충돌,안전운전불이행,건조,맑음,교차로 - 교차로부근,승용,남,71세,기타불명,승용,남,60세,경상
2021042400100105,2021년 4월 24일 09시,토요일,경상남도 양산시 동면,경상사고,0,0,1,0,차대차 - 측면충돌,신호위반,건조,맑음,단일로 - 기타,승용,남,60세,기타불명,승용,남,27세,경상
2021042400100106,2021년 4월 24일 09시,토요일,경상남도 거제시 고현동,중상사고,0,1,0,0,차대차 - 추돌,안전운전불이행,건조,맑음,기타 - 기타,승용,여,50세,상해없음,이륜,남,60세,중상
2021042400100133,2021년 4월 24일 10시,토요일,경상남도 진주시 충무공동,경상사고,0,0,1,0,차대차 - 측면충돌,신호위반,건조,맑음,교차로 - 교차로안,승용,남,47세,상해없음,승용,여,25세,경상
2021042400100134,2021년 4월 24일 10시,토요일,경상남도 진주시 강남동,경상사고,0,0,1,0,차대차 - 후진중충돌,안전운전불이행,건조,맑음,교차로 - 교차로안,승용,남,43세,상해없음,승용,여,35세,경상
2021042400100135,2021년 4월 24일 10시,토요일,경상남도 양산시 물금읍,사망사고,1,0,0,0,차대차 - 측면충돌,안전운전불이행,건조,맑음,기타 - 기타,승용,여,62세,상해없음,이륜,남,78세,사망
2021042400100136,2021년 4월 24일 10시,토요일,경상남도 거제시 연초면,부상신고사고,0,0,0,2,차대차 - 측면충돌,안전운전불이행,건조,맑음,단일로 - 기타,이륜,남,22세,부상신고,자전거,남,23세,상해없음
2021042400100137,2021년 4월 24일 10시,토요일,경상남도 거제시 하청면,중상사고,0,1,0,0,차대차 - 측면충돌,중앙선침범,건조,맑음,단일로 - 기타,승용,남,61세,상해없음,승용,여,48세,중상
2021042400100138,2021년 4월 24일 10시,토요일,경상남도 창원시 마산회원구 합성동,중상사고,0,1,0,0,차대사람 - 보도통행중,보행자보호의무위반,건조,맑음,교차로 - 교차로횡단보도내,화물,남,51세,상해없음,보행자,남,79세,중상
2021042400100184,2021년 4월 24일 11시,토요일,경상남도 의령군 의령읍,중상사고,0,1,0,0,차대차 - 측면충돌,기타,건조,맑음,단일로 - 기타,화물,남,74세,상해없음,이륜,남,79세,중상
2021042400100213,2021년 4월 24일 12시,토요일,경상남도 거제시 아주동,경상사고,0,0,1,0,차대차 - 측면충돌,직진우회전진행방해,건조,맑음,교차로 - 교차로안,화물,남,43세,상해없음,승용,남,57세,경상
2021042400100214,2021년 4월 24일 12시,토요일,경상남도 함안군 가야읍,경상사고,0,0,2,0,차대차 - 측면충돌,안전운전불이행,건조,맑음,단일로 - 기타,승용,여,37세,경상,승용,남,47세,경상
2021042400100215,2021년 4월 24일 12시,토요일,경상남도 창원시 마산회원구 석전동,중상사고,0,1,0,0,차대차 - 추돌,안전운전불이행,건조,맑음,기타 - 기타,승용,남,43세,상해없음,이륜,남,68세,중상
2021042400100216,2021년 4월 24일 12시,토요일,경상남도 김해시 진영읍,경상사고,0,0,1,0,차대차 - 측면충돌,차로위반,건조,맑음,교차로 - 교차로부근,승용,남,46세,상해없음,이륜,여,72세,경상
2021042400100254,2021년 4월 24일 13시,토요일,경상남도 김해시 대동면,경상사고,0,0,1,0,차대차 - 정면충돌,직진우회전진행방해,건조,맑음,교차로 - 교차로안,승용,남,49세,상해없음,승용,남,33세,경상
2021042400100255,2021년 4월 24일 13시,토요일,경상남도 김해시 신문동,중상사고,0,2,1,0,차대차 - 정면충돌,안전운전불이행,건조,맑음,교차로 - 교차로안,승용,남,39세,상해없음,승용,남,55세,중상
2021042400100293,2021년 4월 24일 14시,토요일,경상남도 통영시 태평동,경상사고,0,0,1,1,차대차 - 추돌,안전거리미확보,건조,맑음,단일로 - 기타,승합,남,40세,상해없음,화물,여,59세,기타불명
2021042400100294,2021년 4월 24일 14시,토요일,경상남도 김해시 내동,중상사고,0,1,1,0,차대차 - 측면충돌,안전거리미확보,건조,맑음,단일로 - 기타,승용,여,52세,상해없음,승용,여,42세,중상
2021042400100295,2021년 4월 24일 14시,토요일,경상남도 창원시 의창구 대산면,경상사고,0,0,1,0,차대차 - 추돌,안전운전불이행,건조,맑음,단일로 - 기타,승용,남,60세,상해없음,화물,남,48세,경상
2021042400100368,2021년 4월 24일 16시,토요일,경상남도 사천시 대방동,중상사고,0,1,0,0,차대사람 - 기타,안전운전불이행,건조,맑음,기타 - 기타,승용,남,70세,상해없음,보행자,남,84세,중상
2021042400100369,2021년 4월 24일 16시,토요일,경상남도 함안군 칠원읍,중상사고,0,1,0,0,차량단독 - 전도전복 - 전도,안전운전불이행,건조,맑음,기타 - 기타,기타불명,남,79세,중상,,,,
2021042400100406,2021년 4월 24일 17시,토요일,경상남도 거제시 장평동,중상사고,0,1,0,0,차대사람 - 횡단중,보행자보호의무위반,건조,맑음,단일로 - 기타,승용,남,75세,상해없음,보행자,남,37세,중상
2021042400100407,2021년 4월 24일 17시,토요일,경상남도 함안군 칠서면,경상사고,0,0,1,0,차량단독 - 전도전복 - 전도,안전운전불이행,건조,맑음,교차로 - 교차로부근,이륜,남,41세,경상,,,,
2021042400100460,2021년 4월 24일 18시,토요일,경상남도 창원시 진해구 이동,경상사고,0,0,1,0,차대차 - 추돌,안전운전불이행,건조,맑음,단일로 - 기타,이륜,남,65세,기타불명,승용,남,45세,경상
2021042400100497,2021년 4월 24일 19시,토요일,경상남도 진주시 상대동,중상사고,0,1,0,0,차대사람 - 횡단중,안전운전불이행,건조,맑음,교차로 - 교차로안,화물,남,59세,상해없음,보행자,여,34세,중상
2021042400100498,2021년 4월 24일 19시,토요일,경상남도 사천시 사천읍,중상사고,0,1,0,0,차대차 - 측면충돌,안전운전불이행,건조,맑음,교차로 - 교차로안,승용,여,47세,상해없음,이륜,여,55세,중상
2021042400100533,2021년 4월 24일 20시,토요일,경상남도 창원시 진해구 장천동,중상사고,0,1,0,0,차대차 - 기타,신호위반,건조,맑음,교차로 - 교차로안,승용,남,22세,상해없음,승용,여,53세,중상
2021042400100607,2021년 4월 24일 23시,토요일,경상남도 통영시 명정동,중상사고,0,1,1,0,차대차 - 정면충돌,직진우회전진행방해,건조,맑음,교차로 - 교차로안,승용,남,69세,상해없음,승용,남,18세,중상
2021042500100022,2021년 4월 25일 02시,일요일,경상남도 고성군 회화면,중상사고,0,1,0,0,차대차 - 추돌,안전운전불이행,건조,맑음,교차로 - 교차로부근,승용,여,51세,상해없음,승용,남,44세,중상
2021042500100029,2021년 4월 25일 03시,일요일,경상남도 창원시 성산구 상남동,경상사고,0,0,1,0,차대사람 - 길가장자리구역통행중,안전운전불이행,건조,맑음,단일로 - 기타,승용,남,23세,상해없음,보행자,남,37세,경상
2021042500100051,2021년 4월 25일 07시,일요일,경상남도 통영시 북신동,경상사고,0,0,2,0,차대차 - 측면충돌,신호위반,건조,맑음,교차로 - 교차로안,이륜,남,49세,상해없음,승용,남,34세,경상
2021042500100071,2021년 4월 25일 09시,일요일,경상남도 사천시 좌룡동,경상사고,0,0,1,0,차대차 - 측면충돌,안전운전불이행,건조,맑음,단일로 - 기타,화물,남,52세,상해없음,승용,여,63세,경상
2021042500100159,2021년 4월 25일 12시,일요일,경상남도 창원시 진해구 경화동,경상사고,0,0,1,0,차대사람 - 기타,안전운전불이행,건조,맑음,기타 - 기타,자전거,남,71세,상해없음,보행자,여,55세,경상
2021042500100237,2021년 4월 25일 14시,일요일,경상남도 창원시 마산합포구 신포동1가,경상사고,0,0,2,0,차대차 - 측면충돌,신호위반,건조,맑음,교차로 - 교차로안,승합,남,63세,상해없음,승용,남,34세,경상
2021042500100281,2021년 4월 25일 15시,일요일,경상남도 창원시 마산합포구 진전면,중상사고,0,2,0,0,차대사람 - 길가장자리구역통행중,안전운전불이행,건조,맑음,기타 - 기타,승용,여,69세,상해없음,보행자,여,66세,중상
2021042500100282,2021년 4월 25일 15시,일요일,경상남도 통영시 광도면,경상사고,0,0,2,0,차대차 - 정면충돌,신호위반,건조,맑음,교차로 - 교차로안,승용,여,42세,상해없음,승용,남,43세,경상
2021042500100283,2021년 4월 25일 15시,일요일,경상남도 창원시 의창구 소답동,경상사고,0,0,2,0,차대차 - 추돌,안전운전불이행,건조,맑음,교차로 - 교차로부근,승용,남,24세,상해없음,승용,남,58세,경상
2021042500100318,2021년 4월 25일 16시,일요일,경상남도 창원시 마산회원구 두척동,경상사고,0,0,2,0,차대차 - 추돌,안전운전불이행,건조,맑음,단일로 - 기타,승용,남,59세,상해없음,화물,남,58세,경상
2021042500100356,2021년 4월 25일 17시,일요일,경상남도 김해시 외동,중상사고,0,2,3,0,차대차 - 추돌,안전운전불이행,건조,맑음,단일로 - 기타,승용,남,70세,상해없음,승용,여,50세,경상
2021042500100357,2021년 4월 25일 17시,일요일,경상남도 함양군 함양읍,경상사고,0,0,1,0,차대차 - 측면충돌,기타,건조,맑음,단일로 - 기타,이륜,남,47세,경상,화물,남,52세,상해없음
2021042500100358,2021년 4월 25일 17시,일요일,경상남도 거제시 아주동,중상사고,0,1,0,0,차대차 - 측면충돌,중앙선침범,건조,맑음,단일로 - 기타,승용,남,36세,상해없음,이륜,남,26세,중상
2021042500100389,2021년 4월 25일 18시,일요일,경상남도 김해시 어방동,경상사고,0,0,1,0,차대사람 - 차도통행중,안전운전불이행,건조,흐림,교차로 - 교차로안,화물,남,61세,상해없음,보행자,남,49세,경상
2021042500100390,2021년 4월 25일 18시,일요일,경상남도 김해시 외동,경상사고,0,0,1,0,차대차 - 후진중충돌,안전운전불이행,건조,맑음,교차로 - 교차로부근,승용,남,75세,상해없음,승용,남,51세,경상
2021042500100419,2021년 4월 25일 19시,일요일,경상남도 통영시 북신동,부상신고사고,0,0,0,2,차대차 - 측면충돌,안전운전불이행,건조,맑음,단일로 - 기타,승용,남,61세,상해없음,승용,여,54세,부상신고
2021042500100420,2021년 4월 25일 19시,일요일,경상남도 창원시 의창구 용동,경상사고,0,0,1,0,차대차 - 측면충돌,안전운전불이행,건조,맑음,교차로 - 교차로안,승용,남,24세,상해없음,승용,남,76세,경상
2021042500100463,2021년 4월 25일 21시,일요일,경상남도 거제시 아주동,경상사고,0,0,1,0,차대차 - 측면충돌,신호위반,건조,맑음,교차로 - 교차로안,승용,여,23세,상해없음,이륜,남,31세,경상
2021042500100464,2021년 4월 25일 21시,일요일,경상남도 함안군 가야읍,중상사고,0,2,1,0,차대차 - 측면충돌,신호위반,건조,맑음,교차로 - 교차로안,화물,여,44세,상해없음,화물,남,68세,중상
2021042600100056,2021년 4월 26일 07시,월요일,경상남도 사천시 정동면,경상사고,0,0,1,0,차량단독 - 공작물충돌,안전운전불이행,건조,맑음,단일로 - 기타,승용,여,46세,경상,,,,
2021042600100057,2021년 4월 26일 07시,월요일,경상남도 양산시 동면,경상사고,0,0,3,0,차대차 - 측면충돌,안전거리미확보,건조,맑음,단일로 - 기타,승용,여,49세,경상,승용,남,41세,경상
2021042600100102,2021년 4월 26일 08시,월요일,경상남도 통영시 북신동,부상신고사고,0,0,0,1,차대차 - 추돌,안전운전불이행,건조,맑음,교차로 - 교차로안,이륜,남,62세,부상신고,승용,남,25세,상해없음
2021042600100103,2021년 4월 26일 08시,월요일,경상남도 거제시 장평동,경상사고,0,0,1,0,차대사람 - 횡단중,안전운전불이행,건조,맑음,교차로 - 교차로안,승용,여,34세,상해없음,보행자,남,53세,경상
2021042600100149,2021년 4월 26일 09시,월요일,경상남도 김해시 구산동,경상사고,0,0,1,0,차대차 - 측면충돌,안전운전불이행,건조,맑음,교차로 - 교차로안,승용,여,62세,상해없음,승용,여,54세,경상
2021042600100150,2021년 4월 26일 09시,월요일,경상남도 창녕군 남지읍,경상사고,0,0,2,0,차대차 - 정면충돌,안전운전불이행,건조,맑음,단일로 - 기타,농기계,남,84세,상해없음,화물,남,56세,경상
2021042600100151,2021년 4월 26일 09시,월요일,경상남도 거제시 아주동,경상사고,0,0,1,0,차대차 - 기타,안전거리미확보,건조,맑음,단일로 - 기타,승용,남,68세,기타불명,승용,여,27세,경상
2021042600100181,2021년 4월 26일 10시,월요일,경상남도 거창군 거창읍,경상사고,0,0,1,0,차량단독 - 기타,안전운전불이행,건조,맑음,단일로 - 기타,이륜,남,87세,경상,,,,
2021042600100182,2021년 4월 26일 10시,월요일,경상남도 양산시 동면,중상사고,0,1,0,0,차대차 - 측면충돌,안전거리미확보,건조,맑음,단일로 - 기타,화물,남,51세,상해없음,승용,여,55세,중상
2021042600100215,2021년 4월 26일 11시,월요일,경상남도 양산시 물금읍,경상사고,0,0,3,0,차대차 - 추돌,안전운전불이행,건조,맑음,교차로 - 교차로부근,승용,여,34세,경상,승용,여,40세,경상
2021042600100216,2021년 4월 26일 11시,월요일,경상남도 양산시 원동면,중상사고,0,1,0,0,차대사람 - 기타,안전운전불이행,건조,맑음,단일로 - 기타,건설기계,남,49세,상해없음,보행자,남,71세,중상
2021042600100238,2021년 4월 26일 12시,월요일,경상남도 거창군 거창읍,경상사고,0,0,3,0,차대차 - 정면충돌,직진우회전진행방해,건조,맑음,교차로 - 교차로안,승용,남,47세,상해없음,화물,남,56세,경상
2021042600100239,2021년 4월 26일 12시,월요일,경상남도 합천군 청덕면,경상사고,0,0,1,0,차대차 - 기타,안전운전불이행,건조,맑음,교차로 - 교차로부근,승용,남,66세,상해없음,승용,남,58세,경상
2021042600100240,2021년 4월 26일 12시,월요일,경상남도 양산시 물금읍,중상사고,0,1,0,0,차대차 - 측면충돌,교차로운행방법위반,건조,맑음,교차로 - 교차로안,승합,남,70세,상해없음,이륜,남,38세,중상
2021042600100279,2021년 4월 26일 13시,월요일,경상남도 진주시 상평동,중상사고,0,1,1,0,차대차 - 측면충돌,안전운전불이행,건조,맑음,교차로 - 교차로안,승용,여,47세,상해없음,승용,남,46세,경상
2021042600100280,2021년 4월 26일 13시,월요일,경상남도 거창군 거창읍,중상사고,0,1,0,0,차대차 - 측면충돌,안전운전불이행,건조,맑음,교차로 - 교차로안,승용,남,59세,상해없음,승용,남,35세,중상
2021042600100354,2021년 4월 26일 15시,월요일,경상남도 밀양시 내이동,중상사고,0,1,0,0,차대차 - 측면충돌,안전운전불이행,건조,맑음,교차로 - 교차로안,이륜,여,60세,중상,화물,남,43세,기타불명