사고번호,사고일시,요일,시군구,사고내용,사망자수,중상자수,경상자수,부상신고자수,사고유형,법규위반,노면상태,기상상태,도로형태,가해운전자 차종,가해운전자 성별,가해운전자 연령,가해운전자 상해정도,피해운전자 차종,피해운전자 성별,피해운전자 연령,피해운전자 상해정도
2021042600100355,2021년 4월 26일 15시,월요일,경상남도 합천군 합천읍,중상사고,0,1,0,2,차대차 - 측면충돌,직진우회전진행방해,건조,맑음,교차로 - 교차로안,건설기계,남,26세,상해없음,승용,남,47세,중상
2021042600100356,2021년 4월 26일 15시,월요일,경상남도 창원시 성산구 남산동,경상사고,0,0,1,0,차대차 - 추돌,안전운전불이행,건조,맑음,단일로 - 기타,승용,여,29세,상해없음,승합,남,42세,경상
2021042600100402,2021년 4월 26일 16시,월요일,경상남도 창원시 진해구 여좌동,경상사고,0,0,1,0,차대차 - 추돌,안전운전불이행,건조,맑음,단일로 - 기타,승용,남,57세,상해없음,승용,남,55세,경상
2021042600100403,2021년 4월 26일 16시,월요일,경상남도 김해시 관동동,중상사고,0,1,1,0,차대사람 - 횡단중,신호위반,건조,맑음,단일로 - 기타,승용,남,32세,상해없음,보행자,여,36세,중상
2021042600100444,2021년 4월 26일 17시,월요일,경상남도 의령군 의령읍,중상사고,0,1,0,0,차대차 - 정면충돌,직진우회전진행방해,건조,맑음,교차로 - 교차로부근,자전거,여,71세,중상,승용,여,55세,상해없음
2021042600100485,2021년 4월 26일 18시,월요일,경상남도 거제시 상동동,경상사고,0,0,1,0,차대차 - 기타,안전운전불이행,건조,맑음,단일로 - 기타,승용,남,37세,상해없음,이륜,남,31세,경상
2021042600100486,2021년 4월 26일 18시,월요일,경상남도 김해시 진영읍,중상사고,0,1,0,0,차대차 - 측면충돌,안전거리미확보,건조,맑음,단일로 - 기타,승용,남,58세,상해없음,이륜,남,50세,중상
2021042600100524,2021년 4월 26일 19시,월요일,경상남도 창원시 마산합포구 문화동,경상사고,0,0,1,0,차대차 - 측면충돌,교차로운행방법위반,건조,맑음,교차로 - 교차로안,승용,여,69세,상해없음,이륜,남,70세,경상
2021042600100525,2021년 4월 26일 19시,월요일,경상남도 창원시 마산합포구 진북면,중상사고,0,1,0,2,차대차 - 추돌,안전운전불이행,건조,맑음,단일로 - 기타,화물,남,30세,상해없음,화물,남,76세,중상
2021042600100526,2021년 4월 26일 19시,월요일,경상남도 김해시 장유동,경상사고,0,0,2,0,차대차 - 추돌,안전운전불이행,건조,맑음,단일로 - 기타,승용,남,58세,경상,승용,여,48세,경상
2021042600100558,2021년 4월 26일 20시,월요일,경상남도 창원시 의창구 팔용동,경상사고,0,0,1,0,차대차 - 추돌,안전운전불이행,건조,맑음,교차로 - 교차로부근,승용,남,53세,상해없음,승용,남,41세,경상
2021042600100606,2021년 4월 26일 22시,월요일,경상남도 창원시 의창구 팔용동,중상사고,0,1,0,0,차대사람 - 횡단중,안전운전불이행,건조,맑음,교차로 - 교차로부근,승용,남,56세,상해없음,보행자,남,52세,중상
2021042600100622,2021년 4월 26일 23시,월요일,경상남도 창원시 마산합포구 월남동4가,경상사고,0,0,2,1,차대차 - 측면충돌,안전운전불이행,건조,맑음,단일로 - 기타,승용,남,27세,상해없음,승용,남,45세,상해없음
2021042700100009,2021년 4월 27일 00시,화요일,경상남도 창원시 의창구 팔용동,경상사고,0,0,2,0,차대차 - 측면충돌,직진우회전진행방해,건조,맑음,교차로 - 교차로안,승용,남,25세,상해없음,승용,남,53세,경상
2021042700100013,2021년 4월 27일 01시,화요일,경상남도 통영시 명정동,경상사고,0,0,1,0,차대차 - 추돌,안전운전불이행,건조,맑음,단일로 - 기타,승용,남,37세,상해없음,이륜,남,64세,경상
2021042700100014,2021년 4월 27일 01시,화요일,경상남도 양산시 북부동,중상사고,0,2,0,0,차대차 - 측면충돌,안전운전불이행,건조,맑음,교차로 - 교차로부근,이륜,남,19세,중상,화물,남,54세,기타불명
2021042700100037,2021년 4월 27일 06시,화요일,경상남도 창원시 진해구 충무동,경상사고,0,0,1,0,차량단독 - 공작물충돌,안전운전불이행,건조,맑음,단일로 - 기타,승용,남,27세,경상,,,,
2021042700100053,2021년 4월 27일 07시,화요일,경상남도 양산시 동면,경상사고,0,0,1,0,차대차 - 측면충돌,신호위반,건조,맑음,단일로 - 기타,승용,여,55세,상해없음,승용,여,29세,경상
2021042700100054,2021년 4월 27일 07시,화요일,경상남도 거제시 덕포동,중상사고,0,1,0,0,차대차 - 기타,직진우회전진행방해,건조,맑음,교차로 - 교차로안,승용,남,53세,상해없음,이륜,남,41세,중상
2021042700100083,2021년 4월 27일 08시,화요일,경상남도 창원시 마산합포구 오동동,부상신고사고,0,0,0,1,차대차 - 측면충돌,기타,건조,맑음,단일로 - 기타,승용,남,41세,상해없음,자전거,남,28세,부상신고
2021042700100084,2021년 4월 27일 08시,화요일,경상남도 진주시 가좌동,경상사고,0,0,1,0,차대차 - 측면충돌,안전운전불이행,건조,맑음,기타 - 기타,승용,여,40세,상해없음,승용,여,44세,경상
2021042700100085,2021년 4월 27일 08시,화요일,경상남도 김해시 안동,경상사고,0,0,1,0,차대사람 - 길가장자리구역통행중,보행자보호의무위반,건조,맑음,교차로 - 교차로안,승용,여,37세,상해없음,보행자,여,11세,경상
2021042700100086,2021년 4월 27일 08시,화요일,경상남도 김해시 상동면,중상사고,0,1,0,0,차대차 - 정면충돌,중앙선침범,건조,맑음,단일로 - 기타,승합,남,47세,상해없음,건설기계,남,51세,중상
2021042700100087,2021년 4월 27일 08시,화요일,경상남도 창녕군 창녕읍,중상사고,0,1,0,0,차대차 - 추돌,안전운전불이행,건조,맑음,기타 - 기타,승용,여,21세,상해없음,승용,여,41세,중상
2021042700100088,2021년 4월 27일 08시,화요일,경상남도 함안군 칠원읍,경상사고,0,0,1,0,차대차 - 측면충돌,안전운전불이행,건조,맑음,단일로 - 기타,자전거,남,71세,경상,승합,남,35세,상해없음
2021042700100089,2021년 4월 27일 08시,화요일,경상남도 창원시 의창구 팔용동,경상사고,0,0,1,0,차대차 - 측면충돌,안전운전불이행,건조,맑음,교차로 - 교차로안,승용,남,81세,상해없음,승용,남,25세,경상
2021042700100090,2021년 4월 27일 08시,화요일,경상남도 김해시 진영읍,중상사고,0,1,3,1,차대차 - 측면충돌,안전운전불이행,건조,맑음,교차로 - 교차로안,승용,남,73세,상해없음,승합,남,62세,경상
2021042700100147,2021년 4월 27일 10시,화요일,경상남도 사천시 사남면,경상사고,0,0,2,0,차대차 - 기타,안전거리미확보,건조,맑음,단일로 - 기타,특수,남,60세,상해없음,승용,여,31세,경상
2021042700100148,2021년 4월 27일 10시,화요일,경상남도 양산시 물금읍,경상사고,0,0,1,0,차대차 - 측면충돌,안전운전불이행,건조,맑음,교차로 - 교차로안,승용,여,46세,기타불명,화물,남,64세,경상
2021042700100214,2021년 4월 27일 12시,화요일,경상남도 김해시 관동동,경상사고,0,0,1,0,차대차 - 측면충돌,직진우회전진행방해,건조,맑음,교차로 - 교차로안,승용,남,62세,상해없음,원동기,남,26세,경상
2021042700100247,2021년 4월 27일 13시,화요일,경상남도 양산시 덕계동,중상사고,0,1,0,0,차대차 - 측면충돌,기타,건조,맑음,단일로 - 기타,개인형이동수단(PM),여,69세,중상,승용,남,55세,상해없음
2021042700100248,2021년 4월 27일 13시,화요일,경상남도 함안군 칠서면,중상사고,0,1,0,0,차대차 - 정면충돌,기타,건조,맑음,단일로 - 기타,승용,여,44세,상해없음,이륜,남,78세,중상
2021042700100277,2021년 4월 27일 14시,화요일,경상남도 밀양시 청도면,경상사고,0,0,1,1,차대차 - 측면충돌,안전운전불이행,건조,맑음,교차로 - 교차로안,승용,남,68세,부상신고,농기계,남,76세,경상
2021042700100308,2021년 4월 27일 15시,화요일,경상남도 창원시 성산구 대방동,경상사고,0,0,2,0,차대차 - 후진중충돌,안전운전불이행,건조,맑음,주차장 - 주차장,승용,여,65세,상해없음,승용,남,25세,경상
2021042700100309,2021년 4월 27일 15시,화요일,경상남도 창원시 의창구 팔용동,중상사고,0,1,1,0,차량단독 - 기타,안전운전불이행,건조,맑음,단일로 - 기타,원동기,남,13세,경상,,,,
2021042700100341,2021년 4월 27일 16시,화요일,경상남도 거창군 거창읍,경상사고,0,0,1,0,차대차 - 측면충돌,안전운전불이행,건조,맑음,교차로 - 교차로안,자전거,남,33세,경상,화물,남,48세,상해없음
2021042700100388,2021년 4월 27일 17시,화요일,경상남도 사천시 사천읍,중상사고,0,1,0,0,차대차 - 기타,안전운전불이행,건조,맑음,교차로 - 교차로안,승용,남,68세,상해없음,승용,여,49세,중상
2021042700100389,2021년 4월 27일 17시,화요일,경상남도 거창군 거창읍,부상신고사고,0,0,0,1,차대차 - 측면충돌,안전운전불이행,건조,맑음,교차로 - 교차로안,자전거,남,13세,부상신고,승용,여,29세,상해없음
2021042700100390,2021년 4월 27일 17시,화요일,경상남도 거제시 연초면,경상사고,0,0,1,0,차대사람 - 기타,보행자보호의무위반,건조,맑음,단일로 - 기타,승용,여,38세,상해없음,보행자,여,7세,경상
2021042700100391,2021년 4월 27일 17시,화요일,경상남도 창원시 성산구 상남동,경상사고,0,0,2,0,차량단독 - 기타,기타,건조,맑음,단일로 - 기타,승합,남,48세,상해없음,,,,
2021042700100438,2021년 4월 27일 18시,화요일,경상남도 밀양시 상남면,경상사고,0,0,1,0,차대사람 - 길가장자리구역통행중,안전운전불이행,건조,맑음,단일로 - 기타,승용,여,26세,상해없음,보행자,남,69세,경상
2021042700100472,2021년 4월 27일 19시,화요일,경상남도 창원시 마산합포구 월영동,중상사고,0,1,0,0,차대사람 - 차도통행중,보행자보호의무위반,건조,맑음,단일로 - 기타,이륜,남,24세,상해없음,보행자,여,12세,중상
2021042700100473,2021년 4월 27일 19시,화요일,경상남도 양산시 덕계동,중상사고,0,1,0,0,차대차 - 측면충돌,안전운전불이행,건조,맑음,단일로 - 기타,승용,여,48세,상해없음,이륜,남,63세,중상
2021042700100474,2021년 4월 27일 19시,화요일,경상남도 창원시 성산구 상남동,경상사고,0,0,1,0,차대차 - 후진중충돌,안전운전불이행,건조,흐림,교차로 - 교차로안,승용,여,50세,상해없음,승용,여,65세,상해없음
2021042700100509,2021년 4월 27일 20시,화요일,경상남도 사천시 사남면,경상사고,0,0,1,0,차대차 - 측면충돌,직진우회전진행방해,건조,맑음,교차로 - 교차로안,승용,남,37세,상해없음,이륜,남,26세,경상
2021042700100510,2021년 4월 27일 20시,화요일,경상남도 거창군 거창읍,경상사고,0,0,1,0,차대차 - 추돌,안전운전불이행,건조,맑음,교차로 - 교차로부근,이륜,남,16세,상해없음,승용,남,26세,경상
2021042700100544,2021년 4월 27일 21시,화요일,경상남도 창녕군 도천면,사망사고,1,1,0,0,차대차 - 정면충돌,중앙선침범,건조,맑음,기타 - 기타,화물,남,50세,사망,승용,여,53세,중상
2021042700100545,2021년 4월 27일 21시,화요일,경상남도 창원시 의창구 동읍,중상사고,0,1,0,0,차대차 - 추돌,안전운전불이행,건조,맑음,단일로 - 기타,승용,남,47세,상해없음,승용,여,37세,중상
2021042700100588,2021년 4월 27일 23시,화요일,경상남도 창원시 마산합포구 신포동2가,중상사고,0,2,1,0,차대차 - 측면충돌,안전운전불이행,건조,맑음,교차로 - 교차로안,승용,남,58세,상해없음,승용,남,56세,중상
2021042700100589,2021년 4월 27일 23시,화요일,경상남도 김해시 삼계동,경상사고,0,0,2,0,차대차 - 기타,신호위반,건조,맑음,교차로 - 교차로부근,이륜,남,17세,경상,승용,남,47세,경상
2021042700100590,2021년 4월 27일 23시,화요일,경상남도 양산시 물금읍,경상사고,0,0,1,0,차대차 - 측면충돌,신호위반,건조,맑음,교차로 - 교차로횡단보도내,개인형이동수단(PM),남,17세,상해없음,자전거,남,23세,경상
2021042700100591,2021년 4월 27일 23시,화요일,경상남도 김해시 주촌면,중상사고,0,1,1,0,차대차 - 측면충돌,안전운전불이행,건조,맑음,단일로 - 기타,승용,남,53세,경상,승용,여,38세,중상
2021042800100018,2021년 4월 28일 01시,수요일,경상남도 창원시 마산회원구 합성동,경상사고,0,0,1,0,차대사람 - 차도통행중,신호위반,건조,기타,교차로 - 교차로안,승용,남,30세,상해없음,보행자,남,20세,경상
2021042800100028,2021년 4월 28일 04시,수요일,경상남도 김해시 삼정동,경상사고,0,0,2,0,차대차 - 측면충돌,안전운전불이행,건조,맑음,단일로 - 기타,개인형이동수단(PM),남,14세,경상,승용,남,61세,상해없음
2021042800100050,2021년 4월 28일 06시,수요일,경상남도 양산시 북정동,중상사고,0,1,2,0,차대차 - 측면충돌,안전운전불이행,건조,맑음,교차로 - 교차로안,승용,여,55세,기타불명,승용,남,73세,경상
2021042800100068,2021년 4월 28일 07시,수요일,경상남도 사천시 향촌동,중상사고,0,1,0,0,차대사람 - 기타,안전운전불이행,건조,맑음,단일로 - 기타,승용,남,25세,상해없음,보행자,여,63세,중상
2021042800100106,2021년 4월 28일 08시,수요일,경상남도 진주시 봉곡동,중상사고,0,1,0,0,차대사람 - 횡단중,보행자보호의무위반,건조,맑음,단일로 - 기타,화물,남,60세,상해없음,보행자,여,29세,중상
2021042800100107,2021년 4월 28일 08시,수요일,경상남도 양산시 삼호동,경상사고,0,0,1,0,차대차 - 측면충돌,직진우회전진행방해,건조,맑음,교차로 - 교차로안,승용,여,42세,상해없음,승용,여,36세,경상
2021042800100108,2021년 4월 28일 08시,수요일,경상남도 창원시 의창구 동읍,경상사고,0,0,1,0,차대차 - 측면충돌,신호위반,건조,맑음,교차로 - 교차로안,승용,여,52세,상해없음,승용,여,32세,경상
2021042800100167,2021년 4월 28일 10시,수요일,경상남도 고성군 동해면,중상사고,0,1,0,0,차대차 - 측면충돌,직진우회전진행방해,건조,맑음,교차로 - 교차로안,승용,남,64세,상해없음,자전거,남,52세,중상
2021042800100168,2021년 4월 28일 10시,수요일,경상남도 창원시 의창구 동읍,경상사고,0,0,1,0,차대차 - 추돌,안전운전불이행,건조,맑음,교차로 - 교차로부근,승용,남,59세,상해없음,승용,남,54세,경상
2021042800100210,2021년 4월 28일 12시,수요일,경상남도 사천시 벌리동,경상사고,0,0,2,0,차대차 - 측면충돌,안전운전불이행,건조,맑음,교차로 - 교차로안,화물,남,55세,상해없음,승용,남,59세,경상
2021042800100211,2021년 4월 28일 12시,수요일,경상남도 합천군 청덕면,중상사고,0,1,3,0,차대차 - 측면충돌,교차로운행방법위반,건조,맑음,교차로 - 교차로안,화물,남,52세,상해없음,승합,남,55세,경상
2021042800100212,2021년 4월 28일 12시,수요일,경상남도 하동군 진교면,부상신고사고,0,0,0,1,차대사람 - 기타,안전운전불이행,건조,맑음,단일로 - 기타,승용,여,63세,상해없음,보행자,남,83세,부상신고
2021042800100254,2021년 4월 28일 13시,수요일,경상남도 양산시 물금읍,중상사고,0,1,0,0,차대차 - 기타,안전운전불이행,건조,맑음,기타 - 기타,승용,여,56세,상해없음,이륜,남,35세,중상
2021042800100282,2021년 4월 28일 14시,수요일,경상남도 남해군 남해읍,중상사고,0,1,0,0,차량단독 - 공작물충돌,안전운전불이행,건조,맑음,단일로 - 기타,자전거,여,40세,중상,,,,
2021042800100283,2021년 4월 28일 14시,수요일,경상남도 함안군 법수면,중상사고,0,3,3,0,차대차 - 측면충돌,기타,건조,맑음,교차로 - 교차로안,승합,남,67세,상해없음,화물,남,46세,경상
2021042800100311,2021년 4월 28일 15시,수요일,경상남도 창원시 진해구 용원동,경상사고,0,0,1,0,차대차 - 측면충돌,교차로운행방법위반,건조,맑음,교차로 - 교차로부근,특수,남,60세,상해없음,승용,남,36세,경상
2021042800100343,2021년 4월 28일 16시,수요일,경상남도 김해시 구산동,경상사고,0,0,2,0,차대차 - 측면충돌,신호위반,건조,맑음,교차로 - 교차로안,승용,남,73세,상해없음,승합,여,62세,경상
2021042800100344,2021년 4월 28일 16시,수요일,경상남도 김해시 내동,경상사고,0,0,1,0,차대사람 - 횡단중,보행자보호의무위반,건조,맑음,교차로 - 교차로횡단보도내,화물,남,64세,상해없음,보행자,남,26세,경상
2021042800100382,2021년 4월 28일 17시,수요일,경상남도 진주시 정촌면,경상사고,0,0,1,0,차대사람 - 기타,안전운전불이행,건조,맑음,교차로 - 교차로안,승용,여,45세,상해없음,보행자,여,40세,경상
2021042800100383,2021년 4월 28일 17시,수요일,경상남도 창원시 진해구 남문동,경상사고,0,0,1,0,차대차 - 기타,신호위반,건조,맑음,교차로 - 교차로안,특수,남,66세,상해없음,승용,남,43세,경상
2021042800100385,2021년 4월 28일 17시,수요일,경상남도 김해시 동상동,경상사고,0,0,1,0,차대차 - 기타,신호위반,건조,맑음,교차로 - 교차로부근,승용,남,57세,상해없음,이륜,남,19세,경상
2021042800100386,2021년 4월 28일 17시,수요일,경상남도 창원시 성산구 중앙동,중상사고,0,1,0,0,차대차 - 정면충돌,안전운전불이행,건조,맑음,교차로 - 교차로안,승용,남,33세,상해없음,자전거,남,68세,중상
2021042800100403,2021년 4월 28일 18시,수요일,경상남도 창원시 진해구 용원동,부상신고사고,0,0,0,1,차대차 - 측면충돌,신호위반,건조,맑음,교차로 - 교차로부근,자전거,남,39세,부상신고,화물,남,51세,상해없음
2021042800100422,2021년 4월 28일 18시,수요일,경상남도 거제시 수월동,경상사고,0,0,1,0,차대사람 - 횡단중,보행자보호의무위반,건조,맑음,단일로 - 기타,승용,남,48세,상해없음,보행자,여,9세,경상
2021042800100461,2021년 4월 28일 19시,수요일,경상남도 창원시 마산합포구 예곡동,경상사고,0,0,1,0,차대사람 - 횡단중,안전운전불이행,건조,맑음,단일로 - 기타,승용,남,71세,상해없음,보행자,남,87세,경상
2021042800100462,2021년 4월 28일 19시,수요일,경상남도 김해시 내동,경상사고,0,0,1,0,차대차 - 측면충돌,안전운전불이행,건조,맑음,교차로 - 교차로안,승용,여,57세,상해없음,이륜,남,27세,경상
2021042800100490,2021년 4월 28일 20시,수요일,경상남도 양산시 북부동,경상사고,0,0,1,0,차대차 - 측면충돌,신호위반,건조,맑음,기타 - 기타,승용,남,28세,상해없음,승용,여,47세,경상
2021042800100522,2021년 4월 28일 21시,수요일,경상남도 통영시 미수동,중상사고,0,1,0,0,차대차 - 측면충돌,안전운전불이행,건조,맑음,교차로 - 교차로안,승용,남,72세,기타불명,승용,여,55세,중상
2021042800100523,2021년 4월 28일 21시,수요일,경상남도 밀양시 삼문동,경상사고,0,0,1,0,차대차 - 측면충돌,안전운전불이행,건조,흐림,교차로 - 교차로안,승용,남,53세,상해없음,승용,남,28세,경상
2021042800100554,2021년 4월 28일 22시,수요일,경상남도 창원시 진해구 충무동,중상사고,0,1,1,0,차대사람 - 기타,신호위반,건조,맑음,교차로 - 교차로안,이륜,남,39세,경상,보행자,여,67세,중상
2021042900100021,2021년 4월 29일 01시,목요일,경상남도 김해시 삼방동,경상사고,0,0,2,0,차대차 - 추돌,안전운전불이행,건조,맑음,교차로 - 교차로부근,승용,여,44세,상해없음,승용,남,61세,경상
2021042900100024,2021년 4월 29일 02시,목요일,경상남도 거제시 고현동,경상사고,0,0,1,0,차대사람 - 차도통행중,안전운전불이행,건조,맑음,단일로 - 기타,승용,여,47세,상해없음,보행자,여,54세,경상
2021042900100050,2021년 4월 29일 07시,목요일,경상남도 양산시 동면,중상사고,0,2,2,0,차대차 - 추돌,안전운전불이행,건조,맑음,단일로 - 고가도로위,건설기계,남,49세,상해없음,승용,여,48세,경상
2021042900100064,2021년 4월 29일 07시,목요일,경상남도 거제시 장평동,중상사고,0,1,0,0,차대차 - 측면충돌,안전운전불이행,건조,맑음,단일로 - 기타,이륜,남,37세,중상,승용,여,56세,상해없음
2021042900100065,2021년 4월 29일 07시,목요일,경상남도 산청군 산청읍,경상사고,0,0,2,0,차대차 - 측면충돌,교차로운행방법위반,건조,맑음,교차로 - 교차로안,승용,여,27세,상해없음,승용,남,48세,경상
2021042900100066,2021년 4월 29일 07시,목요일,경상남도 김해시 화목동,부상신고사고,0,0,0,1,차량단독 - 기타,안전운전불이행,건조,맑음,단일로 - 기타,자전거,남,51세,부상신고,,,,
2021042900100107,2021년 4월 29일 08시,목요일,경상남도 양산시 덕계동,경상사고,0,0,1,0,차대차 - 정면충돌,교차로운행방법위반,건조,맑음,기타 - 기타,승용,여,39세,기타불명,승용,여,33세,경상
2021042900100225,2021년 4월 29일 12시,목요일,경상남도 함안군 칠서면,경상사고,0,0,1,0,차대차 - 추돌,안전거리미확보,건조,맑음,교차로 - 교차로부근,화물,남,50세,상해없음,승용,여,59세,경상
2021042900100263,2021년 4월 29일 13시,목요일,경상남도 통영시 인평동,경상사고,0,0,1,0,차대사람 - 횡단중,안전운전불이행,건조,맑음,교차로 - 교차로안,승용,여,39세,상해없음,보행자,여,9세,경상
2021042900100264,2021년 4월 29일 13시,목요일,경상남도 거제시 옥포동,경상사고,0,0,1,0,차대차 - 측면충돌,안전운전불이행,건조,맑음,단일로 - 기타,승용,여,63세,상해없음,이륜,남,36세,경상
2021042900100293,2021년 4월 29일 14시,목요일,경상남도 사천시 서포면,부상신고사고,0,0,0,1,차량단독 - 공작물충돌,안전운전불이행,건조,맑음,단일로 - 기타,이륜,남,58세,부상신고,,,,
2021042900100294,2021년 4월 29일 14시,목요일,경상남도 남해군 남해읍,경상사고,0,0,1,0,차대차 - 측면충돌,안전운전불이행,건조,맑음,단일로 - 기타,건설기계,남,52세,상해없음,승용,여,30세,경상
2021042900100295,2021년 4월 29일 14시,목요일,경상남도 의령군 의령읍,경상사고,0,0,1,0,차대차 - 측면충돌,교차로운행방법위반,건조,맑음,교차로 - 교차로부근,승용,여,58세,상해없음,자전거,남,71세,경상
2021042900100296,2021년 4월 29일 14시,목요일,경상남도 김해시 율하동,경상사고,0,0,3,0,차대차 - 측면충돌,신호위반,건조,맑음,교차로 - 교차로안,승용,남,66세,상해없음,승용,여,32세,경상
2021042900100328,2021년 4월 29일 15시,목요일,경상남도 창원시 마산회원구 봉암동,경상사고,0,0,1,0,차대차 - 추돌,안전운전불이행,건조,맑음,단일로 - 기타,승합,남,71세,상해없음,이륜,남,49세,경상
2021042900100372,2021년 4월 29일 16시,목요일,경상남도 창원시 성산구 남양동,중상사고,0,1,0,0,차대차 - 측면충돌,교차로운행방법위반,건조,맑음,교차로 - 교차로안,승용,여,36세,상해없음,승용,여,53세,중상
2021042900100410,2021년 4월 29일 17시,목요일,경상남도 진주시 상대동,경상사고,0,0,1,0,차대차 - 측면충돌,안전운전불이행,건조,맑음,교차로 - 교차로안,승용,여,59세,상해없음,원동기,남,24세,경상
2021042900100411,2021년 4월 29일 17시,목요일,경상남도 사천시 용현면,중상사고,0,1,1,0,차량단독 - 공작물충돌,안전운전불이행,건조,맑음,교차로 - 교차로안,승용,남,64세,경상,,,,
2021042900100412,2021년 4월 29일 17시,목요일,경상남도 창녕군 대지면,중상사고,0,1,0,0,차대차 - 측면충돌,직진우회전진행방해,건조,맑음,교차로 - 교차로안,특수,남,65세,상해없음,승용,남,30세,중상
2021042900100413,2021년 4월 29일 17시,목요일,경상남도 양산시 물금읍,경상사고,0,0,1,0,차대사람 - 기타,안전운전불이행,건조,맑음,교차로 - 교차로횡단보도내,승용,남,25세,상해없음,보행자,남,24세,경상
2021042900100414,2021년 4월 29일 17시,목요일,경상남도 거제시 장승포동,사망사고,1,0,0,0,차대사람 - 기타,신호위반,건조,맑음,단일로 - 기타,승용,여,46세,상해없음,보행자,여,80세,사망
2021042900100475,2021년 4월 29일 18시,목요일,경상남도 진주시 상대동,경상사고,0,0,1,0,차대차 - 측면충돌,신호위반,건조,맑음,교차로 - 교차로안,화물,남,50세,상해없음,승용,남,31세,경상
2021042900100476,2021년 4월 29일 18시,목요일,경상남도 거제시 거제면,중상사고,0,1,1,0,차대차 - 기타,직진우회전진행방해,건조,맑음,교차로 - 교차로안,승용,여,53세,경상,화물,남,73세,중상
2021042900100477,2021년 4월 29일 18시,목요일,경상남도 창원시 성산구 대원동,경상사고,0,0,1,0,차대차 - 측면충돌,차로위반,건조,맑음,단일로 - 기타,승용,남,37세,상해없음,승용,남,31세,경상
2021042900100478,2021년 4월 29일 18시,목요일,경상남도 김해시 주촌면,중상사고,0,1,1,0,차대차 - 정면충돌,안전운전불이행,건조,맑음,단일로 - 기타,이륜,여,39세,상해없음,개인형이동수단(PM),남,16세,중상
2021042900100573,2021년 4월 29일 21시,목요일,경상남도 양산시 물금읍,중상사고,0,1,0,0,차대차 - 기타,신호위반,건조,맑음,교차로 - 교차로안,승용,여,30세,상해없음,승용,남,38세,중상
2021042900100609,2021년 4월 29일 22시,목요일,경상남도 창원시 진해구 석동,경상사고,0,0,2,0,차대차 - 기타,안전운전불이행,건조,맑음,교차로 - 교차로부근,원동기,남,46세,경상,승용,여,33세,경상
2021042900100610,2021년 4월 29일 22시,목요일,경상남도 사천시 동금동,경상사고,0,0,1,0,차대차 - 측면충돌,교차로운행방법위반,건조,맑음,교차로 - 교차로안,승용,남,67세,상해없음,승용,여,46세,경상
2021042900100611,2021년 4월 29일 22시,목요일,경상남도 김해시 외동,중상사고,0,1,0,0,차대차 - 정면충돌,신호위반,건조,맑음,교차로 - 교차로안,승용,남,23세,상해없음,승용,남,58세,중상
2021042900100638,2021년 4월 29일 23시,목요일,경상남도 양산시 물금읍,부상신고사고,0,0,0,1,차량단독 - 공작물충돌,안전운전불이행,건조,맑음,교차로 - 교차로부근,승용,여,68세,부상신고,,,,
2021042900100639,2021년 4월 29일 23시,목요일,경상남도 양산시 명동,중상사고,0,1,0,0,차대차 - 측면충돌,안전운전불이행,건조,맑음,교차로 - 교차로안,화물,남,39세,상해없음,원동기,남,31세,중상
2021043000100005,2021년 4월 30일 00시,금요일,경상남도 김해시 무계동,경상사고,0,0,1,0,차량단독 - 공작물충돌,안전운전불이행,건조,맑음,교차로 - 교차로부근,승용,남,52세,경상,,,,
2021043000100027,2021년 4월 30일 03시,금요일,경상남도 통영시 북신동,부상신고사고,0,0,0,1,차량단독 - 공작물충돌,안전운전불이행,기타,맑음,기타 - 기타,승용,여,49세,부상신고,,,,
2021043000100040,2021년 4월 30일 05시,금요일,경상남도 밀양시 부북면,중상사고,0,1,2,0,차대차 - 측면충돌,교차로운행방법위반,건조,맑음,교차로 - 교차로안,건설기계,남,67세,경상,화물,남,43세,경상
2021043000100041,2021년 4월 30일 05시,금요일,경상남도 거제시 고현동,중상사고,0,1,0,0,차대사람 - 기타,안전운전불이행,건조,맑음,단일로 - 기타,승용,남,30세,상해없음,보행자,남,65세,중상
2021043000100054,2021년 4월 30일 06시,금요일,경상남도 김해시 삼정동,중상사고,0,1,0,0,차대차 - 측면충돌,안전운전불이행,건조,맑음,교차로 - 교차로안,승용,남,50세,상해없음,원동기,남,33세,중상
2021043000100110,2021년 4월 30일 08시,금요일,경상남도 김해시 외동,경상사고,0,0,1,0,차대차 - 기타,기타,건조,맑음,단일로 - 기타,승용,남,38세,상해없음,승용,여,30세,경상
2021043000100111,2021년 4월 30일 08시,금요일,경상남도 거창군 거창읍,경상사고,0,0,1,0,차대차 - 측면충돌,안전운전불이행,건조,맑음,교차로 - 교차로부근,화물,남,51세,상해없음,이륜,남,17세,경상
2021043000100137,2021년 4월 30일 09시,금요일,경상남도 진주시 초전동,중상사고,0,1,0,0,차대차 - 측면충돌,안전운전불이행,건조,맑음,교차로 - 교차로안,승용,남,70세,상해없음,승용,여,64세,중상
2021043000100138,2021년 4월 30일 09시,금요일,경상남도 창원시 진해구 이동,중상사고,0,1,0,0,차대사람 - 차도통행중,안전운전불이행,건조,맑음,단일로 - 기타,화물,남,60세,상해없음,보행자,여,63세,중상
2021043000100139,2021년 4월 30일 09시,금요일,경상남도 양산시 신기동,경상사고,0,0,1,0,차대차 - 정면충돌,안전운전불이행,건조,맑음,교차로 - 교차로안,승용,남,60세,상해없음,승용,여,61세,경상