사고번호,사고일시,요일,시군구,사고내용,사망자수,중상자수,경상자수,부상신고자수,사고유형,법규위반,노면상태,기상상태,도로형태,가해운전자 차종,가해운전자 성별,가해운전자 연령,가해운전자 상해정도,피해운전자 차종,피해운전자 성별,피해운전자 연령,피해운전자 상해정도
2021043000100171,2021년 4월 30일 10시,금요일,경상남도 밀양시 하남읍,경상사고,0,0,1,0,차대차 - 기타,안전운전불이행,건조,맑음,교차로 - 교차로부근,건설기계,남,60세,상해없음,이륜,남,37세,경상
2021043000100172,2021년 4월 30일 10시,금요일,경상남도 산청군 시천면,경상사고,0,0,1,0,차대사람 - 횡단중,보행자보호의무위반,건조,맑음,단일로 - 기타,승용,남,85세,상해없음,보행자,남,74세,경상
2021043000100199,2021년 4월 30일 11시,금요일,경상남도 밀양시 상남면,경상사고,0,0,2,0,차대차 - 추돌,안전운전불이행,건조,맑음,단일로 - 기타,화물,남,47세,상해없음,화물,남,34세,상해없음
2021043000100200,2021년 4월 30일 11시,금요일,경상남도 창원시 성산구 중앙동,경상사고,0,0,1,0,차대차 - 측면충돌,안전운전불이행,건조,맑음,교차로 - 교차로안,승용,남,28세,상해없음,승용,여,29세,경상
2021043000100241,2021년 4월 30일 12시,금요일,경상남도 사천시 사천읍,경상사고,0,0,1,0,차대사람 - 기타,안전운전불이행,건조,맑음,교차로 - 교차로안,승용,남,65세,상해없음,보행자,여,53세,경상
2021043000100242,2021년 4월 30일 12시,금요일,경상남도 밀양시 내이동,중상사고,0,1,1,0,차대차 - 측면충돌,기타,건조,맑음,교차로 - 교차로안,이륜,남,54세,중상,승용,여,32세,경상
2021043000100243,2021년 4월 30일 12시,금요일,경상남도 양산시 삼호동,경상사고,0,0,1,0,차대차 - 측면충돌,신호위반,건조,맑음,교차로 - 교차로안,승용,여,24세,상해없음,화물,남,51세,경상
2021043000100244,2021년 4월 30일 12시,금요일,경상남도 거제시 상동동,중상사고,0,1,0,0,차대차 - 정면충돌,교차로운행방법위반,건조,맑음,교차로 - 교차로안,승용,남,60세,상해없음,이륜,남,36세,중상
2021043000100276,2021년 4월 30일 13시,금요일,경상남도 통영시 도산면,경상사고,0,0,4,0,차대차 - 측면충돌,안전거리미확보,건조,맑음,단일로 - 기타,승용,남,60세,경상,화물,남,37세,경상
2021043000100277,2021년 4월 30일 13시,금요일,경상남도 김해시 외동,중상사고,0,1,0,0,차대사람 - 차도통행중,안전운전불이행,건조,맑음,단일로 - 기타,승용,여,31세,상해없음,보행자,여,82세,중상
2021043000100278,2021년 4월 30일 13시,금요일,경상남도 창녕군 영산면,경상사고,0,0,1,0,차대차 - 기타,안전운전불이행,건조,맑음,교차로 - 교차로부근,자전거,남,31세,경상,승용,남,61세,상해없음
2021043000100316,2021년 4월 30일 14시,금요일,경상남도 통영시 정량동,경상사고,0,0,2,1,차대차 - 추돌,안전거리미확보,건조,맑음,교차로 - 교차로부근,화물,남,62세,상해없음,화물,남,48세,부상신고
2021043000100317,2021년 4월 30일 14시,금요일,경상남도 고성군 고성읍,경상사고,0,0,1,0,차대차 - 측면충돌,직진우회전진행방해,건조,맑음,교차로 - 교차로안,승용,남,35세,상해없음,이륜,남,69세,경상
2021043000100318,2021년 4월 30일 14시,금요일,경상남도 하동군 하동읍,사망사고,1,0,0,0,차량단독 - 도로외이탈 - 추락,안전운전불이행,건조,맑음,단일로 - 기타,특수,남,48세,사망,,,,
2021043000100319,2021년 4월 30일 14시,금요일,경상남도 의령군 가례면,중상사고,0,1,0,0,차대차 - 측면충돌,안전운전불이행,건조,맑음,교차로 - 교차로안,승용,여,79세,중상,승용,남,43세,상해없음
2021043000100354,2021년 4월 30일 15시,금요일,경상남도 김해시 상동면,경상사고,0,0,1,0,차대차 - 기타,안전운전불이행,건조,맑음,단일로 - 기타,건설기계,남,47세,상해없음,승용,남,35세,경상
2021043000100355,2021년 4월 30일 15시,금요일,경상남도 산청군 신안면,중상사고,0,1,0,0,차량단독 - 공작물충돌,안전운전불이행,건조,맑음,단일로 - 기타,이륜,남,82세,중상,,,,
2021043000100392,2021년 4월 30일 16시,금요일,경상남도 사천시 사천읍,경상사고,0,0,1,0,차량단독 - 기타,안전운전불이행,건조,맑음,단일로 - 기타,이륜,남,73세,경상,,,,
2021043000100424,2021년 4월 30일 17시,금요일,경상남도 밀양시 상동면,경상사고,0,0,1,0,차대차 - 추돌,안전거리미확보,건조,맑음,단일로 - 기타,승용,남,25세,상해없음,승용,남,29세,경상
2021043000100447,2021년 4월 30일 17시,금요일,경상남도 사천시 사천읍,중상사고,0,1,0,0,차대사람 - 차도통행중,안전운전불이행,건조,맑음,교차로 - 교차로안,승용,여,52세,상해없음,보행자,여,74세,중상
2021043000100448,2021년 4월 30일 17시,금요일,경상남도 김해시 생림면,중상사고,0,1,1,0,차대차 - 기타,안전운전불이행,건조,맑음,단일로 - 기타,건설기계,남,49세,상해없음,승용,남,66세,경상
2021043000100449,2021년 4월 30일 17시,금요일,경상남도 김해시 동상동,중상사고,0,1,0,0,차대차 - 기타,안전운전불이행,건조,맑음,교차로 - 교차로안,이륜,남,46세,중상,화물,남,32세,상해없음
2021043000100450,2021년 4월 30일 17시,금요일,경상남도 거제시 아주동,경상사고,0,0,2,0,차대차 - 추돌,안전운전불이행,건조,맑음,단일로 - 기타,승용,남,31세,상해없음,승용,남,46세,상해없음
2021043000100451,2021년 4월 30일 17시,금요일,경상남도 창원시 의창구 동정동,중상사고,0,1,0,0,차량단독 - 기타,기타,건조,맑음,단일로 - 기타,승합,남,51세,상해없음,,,,
2021043000100452,2021년 4월 30일 17시,금요일,경상남도 김해시 주촌면,중상사고,0,1,0,0,차대차 - 측면충돌,중앙선침범,건조,맑음,단일로 - 기타,승용,남,28세,상해없음,이륜,남,19세,상해없음
2021043000100453,2021년 4월 30일 17시,금요일,경상남도 김해시 진영읍,경상사고,0,0,1,0,차대차 - 측면충돌,안전운전불이행,건조,맑음,교차로 - 교차로안,승용,남,20세,상해없음,승용,여,41세,경상
2021043000100502,2021년 4월 30일 18시,금요일,경상남도 창원시 마산합포구 중앙동2가,경상사고,0,0,1,0,차대차 - 정면충돌,기타,건조,맑음,교차로 - 교차로안,이륜,남,62세,경상,승합,남,50세,상해없음
2021043000100546,2021년 4월 30일 19시,금요일,경상남도 사천시 사천읍,경상사고,0,0,2,0,차대차 - 후진중충돌,안전운전불이행,건조,맑음,단일로 - 기타,승용,남,45세,상해없음,승용,남,40세,상해없음
2021043000100547,2021년 4월 30일 19시,금요일,경상남도 양산시 물금읍,경상사고,0,0,1,0,차대차 - 측면충돌,교차로운행방법위반,건조,맑음,교차로 - 교차로안,화물,남,30세,상해없음,승용,남,49세,경상
2021043000100548,2021년 4월 30일 19시,금요일,경상남도 거제시 옥포동,경상사고,0,0,1,0,차대차 - 측면충돌,중앙선침범,건조,맑음,단일로 - 기타,이륜,남,42세,경상,승용,남,32세,상해없음
2021043000100549,2021년 4월 30일 19시,금요일,경상남도 김해시 율하동,경상사고,0,0,1,0,차대사람 - 기타,안전운전불이행,건조,맑음,교차로 - 교차로부근,승용,여,33세,상해없음,보행자,남,46세,경상
2021043000100592,2021년 4월 30일 20시,금요일,경상남도 창원시 진해구 용원동,중상사고,0,1,1,0,차대차 - 측면충돌,기타,건조,맑음,단일로 - 기타,승용,남,28세,경상,승용,남,55세,상해없음
2021043000100593,2021년 4월 30일 20시,금요일,경상남도 창원시 진해구 장천동,경상사고,0,0,1,0,차대차 - 정면충돌,중앙선침범,건조,맑음,단일로 - 기타,승용,여,28세,상해없음,원동기,남,27세,경상
2021043000100594,2021년 4월 30일 20시,금요일,경상남도 사천시 사천읍,경상사고,0,0,1,0,차대차 - 측면충돌,안전운전불이행,건조,맑음,단일로 - 기타,승용,여,46세,상해없음,이륜,남,33세,경상
2021043000100595,2021년 4월 30일 20시,금요일,경상남도 거창군 거창읍,경상사고,0,0,1,0,차대차 - 측면충돌,안전운전불이행,건조,맑음,교차로 - 교차로부근,승용,남,63세,상해없음,승용,남,29세,경상
2021043000100596,2021년 4월 30일 20시,금요일,경상남도 거제시 고현동,경상사고,0,0,1,0,차대사람 - 기타,안전운전불이행,건조,맑음,교차로 - 교차로안,승용,남,45세,상해없음,보행자,남,34세,경상
2021043000100597,2021년 4월 30일 20시,금요일,경상남도 거제시 하청면,경상사고,0,0,1,0,차대사람 - 횡단중,안전운전불이행,건조,맑음,교차로 - 교차로안,승용,남,33세,상해없음,보행자,여,74세,경상
2021043000100598,2021년 4월 30일 20시,금요일,경상남도 창원시 성산구 삼정자동,경상사고,0,0,1,0,차대차 - 측면충돌,교차로운행방법위반,건조,맑음,교차로 - 교차로안,승합,남,44세,상해없음,승용,여,34세,경상
2021043000100629,2021년 4월 30일 21시,금요일,경상남도 창원시 진해구 용원동,경상사고,0,0,2,0,차대차 - 기타,교차로운행방법위반,건조,맑음,교차로 - 교차로안,승용,여,56세,상해없음,승용,남,37세,기타불명
2021043000100630,2021년 4월 30일 21시,금요일,경상남도 사천시 대방동,경상사고,0,0,1,0,차대차 - 측면충돌,안전운전불이행,건조,맑음,단일로 - 기타,승용,남,70세,상해없음,승용,남,55세,상해없음
2021043000100667,2021년 4월 30일 22시,금요일,경상남도 김해시 생림면,중상사고,0,1,0,0,차대차 - 기타,안전운전불이행,건조,맑음,단일로 - 기타,승용,남,61세,상해없음,이륜,남,50세,중상
2021043000100668,2021년 4월 30일 22시,금요일,경상남도 김해시 진례면,경상사고,0,0,1,0,차대차 - 측면충돌,안전운전불이행,건조,맑음,교차로 - 교차로안,승용,여,51세,상해없음,이륜,남,23세,경상
2021043000100694,2021년 4월 30일 23시,금요일,경상남도 창원시 진해구 여좌동,경상사고,0,0,1,0,차대사람 - 횡단중,안전운전불이행,젖음/습기,비,교차로 - 교차로횡단보도내,승용,남,48세,상해없음,보행자,남,58세,경상
2021050100100008,2021년 5월 1일 00시,토요일,경상남도 통영시 무전동,중상사고,0,1,0,0,차대사람 - 횡단중,보행자보호의무위반,젖음/습기,비,교차로 - 교차로안,승용,남,62세,상해없음,보행자,남,55세,중상
2021050100100043,2021년 5월 1일 03시,토요일,경상남도 사천시 용현면,사망사고,1,3,0,0,차대차 - 정면충돌,기타,건조,맑음,교차로 - 교차로안,승용,남,31세,중상,승용,남,81세,사망
2021050100100044,2021년 5월 1일 03시,토요일,경상남도 양산시 물금읍,경상사고,0,0,1,0,차대차 - 측면충돌,신호위반,건조,맑음,교차로 - 교차로안,승합,남,43세,상해없음,승용,여,22세,경상
2021050100100101,2021년 5월 1일 09시,토요일,경상남도 양산시 삼호동,중상사고,0,1,0,0,차대차 - 측면충돌,안전운전불이행,건조,맑음,단일로 - 기타,화물,남,25세,상해없음,승합,남,33세,상해없음
2021050100100131,2021년 5월 1일 10시,토요일,경상남도 거제시 아주동,중상사고,0,1,0,0,차대차 - 기타,차로위반,젖음/습기,흐림,단일로 - 기타,승용,남,27세,상해없음,이륜,남,29세,중상
2021050100100181,2021년 5월 1일 12시,토요일,경상남도 사천시 곤양면,경상사고,0,0,1,0,차대차 - 기타,직진우회전진행방해,건조,맑음,교차로 - 교차로안,승용,남,84세,상해없음,승용,여,56세,경상
2021050100100182,2021년 5월 1일 12시,토요일,경상남도 합천군 대양면,중상사고,0,1,0,0,차대차 - 기타,안전운전불이행,건조,맑음,단일로 - 기타,승용,남,73세,상해없음,원동기,남,81세,중상
2021050100100225,2021년 5월 1일 13시,토요일,경상남도 밀양시 상남면,중상사고,0,1,1,0,차대차 - 측면충돌,교차로운행방법위반,건조,맑음,교차로 - 교차로안,승합,남,29세,상해없음,승용,여,76세,경상
2021050100100226,2021년 5월 1일 13시,토요일,경상남도 김해시 외동,경상사고,0,0,1,0,차대사람 - 보도통행중,기타,건조,맑음,기타 - 기타,개인형이동수단(PM),여,29세,상해없음,보행자,여,58세,경상
2021050100100227,2021년 5월 1일 13시,토요일,경상남도 거제시 일운면,경상사고,0,0,2,0,차대차 - 추돌,안전거리미확보,건조,맑음,교차로 - 교차로안,승합,남,58세,상해없음,승용,여,29세,경상
2021050100100271,2021년 5월 1일 14시,토요일,경상남도 양산시 물금읍,경상사고,0,0,1,0,차대차 - 측면충돌,안전운전불이행,건조,맑음,단일로 - 기타,승용,여,38세,상해없음,승용,남,57세,기타불명
2021050100100302,2021년 5월 1일 15시,토요일,경상남도 거제시 연초면,경상사고,0,0,1,0,차대차 - 추돌,안전운전불이행,건조,맑음,단일로 - 기타,이륜,남,57세,상해없음,승용,여,21세,경상
2021050100100333,2021년 5월 1일 16시,토요일,경상남도 김해시 외동,경상사고,0,0,2,0,차대차 - 측면충돌,안전운전불이행,건조,맑음,단일로 - 기타,이륜,남,37세,경상,승용,여,51세,경상
2021050100100334,2021년 5월 1일 16시,토요일,경상남도 김해시 내동,경상사고,0,0,4,0,차대차 - 추돌,안전거리미확보,건조,맑음,단일로 - 기타,승용,남,59세,경상,승용,여,53세,경상
2021050100100335,2021년 5월 1일 16시,토요일,경상남도 산청군 단성면,경상사고,0,0,1,0,차대차 - 측면충돌,중앙선침범,건조,흐림,단일로 - 기타,화물,남,79세,상해없음,승용,남,59세,상해없음
2021050100100379,2021년 5월 1일 17시,토요일,경상남도 거제시 거제면,경상사고,0,0,2,0,차대차 - 측면충돌,중앙선침범,건조,맑음,단일로 - 기타,승용,남,56세,상해없음,승용,남,28세,경상
2021050100100408,2021년 5월 1일 18시,토요일,경상남도 진주시 상대동,경상사고,0,0,1,0,차대차 - 기타,신호위반,건조,맑음,교차로 - 교차로부근,이륜,남,23세,경상,승용,남,53세,상해없음
2021050100100409,2021년 5월 1일 18시,토요일,경상남도 거제시 고현동,중상사고,0,3,0,0,차대차 - 측면충돌,신호위반,건조,맑음,교차로 - 교차로안,이륜,남,38세,중상,승용,남,64세,중상
2021050100100410,2021년 5월 1일 18시,토요일,경상남도 창원시 의창구 동읍,경상사고,0,0,1,0,차대차 - 측면충돌,신호위반,건조,맑음,교차로 - 교차로안,이륜,남,20세,상해없음,승용,남,36세,상해없음
2021050100100448,2021년 5월 1일 19시,토요일,경상남도 진주시 칠암동,중상사고,0,1,0,0,차대차 - 기타,중앙선침범,건조,맑음,단일로 - 기타,승용,남,57세,상해없음,승용,남,29세,중상
2021050100100449,2021년 5월 1일 19시,토요일,경상남도 거제시 연초면,경상사고,0,0,1,0,차대차 - 추돌,안전운전불이행,건조,맑음,단일로 - 기타,승용,남,43세,상해없음,승용,여,35세,경상
2021050100100476,2021년 5월 1일 20시,토요일,경상남도 거창군 거창읍,경상사고,0,0,1,0,차대차 - 측면충돌,신호위반,젖음/습기,흐림,교차로 - 교차로안,승용,여,64세,상해없음,이륜,남,47세,경상
2021050100100504,2021년 5월 1일 21시,토요일,경상남도 통영시 용남면,경상사고,0,0,2,0,차대차 - 측면충돌,안전운전불이행,건조,맑음,단일로 - 기타,승용,여,22세,상해없음,승용,남,28세,경상
2021050100100505,2021년 5월 1일 21시,토요일,경상남도 양산시 물금읍,경상사고,0,0,2,0,차대사람 - 횡단중,보행자보호의무위반,건조,맑음,단일로 - 기타,승용,남,23세,상해없음,보행자,여,23세,경상
2021050100100531,2021년 5월 1일 22시,토요일,경상남도 진주시 충무공동,중상사고,0,1,1,0,차대사람 - 횡단중,보행자보호의무위반,건조,맑음,교차로 - 교차로횡단보도내,승용,여,42세,상해없음,보행자,여,20세,중상
2021050100100532,2021년 5월 1일 22시,토요일,경상남도 진주시 문산읍,경상사고,0,0,1,0,차대차 - 측면충돌,중앙선침범,건조,맑음,단일로 - 기타,승용,남,40세,상해없음,승용,여,50세,경상
2021050100100533,2021년 5월 1일 22시,토요일,경상남도 김해시 부곡동,경상사고,0,0,1,0,차량단독 - 전도전복 - 전도,안전운전불이행,건조,맑음,교차로 - 교차로부근,이륜,남,20세,경상,,,,
2021050100100552,2021년 5월 1일 23시,토요일,경상남도 창원시 의창구 사림동,경상사고,0,0,1,0,차대차 - 추돌,안전운전불이행,건조,맑음,교차로 - 교차로부근,이륜,남,21세,상해없음,이륜,남,33세,경상
2021050200100026,2021년 5월 2일 02시,일요일,경상남도 김해시 구산동,경상사고,0,0,1,0,차량단독 - 전도전복 - 전도,안전운전불이행,건조,맑음,단일로 - 터널,이륜,남,28세,경상,,,,
2021050200100065,2021년 5월 2일 08시,일요일,경상남도 거제시 고현동,경상사고,0,0,2,0,차대차 - 측면충돌,교차로운행방법위반,건조,맑음,교차로 - 교차로안,승용,남,28세,상해없음,이륜,남,45세,경상
2021050200100082,2021년 5월 2일 09시,일요일,경상남도 김해시 삼방동,경상사고,0,0,3,0,차대차 - 기타,안전운전불이행,건조,맑음,교차로 - 교차로안,승용,여,32세,경상,승용,남,65세,경상
2021050200100107,2021년 5월 2일 10시,일요일,경상남도 사천시 서동,중상사고,0,1,0,0,차대사람 - 횡단중,안전운전불이행,건조,맑음,단일로 - 기타,화물,남,38세,상해없음,보행자,여,81세,중상
2021050200100135,2021년 5월 2일 11시,일요일,경상남도 밀양시 내일동,경상사고,0,0,1,0,차대차 - 측면충돌,안전운전불이행,건조,맑음,교차로 - 교차로안,승용,남,70세,상해없음,승용,여,55세,경상
2021050200100136,2021년 5월 2일 11시,일요일,경상남도 김해시 불암동,중상사고,0,1,0,0,차대차 - 기타,안전운전불이행,건조,맑음,단일로 - 기타,화물,남,44세,상해없음,이륜,남,31세,중상
2021050200100167,2021년 5월 2일 12시,일요일,경상남도 양산시 동면,중상사고,0,1,0,0,차대차 - 측면충돌,안전거리미확보,건조,맑음,단일로 - 기타,승용,남,33세,상해없음,이륜,남,41세,중상
2021050200100201,2021년 5월 2일 13시,일요일,경상남도 통영시 산양읍,중상사고,0,1,0,0,차대사람 - 기타,안전운전불이행,건조,맑음,기타 - 기타,승용,남,27세,상해없음,보행자,남,53세,중상
2021050200100202,2021년 5월 2일 13시,일요일,경상남도 함양군 함양읍,경상사고,0,0,1,0,차대차 - 기타,안전운전불이행,건조,맑음,단일로 - 기타,승용,남,28세,상해없음,이륜,남,20세,경상
2021050200100203,2021년 5월 2일 13시,일요일,경상남도 고성군 고성읍,중상사고,0,1,0,0,차대차 - 측면충돌,안전운전불이행,건조,맑음,단일로 - 기타,이륜,남,61세,상해없음,이륜,남,44세,중상
2021050200100232,2021년 5월 2일 14시,일요일,경상남도 창원시 마산합포구 진북면,중상사고,0,2,3,0,차대차 - 추돌,안전운전불이행,건조,맑음,단일로 - 기타,화물,남,55세,상해없음,화물,남,48세,중상
2021050200100267,2021년 5월 2일 15시,일요일,경상남도 창원시 진해구 용원동,경상사고,0,0,2,0,차대차 - 기타,중앙선침범,건조,맑음,단일로 - 기타,이륜,남,61세,상해없음,승용,남,25세,경상
2021050200100268,2021년 5월 2일 15시,일요일,경상남도 창원시 진해구 남양동,경상사고,0,0,3,1,차대차 - 측면충돌,안전운전불이행,건조,맑음,교차로 - 교차로부근,승용,여,49세,상해없음,승용,여,32세,경상
2021050200100269,2021년 5월 2일 15시,일요일,경상남도 밀양시 상동면,중상사고,0,1,0,0,차대차 - 측면충돌,중앙선침범,건조,맑음,교차로 - 교차로부근,원동기,남,51세,중상,승용,남,36세,상해없음
2021050200100270,2021년 5월 2일 15시,일요일,경상남도 창원시 성산구 반림동,중상사고,0,1,0,0,차대차 - 측면충돌,안전운전불이행,건조,맑음,교차로 - 교차로부근,승용,남,35세,상해없음,이륜,남,16세,중상
2021050200100287,2021년 5월 2일 16시,일요일,경상남도 김해시 대동면,경상사고,0,0,2,0,차대차 - 추돌,안전운전불이행,건조,맑음,단일로 - 기타,화물,남,29세,상해없음,승용,남,32세,경상
2021050200100305,2021년 5월 2일 16시,일요일,경상남도 창녕군 창녕읍,경상사고,0,0,1,0,차대차 - 측면충돌,직진우회전진행방해,건조,맑음,교차로 - 교차로안,화물,여,56세,상해없음,이륜,남,22세,경상
2021050200100339,2021년 5월 2일 17시,일요일,경상남도 창원시 진해구 제황산동,경상사고,0,0,1,0,차대차 - 기타,안전운전불이행,건조,맑음,교차로 - 교차로안,자전거,남,64세,상해없음,이륜,남,28세,경상
2021050200100340,2021년 5월 2일 17시,일요일,경상남도 통영시 무전동,경상사고,0,0,1,0,차대차 - 측면충돌,불법유턴,건조,맑음,교차로 - 교차로부근,승용,여,64세,상해없음,이륜,남,37세,경상
2021050200100341,2021년 5월 2일 17시,일요일,경상남도 창원시 의창구 북면,경상사고,0,0,1,0,차량단독 - 기타,안전운전불이행,건조,맑음,단일로 - 기타,이륜,남,61세,경상,,,,
2021050200100368,2021년 5월 2일 18시,일요일,경상남도 의령군 화정면,중상사고,0,2,0,0,차대차 - 추돌,안전운전불이행,건조,맑음,단일로 - 기타,승용,남,68세,중상,화물,남,55세,기타불명
2021050200100389,2021년 5월 2일 19시,일요일,경상남도 사천시 벌리동,경상사고,0,0,1,0,차대차 - 측면충돌,직진우회전진행방해,건조,맑음,교차로 - 교차로안,승용,남,56세,상해없음,이륜,남,32세,경상
2021050200100440,2021년 5월 2일 22시,일요일,경상남도 밀양시 상남면,중상사고,0,1,0,0,차대차 - 추돌,안전운전불이행,건조,맑음,단일로 - 기타,승용,남,60세,상해없음,승용,남,33세,중상
2021050200100470,2021년 5월 2일 23시,일요일,경상남도 거제시 일운면,경상사고,0,0,1,0,차대사람 - 기타,중앙선침범,건조,맑음,단일로 - 기타,승용,남,30세,상해없음,보행자,여,32세,경상
2021050300100066,2021년 5월 3일 07시,월요일,경상남도 창원시 진해구 석동,경상사고,0,0,2,0,차대차 - 측면충돌,안전거리미확보,건조,맑음,단일로 - 기타,승용,남,28세,상해없음,승용,남,44세,경상
2021050300100067,2021년 5월 3일 07시,월요일,경상남도 김해시 구산동,경상사고,0,0,1,0,차대차 - 기타,신호위반,건조,맑음,교차로 - 교차로안,화물,남,45세,상해없음,승용,남,45세,경상
2021050300100068,2021년 5월 3일 07시,월요일,경상남도 하동군 옥종면,경상사고,0,0,2,0,차대차 - 측면충돌,교차로운행방법위반,건조,맑음,교차로 - 교차로안,화물,남,69세,상해없음,승용,남,25세,경상
2021050300100097,2021년 5월 3일 08시,월요일,경상남도 김해시 동상동,경상사고,0,0,2,0,차대사람 - 차도통행중,안전운전불이행,건조,맑음,교차로 - 교차로안,승용,남,61세,상해없음,보행자,남,62세,경상
2021050300100098,2021년 5월 3일 08시,월요일,경상남도 거창군 고제면,사망사고,1,0,1,0,차대차 - 정면충돌,안전운전불이행,건조,맑음,기타 - 기타,화물,남,48세,경상,화물,남,49세,상해없음
2021050300100099,2021년 5월 3일 08시,월요일,경상남도 창원시 마산회원구 양덕동,경상사고,0,0,2,0,차대차 - 추돌,안전운전불이행,건조,맑음,교차로 - 교차로횡단보도내,승합,남,50세,상해없음,승용,남,51세,경상
2021050300100143,2021년 5월 3일 09시,월요일,경상남도 창원시 진해구 용원동,경상사고,0,0,1,0,차대차 - 기타,신호위반,건조,맑음,교차로 - 교차로안,특수,남,70세,상해없음,승용,여,47세,경상
2021050300100176,2021년 5월 3일 10시,월요일,경상남도 김해시 대동면,경상사고,0,0,2,0,차대차 - 측면충돌,안전거리미확보,건조,맑음,기타 - 기타,승용,남,62세,상해없음,건설기계,남,41세,경상
2021050300100177,2021년 5월 3일 10시,월요일,경상남도 양산시 어곡동,경상사고,0,0,1,0,차대차 - 측면충돌,안전운전불이행,건조,맑음,단일로 - 기타,건설기계,남,56세,상해없음,화물,남,48세,경상
2021050300100221,2021년 5월 3일 11시,월요일,경상남도 거창군 남상면,사망사고,1,0,0,0,차대차 - 측면충돌,직진우회전진행방해,건조,맑음,교차로 - 교차로안,화물,남,53세,상해없음,이륜,남,73세,사망
2021050300100260,2021년 5월 3일 12시,월요일,경상남도 김해시 생림면,경상사고,0,0,1,0,차대차 - 측면충돌,중앙선침범,건조,맑음,단일로 - 기타,승용,남,57세,상해없음,화물,남,44세,경상
2021050300100306,2021년 5월 3일 13시,월요일,경상남도 창원시 진해구 용원동,중상사고,0,1,0,0,차대차 - 측면충돌,기타,건조,맑음,교차로 - 교차로안,특수,남,48세,상해없음,승용,남,41세,중상
2021050300100307,2021년 5월 3일 13시,월요일,경상남도 의령군 칠곡면,사망사고,1,0,0,0,차대차 - 추돌,안전운전불이행,건조,맑음,단일로 - 기타,화물,남,21세,기타불명,농기계,남,66세,사망
2021050300100341,2021년 5월 3일 14시,월요일,경상남도 밀양시 하남읍,중상사고,0,1,0,0,차대차 - 측면충돌,신호위반,건조,맑음,교차로 - 교차로안,승용,여,39세,상해없음,이륜,남,69세,중상
2021050300100342,2021년 5월 3일 14시,월요일,경상남도 거창군 거창읍,중상사고,0,1,0,0,차대차 - 측면충돌,안전운전불이행,건조,맑음,교차로 - 교차로안,승용,여,75세,상해없음,자전거,여,27세,중상
2021050300100380,2021년 5월 3일 15시,월요일,경상남도 창원시 진해구 용원동,중상사고,0,1,0,0,차대사람 - 횡단중,안전운전불이행,건조,맑음,교차로 - 교차로안,화물,남,61세,상해없음,보행자,남,60세,중상
2021050300100422,2021년 5월 3일 16시,월요일,경상남도 거창군 거창읍,중상사고,0,2,0,0,차대차 - 측면충돌,직진우회전진행방해,건조,맑음,교차로 - 교차로안,승용,남,61세,상해없음,승용,여,55세,중상
2021050300100423,2021년 5월 3일 16시,월요일,경상남도 고성군 고성읍,경상사고,0,0,1,0,차대차 - 추돌,안전운전불이행,건조,맑음,교차로 - 교차로부근,화물,남,67세,상해없음,승용,여,55세,경상
2021050300100467,2021년 5월 3일 17시,월요일,경상남도 함양군 함양읍,중상사고,0,1,0,0,차대차 - 측면충돌,안전운전불이행,건조,맑음,교차로 - 교차로안,승용,여,75세,상해없음,자전거,남,69세,중상
2021050300100468,2021년 5월 3일 17시,월요일,경상남도 남해군 남해읍,중상사고,0,1,0,0,차대차 - 후진중충돌,안전운전불이행,건조,맑음,단일로 - 기타,승용,남,20세,상해없음,화물,남,45세,상해없음
2021050300100469,2021년 5월 3일 17시,월요일,경상남도 창원시 마산회원구 석전동,중상사고,0,1,0,0,차대차 - 정면충돌,안전운전불이행,건조,맑음,기타 - 기타,승용,남,72세,기타불명,자전거,남,82세,중상
2021050300100470,2021년 5월 3일 17시,월요일,경상남도 김해시 진영읍,경상사고,0,0,1,0,차대사람 - 보도통행중,기타,건조,맑음,단일로 - 기타,화물,여,43세,상해없음,보행자,여,12세,경상
2021050300100520,2021년 5월 3일 18시,월요일,경상남도 김해시 어방동,경상사고,0,0,2,0,차대사람 - 횡단중,안전운전불이행,건조,맑음,단일로 - 기타,이륜,남,19세,경상,보행자,남,86세,경상
2021050300100552,2021년 5월 3일 19시,월요일,경상남도 통영시 무전동,중상사고,0,1,2,0,차대차 - 추돌,안전운전불이행,건조,맑음,단일로 - 기타,화물,남,64세,상해없음,승용,남,42세,중상
2021050400100007,2021년 5월 4일 00시,화요일,경상남도 거제시 고현동,경상사고,0,0,1,0,차대차 - 측면충돌,기타,건조,맑음,단일로 - 기타,승용,남,28세,상해없음,승용,남,35세,경상
2021050400100019,2021년 5월 4일 02시,화요일,경상남도 사천시 용현면,경상사고,0,0,2,0,차대차 - 측면충돌,중앙선침범,젖음/습기,비,교차로 - 교차로안,승용,여,37세,상해없음,승용,남,71세,경상
2021050400100020,2021년 5월 4일 02시,화요일,경상남도 의령군 궁류면,부상신고사고,0,0,0,1,차량단독 - 공작물충돌,안전운전불이행,젖음/습기,비,단일로 - 기타,화물,남,66세,부상신고,,,,
2021050400100038,2021년 5월 4일 06시,화요일,경상남도 거제시 고현동,중상사고,0,1,0,0,차대차 - 정면충돌,중앙선침범,건조,맑음,단일로 - 기타,승용,여,42세,상해없음,이륜,남,44세,중상
2021050400100039,2021년 5월 4일 06시,화요일,경상남도 거제시 고현동,경상사고,0,0,1,0,차대차 - 기타,신호위반,건조,맑음,교차로 - 교차로안,승용,남,38세,상해없음,자전거,남,40세,경상