사고번호,사고일시,요일,시군구,사고내용,사망자수,중상자수,경상자수,부상신고자수,사고유형,법규위반,노면상태,기상상태,도로형태,가해운전자 차종,가해운전자 성별,가해운전자 연령,가해운전자 상해정도,피해운전자 차종,피해운전자 성별,피해운전자 연령,피해운전자 상해정도
2021050700100363,2021년 5월 7일 16시,금요일,경상남도 사천시 사천읍,사망사고,1,0,0,0,차대사람 - 횡단중,안전운전불이행,건조,맑음,교차로 - 교차로안,승용,여,29세,상해없음,보행자,여,83세,사망
2021050700100406,2021년 5월 7일 17시,금요일,경상남도 창원시 진해구 용원동,경상사고,0,0,1,0,차대차 - 기타,교차로운행방법위반,건조,맑음,교차로 - 교차로안,승용,남,41세,상해없음,원동기,남,35세,경상
2021050700100407,2021년 5월 7일 17시,금요일,경상남도 김해시 외동,중상사고,0,1,0,0,차대차 - 측면충돌,교차로운행방법위반,건조,맑음,교차로 - 교차로안,승용,여,52세,상해없음,이륜,남,26세,중상
2021050700100408,2021년 5월 7일 17시,금요일,경상남도 함양군 안의면,중상사고,0,1,0,0,차대사람 - 횡단중,안전운전불이행,건조,맑음,교차로 - 교차로안,승합,남,69세,상해없음,보행자,여,88세,중상
2021050700100460,2021년 5월 7일 18시,금요일,경상남도 창원시 진해구 석동,경상사고,0,0,1,0,차대차 - 측면충돌,안전운전불이행,건조,맑음,교차로 - 교차로부근,승용,여,47세,기타불명,승용,여,50세,경상
2021050700100571,2021년 5월 7일 21시,금요일,경상남도 진주시 상평동,경상사고,0,0,1,0,차대차 - 추돌,안전운전불이행,건조,맑음,교차로 - 교차로부근,승용,남,59세,경상,승용,남,63세,상해없음
2021050700100572,2021년 5월 7일 21시,금요일,경상남도 창원시 마산회원구 합성동,경상사고,0,0,6,0,차대차 - 추돌,안전운전불이행,건조,맑음,단일로 - 기타,승용,남,58세,상해없음,승용,여,36세,경상
2021050700100573,2021년 5월 7일 21시,금요일,경상남도 창원시 마산회원구 내서읍,경상사고,0,0,1,0,차대사람 - 횡단중,보행자보호의무위반,건조,맑음,교차로 - 교차로횡단보도내,이륜,남,32세,상해없음,보행자,남,70세,경상
2021050700100601,2021년 5월 7일 22시,금요일,경상남도 통영시 북신동,부상신고사고,0,0,0,1,차대차 - 측면충돌,신호위반,건조,맑음,교차로 - 교차로안,자전거,남,14세,부상신고,승용,여,51세,상해없음
2021050700100602,2021년 5월 7일 22시,금요일,경상남도 김해시 어방동,경상사고,0,0,1,0,차대사람 - 기타,안전운전불이행,건조,맑음,단일로 - 기타,승용,남,21세,상해없음,보행자,남,33세,경상
2021050700100626,2021년 5월 7일 23시,금요일,경상남도 의령군 의령읍,경상사고,0,0,2,0,차대차 - 측면충돌,안전운전불이행,건조,맑음,교차로 - 교차로안,승용,여,41세,상해없음,승용,남,53세,경상
2021050700100627,2021년 5월 7일 23시,금요일,경상남도 창원시 성산구 상남동,부상신고사고,0,0,0,1,차대사람 - 횡단중,안전운전불이행,건조,맑음,교차로 - 교차로부근,이륜,남,19세,상해없음,보행자,남,43세,부상신고
2021050800100022,2021년 5월 8일 01시,토요일,경상남도 김해시 부곡동,중상사고,0,2,0,0,차대차 - 측면충돌,신호위반,건조,맑음,교차로 - 교차로안,화물,남,32세,상해없음,승용,남,45세,중상
2021050800100055,2021년 5월 8일 06시,토요일,경상남도 남해군 남해읍,부상신고사고,0,0,0,1,차대차 - 측면충돌,안전운전불이행,건조,맑음,교차로 - 교차로안,승용,여,63세,기타불명,승용,남,59세,부상신고
2021050800100056,2021년 5월 8일 06시,토요일,경상남도 창원시 의창구 서상동,사망사고,1,0,0,0,차량단독 - 공작물충돌,안전운전불이행,건조,맑음,단일로 - 기타,이륜,남,23세,사망,,,,
2021050800100067,2021년 5월 8일 07시,토요일,경상남도 진주시 옥봉동,경상사고,0,0,1,0,차대차 - 측면충돌,신호위반,건조,맑음,교차로 - 교차로안,승용,남,79세,상해없음,승용,여,63세,경상
2021050800100068,2021년 5월 8일 07시,토요일,경상남도 합천군 초계면,중상사고,0,1,0,0,차대차 - 측면충돌,신호위반,건조,맑음,교차로 - 교차로안,승용,남,49세,상해없음,승용,남,37세,중상
2021050800100112,2021년 5월 8일 09시,토요일,경상남도 통영시 광도면,부상신고사고,0,0,0,4,차대차 - 추돌,안전거리미확보,건조,맑음,교차로 - 교차로부근,승용,남,72세,상해없음,승용,남,47세,부상신고
2021050800100113,2021년 5월 8일 09시,토요일,경상남도 거창군 거창읍,사망사고,1,0,0,0,차대차 - 측면충돌,안전운전불이행,건조,맑음,교차로 - 교차로안,화물,남,60세,상해없음,이륜,여,71세,사망
2021050800100139,2021년 5월 8일 10시,토요일,경상남도 김해시 외동,중상사고,0,1,1,0,차대차 - 기타,안전운전불이행,건조,맑음,교차로 - 교차로안,승용,남,77세,상해없음,승용,남,55세,경상
2021050800100140,2021년 5월 8일 10시,토요일,경상남도 거제시 하청면,경상사고,0,0,1,0,차량단독 - 기타,안전운전불이행,건조,맑음,단일로 - 기타,자전거,남,48세,경상,,,,
2021050800100159,2021년 5월 8일 11시,토요일,경상남도 양산시 상북면,중상사고,0,1,0,0,차대차 - 추돌,안전운전불이행,건조,맑음,단일로 - 기타,승용,남,22세,상해없음,승용,여,30세,중상
2021050800100177,2021년 5월 8일 11시,토요일,경상남도 진주시 문산읍,중상사고,0,1,0,0,차대차 - 측면충돌,안전운전불이행,건조,맑음,기타 - 기타,자전거,여,66세,중상,승용,여,63세,상해없음
2021050800100178,2021년 5월 8일 11시,토요일,경상남도 사천시 선구동,경상사고,0,0,1,0,차대사람 - 횡단중,신호위반,건조,맑음,단일로 - 기타,원동기,남,44세,상해없음,보행자,여,44세,경상
2021050800100225,2021년 5월 8일 12시,토요일,경상남도 창원시 의창구 도계동,경상사고,0,0,1,0,차대차 - 정면충돌,안전운전불이행,건조,맑음,단일로 - 기타,이륜,남,50세,상해없음,승용,남,64세,경상
2021050800100279,2021년 5월 8일 13시,토요일,경상남도 김해시 무계동,경상사고,0,0,1,0,차대차 - 추돌,안전운전불이행,건조,맑음,단일로 - 기타,승용,남,72세,상해없음,승용,여,45세,경상
2021050800100328,2021년 5월 8일 14시,토요일,경상남도 사천시 향촌동,경상사고,0,0,2,0,차대차 - 측면충돌,안전운전불이행,건조,맑음,교차로 - 교차로부근,승용,남,58세,상해없음,승용,남,52세,상해없음
2021050800100369,2021년 5월 8일 15시,토요일,경상남도 창원시 진해구 자은동,경상사고,0,0,1,0,차대차 - 추돌,안전운전불이행,건조,맑음,교차로 - 교차로부근,승용,여,47세,상해없음,승용,여,49세,경상
2021050800100370,2021년 5월 8일 15시,토요일,경상남도 양산시 동면,경상사고,0,0,1,0,차대차 - 정면충돌,신호위반,건조,맑음,기타 - 기타,승용,여,31세,상해없음,화물,남,60세,경상
2021050800100371,2021년 5월 8일 15시,토요일,경상남도 산청군 단성면,중상사고,0,1,0,0,차대차 - 측면충돌,교차로운행방법위반,건조,맑음,교차로 - 교차로안,승용,남,72세,상해없음,승용,남,67세,상해없음
2021050800100451,2021년 5월 8일 17시,토요일,경상남도 창원시 마산합포구 오동동,중상사고,0,1,0,0,차대차 - 추돌,안전운전불이행,건조,맑음,교차로 - 교차로안,이륜,남,44세,중상,승용,남,65세,상해없음
2021050800100452,2021년 5월 8일 17시,토요일,경상남도 밀양시 내이동,중상사고,0,1,0,0,차대차 - 측면충돌,안전운전불이행,건조,맑음,주차장 - 주차장,승용,남,64세,상해없음,승용,남,63세,상해없음
2021050800100453,2021년 5월 8일 17시,토요일,경상남도 창원시 마산회원구 회성동,중상사고,0,1,1,0,차대차 - 측면충돌,안전운전불이행,건조,맑음,단일로 - 기타,승용,남,52세,상해없음,승용,여,31세,중상
2021050800100454,2021년 5월 8일 17시,토요일,경상남도 창원시 의창구 도계동,경상사고,0,0,1,0,차대사람 - 기타,안전운전불이행,건조,맑음,단일로 - 기타,승용,여,54세,상해없음,보행자,남,58세,경상
2021050800100500,2021년 5월 8일 18시,토요일,경상남도 김해시 외동,경상사고,0,0,1,0,차대차 - 기타,안전운전불이행,건조,맑음,단일로 - 기타,승용,여,42세,상해없음,승용,남,28세,경상
2021050800100531,2021년 5월 8일 19시,토요일,경상남도 김해시 대청동,중상사고,0,1,0,0,차대차 - 추돌,안전운전불이행,건조,맑음,교차로 - 교차로안,화물,남,38세,상해없음,자전거,남,15세,중상
2021050800100552,2021년 5월 8일 20시,토요일,경상남도 창원시 마산합포구 산호동,경상사고,0,0,2,0,차대차 - 측면충돌,안전운전불이행,건조,맑음,단일로 - 기타,승용,남,50세,경상,승합,남,30세,상해없음
2021050800100582,2021년 5월 8일 21시,토요일,경상남도 남해군 창선면,중상사고,0,2,0,0,차대차 - 측면충돌,기타,건조,흐림,교차로 - 교차로안,승용,남,69세,중상,승용,남,57세,중상
2021050900100012,2021년 5월 9일 01시,일요일,경상남도 창원시 성산구 상남동,경상사고,0,0,1,0,차대사람 - 차도통행중,안전운전불이행,건조,맑음,교차로 - 교차로안,승용,남,57세,상해없음,보행자,남,38세,경상
2021050900100059,2021년 5월 9일 08시,일요일,경상남도 김해시 대동면,경상사고,0,0,2,0,차대차 - 측면충돌,기타,건조,맑음,교차로 - 교차로안,승용,여,60세,상해없음,승용,남,57세,경상
2021050900100080,2021년 5월 9일 09시,일요일,경상남도 통영시 정량동,경상사고,0,0,1,0,차대차 - 기타,안전거리미확보,건조,맑음,단일로 - 기타,승용,여,37세,상해없음,승용,남,42세,경상
2021050900100081,2021년 5월 9일 09시,일요일,경상남도 거제시 장승포동,중상사고,0,1,0,0,차대사람 - 기타,안전운전불이행,건조,맑음,교차로 - 교차로안,승합,남,64세,상해없음,보행자,여,65세,중상
2021050900100105,2021년 5월 9일 10시,일요일,경상남도 창원시 진해구 석동,중상사고,0,1,2,0,차대차 - 측면충돌,안전거리미확보,건조,맑음,교차로 - 교차로부근,이륜,남,49세,중상,승용,남,37세,경상
2021050900100106,2021년 5월 9일 10시,일요일,경상남도 김해시 전하동,중상사고,0,1,0,0,차대차 - 추돌,안전거리미확보,건조,맑음,교차로 - 교차로부근,승용,남,49세,상해없음,승용,남,52세,중상
2021050900100170,2021년 5월 9일 12시,일요일,경상남도 진주시 수곡면,중상사고,0,1,0,0,차대차 - 측면충돌,안전운전불이행,건조,맑음,교차로 - 교차로안,화물,남,56세,상해없음,자전거,남,53세,중상
2021050900100171,2021년 5월 9일 12시,일요일,경상남도 진주시 상대동,중상사고,0,1,0,0,차대차 - 측면충돌,신호위반,건조,맑음,단일로 - 기타,이륜,남,50세,상해없음,이륜,남,30세,중상
2021050900100172,2021년 5월 9일 12시,일요일,경상남도 사천시 노룡동,경상사고,0,0,6,0,차대차 - 추돌,안전운전불이행,건조,맑음,단일로 - 기타,승용,남,39세,상해없음,승용,여,56세,경상
2021050900100173,2021년 5월 9일 12시,일요일,경상남도 밀양시 교동,경상사고,0,0,3,0,차대차 - 측면충돌,신호위반,건조,맑음,교차로 - 교차로안,승용,남,58세,경상,승용,남,28세,경상
2021050900100174,2021년 5월 9일 12시,일요일,경상남도 김해시 어방동,경상사고,0,0,1,0,차대차 - 측면충돌,안전운전불이행,건조,맑음,교차로 - 교차로부근,승용,남,34세,상해없음,자전거,남,61세,경상
2021050900100175,2021년 5월 9일 12시,일요일,경상남도 거제시 고현동,중상사고,0,1,0,0,차대차 - 측면충돌,안전운전불이행,건조,맑음,기타 - 기타,승용,남,40세,상해없음,이륜,남,45세,중상
2021050900100205,2021년 5월 9일 13시,일요일,경상남도 김해시 관동동,경상사고,0,0,1,0,차대차 - 후진중충돌,안전운전불이행,건조,맑음,단일로 - 기타,승용,여,40세,상해없음,승용,남,26세,경상
2021050900100244,2021년 5월 9일 14시,일요일,경상남도 김해시 율하동,경상사고,0,0,1,0,차대차 - 측면충돌,안전운전불이행,건조,맑음,교차로 - 교차로안,승용,여,66세,상해없음,승용,여,57세,경상
2021050900100276,2021년 5월 9일 15시,일요일,경상남도 진주시 대곡면,경상사고,0,0,1,0,차대차 - 추돌,안전운전불이행,건조,맑음,단일로 - 기타,승용,여,37세,상해없음,승용,남,48세,경상
2021050900100277,2021년 5월 9일 15시,일요일,경상남도 산청군 금서면,경상사고,0,0,1,1,차대차 - 측면충돌,신호위반,건조,맑음,교차로 - 교차로안,승용,여,29세,부상신고,승용,여,65세,경상
2021050900100278,2021년 5월 9일 15시,일요일,경상남도 김해시 부곡동,중상사고,0,1,0,0,차대사람 - 횡단중,안전운전불이행,건조,맑음,교차로 - 교차로안,승용,남,55세,상해없음,보행자,여,64세,중상
2021050900100314,2021년 5월 9일 16시,일요일,경상남도 통영시 광도면,중상사고,0,1,0,0,차대차 - 기타,중앙선침범,건조,맑음,단일로 - 기타,이륜,남,22세,상해없음,자전거,남,33세,중상
2021050900100315,2021년 5월 9일 16시,일요일,경상남도 양산시 중부동,경상사고,0,0,1,0,차대차 - 기타,안전운전불이행,건조,맑음,단일로 - 기타,승용,남,16세,기타불명,승용,남,36세,경상
2021050900100316,2021년 5월 9일 16시,일요일,경상남도 양산시 삼호동,경상사고,0,0,1,0,차대차 - 추돌,안전운전불이행,건조,맑음,단일로 - 기타,승용,여,48세,기타불명,승용,남,61세,경상
2021050900100317,2021년 5월 9일 16시,일요일,경상남도 산청군 시천면,중상사고,0,1,0,0,차대차 - 정면충돌,안전운전불이행,건조,맑음,교차로 - 교차로안,농기계,남,88세,중상,승용,여,59세,기타불명
2021050900100358,2021년 5월 9일 17시,일요일,경상남도 함양군 지곡면,경상사고,0,0,4,0,차대차 - 기타,안전운전불이행,건조,맑음,단일로 - 기타,승용,여,51세,상해없음,승용,남,40세,경상
2021050900100366,2021년 5월 9일 17시,일요일,경상남도 창녕군 대합면,경상사고,0,0,1,0,차량단독 - 전도전복 - 전도,안전운전불이행,건조,맑음,기타 - 기타,이륜,남,54세,경상,,,,
2021050900100367,2021년 5월 9일 17시,일요일,경상남도 양산시 물금읍,경상사고,0,0,1,0,차대차 - 측면충돌,안전운전불이행,건조,맑음,단일로 - 기타,승용,여,43세,상해없음,승용,남,19세,경상
2021050900100392,2021년 5월 9일 18시,일요일,경상남도 합천군 삼가면,경상사고,0,0,4,0,차대차 - 측면충돌,중앙선침범,건조,맑음,단일로 - 기타,화물,남,71세,상해없음,승용,남,34세,경상
2021050900100393,2021년 5월 9일 18시,일요일,경상남도 양산시 북정동,중상사고,0,1,0,0,차대사람 - 횡단중,보행자보호의무위반,건조,맑음,교차로 - 교차로횡단보도내,이륜,남,37세,상해없음,보행자,남,41세,중상
2021050900100394,2021년 5월 9일 18시,일요일,경상남도 거창군 가조면,중상사고,0,1,1,0,차대사람 - 기타,안전운전불이행,건조,맑음,기타 - 기타,승용,남,77세,상해없음,보행자,남,68세,중상
2021050900100427,2021년 5월 9일 19시,일요일,경상남도 밀양시 교동,사망사고,1,1,0,0,차대사람 - 길가장자리구역통행중,안전운전불이행,건조,흐림,단일로 - 기타,승용,남,61세,상해없음,보행자,남,61세,사망
2021050900100428,2021년 5월 9일 19시,일요일,경상남도 함안군 군북면,중상사고,0,2,1,0,차대차 - 측면충돌,교차로운행방법위반,건조,맑음,교차로 - 교차로안,승용,여,19세,상해없음,화물,남,65세,중상
2021050900100454,2021년 5월 9일 20시,일요일,경상남도 밀양시 상동면,중상사고,0,1,1,0,차대차 - 기타,중앙선침범,건조,맑음,단일로 - 기타,승용,남,58세,상해없음,승용,남,36세,경상
2021050900100492,2021년 5월 9일 22시,일요일,경상남도 창원시 마산합포구 해운동,경상사고,0,0,1,0,차대차 - 정면충돌,안전운전불이행,건조,맑음,교차로 - 교차로안,승합,남,45세,상해없음,이륜,남,22세,경상
2021051000100004,2021년 5월 10일 00시,월요일,경상남도 거제시 연초면,경상사고,0,0,1,0,차량단독 - 공작물충돌,안전운전불이행,건조,맑음,단일로 - 기타,승용,남,41세,경상,,,,
2021051000100044,2021년 5월 10일 07시,월요일,경상남도 밀양시 가곡동,중상사고,0,1,0,0,차대차 - 측면충돌,안전운전불이행,건조,맑음,교차로 - 교차로안,승용,여,59세,상해없음,자전거,여,74세,중상
2021051000100045,2021년 5월 10일 07시,월요일,경상남도 거제시 고현동,중상사고,0,1,0,0,차대차 - 측면충돌,안전운전불이행,건조,맑음,교차로 - 교차로부근,승용,여,48세,상해없음,이륜,남,39세,중상
2021051000100046,2021년 5월 10일 07시,월요일,경상남도 창원시 의창구 명서동,중상사고,0,1,0,0,차대차 - 측면충돌,안전운전불이행,건조,맑음,단일로 - 기타,화물,남,65세,상해없음,자전거,여,66세,중상
2021051000100092,2021년 5월 10일 08시,월요일,경상남도 창원시 마산합포구 해운동,경상사고,0,0,1,0,차대차 - 정면충돌,안전운전불이행,건조,맑음,교차로 - 교차로안,승용,남,64세,상해없음,승용,여,46세,경상
2021051000100117,2021년 5월 10일 09시,월요일,경상남도 창원시 진해구 덕산동,경상사고,0,0,1,0,차대차 - 후진중충돌,안전운전불이행,건조,맑음,교차로 - 교차로부근,승용,남,78세,상해없음,화물,남,29세,경상
2021051000100118,2021년 5월 10일 09시,월요일,경상남도 통영시 용남면,경상사고,0,0,1,0,차대차 - 측면충돌,안전거리미확보,건조,맑음,단일로 - 기타,승용,여,64세,상해없음,승용,남,38세,경상
2021051000100119,2021년 5월 10일 09시,월요일,경상남도 창원시 마산회원구 합성동,경상사고,0,0,4,0,차대차 - 측면충돌,안전운전불이행,건조,맑음,단일로 - 기타,승용,여,38세,경상,승용,남,59세,경상
2021051000100135,2021년 5월 10일 10시,월요일,경상남도 양산시 중부동,경상사고,0,0,1,0,차대차 - 측면충돌,안전운전불이행,건조,맑음,단일로 - 기타,화물,남,36세,상해없음,승용,여,59세,경상
2021051000100136,2021년 5월 10일 10시,월요일,경상남도 창원시 성산구 대방동,경상사고,0,0,2,0,차대차 - 추돌,안전운전불이행,건조,맑음,교차로 - 교차로안,승용,여,58세,상해없음,승용,남,40세,경상
2021051000100167,2021년 5월 10일 11시,월요일,경상남도 창원시 마산합포구 월영동,경상사고,0,0,1,0,차대차 - 후진중충돌,중앙선침범,건조,맑음,단일로 - 기타,승용,여,41세,상해없음,이륜,남,35세,경상
2021051000100168,2021년 5월 10일 11시,월요일,경상남도 통영시 용남면,경상사고,0,0,1,0,차대차 - 기타,중앙선침범,건조,맑음,단일로 - 기타,승용,여,46세,상해없음,화물,남,25세,경상
2021051000100195,2021년 5월 10일 12시,월요일,경상남도 사천시 벌리동,중상사고,0,1,0,0,차대차 - 측면충돌,안전운전불이행,건조,맑음,교차로 - 교차로부근,화물,남,60세,상해없음,이륜,남,38세,중상
2021051000100196,2021년 5월 10일 12시,월요일,경상남도 사천시 용강동,중상사고,0,2,1,0,차대차 - 기타,교차로운행방법위반,건조,맑음,교차로 - 교차로안,승용,여,26세,경상,승용,남,29세,중상
2021051000100197,2021년 5월 10일 12시,월요일,경상남도 남해군 남해읍,중상사고,0,1,0,0,차대차 - 측면충돌,교차로운행방법위반,건조,맑음,교차로 - 교차로안,화물,남,48세,상해없음,원동기,남,64세,중상
2021051000100229,2021년 5월 10일 13시,월요일,경상남도 김해시 대청동,중상사고,0,2,0,0,차대차 - 추돌,안전운전불이행,건조,맑음,단일로 - 기타,승용,남,51세,상해없음,승용,여,47세,중상
2021051000100264,2021년 5월 10일 14시,월요일,경상남도 김해시 지내동,중상사고,0,1,0,0,차대차 - 기타,안전운전불이행,건조,맑음,교차로 - 교차로안,승용,여,55세,상해없음,이륜,남,43세,중상
2021051000100265,2021년 5월 10일 14시,월요일,경상남도 김해시 대동면,경상사고,0,0,1,0,차대차 - 기타,안전운전불이행,건조,흐림,교차로 - 교차로안,화물,남,61세,상해없음,화물,남,61세,경상
2021051000100266,2021년 5월 10일 14시,월요일,경상남도 양산시 물금읍,경상사고,0,0,1,0,차대차 - 측면충돌,안전운전불이행,건조,맑음,단일로 - 기타,이륜,남,29세,상해없음,자전거,남,73세,경상
2021051000100307,2021년 5월 10일 15시,월요일,경상남도 창원시 마산합포구 가포동,중상사고,0,1,0,0,차대차 - 추돌,안전운전불이행,건조,맑음,단일로 - 교량,승용,남,38세,상해없음,승용,여,59세,중상
2021051000100308,2021년 5월 10일 15시,월요일,경상남도 양산시 삼호동,경상사고,0,0,1,0,차대차 - 측면충돌,직진우회전진행방해,건조,맑음,교차로 - 교차로안,승합,남,68세,상해없음,승용,여,67세,경상
2021051000100346,2021년 5월 10일 16시,월요일,경상남도 사천시 정동면,중상사고,0,1,0,0,차량단독 - 도로외이탈 - 추락,안전운전불이행,건조,맑음,주차장 - 주차장,승용,여,51세,상해없음,,,,
2021051000100347,2021년 5월 10일 16시,월요일,경상남도 양산시 물금읍,경상사고,0,0,2,0,차대차 - 측면충돌,교차로운행방법위반,건조,맑음,교차로 - 교차로안,승용,남,47세,상해없음,승용,여,48세,경상
2021051000100348,2021년 5월 10일 16시,월요일,경상남도 창원시 의창구 동읍,경상사고,0,0,2,0,차대차 - 기타,신호위반,건조,맑음,교차로 - 교차로부근,승용,남,60세,상해없음,화물,남,59세,경상
2021051000100379,2021년 5월 10일 17시,월요일,경상남도 창원시 진해구 남문동,경상사고,0,0,2,0,차대차 - 측면충돌,교차로운행방법위반,기타,흐림,교차로 - 교차로안,승용,여,54세,경상,승용,남,35세,경상
2021051000100380,2021년 5월 10일 17시,월요일,경상남도 김해시 구산동,중상사고,0,1,3,0,차대차 - 기타,안전운전불이행,건조,흐림,단일로 - 기타,승용,여,24세,상해없음,승용,남,63세,경상
2021051000100381,2021년 5월 10일 17시,월요일,경상남도 의령군 대의면,경상사고,0,0,3,0,차대차 - 추돌,안전거리미확보,건조,맑음,교차로 - 교차로부근,승용,남,51세,경상,화물,남,52세,경상
2021051000100382,2021년 5월 10일 17시,월요일,경상남도 창원시 의창구 봉곡동,경상사고,0,0,1,0,차대차 - 측면충돌,안전운전불이행,건조,맑음,단일로 - 기타,자전거,남,64세,경상,승용,남,73세,상해없음
2021051000100411,2021년 5월 10일 18시,월요일,경상남도 진주시 집현면,중상사고,0,2,0,0,차대차 - 정면충돌,중앙선침범,건조,맑음,단일로 - 기타,승용,남,37세,상해없음,승용,남,73세,중상
2021051000100412,2021년 5월 10일 18시,월요일,경상남도 사천시 벌리동,경상사고,0,0,1,0,차대차 - 기타,직진우회전진행방해,건조,맑음,교차로 - 교차로안,승합,남,58세,상해없음,이륜,남,38세,경상
2021051000100413,2021년 5월 10일 18시,월요일,경상남도 창녕군 대지면,중상사고,0,1,0,0,차대차 - 측면충돌,중앙선침범,건조,맑음,단일로 - 지하차도(도로)내,승용,남,61세,상해없음,화물,남,42세,중상
2021051000100447,2021년 5월 10일 19시,월요일,경상남도 사천시 사남면,경상사고,0,0,1,0,차대사람 - 횡단중,보행자보호의무위반,건조,맑음,교차로 - 교차로횡단보도내,승용,남,41세,상해없음,보행자,남,13세,경상
2021051000100448,2021년 5월 10일 19시,월요일,경상남도 창원시 의창구 북면,경상사고,0,0,1,0,차대사람 - 횡단중,안전운전불이행,건조,맑음,단일로 - 기타,이륜,남,66세,상해없음,보행자,남,82세,경상
2021051000100449,2021년 5월 10일 19시,월요일,경상남도 김해시 부곡동,경상사고,0,0,1,0,차대차 - 측면충돌,안전거리미확보,건조,맑음,단일로 - 기타,승용,남,62세,상해없음,승합,남,58세,상해없음
2021051000100489,2021년 5월 10일 20시,월요일,경상남도 창원시 진해구 경화동,경상사고,0,0,1,0,차대사람 - 기타,안전운전불이행,기타,기타,교차로 - 교차로안,승용,남,24세,상해없음,보행자,남,53세,경상
2021051000100490,2021년 5월 10일 20시,월요일,경상남도 김해시 내동,중상사고,0,1,0,0,차대차 - 기타,안전운전불이행,건조,맑음,교차로 - 교차로안,승용,남,72세,상해없음,원동기,남,16세,중상
2021051000100491,2021년 5월 10일 20시,월요일,경상남도 거제시 장평동,경상사고,0,0,1,0,차대차 - 측면충돌,안전운전불이행,건조,맑음,교차로 - 교차로안,승용,남,54세,상해없음,이륜,남,50세,경상
2021051000100492,2021년 5월 10일 20시,월요일,경상남도 함안군 칠원읍,경상사고,0,0,1,0,차대차 - 측면충돌,안전운전불이행,건조,맑음,교차로 - 교차로안,화물,남,56세,상해없음,승용,여,36세,경상
2021051000100524,2021년 5월 10일 21시,월요일,경상남도 양산시 중부동,경상사고,0,0,1,0,차대사람 - 기타,안전운전불이행,건조,맑음,교차로 - 교차로안,승용,여,39세,상해없음,보행자,남,46세,경상
2021051000100544,2021년 5월 10일 22시,월요일,경상남도 거창군 거창읍,중상사고,0,1,0,0,차대차 - 측면충돌,신호위반,건조,맑음,교차로 - 교차로안,승용,남,32세,상해없음,이륜,남,46세,중상
2021051000100545,2021년 5월 10일 22시,월요일,경상남도 양산시 평산동,중상사고,0,2,0,0,차대사람 - 횡단중,보행자보호의무위반,건조,맑음,교차로 - 교차로횡단보도내,승용,남,66세,상해없음,보행자,남,17세,중상
2021051000100570,2021년 5월 10일 23시,월요일,경상남도 양산시 동면,경상사고,0,0,1,0,차대차 - 측면충돌,안전운전불이행,건조,맑음,교차로 - 교차로안,승용,여,45세,상해없음,승용,남,22세,경상
2021051000100571,2021년 5월 10일 23시,월요일,경상남도 거제시 상동동,중상사고,0,2,0,0,차대사람 - 기타,안전운전불이행,건조,맑음,단일로 - 기타,승용,남,34세,중상,보행자,여,63세,중상
2021051100100010,2021년 5월 11일 00시,화요일,경상남도 양산시 평산동,중상사고,0,1,0,0,차대사람 - 기타,안전운전불이행,건조,맑음,단일로 - 기타,승용,여,62세,상해없음,보행자,여,27세,중상
2021051100100017,2021년 5월 11일 01시,화요일,경상남도 양산시 물금읍,경상사고,0,0,2,0,차대차 - 후진중충돌,안전운전불이행,건조,맑음,단일로 - 기타,승용,여,44세,기타불명,승용,남,25세,경상
2021051100100041,2021년 5월 11일 05시,화요일,경상남도 김해시 구산동,중상사고,0,1,0,0,차대차 - 기타,안전운전불이행,건조,맑음,단일로 - 기타,승용,남,54세,상해없음,이륜,남,80세,중상
2021051100100081,2021년 5월 11일 07시,화요일,경상남도 양산시 북부동,중상사고,0,1,1,0,차대차 - 측면충돌,안전운전불이행,건조,맑음,단일로 - 기타,승용,남,30세,상해없음,승용,남,63세,경상
2021051100100082,2021년 5월 11일 07시,화요일,경상남도 거제시 상동동,중상사고,0,1,1,0,차대차 - 측면충돌,안전거리미확보,건조,맑음,교차로 - 교차로안,이륜,남,79세,경상,이륜,남,66세,중상
2021051100100083,2021년 5월 11일 07시,화요일,경상남도 함안군 칠서면,중상사고,0,1,2,0,차대차 - 추돌,기타,건조,맑음,단일로 - 기타,승용,남,31세,경상,승용,남,57세,경상
2021051100100125,2021년 5월 11일 08시,화요일,경상남도 진주시 하대동,중상사고,0,1,0,0,차대차 - 기타,안전운전불이행,건조,맑음,단일로 - 기타,승용,여,40세,상해없음,자전거,여,11세,중상
2021051100100126,2021년 5월 11일 08시,화요일,경상남도 하동군 적량면,경상사고,0,0,2,0,차량단독 - 기타,안전운전불이행,건조,맑음,단일로 - 기타,승용,남,84세,경상,,,,
2021051100100127,2021년 5월 11일 08시,화요일,경상남도 거제시 연초면,중상사고,0,3,1,0,차대차 - 추돌,안전운전불이행,건조,맑음,단일로 - 기타,승용,남,46세,상해없음,승용,여,32세,중상
2021051100100163,2021년 5월 11일 09시,화요일,경상남도 창원시 마산합포구 월영동,경상사고,0,0,1,0,차대차 - 추돌,안전운전불이행,건조,맑음,단일로 - 기타,승용,여,36세,상해없음,승용,남,39세,경상
2021051100100164,2021년 5월 11일 09시,화요일,경상남도 창원시 진해구 석동,중상사고,0,1,3,0,차대차 - 추돌,안전거리미확보,건조,맑음,단일로 - 기타,승용,여,53세,상해없음,승용,남,41세,경상