사고번호,사고일시,요일,시군구,사고내용,사망자수,중상자수,경상자수,부상신고자수,사고유형,법규위반,노면상태,기상상태,도로형태,가해운전자 차종,가해운전자 성별,가해운전자 연령,가해운전자 상해정도,피해운전자 차종,피해운전자 성별,피해운전자 연령,피해운전자 상해정도
2021051800100448,2021년 5월 18일 18시,화요일,경상남도 창원시 진해구 풍호동,중상사고,0,1,0,0,차대차 - 추돌,안전운전불이행,건조,맑음,교차로 - 교차로부근,승용,남,20세,상해없음,승용,남,43세,중상
2021051800100449,2021년 5월 18일 18시,화요일,경상남도 창원시 성산구 신촌동,사망사고,1,0,0,0,차량단독 - 기타,안전운전불이행,건조,맑음,단일로 - 기타,승합,남,60세,상해없음,,,,
2021051800100490,2021년 5월 18일 19시,화요일,경상남도 김해시 삼정동,경상사고,0,0,1,0,차대사람 - 기타,안전운전불이행,건조,맑음,단일로 - 기타,화물,남,39세,상해없음,보행자,남,35세,경상
2021051800100491,2021년 5월 18일 19시,화요일,경상남도 거제시 고현동,경상사고,0,0,1,0,차대차 - 측면충돌,신호위반,건조,맑음,교차로 - 교차로횡단보도내,승용,여,66세,상해없음,자전거,남,34세,경상
2021051800100527,2021년 5월 18일 20시,화요일,경상남도 창원시 의창구 소답동,중상사고,0,1,0,0,차대차 - 측면충돌,안전운전불이행,건조,맑음,교차로 - 교차로안,승용,남,37세,상해없음,이륜,남,34세,중상
2021051800100563,2021년 5월 18일 21시,화요일,경상남도 김해시 내동,경상사고,0,0,1,0,차대차 - 정면충돌,안전운전불이행,건조,맑음,교차로 - 교차로안,승용,남,51세,상해없음,승용,남,29세,경상
2021051800100589,2021년 5월 18일 22시,화요일,경상남도 밀양시 내이동,경상사고,0,0,1,0,차대차 - 추돌,안전운전불이행,건조,맑음,단일로 - 기타,승용,남,37세,상해없음,승용,남,43세,경상
2021051800100610,2021년 5월 18일 23시,화요일,경상남도 통영시 무전동,경상사고,0,0,1,0,차량단독 - 기타,안전운전불이행,젖음/습기,흐림,단일로 - 기타,이륜,남,42세,경상,,,,
2021051800100611,2021년 5월 18일 23시,화요일,경상남도 고성군 고성읍,중상사고,0,1,0,0,차대사람 - 차도통행중,안전운전불이행,건조,맑음,단일로 - 기타,승용,남,34세,상해없음,보행자,남,55세,중상
2021051900100020,2021년 5월 19일 01시,수요일,경상남도 창원시 진해구 석동,중상사고,0,1,1,0,차대차 - 추돌,안전거리미확보,건조,맑음,단일로 - 기타,승용,남,28세,상해없음,승용,남,51세,중상
2021051900100028,2021년 5월 19일 02시,수요일,경상남도 창원시 마산합포구 완월동,중상사고,0,1,1,0,차대차 - 측면충돌,신호위반,건조,맑음,교차로 - 교차로안,이륜,남,21세,경상,승용,여,37세,상해없음
2021051900100066,2021년 5월 19일 07시,수요일,경상남도 양산시 북정동,경상사고,0,0,1,0,차대차 - 추돌,안전운전불이행,건조,맑음,교차로 - 교차로안,기타불명,기타불명,미분류,기타불명,승용,남,29세,경상
2021051900100090,2021년 5월 19일 08시,수요일,경상남도 거창군 가조면,경상사고,0,0,2,0,차대차 - 추돌,안전운전불이행,건조,맑음,단일로 - 기타,화물,남,43세,상해없음,승용,남,71세,상해없음
2021051900100105,2021년 5월 19일 09시,수요일,경상남도 양산시 주진동,경상사고,0,0,1,0,차대차 - 추돌,안전운전불이행,건조,맑음,기타 - 기타,화물,남,48세,상해없음,승용,여,58세,경상
2021051900100140,2021년 5월 19일 10시,수요일,경상남도 사천시 이홀동,경상사고,0,0,1,0,차대차 - 추돌,안전운전불이행,건조,맑음,기타 - 기타,승용,여,81세,상해없음,승용,남,54세,상해없음
2021051900100142,2021년 5월 19일 10시,수요일,경상남도 양산시 하북면,중상사고,0,1,1,0,차대차 - 측면충돌,교차로운행방법위반,건조,맑음,교차로 - 교차로안,승용,남,64세,상해없음,승용,남,65세,경상
2021051900100143,2021년 5월 19일 10시,수요일,경상남도 거제시 장평동,경상사고,0,0,1,0,차대사람 - 기타,안전운전불이행,건조,맑음,기타 - 기타,승용,여,44세,상해없음,보행자,남,35세,경상
2021051900100174,2021년 5월 19일 11시,수요일,경상남도 창원시 진해구 청안동,경상사고,0,0,1,0,차대차 - 측면충돌,교차로운행방법위반,건조,맑음,교차로 - 교차로안,승용,남,40세,상해없음,이륜,남,71세,경상
2021051900100175,2021년 5월 19일 11시,수요일,경상남도 합천군 대양면,중상사고,0,1,0,0,차량단독 - 전도전복 - 전도,안전운전불이행,건조,맑음,단일로 - 기타,이륜,남,21세,중상,,,,
2021051900100176,2021년 5월 19일 11시,수요일,경상남도 고성군 대가면,중상사고,0,1,0,0,차량단독 - 도로외이탈 - 추락,안전운전불이행,건조,맑음,단일로 - 기타,승용,여,61세,상해없음,,,,
2021051900100212,2021년 5월 19일 12시,수요일,경상남도 진주시 이현동,중상사고,0,1,0,0,차대차 - 추돌,안전운전불이행,건조,맑음,단일로 - 기타,화물,남,82세,중상,화물,남,59세,상해없음
2021051900100213,2021년 5월 19일 12시,수요일,경상남도 사천시 사천읍,경상사고,0,0,1,0,차대차 - 측면충돌,안전운전불이행,건조,맑음,단일로 - 기타,승용,남,39세,상해없음,승용,남,39세,경상
2021051900100214,2021년 5월 19일 12시,수요일,경상남도 창원시 마산회원구 내서읍,경상사고,0,0,2,0,차대차 - 정면충돌,중앙선침범,건조,맑음,단일로 - 기타,승용,남,56세,상해없음,승용,남,33세,경상
2021051900100215,2021년 5월 19일 12시,수요일,경상남도 김해시 주촌면,중상사고,0,1,0,0,차량단독 - 기타,기타,건조,맑음,교차로 - 교차로안,승용,남,54세,상해없음,,,,
2021051900100253,2021년 5월 19일 13시,수요일,경상남도 사천시 사천읍,부상신고사고,0,0,0,1,차대차 - 기타,안전운전불이행,건조,맑음,단일로 - 기타,이륜,남,43세,부상신고,승용,남,41세,상해없음
2021051900100290,2021년 5월 19일 14시,수요일,경상남도 창원시 마산합포구 현동,중상사고,0,2,0,0,차대차 - 추돌,안전운전불이행,건조,맑음,교차로 - 교차로부근,승용,남,47세,상해없음,승용,남,32세,중상
2021051900100291,2021년 5월 19일 14시,수요일,경상남도 하동군 횡천면,경상사고,0,0,5,0,차대차 - 기타,신호위반,건조,맑음,교차로 - 교차로안,승용,남,82세,상해없음,승용,남,38세,경상
2021051900100320,2021년 5월 19일 15시,수요일,경상남도 창원시 의창구 명서동,경상사고,0,0,1,0,차대사람 - 횡단중,안전운전불이행,건조,맑음,단일로 - 기타,승용,여,27세,상해없음,보행자,남,6세,경상
2021051900100348,2021년 5월 19일 16시,수요일,경상남도 진주시 주약동,경상사고,0,0,1,0,차대차 - 측면충돌,신호위반,건조,맑음,단일로 - 기타,승용,남,42세,상해없음,자전거,남,48세,경상
2021051900100349,2021년 5월 19일 16시,수요일,경상남도 진주시 칠암동,중상사고,0,1,0,0,차대차 - 측면충돌,안전운전불이행,건조,맑음,단일로 - 기타,이륜,남,39세,상해없음,자전거,남,66세,중상
2021051900100350,2021년 5월 19일 16시,수요일,경상남도 남해군 창선면,경상사고,0,0,3,0,차대차 - 측면충돌,중앙선침범,건조,맑음,단일로 - 기타,승용,남,68세,상해없음,승용,남,54세,경상
2021051900100397,2021년 5월 19일 17시,수요일,경상남도 사천시 벌리동,중상사고,0,2,0,0,차대차 - 추돌,안전운전불이행,건조,맑음,단일로 - 기타,승용,남,60세,상해없음,승용,남,41세,중상
2021051900100398,2021년 5월 19일 17시,수요일,경상남도 김해시 어방동,경상사고,0,0,1,0,차대차 - 정면충돌,안전운전불이행,건조,맑음,교차로 - 교차로안,승용,남,64세,상해없음,이륜,남,20세,경상
2021051900100437,2021년 5월 19일 18시,수요일,경상남도 통영시 산양읍,경상사고,0,0,1,0,차대차 - 기타,안전운전불이행,건조,맑음,단일로 - 기타,승용,남,32세,상해없음,기타불명,남,78세,경상
2021051900100438,2021년 5월 19일 18시,수요일,경상남도 김해시 삼계동,경상사고,0,0,1,0,차대사람 - 길가장자리구역통행중,중앙선침범,건조,맑음,단일로 - 기타,승용,여,25세,상해없음,보행자,남,34세,경상
2021051900100439,2021년 5월 19일 18시,수요일,경상남도 창원시 의창구 소답동,경상사고,0,0,1,0,차대차 - 후진중충돌,안전운전불이행,건조,맑음,단일로 - 기타,승용,남,59세,상해없음,승용,여,36세,경상
2021051900100488,2021년 5월 19일 20시,수요일,경상남도 산청군 단성면,중상사고,0,1,3,0,차대차 - 측면충돌,신호위반,건조,맑음,교차로 - 교차로안,승용,남,38세,경상,승용,남,80세,경상
2021051900100506,2021년 5월 19일 21시,수요일,경상남도 김해시 삼계동,경상사고,0,0,1,0,차대차 - 측면충돌,중앙선침범,건조,맑음,단일로 - 기타,이륜,남,21세,상해없음,승용,여,40세,경상
2021051900100507,2021년 5월 19일 21시,수요일,경상남도 양산시 주남동,중상사고,0,1,0,0,차대사람 - 횡단중,보행자보호의무위반,건조,맑음,단일로 - 기타,승용,남,64세,상해없음,보행자,남,58세,중상
2021051900100537,2021년 5월 19일 23시,수요일,경상남도 거창군 가조면,사망사고,1,0,3,0,차대차 - 정면충돌,중앙선침범,건조,맑음,단일로 - 기타,승용,여,24세,사망,승용,남,26세,경상
2021052000100016,2021년 5월 20일 02시,목요일,경상남도 의령군 의령읍,경상사고,0,0,1,0,차대차 - 측면충돌,안전운전불이행,건조,맑음,교차로 - 교차로안,승용,남,47세,기타불명,화물,남,44세,경상
2021052000100035,2021년 5월 20일 06시,목요일,경상남도 통영시 광도면,중상사고,0,3,0,0,차대차 - 추돌,안전거리미확보,젖음/습기,비,교차로 - 교차로부근,화물,남,34세,상해없음,승용,남,46세,중상
2021052000100036,2021년 5월 20일 06시,목요일,경상남도 김해시 어방동,중상사고,0,2,4,0,차대차 - 측면충돌,안전운전불이행,젖음/습기,비,교차로 - 교차로안,승용,남,61세,상해없음,승용,남,44세,경상
2021052000100078,2021년 5월 20일 08시,목요일,경상남도 진주시 신안동,중상사고,0,1,0,0,차대사람 - 횡단중,안전운전불이행,젖음/습기,비,단일로 - 기타,승용,남,62세,상해없음,보행자,여,79세,중상
2021052000100079,2021년 5월 20일 08시,목요일,경상남도 양산시 명동,경상사고,0,0,1,0,차대차 - 측면충돌,직진우회전진행방해,건조,맑음,교차로 - 교차로안,승용,남,73세,상해없음,승용,남,71세,경상
2021052000100134,2021년 5월 20일 10시,목요일,경상남도 남해군 창선면,경상사고,0,0,1,0,차량단독 - 공작물충돌,안전운전불이행,젖음/습기,비,단일로 - 기타,승용,여,24세,경상,,,,
2021052000100156,2021년 5월 20일 11시,목요일,경상남도 창원시 진해구 풍호동,중상사고,0,1,0,0,차대차 - 측면충돌,안전운전불이행,젖음/습기,비,단일로 - 기타,승용,남,62세,상해없음,승용,여,61세,중상
2021052000100222,2021년 5월 20일 13시,목요일,경상남도 사천시 사남면,경상사고,0,0,1,0,차대차 - 정면충돌,중앙선침범,젖음/습기,비,단일로 - 기타,승합,남,59세,상해없음,화물,남,59세,경상
2021052000100223,2021년 5월 20일 13시,목요일,경상남도 함양군 안의면,중상사고,0,1,0,0,차대차 - 정면충돌,교차로운행방법위반,젖음/습기,비,교차로 - 교차로안,화물,남,71세,상해없음,이륜,남,80세,중상
2021052000100224,2021년 5월 20일 13시,목요일,경상남도 남해군 남해읍,중상사고,0,1,1,0,차대차 - 측면충돌,안전운전불이행,젖음/습기,비,교차로 - 교차로안,화물,남,54세,상해없음,승용,여,50세,경상
2021052000100256,2021년 5월 20일 14시,목요일,경상남도 김해시 풍유동,경상사고,0,0,1,0,차대차 - 후진중충돌,안전거리미확보,젖음/습기,비,단일로 - 기타,화물,남,72세,상해없음,화물,남,58세,상해없음
2021052000100358,2021년 5월 20일 17시,목요일,경상남도 창원시 진해구 석동,경상사고,0,0,4,0,차대차 - 추돌,안전운전불이행,젖음/습기,맑음,단일로 - 기타,승용,여,36세,상해없음,승용,남,38세,경상
2021052000100384,2021년 5월 20일 18시,목요일,경상남도 통영시 정량동,중상사고,0,2,1,0,차대차 - 추돌,안전운전불이행,젖음/습기,비,단일로 - 기타,승용,남,35세,상해없음,화물,남,74세,중상
2021052000100385,2021년 5월 20일 18시,목요일,경상남도 사천시 정동면,경상사고,0,0,1,0,차대차 - 측면충돌,안전운전불이행,젖음/습기,비,교차로 - 교차로안,화물,남,57세,상해없음,이륜,남,26세,경상
2021052000100429,2021년 5월 20일 19시,목요일,경상남도 사천시 사천읍,경상사고,0,0,2,0,차대차 - 측면충돌,안전운전불이행,젖음/습기,비,교차로 - 교차로부근,승용,여,59세,상해없음,승용,남,32세,경상
2021052000100430,2021년 5월 20일 19시,목요일,경상남도 김해시 삼계동,경상사고,0,0,1,0,차대차 - 기타,안전운전불이행,젖음/습기,흐림,교차로 - 교차로안,승용,남,66세,상해없음,원동기,남,35세,경상
2021052000100449,2021년 5월 20일 20시,목요일,경상남도 김해시 상동면,중상사고,0,7,7,0,차대차 - 기타,기타,젖음/습기,비,단일로 - 기타,건설기계,남,40세,기타불명,특수,남,47세,상해없음
2021052000100467,2021년 5월 20일 20시,목요일,경상남도 진주시 칠암동,중상사고,0,1,0,0,차대사람 - 기타,안전운전불이행,젖음/습기,비,단일로 - 기타,승용,남,65세,상해없음,보행자,남,40세,중상
2021052000100468,2021년 5월 20일 20시,목요일,경상남도 창원시 진해구 자은동,중상사고,0,1,0,0,차대사람 - 기타,안전운전불이행,젖음/습기,비,단일로 - 기타,승용,남,62세,상해없음,보행자,남,50세,중상
2021052000100469,2021년 5월 20일 20시,목요일,경상남도 창원시 마산합포구 산호동,경상사고,0,0,1,0,차대차 - 측면충돌,안전운전불이행,젖음/습기,비,교차로 - 교차로부근,승용,남,62세,기타불명,승용,여,44세,경상
2021052000100508,2021년 5월 20일 21시,목요일,경상남도 김해시 신문동,경상사고,0,0,1,0,차대차 - 추돌,안전운전불이행,젖음/습기,비,교차로 - 교차로부근,승용,남,66세,상해없음,승용,남,58세,경상
2021052000100549,2021년 5월 20일 22시,목요일,경상남도 남해군 남해읍,경상사고,0,0,1,0,차대차 - 추돌,안전운전불이행,건조,흐림,단일로 - 기타,화물,남,41세,경상,승합,기타불명,미분류,기타불명
2021052000100567,2021년 5월 20일 23시,목요일,경상남도 통영시 광도면,부상신고사고,0,0,0,1,차대차 - 기타,안전운전불이행,젖음/습기,비,단일로 - 기타,이륜,남,23세,부상신고,승용,여,56세,기타불명
2021052100100024,2021년 5월 21일 03시,금요일,경상남도 통영시 도천동,경상사고,0,0,2,0,차대차 - 추돌,안전운전불이행,젖음/습기,흐림,교차로 - 교차로부근,승용,남,58세,상해없음,승용,남,56세,경상
2021052100100041,2021년 5월 21일 06시,금요일,경상남도 창원시 마산합포구 완월동,경상사고,0,0,1,0,차대사람 - 횡단중,안전운전불이행,건조,맑음,교차로 - 교차로횡단보도내,승용,남,43세,상해없음,보행자,남,77세,경상
2021052100100055,2021년 5월 21일 07시,금요일,경상남도 창원시 진해구 경화동,경상사고,0,0,1,0,차대차 - 추돌,안전거리미확보,건조,맑음,교차로 - 교차로안,화물,남,37세,상해없음,승용,남,41세,경상
2021052100100086,2021년 5월 21일 08시,금요일,경상남도 함안군 칠원읍,경상사고,0,0,1,0,차대차 - 정면충돌,안전운전불이행,건조,기타,단일로 - 기타,승용,남,53세,상해없음,승용,남,64세,경상
2021052100100119,2021년 5월 21일 09시,금요일,경상남도 창녕군 영산면,중상사고,0,1,1,0,차대차 - 측면충돌,안전운전불이행,건조,맑음,교차로 - 교차로안,승용,남,58세,경상,승용,남,80세,중상
2021052100100120,2021년 5월 21일 09시,금요일,경상남도 양산시 상북면,경상사고,0,0,1,0,차대차 - 측면충돌,교차로운행방법위반,건조,맑음,교차로 - 교차로안,화물,남,50세,상해없음,화물,남,60세,경상
2021052100100146,2021년 5월 21일 10시,금요일,경상남도 거창군 주상면,경상사고,0,0,1,0,차대차 - 측면충돌,안전운전불이행,건조,맑음,교차로 - 교차로안,승용,여,68세,경상,건설기계,남,53세,상해없음
2021052100100169,2021년 5월 21일 11시,금요일,경상남도 창원시 마산합포구 창동,중상사고,0,1,0,0,차대사람 - 기타,보행자보호의무위반,건조,맑음,교차로 - 교차로횡단보도내,승용,남,49세,상해없음,보행자,남,64세,중상
2021052100100170,2021년 5월 21일 11시,금요일,경상남도 창원시 마산합포구 우산동,중상사고,0,1,0,0,차량단독 - 전도전복 - 전복,안전운전불이행,건조,맑음,단일로 - 교량,화물,남,58세,중상,,,,
2021052100100171,2021년 5월 21일 11시,금요일,경상남도 창원시 진해구 경화동,중상사고,0,1,0,0,차대사람 - 차도통행중,안전운전불이행,건조,맑음,교차로 - 교차로안,승용,남,38세,상해없음,보행자,여,79세,중상
2021052100100199,2021년 5월 21일 12시,금요일,경상남도 창원시 마산합포구 진전면,부상신고사고,0,0,0,2,차대차 - 추돌,안전운전불이행,건조,맑음,단일로 - 기타,화물,남,77세,상해없음,화물,남,50세,부상신고
2021052100100200,2021년 5월 21일 12시,금요일,경상남도 거창군 신원면,중상사고,0,1,0,0,차량단독 - 공작물충돌,안전운전불이행,젖음/습기,흐림,단일로 - 기타,승용,여,55세,상해없음,,,,
2021052100100201,2021년 5월 21일 12시,금요일,경상남도 거창군 마리면,중상사고,0,1,1,0,차대차 - 측면충돌,중앙선침범,젖음/습기,비,교차로 - 교차로안,화물,남,58세,상해없음,이륜,남,73세,중상
2021052100100202,2021년 5월 21일 12시,금요일,경상남도 양산시 물금읍,경상사고,0,0,1,0,차대차 - 정면충돌,안전운전불이행,건조,맑음,단일로 - 기타,자전거,여,41세,상해없음,자전거,남,27세,경상
2021052100100231,2021년 5월 21일 13시,금요일,경상남도 김해시 진영읍,부상신고사고,0,0,0,1,차대차 - 추돌,안전운전불이행,건조,맑음,단일로 - 기타,이륜,남,28세,부상신고,화물,남,37세,상해없음
2021052100100274,2021년 5월 21일 14시,금요일,경상남도 밀양시 교동,경상사고,0,0,2,0,차대차 - 추돌,안전운전불이행,건조,맑음,단일로 - 기타,화물,남,59세,상해없음,화물,남,41세,경상
2021052100100275,2021년 5월 21일 14시,금요일,경상남도 거창군 거창읍,중상사고,0,1,1,0,차대차 - 측면충돌,직진우회전진행방해,건조,맑음,교차로 - 교차로안,승용,여,57세,중상,화물,남,21세,경상
2021052100100320,2021년 5월 21일 15시,금요일,경상남도 창원시 마산합포구 구산면,사망사고,1,0,0,0,차대사람 - 기타,안전운전불이행,건조,맑음,단일로 - 기타,승용,여,61세,상해없음,보행자,여,85세,사망
2021052100100321,2021년 5월 21일 15시,금요일,경상남도 합천군 합천읍,경상사고,0,0,1,0,차대차 - 측면충돌,직진우회전진행방해,건조,맑음,교차로 - 교차로안,승용,여,23세,상해없음,승용,남,42세,경상
2021052100100322,2021년 5월 21일 15시,금요일,경상남도 양산시 중부동,중상사고,0,1,0,0,차대차 - 측면충돌,안전운전불이행,건조,맑음,단일로 - 기타,승용,여,71세,상해없음,이륜,남,22세,중상
2021052100100323,2021년 5월 21일 15시,금요일,경상남도 하동군 하동읍,중상사고,0,1,0,0,차대차 - 측면충돌,안전운전불이행,건조,맑음,단일로 - 기타,화물,남,60세,상해없음,자전거,남,81세,중상
2021052100100356,2021년 5월 21일 16시,금요일,경상남도 함안군 칠원읍,중상사고,0,1,1,0,차량단독 - 공작물충돌,안전운전불이행,건조,맑음,단일로 - 기타,승용,남,62세,경상,,,,
2021052100100398,2021년 5월 21일 17시,금요일,경상남도 진주시 가좌동,경상사고,0,0,1,0,차대사람 - 기타,안전운전불이행,건조,맑음,단일로 - 기타,승용,남,41세,상해없음,보행자,남,19세,경상
2021052100100399,2021년 5월 21일 17시,금요일,경상남도 밀양시 내이동,중상사고,0,1,1,0,차대차 - 측면충돌,직진우회전진행방해,건조,맑음,교차로 - 교차로안,승용,여,33세,상해없음,승용,남,51세,중상
2021052100100400,2021년 5월 21일 17시,금요일,경상남도 거제시 고현동,경상사고,0,0,1,0,차대차 - 측면충돌,안전운전불이행,건조,맑음,교차로 - 교차로안,승합,여,51세,상해없음,이륜,남,32세,경상
2021052100100401,2021년 5월 21일 17시,금요일,경상남도 거제시 사등면,경상사고,0,0,1,0,차대차 - 추돌,안전운전불이행,건조,맑음,단일로 - 기타,이륜,남,32세,경상,승용,남,26세,상해없음
2021052100100445,2021년 5월 21일 18시,금요일,경상남도 김해시 삼방동,경상사고,0,0,3,0,차대차 - 측면충돌,교차로운행방법위반,건조,맑음,교차로 - 교차로안,승용,남,56세,경상,승용,남,53세,경상
2021052100100446,2021년 5월 21일 18시,금요일,경상남도 거창군 거창읍,경상사고,0,0,2,0,차대차 - 측면충돌,교차로운행방법위반,건조,맑음,교차로 - 교차로안,승용,여,25세,경상,승용,여,52세,경상
2021052100100447,2021년 5월 21일 18시,금요일,경상남도 창원시 의창구 동읍,중상사고,0,1,2,0,차대차 - 추돌,안전운전불이행,건조,맑음,단일로 - 기타,화물,남,51세,상해없음,승용,남,69세,경상
2021052100100494,2021년 5월 21일 19시,금요일,경상남도 통영시 중앙동,중상사고,0,1,0,0,차대사람 - 횡단중,보행자보호의무위반,건조,맑음,교차로 - 교차로횡단보도내,승용,남,66세,상해없음,보행자,여,57세,중상
2021052100100495,2021년 5월 21일 19시,금요일,경상남도 창원시 의창구 봉곡동,중상사고,0,1,0,0,차대차 - 측면충돌,안전운전불이행,건조,맑음,교차로 - 교차로안,승용,여,62세,상해없음,이륜,남,20세,중상
2021052100100519,2021년 5월 21일 20시,금요일,경상남도 김해시 내동,경상사고,0,0,1,0,차대차 - 측면충돌,교차로운행방법위반,건조,맑음,교차로 - 교차로안,이륜,남,59세,상해없음,이륜,남,29세,경상
2021052100100547,2021년 5월 21일 21시,금요일,경상남도 창원시 진해구 평안동,경상사고,0,0,1,0,차대사람 - 횡단중,보행자보호의무위반,건조,맑음,교차로 - 교차로횡단보도내,승용,남,66세,상해없음,보행자,남,29세,경상
2021052100100575,2021년 5월 21일 22시,금요일,경상남도 함양군 함양읍,경상사고,0,0,1,0,차대차 - 측면충돌,안전운전불이행,건조,맑음,단일로 - 기타,승용,남,33세,상해없음,승용,남,34세,경상
2021052200100045,2021년 5월 22일 05시,토요일,경상남도 거제시 옥포동,경상사고,0,0,1,0,차대차 - 기타,안전운전불이행,건조,맑음,교차로 - 교차로안,승용,남,57세,상해없음,이륜,남,20세,경상
2021052200100068,2021년 5월 22일 07시,토요일,경상남도 사천시 사천읍,중상사고,0,1,0,0,차대차 - 측면충돌,교차로운행방법위반,건조,맑음,교차로 - 교차로안,승용,남,26세,상해없음,자전거,여,49세,중상
2021052200100082,2021년 5월 22일 08시,토요일,경상남도 진주시 집현면,중상사고,0,1,0,0,차대차 - 기타,안전운전불이행,건조,맑음,단일로 - 기타,원동기,남,73세,중상,승용,여,54세,상해없음
2021052200100103,2021년 5월 22일 09시,토요일,경상남도 창원시 진해구 석동,경상사고,0,0,1,0,차대차 - 기타,교차로운행방법위반,건조,맑음,교차로 - 교차로안,승용,남,35세,상해없음,개인형이동수단(PM),여,23세,경상
2021052200100104,2021년 5월 22일 09시,토요일,경상남도 합천군 초계면,경상사고,0,0,2,1,차대차 - 측면충돌,교차로운행방법위반,건조,맑음,교차로 - 교차로안,승용,남,78세,경상,화물,남,67세,경상
2021052200100105,2021년 5월 22일 09시,토요일,경상남도 창원시 의창구 팔용동,중상사고,0,1,0,0,차대차 - 측면충돌,안전운전불이행,건조,맑음,교차로 - 교차로안,승용,남,59세,상해없음,이륜,남,51세,중상
2021052200100134,2021년 5월 22일 10시,토요일,경상남도 밀양시 내이동,경상사고,0,0,1,0,차대차 - 측면충돌,안전운전불이행,건조,맑음,교차로 - 교차로안,승용,남,67세,상해없음,승용,남,57세,경상
2021052200100135,2021년 5월 22일 10시,토요일,경상남도 양산시 동면,경상사고,0,0,2,0,차대차 - 측면충돌,중앙선침범,건조,맑음,기타 - 기타,승용,남,60세,상해없음,승용,남,41세,경상
2021052200100208,2021년 5월 22일 12시,토요일,경상남도 김해시 관동동,중상사고,0,1,3,0,차대차 - 측면충돌,직진우회전진행방해,건조,맑음,교차로 - 교차로안,승용,여,26세,상해없음,원동기,남,17세,중상
2021052200100248,2021년 5월 22일 13시,토요일,경상남도 창원시 진해구 풍호동,경상사고,0,0,1,0,차대차 - 기타,교차로운행방법위반,건조,맑음,교차로 - 교차로안,이륜,남,23세,경상,승용,여,25세,상해없음
2021052200100249,2021년 5월 22일 13시,토요일,경상남도 양산시 원동면,경상사고,0,0,1,0,차대차 - 측면충돌,안전운전불이행,건조,맑음,교차로 - 교차로안,승합,여,39세,상해없음,자전거,여,52세,경상
2021052200100250,2021년 5월 22일 13시,토요일,경상남도 남해군 설천면,중상사고,0,1,0,0,차대차 - 추돌,안전운전불이행,건조,맑음,단일로 - 기타,승용,남,83세,상해없음,농기계,남,63세,중상
2021052200100251,2021년 5월 22일 13시,토요일,경상남도 의령군 의령읍,부상신고사고,0,0,0,1,차량단독 - 기타,기타,건조,맑음,교차로 - 교차로부근,이륜,남,51세,부상신고,,,,
2021052200100275,2021년 5월 22일 14시,토요일,경상남도 밀양시 가곡동,경상사고,0,0,1,0,차대차 - 기타,기타,건조,맑음,단일로 - 교량,화물,남,57세,상해없음,승용,남,47세,상해없음
2021052200100305,2021년 5월 22일 14시,토요일,경상남도 통영시 정량동,경상사고,0,0,2,0,차대차 - 측면충돌,안전운전불이행,건조,맑음,교차로 - 교차로안,승용,남,24세,상해없음,승용,남,39세,경상
2021052200100306,2021년 5월 22일 14시,토요일,경상남도 밀양시 내이동,경상사고,0,0,1,0,차대차 - 측면충돌,신호위반,건조,맑음,교차로 - 교차로안,승용,남,53세,상해없음,승용,남,34세,경상
2021052200100307,2021년 5월 22일 14시,토요일,경상남도 김해시 부원동,경상사고,0,0,2,0,차대차 - 측면충돌,안전운전불이행,건조,맑음,단일로 - 기타,승용,남,39세,상해없음,승용,여,21세,경상
2021052200100349,2021년 5월 22일 15시,토요일,경상남도 진주시 호탄동,경상사고,0,0,3,0,차대차 - 측면충돌,직진우회전진행방해,건조,맑음,교차로 - 교차로안,승용,여,52세,경상,승용,남,19세,경상
2021052200100350,2021년 5월 22일 15시,토요일,경상남도 통영시 용남면,경상사고,0,0,1,0,차대차 - 추돌,안전거리미확보,건조,맑음,단일로 - 기타,이륜,남,38세,경상,화물,남,35세,상해없음
2021052200100351,2021년 5월 22일 15시,토요일,경상남도 고성군 고성읍,경상사고,0,0,2,0,차대차 - 측면충돌,직진우회전진행방해,건조,맑음,교차로 - 교차로안,승용,남,73세,상해없음,승용,남,38세,경상
2021052200100386,2021년 5월 22일 16시,토요일,경상남도 진주시 상대동,중상사고,0,1,0,0,차대사람 - 기타,안전운전불이행,건조,맑음,단일로 - 기타,개인형이동수단(PM),남,19세,상해없음,보행자,여,79세,중상
2021052200100387,2021년 5월 22일 16시,토요일,경상남도 사천시 사천읍,중상사고,0,1,0,0,차대차 - 측면충돌,신호위반,건조,맑음,교차로 - 교차로부근,승용,여,40세,상해없음,이륜,남,69세,중상
2021052200100388,2021년 5월 22일 16시,토요일,경상남도 김해시 구산동,중상사고,0,1,0,0,차대차 - 기타,안전운전불이행,건조,맑음,교차로 - 교차로안,승용,남,64세,상해없음,이륜,남,43세,중상
2021052200100389,2021년 5월 22일 16시,토요일,경상남도 거창군 남상면,사망사고,1,0,0,0,차량단독 - 공작물충돌,안전운전불이행,건조,맑음,단일로 - 기타,화물,남,32세,사망,,,,
2021052200100390,2021년 5월 22일 16시,토요일,경상남도 창녕군 부곡면,중상사고,0,1,0,0,차량단독 - 기타,안전운전불이행,건조,맑음,교차로 - 교차로부근,자전거,남,43세,중상,,,,
2021052200100438,2021년 5월 22일 17시,토요일,경상남도 김해시 삼계동,경상사고,0,0,1,0,차대차 - 기타,안전운전불이행,건조,맑음,단일로 - 기타,승용,여,50세,상해없음,이륜,남,53세,경상