사고번호,사고일시,요일,시군구,사고내용,사망자수,중상자수,경상자수,부상신고자수,사고유형,법규위반,노면상태,기상상태,도로형태,가해운전자 차종,가해운전자 성별,가해운전자 연령,가해운전자 상해정도,피해운전자 차종,피해운전자 성별,피해운전자 연령,피해운전자 상해정도
2021052200100479,2021년 5월 22일 18시,토요일,경상남도 통영시 태평동,경상사고,0,0,1,0,차대차 - 측면충돌,교차로운행방법위반,건조,맑음,교차로 - 교차로안,화물,남,37세,상해없음,이륜,남,66세,경상
2021052200100480,2021년 5월 22일 18시,토요일,경상남도 김해시 어방동,중상사고,0,1,0,0,차대차 - 측면충돌,안전운전불이행,건조,맑음,단일로 - 기타,승용,남,67세,상해없음,승용,남,51세,중상
2021052200100513,2021년 5월 22일 19시,토요일,경상남도 창원시 마산합포구 월남동5가,중상사고,0,2,0,0,차대사람 - 횡단중,보행자보호의무위반,건조,맑음,단일로 - 기타,승용,남,29세,상해없음,보행자,여,61세,중상
2021052200100514,2021년 5월 22일 19시,토요일,경상남도 통영시 무전동,경상사고,0,0,1,0,차대사람 - 횡단중,안전운전불이행,건조,맑음,단일로 - 기타,이륜,남,21세,경상,보행자,여,61세,상해없음
2021052200100515,2021년 5월 22일 19시,토요일,경상남도 합천군 쌍백면,중상사고,0,1,0,0,차대사람 - 기타,안전운전불이행,건조,맑음,기타 - 기타,사륜오토바이(ATV),여,66세,상해없음,보행자,남,57세,중상
2021052200100539,2021년 5월 22일 20시,토요일,경상남도 거제시 사등면,경상사고,0,0,1,0,차대차 - 측면충돌,안전운전불이행,건조,맑음,단일로 - 기타,승용,남,60세,상해없음,자전거,남,41세,경상
2021052200100540,2021년 5월 22일 20시,토요일,경상남도 창원시 마산회원구 두척동,중상사고,0,1,0,0,차대차 - 정면충돌,신호위반,건조,맑음,교차로 - 교차로안,승용,여,52세,상해없음,승용,남,41세,중상
2021052200100541,2021년 5월 22일 20시,토요일,경상남도 김해시 내덕동,경상사고,0,0,1,0,차대사람 - 차도통행중,안전운전불이행,건조,맑음,교차로 - 교차로안,승용,남,59세,상해없음,보행자,여,40세,경상
2021052200100568,2021년 5월 22일 21시,토요일,경상남도 함안군 산인면,경상사고,0,0,1,0,차대차 - 측면충돌,안전운전불이행,건조,맑음,단일로 - 기타,승용,남,56세,경상,승용,여,70세,상해없음
2021052300100030,2021년 5월 23일 05시,일요일,경상남도 합천군 용주면,사망사고,1,0,0,0,차량단독 - 도로외이탈 - 추락,안전운전불이행,건조,맑음,교차로 - 교차로부근,이륜,남,74세,사망,,,,
2021052300100044,2021년 5월 23일 07시,일요일,경상남도 창녕군 이방면,부상신고사고,0,0,0,1,차대차 - 측면충돌,직진우회전진행방해,건조,맑음,교차로 - 교차로안,승용,여,65세,부상신고,승용,남,30세,상해없음
2021052300100051,2021년 5월 23일 08시,일요일,경상남도 창녕군 창녕읍,경상사고,0,0,2,0,차대차 - 기타,안전운전불이행,건조,맑음,단일로 - 기타,승용,남,51세,상해없음,승용,남,63세,상해없음
2021052300100060,2021년 5월 23일 09시,일요일,경상남도 함안군 군북면,중상사고,0,1,0,0,차대차 - 측면충돌,중앙선침범,건조,맑음,교차로 - 교차로부근,화물,남,63세,상해없음,자전거,남,75세,중상
2021052300100103,2021년 5월 23일 11시,일요일,경상남도 창원시 진해구 자은동,경상사고,0,0,1,0,차대차 - 측면충돌,차로위반,건조,맑음,단일로 - 기타,승용,남,61세,경상,승용,남,50세,상해없음
2021052300100104,2021년 5월 23일 11시,일요일,경상남도 양산시 하북면,중상사고,0,1,0,0,차대차 - 측면충돌,안전운전불이행,건조,맑음,단일로 - 기타,승합,남,57세,상해없음,자전거,남,70세,중상
2021052300100128,2021년 5월 23일 12시,일요일,경상남도 거제시 거제면,경상사고,0,0,4,0,차대차 - 추돌,안전운전불이행,건조,맑음,기타 - 기타,승용,여,36세,상해없음,승용,남,43세,경상
2021052300100129,2021년 5월 23일 12시,일요일,경상남도 남해군 남해읍,부상신고사고,0,0,0,2,차대차 - 측면충돌,교차로운행방법위반,건조,맑음,교차로 - 교차로안,이륜,남,72세,부상신고,승용,여,37세,부상신고
2021052300100166,2021년 5월 23일 13시,일요일,경상남도 창원시 마산합포구 해운동,중상사고,0,1,0,0,차대차 - 측면충돌,안전운전불이행,건조,맑음,교차로 - 교차로안,승용,남,21세,상해없음,이륜,남,20세,중상
2021052300100167,2021년 5월 23일 13시,일요일,경상남도 창원시 진해구 명동,중상사고,0,1,0,0,차대차 - 추돌,안전운전불이행,건조,맑음,단일로 - 기타,승용,남,43세,상해없음,자전거,남,46세,중상
2021052300100168,2021년 5월 23일 13시,일요일,경상남도 사천시 벌리동,중상사고,0,1,0,0,차대차 - 측면충돌,신호위반,건조,맑음,교차로 - 교차로안,승용,남,39세,상해없음,이륜,남,29세,중상
2021052300100169,2021년 5월 23일 13시,일요일,경상남도 김해시 내동,중상사고,0,1,0,0,차대차 - 추돌,안전운전불이행,건조,맑음,단일로 - 기타,승용,여,57세,상해없음,승용,남,59세,중상
2021052300100201,2021년 5월 23일 14시,일요일,경상남도 창원시 진해구 이동,경상사고,0,0,2,0,차대차 - 측면충돌,중앙선침범,건조,맑음,단일로 - 기타,승용,여,60세,상해없음,승용,여,27세,경상
2021052300100202,2021년 5월 23일 14시,일요일,경상남도 김해시 서상동,경상사고,0,0,1,0,차대사람 - 차도통행중,안전운전불이행,건조,맑음,단일로 - 기타,승용,여,48세,상해없음,보행자,남,37세,경상
2021052300100203,2021년 5월 23일 14시,일요일,경상남도 창원시 마산회원구 봉암동,중상사고,0,1,0,0,차대차 - 측면충돌,안전운전불이행,건조,맑음,교차로 - 교차로안,승용,남,29세,상해없음,승용,남,46세,중상
2021052300100254,2021년 5월 23일 16시,일요일,경상남도 밀양시 하남읍,경상사고,0,0,1,0,차대사람 - 기타,기타,건조,맑음,기타 - 기타,화물,남,67세,상해없음,보행자,여,73세,경상
2021052300100309,2021년 5월 23일 18시,일요일,경상남도 거제시 아주동,중상사고,0,1,0,0,차대사람 - 기타,교차로운행방법위반,건조,맑음,교차로 - 교차로안,이륜,남,21세,상해없음,보행자,여,10세,중상
2021052300100339,2021년 5월 23일 19시,일요일,경상남도 창원시 마산회원구 내서읍,중상사고,0,1,0,0,차대차 - 측면충돌,안전운전불이행,건조,맑음,단일로 - 기타,자전거,남,59세,중상,승합,남,56세,기타불명
2021052300100412,2021년 5월 23일 22시,일요일,경상남도 통영시 도산면,중상사고,0,1,0,0,차대차 - 추돌,안전운전불이행,건조,맑음,교차로 - 교차로부근,승용,남,54세,상해없음,승용,여,27세,중상
2021052300100413,2021년 5월 23일 22시,일요일,경상남도 창원시 마산회원구 합성동,중상사고,0,1,0,0,차대차 - 측면충돌,안전운전불이행,건조,맑음,교차로 - 교차로안,승용,남,55세,상해없음,이륜,남,45세,중상
2021052300100428,2021년 5월 23일 23시,일요일,경상남도 창원시 성산구 용호동,사망사고,1,0,0,0,차량단독 - 공작물충돌,안전운전불이행,건조,맑음,교차로 - 교차로부근,이륜,남,18세,사망,,,,
2021052300100429,2021년 5월 23일 23시,일요일,경상남도 거창군 남상면,경상사고,0,0,1,0,차대차 - 측면충돌,안전운전불이행,건조,맑음,단일로 - 기타,승용,여,39세,상해없음,화물,남,40세,경상
2021052400100019,2021년 5월 24일 05시,월요일,경상남도 창원시 마산합포구 상남동,경상사고,0,0,1,0,차대사람 - 횡단중,안전운전불이행,건조,맑음,교차로 - 교차로부근,승용,남,55세,상해없음,보행자,여,60세,경상
2021052400100050,2021년 5월 24일 07시,월요일,경상남도 김해시 한림면,경상사고,0,0,1,0,차대차 - 추돌,안전운전불이행,젖음/습기,비,교차로 - 교차로부근,승용,남,67세,상해없음,승용,남,42세,경상
2021052400100086,2021년 5월 24일 08시,월요일,경상남도 사천시 정동면,경상사고,0,0,1,0,차대사람 - 횡단중,안전운전불이행,건조,맑음,기타 - 기타,승용,남,55세,상해없음,보행자,남,8세,경상
2021052400100087,2021년 5월 24일 08시,월요일,경상남도 김해시 구산동,중상사고,0,1,0,0,차대차 - 측면충돌,안전운전불이행,젖음/습기,비,교차로 - 교차로안,승용,여,24세,상해없음,이륜,남,60세,중상
2021052400100120,2021년 5월 24일 09시,월요일,경상남도 남해군 남해읍,경상사고,0,0,1,0,차대차 - 측면충돌,안전운전불이행,건조,맑음,단일로 - 기타,사륜오토바이(ATV),여,68세,경상,승용,여,62세,상해없음
2021052400100143,2021년 5월 24일 10시,월요일,경상남도 김해시 삼계동,경상사고,0,0,2,0,차대차 - 측면충돌,신호위반,젖음/습기,흐림,교차로 - 교차로안,화물,남,48세,경상,승용,남,37세,경상
2021052400100144,2021년 5월 24일 10시,월요일,경상남도 창녕군 도천면,경상사고,0,0,1,0,차대사람 - 기타,기타,기타,맑음,단일로 - 기타,화물,남,65세,상해없음,보행자,남,65세,경상
2021052400100145,2021년 5월 24일 10시,월요일,경상남도 함안군 가야읍,경상사고,0,0,1,0,차대차 - 측면충돌,안전운전불이행,건조,맑음,교차로 - 교차로안,자전거,여,76세,경상,승용,남,71세,상해없음
2021052400100208,2021년 5월 24일 12시,월요일,경상남도 창원시 진해구 충무동,경상사고,0,0,1,0,차대사람 - 횡단중,안전운전불이행,건조,맑음,단일로 - 기타,승용,여,35세,상해없음,보행자,여,88세,경상
2021052400100209,2021년 5월 24일 12시,월요일,경상남도 창원시 의창구 도계동,중상사고,0,1,0,0,차대차 - 측면충돌,안전운전불이행,건조,맑음,단일로 - 기타,승용,남,69세,상해없음,승용,남,63세,중상
2021052400100278,2021년 5월 24일 14시,월요일,경상남도 진주시 남성동,중상사고,0,1,1,0,차대차 - 추돌,안전운전불이행,건조,맑음,교차로 - 교차로부근,화물,남,45세,상해없음,승용,여,32세,중상
2021052400100279,2021년 5월 24일 14시,월요일,경상남도 김해시 내동,경상사고,0,0,1,0,차대차 - 추돌,안전운전불이행,건조,맑음,단일로 - 기타,화물,남,29세,상해없음,승용,여,60세,경상
2021052400100280,2021년 5월 24일 14시,월요일,경상남도 김해시 율하동,중상사고,0,1,0,0,차대차 - 후진중충돌,안전운전불이행,건조,맑음,단일로 - 기타,화물,남,59세,상해없음,승용,여,39세,중상
2021052400100321,2021년 5월 24일 15시,월요일,경상남도 사천시 벌리동,경상사고,0,0,1,0,차대사람 - 기타,안전운전불이행,건조,맑음,교차로 - 교차로안,승용,남,55세,상해없음,보행자,남,33세,경상
2021052400100322,2021년 5월 24일 15시,월요일,경상남도 합천군 청덕면,중상사고,0,1,0,0,차대차 - 정면충돌,교차로운행방법위반,건조,맑음,교차로 - 교차로안,화물,남,47세,상해없음,승용,여,56세,중상
2021052400100323,2021년 5월 24일 15시,월요일,경상남도 양산시 중부동,중상사고,0,1,0,0,차대사람 - 횡단중,보행자보호의무위반,건조,맑음,단일로 - 기타,승용,남,60세,상해없음,보행자,여,74세,중상
2021052400100324,2021년 5월 24일 15시,월요일,경상남도 거제시 장목면,경상사고,0,0,1,0,차대차 - 측면충돌,안전운전불이행,건조,맑음,교차로 - 교차로안,화물,남,62세,상해없음,승용,남,44세,경상
2021052400100362,2021년 5월 24일 16시,월요일,경상남도 진주시 상대동,중상사고,0,1,0,0,차대차 - 측면충돌,신호위반,건조,맑음,교차로 - 교차로안,화물,남,72세,상해없음,승용,남,52세,중상
2021052400100363,2021년 5월 24일 16시,월요일,경상남도 진주시 동성동,경상사고,0,0,2,0,차대차 - 측면충돌,중앙선침범,건조,맑음,교차로 - 교차로안,승합,남,63세,상해없음,승용,남,45세,경상
2021052400100364,2021년 5월 24일 16시,월요일,경상남도 양산시 상북면,중상사고,0,1,0,0,차대차 - 측면충돌,안전운전불이행,건조,맑음,교차로 - 교차로안,화물,남,75세,상해없음,승용,여,45세,중상
2021052400100413,2021년 5월 24일 17시,월요일,경상남도 사천시 사남면,경상사고,0,0,1,0,차대차 - 측면충돌,교차로운행방법위반,건조,맑음,교차로 - 교차로부근,승용,여,53세,상해없음,이륜,남,76세,경상
2021052400100414,2021년 5월 24일 17시,월요일,경상남도 창원시 성산구 성주동,경상사고,0,0,1,0,차대차 - 측면충돌,안전운전불이행,건조,맑음,단일로 - 기타,화물,남,41세,상해없음,승용,남,68세,경상
2021052400100454,2021년 5월 24일 18시,월요일,경상남도 통영시 사량면,부상신고사고,0,0,0,1,차량단독 - 도로외이탈 - 기타,안전운전불이행,건조,맑음,단일로 - 기타,화물,남,66세,부상신고,,,,
2021052400100478,2021년 5월 24일 19시,월요일,경상남도 진주시 이현동,중상사고,0,1,1,0,차대차 - 측면충돌,안전운전불이행,건조,맑음,기타 - 기타,승용,여,25세,상해없음,승용,남,24세,경상
2021052400100479,2021년 5월 24일 19시,월요일,경상남도 창원시 진해구 남문동,경상사고,0,0,2,0,차대차 - 측면충돌,안전운전불이행,건조,기타,교차로 - 교차로안,이륜,남,35세,상해없음,승용,여,54세,경상
2021052400100504,2021년 5월 24일 20시,월요일,경상남도 김해시 부원동,중상사고,0,1,0,0,차대사람 - 횡단중,보행자보호의무위반,건조,맑음,교차로 - 교차로안,승용,남,73세,상해없음,보행자,남,34세,중상
2021052400100505,2021년 5월 24일 20시,월요일,경상남도 창원시 마산회원구 봉암동,경상사고,0,0,1,0,차대사람 - 기타,안전운전불이행,건조,맑음,기타 - 기타,화물,남,60세,상해없음,보행자,남,62세,경상
2021052400100556,2021년 5월 24일 22시,월요일,경상남도 김해시 내덕동,경상사고,0,0,3,0,차대차 - 측면충돌,안전운전불이행,건조,맑음,단일로 - 기타,승용,남,65세,상해없음,승용,남,61세,경상
2021052400100568,2021년 5월 24일 23시,월요일,경상남도 창원시 의창구 사림동,경상사고,0,0,1,0,차대차 - 측면충돌,안전운전불이행,건조,맑음,교차로 - 교차로안,승용,남,28세,상해없음,승용,여,48세,경상
2021052500100065,2021년 5월 25일 07시,화요일,경상남도 김해시 외동,중상사고,0,1,0,0,차대차 - 추돌,안전운전불이행,건조,맑음,단일로 - 기타,이륜,남,61세,기타불명,승용,남,27세,중상
2021052500100066,2021년 5월 25일 07시,화요일,경상남도 고성군 마암면,경상사고,0,0,1,0,차대차 - 측면충돌,신호위반,건조,맑음,교차로 - 교차로안,승용,남,68세,상해없음,승용,남,36세,경상
2021052500100104,2021년 5월 25일 08시,화요일,경상남도 고성군 고성읍,경상사고,0,0,1,0,차대사람 - 기타,안전운전불이행,건조,맑음,단일로 - 기타,승용,여,47세,상해없음,보행자,여,80세,경상
2021052500100105,2021년 5월 25일 08시,화요일,경상남도 산청군 단성면,중상사고,0,1,0,0,차대차 - 정면충돌,안전운전불이행,젖음/습기,흐림,교차로 - 교차로안,원동기,남,60세,중상,승용,남,42세,상해없음
2021052500100106,2021년 5월 25일 08시,화요일,경상남도 김해시 진영읍,경상사고,0,0,1,0,차대차 - 추돌,안전거리미확보,건조,맑음,교차로 - 교차로부근,승용,여,46세,상해없음,승용,여,43세,경상
2021052500100169,2021년 5월 25일 10시,화요일,경상남도 진주시 남성동,경상사고,0,0,1,0,차대차 - 추돌,안전운전불이행,건조,맑음,교차로 - 교차로부근,승용,여,47세,상해없음,승용,여,60세,경상
2021052500100171,2021년 5월 25일 10시,화요일,경상남도 거제시 고현동,중상사고,0,1,0,0,차대사람 - 기타,교차로운행방법위반,건조,맑음,교차로 - 교차로안,화물,여,66세,상해없음,보행자,여,68세,중상
2021052500100236,2021년 5월 25일 12시,화요일,경상남도 진주시 신안동,경상사고,0,0,1,0,차대차 - 측면충돌,안전운전불이행,건조,맑음,단일로 - 기타,승용,여,60세,상해없음,승용,남,53세,경상
2021052500100237,2021년 5월 25일 12시,화요일,경상남도 양산시 하북면,경상사고,0,0,1,0,차대차 - 정면충돌,중앙선침범,건조,맑음,단일로 - 기타,승용,남,60세,상해없음,승용,남,50세,경상
2021052500100238,2021년 5월 25일 12시,화요일,경상남도 양산시 북정동,중상사고,0,1,1,0,차대차 - 측면충돌,신호위반,건조,맑음,교차로 - 교차로안,화물,남,65세,경상,이륜,남,21세,중상
2021052500100239,2021년 5월 25일 12시,화요일,경상남도 함안군 칠원읍,부상신고사고,0,0,0,1,차대차 - 후진중충돌,안전운전불이행,건조,맑음,교차로 - 교차로안,승합,남,60세,상해없음,화물,남,27세,부상신고
2021052500100240,2021년 5월 25일 12시,화요일,경상남도 창원시 성산구 삼정자동,중상사고,0,1,0,0,차대차 - 추돌,안전운전불이행,건조,맑음,교차로 - 교차로부근,승합,남,52세,상해없음,승용,남,37세,상해없음
2021052500100275,2021년 5월 25일 13시,화요일,경상남도 양산시 물금읍,경상사고,0,0,1,0,차대차 - 측면충돌,신호위반,건조,맑음,교차로 - 교차로안,승용,여,61세,상해없음,승용,여,35세,경상
2021052500100301,2021년 5월 25일 14시,화요일,경상남도 창원시 마산합포구 동성동,중상사고,0,1,0,0,차대사람 - 횡단중,안전운전불이행,건조,맑음,단일로 - 기타,승용,남,41세,상해없음,보행자,여,69세,중상
2021052500100302,2021년 5월 25일 14시,화요일,경상남도 양산시 북정동,부상신고사고,0,0,0,1,차대차 - 측면충돌,직진우회전진행방해,건조,맑음,교차로 - 교차로안,승용,여,68세,부상신고,승합,남,57세,상해없음
2021052500100338,2021년 5월 25일 15시,화요일,경상남도 함양군 수동면,중상사고,0,1,0,0,차대차 - 측면충돌,안전운전불이행,건조,맑음,단일로 - 지하차도(도로)내,건설기계,남,39세,상해없음,농기계,남,74세,중상
2021052500100339,2021년 5월 25일 15시,화요일,경상남도 창원시 성산구 내동,경상사고,0,0,4,0,차대차 - 추돌,안전운전불이행,건조,맑음,단일로 - 기타,승용,남,39세,상해없음,승용,여,41세,경상
2021052500100340,2021년 5월 25일 15시,화요일,경상남도 김해시 내덕동,중상사고,0,1,0,0,차량단독 - 기타,안전운전불이행,건조,맑음,교차로 - 교차로부근,승합,남,43세,상해없음,,,,
2021052500100386,2021년 5월 25일 16시,화요일,경상남도 통영시 무전동,경상사고,0,0,2,0,차대차 - 추돌,안전운전불이행,건조,맑음,단일로 - 기타,승용,남,64세,상해없음,승용,여,44세,경상
2021052500100387,2021년 5월 25일 16시,화요일,경상남도 거제시 장평동,경상사고,0,0,1,0,차대사람 - 횡단중,안전운전불이행,건조,맑음,단일로 - 기타,승용,여,30세,상해없음,보행자,여,32세,경상
2021052500100388,2021년 5월 25일 16시,화요일,경상남도 함안군 군북면,경상사고,0,0,1,0,차대차 - 후진중충돌,안전운전불이행,건조,맑음,단일로 - 기타,승용,남,54세,상해없음,승용,여,52세,경상
2021052500100389,2021년 5월 25일 16시,화요일,경상남도 의령군 의령읍,경상사고,0,0,1,0,차대차 - 측면충돌,직진우회전진행방해,건조,맑음,교차로 - 교차로안,승용,여,59세,상해없음,승용,남,75세,상해없음
2021052500100390,2021년 5월 25일 16시,화요일,경상남도 의령군 부림면,경상사고,0,0,1,0,차대사람 - 기타,안전운전불이행,건조,맑음,단일로 - 기타,화물,여,57세,상해없음,보행자,남,12세,경상
2021052500100391,2021년 5월 25일 16시,화요일,경상남도 김해시 진영읍,경상사고,0,0,2,0,차대차 - 측면충돌,안전운전불이행,건조,맑음,단일로 - 기타,화물,남,61세,상해없음,승용,여,46세,경상
2021052500100433,2021년 5월 25일 17시,화요일,경상남도 사천시 축동면,경상사고,0,0,2,0,차대차 - 추돌,안전운전불이행,건조,맑음,단일로 - 기타,승용,여,32세,상해없음,승용,여,22세,경상
2021052500100434,2021년 5월 25일 17시,화요일,경상남도 사천시 사천읍,경상사고,0,0,2,0,차대차 - 측면충돌,안전운전불이행,건조,맑음,교차로 - 교차로안,승용,남,37세,경상,승용,여,37세,경상
2021052500100435,2021년 5월 25일 17시,화요일,경상남도 김해시 어방동,중상사고,0,1,0,0,차대차 - 기타,직진우회전진행방해,건조,맑음,교차로 - 교차로안,화물,남,56세,상해없음,원동기,남,37세,중상
2021052500100436,2021년 5월 25일 17시,화요일,경상남도 양산시 물금읍,경상사고,0,0,1,0,차대차 - 추돌,안전거리미확보,건조,맑음,교차로 - 교차로부근,승용,여,28세,상해없음,승용,남,62세,경상
2021052500100437,2021년 5월 25일 17시,화요일,경상남도 김해시 관동동,중상사고,0,1,0,0,차대차 - 측면충돌,신호위반,건조,맑음,교차로 - 교차로안,이륜,남,58세,중상,승용,여,44세,상해없음
2021052500100479,2021년 5월 25일 18시,화요일,경상남도 진주시 가좌동,경상사고,0,0,1,0,차대차 - 측면충돌,안전거리미확보,건조,맑음,교차로 - 교차로안,승용,남,72세,상해없음,승용,남,34세,경상
2021052500100480,2021년 5월 25일 18시,화요일,경상남도 사천시 향촌동,경상사고,0,0,1,0,차대차 - 측면충돌,안전운전불이행,건조,맑음,교차로 - 교차로안,자전거,남,14세,경상,승용,남,36세,상해없음
2021052500100481,2021년 5월 25일 18시,화요일,경상남도 밀양시 가곡동,경상사고,0,0,1,0,차대차 - 측면충돌,안전거리미확보,건조,맑음,교차로 - 교차로부근,승용,남,28세,상해없음,승용,여,56세,경상
2021052500100482,2021년 5월 25일 18시,화요일,경상남도 함양군 함양읍,경상사고,0,0,1,0,차대사람 - 길가장자리구역통행중,안전운전불이행,건조,맑음,단일로 - 지하차도(도로)내,승용,여,43세,상해없음,보행자,여,82세,경상
2021052500100483,2021년 5월 25일 18시,화요일,경상남도 김해시 무계동,경상사고,0,0,1,0,차량단독 - 기타,안전운전불이행,건조,맑음,단일로 - 기타,승합,남,34세,상해없음,,,,
2021052500100514,2021년 5월 25일 19시,화요일,경상남도 김해시 봉황동,중상사고,0,1,0,0,차대차 - 후진중충돌,안전운전불이행,건조,맑음,단일로 - 기타,승용,남,34세,상해없음,승용,남,53세,중상
2021052500100539,2021년 5월 25일 20시,화요일,경상남도 창원시 마산합포구 진북면,부상신고사고,0,0,0,1,차량단독 - 공작물충돌,기타,건조,맑음,단일로 - 교량,승용,남,52세,부상신고,,,,
2021052500100561,2021년 5월 25일 21시,화요일,경상남도 양산시 중부동,경상사고,0,0,1,0,차대차 - 측면충돌,안전거리미확보,건조,맑음,단일로 - 기타,승용,남,18세,상해없음,승용,여,47세,경상
2021052500100587,2021년 5월 25일 22시,화요일,경상남도 창원시 진해구 남문동,경상사고,0,0,1,0,차대차 - 기타,안전운전불이행,건조,맑음,단일로 - 기타,승용,남,35세,상해없음,승용,남,37세,경상
2021052500100588,2021년 5월 25일 22시,화요일,경상남도 김해시 삼문동,경상사고,0,0,1,0,차대차 - 추돌,안전운전불이행,건조,맑음,교차로 - 교차로부근,이륜,남,21세,경상,승용,여,37세,상해없음
2021052600100012,2021년 5월 26일 01시,수요일,경상남도 양산시 삼호동,경상사고,0,0,3,0,차대차 - 측면충돌,교차로운행방법위반,건조,맑음,교차로 - 교차로안,승용,여,77세,경상,승용,남,31세,경상
2021052600100062,2021년 5월 26일 07시,수요일,경상남도 창원시 진해구 석동,경상사고,0,0,1,0,차대차 - 측면충돌,신호위반,건조,맑음,교차로 - 교차로안,화물,남,60세,상해없음,승용,남,39세,경상
2021052600100103,2021년 5월 26일 08시,수요일,경상남도 밀양시 부북면,경상사고,0,0,1,0,차대차 - 측면충돌,안전운전불이행,건조,맑음,단일로 - 기타,승용,여,58세,상해없음,이륜,남,69세,경상
2021052600100105,2021년 5월 26일 08시,수요일,경상남도 함안군 대산면,경상사고,0,0,1,0,차대사람 - 횡단중,보행자보호의무위반,건조,맑음,교차로 - 교차로횡단보도내,승용,여,65세,상해없음,보행자,남,14세,경상
2021052600100133,2021년 5월 26일 09시,수요일,경상남도 산청군 산청읍,중상사고,0,1,0,0,차대차 - 측면충돌,교차로운행방법위반,건조,맑음,교차로 - 교차로안,이륜,여,79세,중상,화물,남,71세,상해없음
2021052600100188,2021년 5월 26일 11시,수요일,경상남도 사천시 곤양면,사망사고,1,0,0,0,차대사람 - 차도통행중,안전운전불이행,건조,맑음,단일로 - 기타,승용,남,69세,상해없음,보행자,남,85세,사망
2021052600100189,2021년 5월 26일 11시,수요일,경상남도 김해시 서상동,경상사고,0,0,1,0,차대사람 - 길가장자리구역통행중,안전운전불이행,건조,맑음,단일로 - 기타,승용,남,57세,상해없음,보행자,남,80세,경상
2021052600100242,2021년 5월 26일 13시,수요일,경상남도 사천시 정동면,중상사고,0,1,1,0,차대차 - 추돌,안전운전불이행,건조,흐림,교차로 - 교차로안,승합,여,61세,경상,승용,남,38세,중상
2021052600100243,2021년 5월 26일 13시,수요일,경상남도 밀양시 상남면,중상사고,0,1,0,0,차량단독 - 공작물충돌,안전운전불이행,건조,맑음,단일로 - 기타,자전거,남,51세,중상,,,,
2021052600100271,2021년 5월 26일 14시,수요일,경상남도 사천시 사남면,경상사고,0,0,2,0,차대차 - 기타,안전운전불이행,건조,흐림,교차로 - 교차로안,승용,남,58세,경상,승용,여,46세,경상
2021052600100304,2021년 5월 26일 15시,수요일,경상남도 창원시 성산구 상남동,경상사고,0,0,1,0,차대차 - 측면충돌,신호위반,건조,맑음,교차로 - 교차로안,승합,남,32세,상해없음,승용,남,27세,경상
2021052600100334,2021년 5월 26일 16시,수요일,경상남도 양산시 물금읍,경상사고,0,0,1,0,차대차 - 정면충돌,신호위반,건조,맑음,단일로 - 기타,승용,남,58세,상해없음,자전거,여,37세,경상
2021052600100381,2021년 5월 26일 17시,수요일,경상남도 고성군 하이면,경상사고,0,0,2,0,차대차 - 측면충돌,기타,건조,맑음,교차로 - 교차로안,승용,남,48세,상해없음,화물,여,60세,경상
2021052600100432,2021년 5월 26일 18시,수요일,경상남도 창원시 마산회원구 합성동,경상사고,0,0,1,0,차대차 - 측면충돌,안전운전불이행,건조,맑음,단일로 - 기타,승용,남,45세,상해없음,승용,여,40세,경상
2021052600100485,2021년 5월 26일 20시,수요일,경상남도 양산시 물금읍,경상사고,0,0,1,0,차대차 - 정면충돌,교차로운행방법위반,건조,맑음,교차로 - 교차로안,승용,남,53세,상해없음,이륜,남,34세,경상
2021052600100486,2021년 5월 26일 20시,수요일,경상남도 거제시 거제면,중상사고,0,1,0,0,차대차 - 측면충돌,안전거리미확보,건조,맑음,단일로 - 기타,승용,남,23세,상해없음,이륜,남,49세,중상
2021052600100510,2021년 5월 26일 21시,수요일,경상남도 함안군 가야읍,경상사고,0,0,2,0,차대사람 - 횡단중,보행자보호의무위반,건조,기타,단일로 - 기타,이륜,남,23세,경상,보행자,남,53세,경상
2021052600100544,2021년 5월 26일 22시,수요일,경상남도 거제시 고현동,중상사고,0,1,0,0,차대사람 - 차도통행중,안전운전불이행,건조,맑음,단일로 - 기타,승용,남,65세,상해없음,보행자,남,68세,중상
2021052600100545,2021년 5월 26일 22시,수요일,경상남도 거제시 연초면,중상사고,0,1,0,0,차량단독 - 공작물충돌,안전운전불이행,건조,맑음,단일로 - 기타,승용,남,27세,중상,,,,
2021052600100546,2021년 5월 26일 22시,수요일,경상남도 거제시 문동동,경상사고,0,0,1,0,차대차 - 측면충돌,안전운전불이행,젖음/습기,비,단일로 - 기타,승용,남,33세,상해없음,자전거,남,50세,경상
2021052700100008,2021년 5월 27일 00시,목요일,경상남도 김해시 동상동,경상사고,0,0,1,0,차대차 - 측면충돌,안전운전불이행,건조,맑음,단일로 - 기타,승용,남,52세,상해없음,승용,남,59세,경상
2021052700100009,2021년 5월 27일 00시,목요일,경상남도 김해시 한림면,중상사고,0,1,0,0,차대차 - 측면충돌,신호위반,젖음/습기,비,교차로 - 교차로안,화물,남,56세,상해없음,승용,남,31세,중상
2021052700100015,2021년 5월 27일 01시,목요일,경상남도 창원시 마산합포구 동성동,중상사고,0,1,0,0,차대사람 - 차도통행중,안전운전불이행,젖음/습기,비,교차로 - 교차로안,승용,남,63세,상해없음,보행자,남,53세,중상