사고번호,사고일시,요일,시군구,사고내용,사망자수,중상자수,경상자수,부상신고자수,사고유형,법규위반,노면상태,기상상태,도로형태,가해운전자 차종,가해운전자 성별,가해운전자 연령,가해운전자 상해정도,피해운전자 차종,피해운전자 성별,피해운전자 연령,피해운전자 상해정도
2021053100100172,2021년 5월 31일 11시,월요일,경상남도 거창군 거창읍,부상신고사고,0,0,0,1,차대차 - 측면충돌,안전운전불이행,건조,맑음,단일로 - 기타,이륜,남,74세,부상신고,승용,남,66세,상해없음
2021053100100173,2021년 5월 31일 11시,월요일,경상남도 양산시 덕계동,경상사고,0,0,1,0,차대차 - 정면충돌,안전운전불이행,건조,맑음,단일로 - 기타,화물,남,48세,경상,화물,남,54세,상해없음
2021053100100196,2021년 5월 31일 12시,월요일,경상남도 거제시 고현동,경상사고,0,0,2,0,차대차 - 기타,교차로운행방법위반,건조,맑음,교차로 - 교차로안,승용,여,34세,경상,승용,여,58세,경상
2021053100100197,2021년 5월 31일 12시,월요일,경상남도 창원시 의창구 동읍,중상사고,0,1,3,0,차대차 - 측면충돌,안전운전불이행,건조,맑음,단일로 - 기타,승합,남,53세,상해없음,승용,남,53세,경상
2021053100100223,2021년 5월 31일 13시,월요일,경상남도 남해군 이동면,중상사고,0,1,0,0,차대차 - 측면충돌,안전운전불이행,건조,맑음,단일로 - 기타,승용,남,74세,상해없음,이륜,남,70세,중상
2021053100100261,2021년 5월 31일 14시,월요일,경상남도 거제시 아양동,경상사고,0,0,2,0,차대차 - 기타,안전운전불이행,건조,맑음,단일로 - 기타,특수,남,45세,상해없음,승용,남,27세,경상
2021053100100300,2021년 5월 31일 15시,월요일,경상남도 밀양시 삼문동,경상사고,0,0,2,0,차대차 - 측면충돌,신호위반,건조,맑음,교차로 - 교차로안,승용,여,77세,경상,화물,남,37세,경상
2021053100100301,2021년 5월 31일 15시,월요일,경상남도 양산시 북부동,경상사고,0,0,1,0,차대차 - 추돌,안전운전불이행,건조,맑음,단일로 - 지하차도(도로)내,화물,남,25세,상해없음,승용,남,35세,경상
2021053100100336,2021년 5월 31일 16시,월요일,경상남도 진주시 집현면,중상사고,0,1,0,0,차대차 - 기타,직진우회전진행방해,건조,맑음,교차로 - 교차로안,화물,남,61세,상해없음,사륜오토바이(ATV),남,91세,중상
2021053100100337,2021년 5월 31일 16시,월요일,경상남도 의령군 의령읍,부상신고사고,0,0,0,1,차대차 - 정면충돌,직진우회전진행방해,건조,맑음,교차로 - 교차로횡단보도내,자전거,남,13세,부상신고,화물,남,49세,상해없음
2021053100100338,2021년 5월 31일 16시,월요일,경상남도 창원시 성산구 가음동,경상사고,0,0,1,0,차대사람 - 횡단중,보행자보호의무위반,건조,맑음,교차로 - 교차로횡단보도내,승용,여,55세,상해없음,보행자,여,8세,경상
2021053100100384,2021년 5월 31일 17시,월요일,경상남도 창원시 마산합포구 가포동,경상사고,0,0,1,0,차대사람 - 기타,안전운전불이행,건조,맑음,기타 - 기타,승용,여,26세,상해없음,보행자,여,5세,경상
2021053100100385,2021년 5월 31일 17시,월요일,경상남도 진주시 초전동,경상사고,0,0,1,0,차대차 - 기타,중앙선침범,건조,맑음,단일로 - 기타,이륜,남,15세,경상,승용,남,66세,상해없음
2021053100100458,2021년 5월 31일 19시,월요일,경상남도 진주시 정촌면,경상사고,0,0,2,0,차대차 - 추돌,안전운전불이행,건조,맑음,단일로 - 기타,이륜,남,64세,경상,이륜,남,35세,경상
2021053100100459,2021년 5월 31일 19시,월요일,경상남도 김해시 내동,중상사고,0,1,0,0,차대차 - 측면충돌,안전운전불이행,건조,맑음,단일로 - 기타,승용,남,40세,상해없음,이륜,남,35세,중상
2021053100100483,2021년 5월 31일 20시,월요일,경상남도 진주시 상봉동,중상사고,0,1,1,0,차대차 - 기타,중앙선침범,건조,맑음,교차로 - 교차로부근,승용,여,70세,상해없음,승용,남,22세,중상
2021053100100484,2021년 5월 31일 20시,월요일,경상남도 합천군 합천읍,경상사고,0,0,1,0,차대차 - 측면충돌,중앙선침범,건조,맑음,단일로 - 기타,이륜,남,77세,상해없음,이륜,남,27세,경상
2021053100100485,2021년 5월 31일 20시,월요일,경상남도 함안군 가야읍,경상사고,0,0,1,0,차대차 - 측면충돌,차로위반,건조,맑음,단일로 - 기타,화물,남,69세,상해없음,승용,여,69세,경상
2021053100100486,2021년 5월 31일 20시,월요일,경상남도 창원시 의창구 서상동,경상사고,0,0,1,0,차대차 - 추돌,안전운전불이행,건조,맑음,교차로 - 교차로부근,승용,남,49세,상해없음,승용,남,63세,상해없음
2021053100100545,2021년 5월 31일 23시,월요일,경상남도 양산시 동면,중상사고,0,1,0,0,차대차 - 정면충돌,교차로운행방법위반,건조,맑음,교차로 - 교차로안,승용,남,49세,상해없음,승용,여,30세,중상
2021060100100033,2021년 6월 1일 03시,화요일,경상남도 김해시 구산동,중상사고,0,1,1,0,차대차 - 정면충돌,교차로운행방법위반,건조,맑음,교차로 - 교차로안,이륜,남,27세,경상,이륜,남,55세,중상
2021060100100047,2021년 6월 1일 06시,화요일,경상남도 고성군 하이면,경상사고,0,0,3,0,차량단독 - 기타,안전운전불이행,건조,맑음,단일로 - 기타,승합,남,27세,상해없음,,,,
2021060100100048,2021년 6월 1일 06시,화요일,경상남도 거제시 수월동,경상사고,0,0,1,0,차대차 - 측면충돌,직진우회전진행방해,건조,맑음,교차로 - 교차로안,승합,여,56세,상해없음,승용,여,28세,경상
2021060100100072,2021년 6월 1일 07시,화요일,경상남도 김해시 구산동,경상사고,0,0,1,0,차대차 - 측면충돌,안전운전불이행,건조,맑음,교차로 - 교차로안,화물,남,53세,상해없음,승용,여,56세,경상
2021060100100109,2021년 6월 1일 08시,화요일,경상남도 진주시 충무공동,경상사고,0,0,1,0,차대차 - 기타,안전운전불이행,건조,맑음,교차로 - 교차로부근,승용,여,40세,상해없음,자전거,남,9세,경상
2021060100100110,2021년 6월 1일 08시,화요일,경상남도 진주시 칠암동,경상사고,0,0,2,0,차대차 - 기타,안전운전불이행,건조,맑음,교차로 - 교차로안,화물,남,57세,경상,승용,여,36세,경상
2021060100100111,2021년 6월 1일 08시,화요일,경상남도 창원시 진해구 덕산동,경상사고,0,0,1,0,차대차 - 측면충돌,신호위반,건조,맑음,교차로 - 교차로안,승용,남,26세,상해없음,승용,남,36세,경상
2021060100100112,2021년 6월 1일 08시,화요일,경상남도 통영시 광도면,중상사고,0,2,0,0,차대차 - 측면충돌,신호위반,건조,맑음,교차로 - 교차로안,화물,남,66세,상해없음,승용,남,29세,중상
2021060100100141,2021년 6월 1일 09시,화요일,경상남도 사천시 용강동,중상사고,0,1,0,0,차대차 - 측면충돌,신호위반,건조,맑음,단일로 - 기타,승용,여,62세,상해없음,승용,남,40세,중상
2021060100100142,2021년 6월 1일 09시,화요일,경상남도 김해시 대청동,경상사고,0,0,1,0,차대차 - 측면충돌,안전운전불이행,건조,맑음,교차로 - 교차로안,승용,여,47세,상해없음,승용,여,47세,경상
2021060100100171,2021년 6월 1일 10시,화요일,경상남도 남해군 미조면,경상사고,0,0,1,0,차대차 - 정면충돌,안전운전불이행,건조,맑음,단일로 - 기타,화물,남,60세,상해없음,화물,남,35세,경상
2021060100100193,2021년 6월 1일 11시,화요일,경상남도 창원시 마산합포구 진동면,경상사고,0,0,1,0,차대차 - 추돌,안전거리미확보,건조,맑음,단일로 - 기타,화물,남,41세,상해없음,승용,남,69세,경상
2021060100100194,2021년 6월 1일 11시,화요일,경상남도 진주시 유곡동,경상사고,0,0,2,0,차대차 - 측면충돌,안전거리미확보,건조,맑음,단일로 - 기타,승용,여,63세,경상,승용,남,29세,경상
2021060100100232,2021년 6월 1일 12시,화요일,경상남도 양산시 남부동,중상사고,0,1,0,0,차대차 - 측면충돌,안전운전불이행,건조,맑음,단일로 - 기타,승용,여,44세,상해없음,자전거,여,50세,중상
2021060100100234,2021년 6월 1일 12시,화요일,경상남도 창원시 마산회원구 내서읍,경상사고,0,0,2,0,차대차 - 측면충돌,안전운전불이행,건조,맑음,교차로 - 교차로부근,승용,여,73세,상해없음,특수,남,51세,경상
2021060100100271,2021년 6월 1일 13시,화요일,경상남도 함양군 함양읍,부상신고사고,0,0,0,1,차대사람 - 횡단중,안전운전불이행,건조,맑음,단일로 - 지하차도(도로)내,승용,여,23세,상해없음,보행자,남,8세,부상신고
2021060100100307,2021년 6월 1일 14시,화요일,경상남도 김해시 봉황동,경상사고,0,0,1,0,차대차 - 기타,중앙선침범,건조,맑음,단일로 - 기타,승용,여,63세,상해없음,승합,남,40세,경상
2021060100100308,2021년 6월 1일 14시,화요일,경상남도 양산시 북정동,경상사고,0,0,1,0,차대차 - 추돌,안전운전불이행,건조,맑음,단일로 - 기타,승용,여,59세,상해없음,화물,남,58세,경상
2021060100100309,2021년 6월 1일 14시,화요일,경상남도 거제시 둔덕면,중상사고,0,1,1,0,차대차 - 정면충돌,중앙선침범,건조,맑음,단일로 - 기타,화물,남,50세,상해없음,특수,남,55세,경상
2021060100100349,2021년 6월 1일 15시,화요일,경상남도 통영시 무전동,부상신고사고,0,0,0,1,차량단독 - 기타,기타,건조,맑음,단일로 - 기타,승합,남,48세,상해없음,,,,
2021060100100350,2021년 6월 1일 15시,화요일,경상남도 김해시 외동,중상사고,0,1,0,0,차대차 - 기타,안전운전불이행,건조,맑음,단일로 - 기타,승용,여,56세,상해없음,자전거,남,66세,중상
2021060100100393,2021년 6월 1일 16시,화요일,경상남도 진주시 수곡면,경상사고,0,0,1,0,차대차 - 측면충돌,중앙선침범,건조,맑음,단일로 - 기타,화물,남,70세,상해없음,승용,여,55세,경상
2021060100100394,2021년 6월 1일 16시,화요일,경상남도 창원시 진해구 안골동,중상사고,0,1,0,0,차대사람 - 기타,기타,건조,맑음,교차로 - 교차로안,승합,여,54세,상해없음,보행자,남,10세,중상
2021060100100395,2021년 6월 1일 16시,화요일,경상남도 사천시 서금동,중상사고,0,1,0,0,차대차 - 추돌,안전운전불이행,건조,맑음,단일로 - 교량,승용,남,36세,상해없음,승용,여,58세,중상
2021060100100396,2021년 6월 1일 16시,화요일,경상남도 양산시 북정동,중상사고,0,1,0,0,차대사람 - 보도통행중,기타,건조,맑음,단일로 - 기타,승용,남,50세,상해없음,보행자,남,59세,중상
2021060100100442,2021년 6월 1일 17시,화요일,경상남도 창원시 마산합포구 현동,경상사고,0,0,1,0,차대차 - 측면충돌,안전운전불이행,건조,맑음,교차로 - 교차로안,승용,여,32세,상해없음,화물,남,45세,경상
2021060100100443,2021년 6월 1일 17시,화요일,경상남도 양산시 물금읍,경상사고,0,0,1,0,차대차 - 측면충돌,신호위반,건조,맑음,교차로 - 교차로안,이륜,남,29세,상해없음,승용,남,43세,경상
2021060100100484,2021년 6월 1일 18시,화요일,경상남도 김해시 부원동,경상사고,0,0,1,0,차대사람 - 길가장자리구역통행중,안전운전불이행,건조,맑음,교차로 - 교차로안,승용,남,57세,상해없음,보행자,여,29세,경상
2021060100100485,2021년 6월 1일 18시,화요일,경상남도 함양군 함양읍,중상사고,0,2,0,0,차량단독 - 기타,안전운전불이행,건조,맑음,단일로 - 지하차도(도로)내,승용,여,71세,중상,,,,
2021060100100486,2021년 6월 1일 18시,화요일,경상남도 김해시 무계동,경상사고,0,0,1,0,차대차 - 측면충돌,신호위반,건조,맑음,단일로 - 기타,승용,여,61세,상해없음,승용,남,36세,경상
2021060100100521,2021년 6월 1일 19시,화요일,경상남도 의령군 부림면,중상사고,0,1,0,0,차대사람 - 보도통행중,안전운전불이행,건조,맑음,단일로 - 기타,승용,남,57세,상해없음,보행자,남,77세,중상
2021060100100522,2021년 6월 1일 19시,화요일,경상남도 창원시 의창구 봉곡동,경상사고,0,0,2,0,차대차 - 추돌,안전운전불이행,건조,맑음,교차로 - 교차로안,승용,남,59세,상해없음,승용,남,27세,경상
2021060100100556,2021년 6월 1일 20시,화요일,경상남도 통영시 광도면,부상신고사고,0,0,0,1,차대차 - 기타,안전거리미확보,건조,맑음,단일로 - 기타,이륜,남,23세,부상신고,승용,남,55세,상해없음
2021060100100557,2021년 6월 1일 20시,화요일,경상남도 창원시 성산구 용호동,중상사고,0,1,1,0,차대차 - 측면충돌,신호위반,건조,맑음,교차로 - 교차로안,원동기,남,21세,상해없음,승용,여,53세,중상
2021060100100558,2021년 6월 1일 20시,화요일,경상남도 김해시 진영읍,중상사고,0,1,0,0,차대차 - 추돌,신호위반,건조,맑음,교차로 - 교차로안,승용,여,37세,상해없음,승용,남,40세,중상
2021060100100579,2021년 6월 1일 21시,화요일,경상남도 양산시 평산동,경상사고,0,0,1,0,차대차 - 측면충돌,신호위반,건조,맑음,교차로 - 교차로안,승용,남,18세,상해없음,이륜,남,18세,경상
2021060100100580,2021년 6월 1일 21시,화요일,경상남도 창원시 의창구 도계동,경상사고,0,0,1,0,차대사람 - 기타,안전운전불이행,건조,맑음,단일로 - 기타,자전거,남,58세,상해없음,보행자,여,57세,경상
2021060100100607,2021년 6월 1일 22시,화요일,경상남도 양산시 중부동,중상사고,0,1,0,0,차대사람 - 차도통행중,안전운전불이행,건조,맑음,교차로 - 교차로안,승용,여,57세,상해없음,보행자,남,54세,중상
2021060200100057,2021년 6월 2일 07시,수요일,경상남도 김해시 신문동,경상사고,0,0,1,0,차대차 - 측면충돌,안전운전불이행,건조,맑음,교차로 - 교차로안,농기계,남,86세,경상,승용,여,46세,상해없음
2021060200100097,2021년 6월 2일 08시,수요일,경상남도 거창군 위천면,사망사고,1,1,0,0,차대차 - 정면충돌,안전운전불이행,건조,맑음,교차로 - 교차로안,화물,남,62세,사망,승용,여,39세,중상
2021060200100098,2021년 6월 2일 08시,수요일,경상남도 창녕군 유어면,중상사고,0,2,0,0,차대차 - 측면충돌,안전운전불이행,건조,맑음,교차로 - 교차로안,승용,남,61세,상해없음,화물,남,74세,중상
2021060200100163,2021년 6월 2일 10시,수요일,경상남도 밀양시 삼문동,경상사고,0,0,1,0,차대사람 - 횡단중,보행자보호의무위반,건조,맑음,단일로 - 기타,원동기,남,76세,상해없음,보행자,여,23세,경상
2021060200100164,2021년 6월 2일 10시,수요일,경상남도 양산시 북정동,경상사고,0,0,2,0,차대차 - 추돌,안전운전불이행,건조,맑음,교차로 - 교차로안,건설기계,남,60세,상해없음,승용,남,45세,경상
2021060200100197,2021년 6월 2일 11시,수요일,경상남도 창원시 마산합포구 진동면,경상사고,0,0,3,0,차대차 - 측면충돌,안전운전불이행,건조,맑음,교차로 - 교차로안,승용,여,62세,경상,화물,남,48세,경상
2021060200100198,2021년 6월 2일 11시,수요일,경상남도 거창군 신원면,중상사고,0,1,0,0,차대차 - 측면충돌,교차로운행방법위반,건조,맑음,교차로 - 교차로안,승용,남,31세,상해없음,농기계,여,68세,중상
2021060200100199,2021년 6월 2일 11시,수요일,경상남도 함안군 가야읍,중상사고,0,1,0,0,차대차 - 측면충돌,안전운전불이행,건조,맑음,교차로 - 교차로부근,승용,남,53세,중상,농기계,남,58세,상해없음
2021060200100231,2021년 6월 2일 12시,수요일,경상남도 진주시 이반성면,경상사고,0,0,2,0,차대차 - 측면충돌,신호위반,건조,맑음,교차로 - 교차로안,승합,남,48세,상해없음,승용,여,73세,경상
2021060200100232,2021년 6월 2일 12시,수요일,경상남도 창원시 성산구 양곡동,경상사고,0,0,1,0,차대차 - 측면충돌,안전운전불이행,건조,맑음,단일로 - 기타,화물,남,39세,상해없음,승합,남,52세,상해없음
2021060200100302,2021년 6월 2일 14시,수요일,경상남도 김해시 내동,중상사고,0,1,1,0,차대차 - 측면충돌,기타,건조,맑음,교차로 - 교차로안,승용,남,62세,상해없음,승용,여,50세,경상
2021060200100303,2021년 6월 2일 14시,수요일,경상남도 김해시 구산동,경상사고,0,0,1,0,차대차 - 기타,기타,서리/결빙,맑음,단일로 - 기타,특수,남,45세,상해없음,승용,남,41세,경상
2021060200100336,2021년 6월 2일 15시,수요일,경상남도 창원시 의창구 명서동,경상사고,0,0,1,0,차대사람 - 기타,안전운전불이행,건조,맑음,기타 - 기타,이륜,남,51세,상해없음,보행자,남,36세,경상
2021060200100374,2021년 6월 2일 16시,수요일,경상남도 진주시 상평동,중상사고,0,1,0,0,차대차 - 측면충돌,안전운전불이행,건조,맑음,단일로 - 기타,화물,남,53세,상해없음,이륜,남,17세,중상
2021060200100375,2021년 6월 2일 16시,수요일,경상남도 창원시 진해구 석동,중상사고,0,1,0,0,차대차 - 기타,안전운전불이행,건조,맑음,기타 - 기타,승용,남,51세,상해없음,자전거,남,63세,중상
2021060200100421,2021년 6월 2일 17시,수요일,경상남도 진주시 남성동,경상사고,0,0,1,0,차대사람 - 차도통행중,안전운전불이행,건조,맑음,단일로 - 기타,승용,남,50세,상해없음,보행자,남,78세,경상
2021060200100422,2021년 6월 2일 17시,수요일,경상남도 밀양시 하남읍,경상사고,0,0,2,1,차대차 - 추돌,기타,건조,맑음,교차로 - 교차로안,승용,남,76세,상해없음,화물,남,59세,경상
2021060200100423,2021년 6월 2일 17시,수요일,경상남도 양산시 북부동,중상사고,0,1,0,0,차대차 - 측면충돌,직진우회전진행방해,건조,맑음,교차로 - 교차로안,이륜,남,50세,중상,승용,남,29세,상해없음
2021060200100482,2021년 6월 2일 18시,수요일,경상남도 통영시 무전동,중상사고,0,1,0,0,차대사람 - 횡단중,보행자보호의무위반,건조,맑음,교차로 - 교차로횡단보도내,승용,남,62세,상해없음,보행자,여,51세,중상
2021060200100483,2021년 6월 2일 18시,수요일,경상남도 창원시 의창구 서상동,경상사고,0,0,2,0,차대차 - 측면충돌,안전운전불이행,건조,맑음,단일로 - 기타,화물,남,62세,상해없음,승합,남,53세,경상
2021060200100484,2021년 6월 2일 18시,수요일,경상남도 김해시 흥동,경상사고,0,0,2,0,차대차 - 측면충돌,안전거리미확보,건조,맑음,교차로 - 교차로부근,승용,남,30세,상해없음,승용,남,34세,경상
2021060200100519,2021년 6월 2일 19시,수요일,경상남도 창원시 진해구 마천동,경상사고,0,0,1,0,차대차 - 측면충돌,신호위반,건조,맑음,단일로 - 터널,특수,남,64세,상해없음,승용,여,64세,경상
2021060200100576,2021년 6월 2일 21시,수요일,경상남도 창원시 성산구 반림동,경상사고,0,0,1,0,차대차 - 추돌,안전운전불이행,건조,흐림,교차로 - 교차로부근,이륜,남,33세,기타불명,승용,남,44세,경상
2021060200100617,2021년 6월 2일 23시,수요일,경상남도 김해시 상동면,중상사고,0,2,0,0,차대차 - 추돌,안전운전불이행,건조,맑음,단일로 - 기타,승용,남,23세,상해없음,승용,남,58세,중상
2021060200100618,2021년 6월 2일 23시,수요일,경상남도 김해시 상동면,경상사고,0,0,1,0,차대차 - 추돌,안전운전불이행,건조,맑음,단일로 - 기타,승용,남,33세,상해없음,승용,남,54세,경상
2021060200100625,2021년 6월 2일 23시,수요일,경상남도 김해시 내동,경상사고,0,0,1,0,차대사람 - 횡단중,안전운전불이행,건조,맑음,교차로 - 교차로안,화물,여,51세,상해없음,보행자,여,58세,경상
2021060300100028,2021년 6월 3일 03시,목요일,경상남도 창원시 마산합포구 남성동,중상사고,0,2,0,0,차대차 - 추돌,안전운전불이행,건조,맑음,교차로 - 교차로부근,승용,남,29세,상해없음,승용,남,64세,중상
2021060300100034,2021년 6월 3일 04시,목요일,경상남도 사천시 사천읍,경상사고,0,0,1,0,차량단독 - 공작물충돌,안전운전불이행,건조,맑음,단일로 - 기타,승용,남,24세,경상,,,,
2021060300100075,2021년 6월 3일 07시,목요일,경상남도 창원시 마산합포구 진전면,사망사고,1,2,0,0,차대차 - 측면충돌,안전운전불이행,젖음/습기,비,단일로 - 기타,화물,남,44세,중상,화물,기타불명,미분류,기타불명
2021060300100076,2021년 6월 3일 07시,목요일,경상남도 창원시 의창구 중동,경상사고,0,0,2,0,차대차 - 측면충돌,중앙선침범,건조,맑음,단일로 - 기타,승용,남,32세,상해없음,승용,남,43세,경상
2021060300100109,2021년 6월 3일 08시,목요일,경상남도 창원시 마산합포구 교방동,경상사고,0,0,1,0,차대차 - 측면충돌,안전운전불이행,젖음/습기,비,교차로 - 교차로안,승용,여,43세,상해없음,화물,남,47세,경상
2021060300100110,2021년 6월 3일 08시,목요일,경상남도 거제시 연초면,중상사고,0,1,0,0,차대차 - 측면충돌,안전거리미확보,기타,비,단일로 - 기타,특수,남,63세,상해없음,이륜,남,56세,중상
2021060300100162,2021년 6월 3일 10시,목요일,경상남도 합천군 삼가면,중상사고,0,1,0,0,차대차 - 측면충돌,교차로운행방법위반,젖음/습기,비,교차로 - 교차로안,화물,남,47세,상해없음,화물,남,25세,상해없음
2021060300100163,2021년 6월 3일 10시,목요일,경상남도 거제시 장평동,사망사고,1,0,0,0,차량단독 - 공작물충돌,안전운전불이행,젖음/습기,비,단일로 - 기타,화물,남,48세,사망,,,,
2021060300100164,2021년 6월 3일 10시,목요일,경상남도 남해군 남해읍,중상사고,0,1,0,1,차대차 - 측면충돌,교차로운행방법위반,건조,맑음,교차로 - 교차로안,화물,남,32세,부상신고,승용,여,58세,중상
2021060300100249,2021년 6월 3일 13시,목요일,경상남도 거창군 마리면,중상사고,0,1,0,0,차대차 - 후진중충돌,안전운전불이행,젖음/습기,비,단일로 - 기타,화물,남,63세,상해없음,승용,남,70세,중상
2021060300100250,2021년 6월 3일 13시,목요일,경상남도 창원시 마산회원구 양덕동,중상사고,0,1,0,0,차대차 - 기타,안전운전불이행,젖음/습기,비,교차로 - 교차로안,이륜,남,35세,상해없음,이륜,남,37세,중상
2021060300100251,2021년 6월 3일 13시,목요일,경상남도 김해시 한림면,사망사고,1,0,0,0,차량단독 - 공작물충돌,안전운전불이행,젖음/습기,비,단일로 - 기타,승용,남,53세,사망,,,,
2021060300100280,2021년 6월 3일 14시,목요일,경상남도 진주시 초전동,중상사고,0,1,0,0,차대사람 - 횡단중,보행자보호의무위반,젖음/습기,비,교차로 - 교차로횡단보도내,승용,남,49세,상해없음,보행자,여,87세,중상
2021060300100281,2021년 6월 3일 14시,목요일,경상남도 양산시 중부동,중상사고,0,1,0,0,차대차 - 측면충돌,교차로운행방법위반,젖음/습기,비,교차로 - 교차로안,화물,남,32세,기타불명,승용,여,51세,중상
2021060300100307,2021년 6월 3일 15시,목요일,경상남도 거창군 거창읍,중상사고,0,1,0,0,차대차 - 추돌,안전운전불이행,젖음/습기,비,단일로 - 기타,화물,남,61세,상해없음,화물,남,56세,중상
2021060300100308,2021년 6월 3일 15시,목요일,경상남도 남해군 서면,중상사고,0,1,1,0,차대차 - 정면충돌,중앙선침범,젖음/습기,비,단일로 - 기타,승용,남,66세,경상,승용,남,51세,중상
2021060300100335,2021년 6월 3일 16시,목요일,경상남도 창원시 진해구 풍호동,중상사고,0,1,0,0,차대차 - 기타,직진우회전진행방해,젖음/습기,비,교차로 - 교차로안,화물,남,44세,상해없음,이륜,남,37세,중상
2021060300100371,2021년 6월 3일 17시,목요일,경상남도 양산시 주남동,부상신고사고,0,0,0,1,차대차 - 측면충돌,안전운전불이행,건조,맑음,교차로 - 교차로안,승용,기타불명,미분류,기타불명,승합,남,59세,부상신고
2021060300100372,2021년 6월 3일 17시,목요일,경상남도 함안군 칠원읍,경상사고,0,0,2,0,차대차 - 측면충돌,신호위반,젖음/습기,비,교차로 - 교차로안,승용,여,54세,경상,화물,남,60세,경상
2021060300100417,2021년 6월 3일 18시,목요일,경상남도 진주시 이현동,경상사고,0,0,2,0,차대차 - 추돌,안전운전불이행,젖음/습기,비,단일로 - 기타,승용,남,62세,상해없음,승용,남,53세,경상
2021060300100418,2021년 6월 3일 18시,목요일,경상남도 진주시 상대동,경상사고,0,0,1,0,차대차 - 측면충돌,직진우회전진행방해,젖음/습기,비,교차로 - 교차로안,승용,여,25세,상해없음,승용,남,51세,경상
2021060300100419,2021년 6월 3일 18시,목요일,경상남도 사천시 용현면,경상사고,0,0,1,0,차대차 - 측면충돌,안전운전불이행,젖음/습기,흐림,교차로 - 교차로안,승용,남,56세,상해없음,승용,여,38세,경상
2021060300100420,2021년 6월 3일 18시,목요일,경상남도 김해시 부원동,경상사고,0,0,1,0,차대차 - 추돌,안전운전불이행,젖음/습기,비,교차로 - 교차로부근,승합,남,52세,상해없음,승용,여,54세,경상
2021060300100464,2021년 6월 3일 19시,목요일,경상남도 밀양시 삼랑진읍,중상사고,0,1,0,0,차대사람 - 횡단중,안전운전불이행,젖음/습기,비,단일로 - 기타,승용,남,50세,상해없음,보행자,여,70세,중상
2021060300100465,2021년 6월 3일 19시,목요일,경상남도 창원시 마산회원구 내서읍,경상사고,0,0,1,0,차대차 - 측면충돌,안전운전불이행,젖음/습기,비,교차로 - 교차로안,승용,남,59세,상해없음,이륜,남,35세,경상
2021060300100466,2021년 6월 3일 19시,목요일,경상남도 김해시 관동동,경상사고,0,0,1,0,차대차 - 기타,직진우회전진행방해,젖음/습기,비,교차로 - 교차로안,승용,여,47세,상해없음,원동기,남,36세,경상
2021060300100509,2021년 6월 3일 20시,목요일,경상남도 통영시 광도면,경상사고,0,0,1,0,차대차 - 기타,안전운전불이행,건조,맑음,교차로 - 교차로안,승용,기타불명,미분류,기타불명,승용,여,47세,경상
2021060300100510,2021년 6월 3일 20시,목요일,경상남도 김해시 진례면,경상사고,0,0,2,0,차대차 - 측면충돌,안전운전불이행,젖음/습기,비,교차로 - 교차로안,승용,남,53세,경상,승용,남,34세,경상
2021060300100556,2021년 6월 3일 21시,목요일,경상남도 밀양시 내이동,중상사고,0,1,0,0,차대사람 - 횡단중,안전운전불이행,젖음/습기,비,교차로 - 교차로안,승용,남,32세,상해없음,보행자,여,65세,중상
2021060300100613,2021년 6월 3일 22시,목요일,경상남도 진주시 가좌동,경상사고,0,0,3,0,차대차 - 측면충돌,신호위반,젖음/습기,비,교차로 - 교차로안,승용,남,66세,상해없음,승용,남,24세,경상
2021060300100644,2021년 6월 3일 23시,목요일,경상남도 창원시 성산구 용호동,중상사고,0,1,0,0,차대차 - 기타,안전운전불이행,젖음/습기,비,기타 - 기타,승용,남,41세,상해없음,승용,남,53세,상해없음
2021060400100009,2021년 6월 4일 00시,금요일,경상남도 창원시 마산합포구 산호동,사망사고,1,0,0,0,차대사람 - 기타,안전운전불이행,젖음/습기,비,교차로 - 교차로부근,승용,남,68세,상해없음,보행자,남,59세,사망
2021060400100021,2021년 6월 4일 01시,금요일,경상남도 함안군 산인면,경상사고,0,0,4,0,차량단독 - 공작물충돌,안전운전불이행,젖음/습기,비,단일로 - 기타,승용,남,19세,경상,,,,
2021060400100066,2021년 6월 4일 07시,금요일,경상남도 거제시 고현동,중상사고,0,1,0,0,차대차 - 추돌,안전운전불이행,건조,맑음,교차로 - 교차로안,이륜,남,51세,상해없음,이륜,남,52세,중상
2021060400100067,2021년 6월 4일 07시,금요일,경상남도 거제시 장평동,경상사고,0,0,1,0,차대차 - 추돌,안전운전불이행,젖음/습기,흐림,단일로 - 기타,이륜,여,30세,경상,자전거,남,25세,상해없음
2021060400100068,2021년 6월 4일 07시,금요일,경상남도 산청군 생비량면,경상사고,0,0,1,0,차대차 - 정면충돌,중앙선침범,건조,맑음,단일로 - 기타,승용,남,37세,기타불명,화물,남,54세,경상
2021060400100105,2021년 6월 4일 08시,금요일,경상남도 합천군 용주면,경상사고,0,0,1,0,차량단독 - 전도전복 - 전복,안전운전불이행,젖음/습기,맑음,기타 - 기타,건설기계,남,68세,경상,,,,
2021060400100106,2021년 6월 4일 08시,금요일,경상남도 양산시 주남동,경상사고,0,0,1,0,차대차 - 기타,안전운전불이행,건조,맑음,교차로 - 교차로부근,화물,남,45세,상해없음,승용,남,49세,경상
2021060400100136,2021년 6월 4일 09시,금요일,경상남도 통영시 정량동,경상사고,0,0,1,0,차대차 - 추돌,안전운전불이행,건조,맑음,교차로 - 교차로부근,승용,남,52세,상해없음,승용,남,64세,경상