사고번호,사고일시,요일,시군구,사고내용,사망자수,중상자수,경상자수,부상신고자수,사고유형,법규위반,노면상태,기상상태,도로형태,가해운전자 차종,가해운전자 성별,가해운전자 연령,가해운전자 상해정도,피해운전자 차종,피해운전자 성별,피해운전자 연령,피해운전자 상해정도
2021060400100137,2021년 6월 4일 09시,금요일,경상남도 함안군 산인면,경상사고,0,0,6,0,차대차 - 추돌,안전운전불이행,건조,맑음,교차로 - 교차로부근,화물,남,59세,상해없음,승용,남,53세,경상
2021060400100138,2021년 6월 4일 09시,금요일,경상남도 창원시 마산회원구 봉암동,사망사고,1,0,0,0,차대사람 - 횡단중,보행자보호의무위반,건조,맑음,교차로 - 교차로횡단보도내,특수,남,36세,상해없음,보행자,남,88세,사망
2021060400100139,2021년 6월 4일 09시,금요일,경상남도 창원시 의창구 동정동,경상사고,0,0,1,0,차대차 - 측면충돌,안전운전불이행,건조,맑음,단일로 - 기타,승용,여,35세,상해없음,승용,여,55세,경상
2021060400100205,2021년 6월 4일 11시,금요일,경상남도 밀양시 교동,경상사고,0,0,2,0,차대차 - 측면충돌,신호위반,건조,맑음,교차로 - 교차로안,승용,남,55세,상해없음,화물,남,60세,경상
2021060400100206,2021년 6월 4일 11시,금요일,경상남도 거창군 거창읍,경상사고,0,0,1,0,차대차 - 추돌,안전운전불이행,건조,맑음,교차로 - 교차로부근,화물,남,56세,상해없음,화물,남,53세,경상
2021060400100234,2021년 6월 4일 12시,금요일,경상남도 창원시 진해구 남문동,경상사고,0,0,1,0,차대차 - 측면충돌,안전운전불이행,건조,맑음,단일로 - 기타,특수,남,62세,상해없음,승용,여,38세,경상
2021060400100270,2021년 6월 4일 13시,금요일,경상남도 진주시 문산읍,중상사고,0,2,0,0,차대차 - 추돌,안전운전불이행,건조,맑음,교차로 - 교차로부근,화물,남,65세,상해없음,화물,남,38세,중상
2021060400100271,2021년 6월 4일 13시,금요일,경상남도 통영시 무전동,중상사고,0,1,0,0,차대차 - 측면충돌,안전운전불이행,건조,맑음,교차로 - 교차로안,승용,여,40세,상해없음,자전거,남,71세,중상
2021060400100272,2021년 6월 4일 13시,금요일,경상남도 김해시 삼방동,경상사고,0,0,1,0,차대차 - 기타,직진우회전진행방해,건조,맑음,교차로 - 교차로안,승용,남,64세,상해없음,원동기,남,54세,경상
2021060400100361,2021년 6월 4일 15시,금요일,경상남도 김해시 구산동,경상사고,0,0,1,0,차대차 - 기타,안전운전불이행,건조,맑음,단일로 - 기타,승용,남,76세,상해없음,승용,여,46세,경상
2021060400100362,2021년 6월 4일 15시,금요일,경상남도 거제시 사등면,부상신고사고,0,0,0,1,차대차 - 기타,안전운전불이행,건조,맑음,교차로 - 교차로부근,승용,남,55세,상해없음,승합,남,37세,상해없음
2021060400100363,2021년 6월 4일 15시,금요일,경상남도 창원시 의창구 소답동,중상사고,0,1,0,0,차대사람 - 차도통행중,교차로운행방법위반,건조,맑음,교차로 - 교차로안,화물,남,65세,상해없음,보행자,남,75세,중상
2021060400100364,2021년 6월 4일 15시,금요일,경상남도 창원시 의창구 북면,경상사고,0,0,1,0,차대사람 - 기타,보행자보호의무위반,건조,맑음,교차로 - 교차로안,승합,남,62세,상해없음,보행자,여,33세,경상
2021060400100365,2021년 6월 4일 15시,금요일,경상남도 김해시 신문동,중상사고,0,1,2,0,차대차 - 추돌,안전운전불이행,건조,맑음,단일로 - 기타,승용,남,52세,상해없음,승용,남,51세,상해없음
2021060400100440,2021년 6월 4일 17시,금요일,경상남도 양산시 하북면,경상사고,0,0,1,0,차대차 - 추돌,안전거리미확보,건조,맑음,단일로 - 기타,승용,남,63세,상해없음,승용,남,54세,경상
2021060400100441,2021년 6월 4일 17시,금요일,경상남도 김해시 강동,경상사고,0,0,2,0,차대차 - 추돌,안전거리미확보,건조,맑음,단일로 - 기타,승용,여,45세,상해없음,승용,남,38세,경상
2021060400100471,2021년 6월 4일 17시,금요일,경상남도 김해시 외동,중상사고,0,1,0,0,차대사람 - 횡단중,보행자보호의무위반,건조,맑음,교차로 - 교차로횡단보도내,승용,남,39세,상해없음,보행자,여,61세,중상
2021060400100472,2021년 6월 4일 17시,금요일,경상남도 거제시 장평동,경상사고,0,0,1,0,차대차 - 측면충돌,안전운전불이행,건조,맑음,단일로 - 기타,승용,남,61세,상해없음,승용,남,20세,경상
2021060400100473,2021년 6월 4일 17시,금요일,경상남도 함안군 군북면,경상사고,0,0,1,0,차대차 - 추돌,안전거리미확보,건조,맑음,단일로 - 기타,승용,남,52세,상해없음,승용,여,29세,경상
2021060400100474,2021년 6월 4일 17시,금요일,경상남도 김해시 진례면,경상사고,0,0,1,0,차대차 - 측면충돌,교차로운행방법위반,건조,맑음,교차로 - 교차로안,승용,여,42세,상해없음,승용,여,63세,상해없음
2021060400100526,2021년 6월 4일 18시,금요일,경상남도 창원시 진해구 석동,경상사고,0,0,3,0,차대차 - 추돌,안전거리미확보,건조,맑음,단일로 - 기타,승용,남,65세,상해없음,승용,여,42세,경상
2021060400100527,2021년 6월 4일 18시,금요일,경상남도 사천시 향촌동,경상사고,0,0,1,0,차대사람 - 차도통행중,안전운전불이행,건조,맑음,교차로 - 교차로부근,승용,남,53세,상해없음,보행자,여,64세,경상
2021060400100528,2021년 6월 4일 18시,금요일,경상남도 거제시 사등면,경상사고,0,0,1,0,차대차 - 기타,안전운전불이행,건조,맑음,단일로 - 기타,이륜,남,35세,경상,승용,남,36세,상해없음
2021060400100579,2021년 6월 4일 19시,금요일,경상남도 통영시 정량동,경상사고,0,0,1,0,차대차 - 측면충돌,안전운전불이행,건조,맑음,교차로 - 교차로안,승용,여,61세,상해없음,화물,남,43세,경상
2021060400100601,2021년 6월 4일 20시,금요일,경상남도 양산시 물금읍,경상사고,0,0,2,0,차대차 - 측면충돌,안전거리미확보,건조,맑음,단일로 - 기타,승용,여,23세,상해없음,승용,남,36세,경상
2021060400100602,2021년 6월 4일 20시,금요일,경상남도 함안군 가야읍,중상사고,0,1,0,0,차대차 - 측면충돌,신호위반,건조,맑음,교차로 - 교차로안,승용,여,69세,상해없음,승용,남,42세,중상
2021060400100603,2021년 6월 4일 20시,금요일,경상남도 김해시 관동동,중상사고,0,2,0,0,차대차 - 측면충돌,안전거리미확보,건조,맑음,단일로 - 기타,승용,여,41세,상해없음,승용,여,46세,중상
2021060400100682,2021년 6월 4일 23시,금요일,경상남도 거창군 거창읍,중상사고,0,1,0,0,차량단독 - 공작물충돌,안전운전불이행,건조,맑음,교차로 - 교차로안,이륜,남,18세,상해없음,,,,
2021060400100683,2021년 6월 4일 23시,금요일,경상남도 고성군 하이면,경상사고,0,0,2,0,차대차 - 측면충돌,신호위반,건조,맑음,교차로 - 교차로안,승용,남,44세,상해없음,화물,여,48세,경상
2021060500100070,2021년 6월 5일 07시,토요일,경상남도 밀양시 상동면,사망사고,1,0,0,0,차대차 - 측면충돌,안전운전불이행,건조,맑음,교차로 - 교차로안,이륜,남,72세,사망,승용,남,72세,상해없음
2021060500100071,2021년 6월 5일 07시,토요일,경상남도 창원시 의창구 대산면,중상사고,0,1,5,0,차대차 - 추돌,안전운전불이행,건조,맑음,교차로 - 교차로부근,승용,남,33세,상해없음,승용,여,51세,경상
2021060500100146,2021년 6월 5일 10시,토요일,경상남도 창원시 마산회원구 내서읍,경상사고,0,0,1,0,차대차 - 측면충돌,안전운전불이행,건조,맑음,단일로 - 기타,승합,남,25세,상해없음,승용,여,32세,상해없음
2021060500100192,2021년 6월 5일 11시,토요일,경상남도 김해시 대성동,경상사고,0,0,1,0,차대차 - 측면충돌,차로위반,건조,맑음,단일로 - 기타,승용,여,64세,상해없음,이륜,남,48세,경상
2021060500100193,2021년 6월 5일 11시,토요일,경상남도 거제시 고현동,중상사고,0,1,0,0,차대사람 - 횡단중,안전운전불이행,건조,맑음,교차로 - 교차로안,승용,남,67세,상해없음,보행자,남,4세,중상
2021060500100238,2021년 6월 5일 12시,토요일,경상남도 사천시 향촌동,경상사고,0,0,1,0,차대차 - 측면충돌,직진우회전진행방해,건조,맑음,교차로 - 교차로안,승용,남,77세,상해없음,이륜,남,20세,경상
2021060500100298,2021년 6월 5일 13시,토요일,경상남도 창원시 진해구 풍호동,경상사고,0,0,2,0,차대차 - 기타,안전운전불이행,건조,맑음,단일로 - 기타,승용,남,72세,경상,승용,남,79세,경상
2021060500100299,2021년 6월 5일 13시,토요일,경상남도 남해군 이동면,중상사고,0,2,1,0,차대차 - 추돌,안전운전불이행,건조,맑음,단일로 - 기타,승용,남,68세,상해없음,승용,남,27세,중상
2021060500100346,2021년 6월 5일 14시,토요일,경상남도 합천군 합천읍,경상사고,0,0,1,0,차대차 - 측면충돌,안전운전불이행,건조,맑음,교차로 - 교차로안,승용,여,64세,상해없음,화물,남,58세,경상
2021060500100386,2021년 6월 5일 15시,토요일,경상남도 통영시 광도면,경상사고,0,0,1,0,차대차 - 기타,교차로운행방법위반,건조,맑음,교차로 - 교차로안,승용,여,43세,상해없음,이륜,남,34세,경상
2021060500100387,2021년 6월 5일 15시,토요일,경상남도 김해시 한림면,중상사고,0,1,0,0,차대차 - 정면충돌,중앙선침범,건조,맑음,단일로 - 기타,화물,여,58세,기타불명,화물,남,66세,상해없음
2021060500100434,2021년 6월 5일 16시,토요일,경상남도 창원시 진해구 용원동,중상사고,0,1,2,0,차대차 - 기타,신호위반,건조,맑음,교차로 - 교차로안,승용,남,73세,상해없음,승용,남,61세,경상
2021060500100435,2021년 6월 5일 16시,토요일,경상남도 통영시 도남동,경상사고,0,0,1,0,차량단독 - 기타,안전운전불이행,건조,맑음,단일로 - 기타,자전거,남,13세,경상,,,,
2021060500100436,2021년 6월 5일 16시,토요일,경상남도 창녕군 이방면,경상사고,0,0,3,0,차대차 - 기타,신호위반,건조,맑음,교차로 - 교차로안,화물,남,63세,상해없음,승용,남,82세,경상
2021060500100463,2021년 6월 5일 17시,토요일,경상남도 사천시 곤명면,경상사고,0,0,1,0,차대차 - 기타,교차로운행방법위반,건조,맑음,교차로 - 교차로안,승용,여,34세,상해없음,승용,남,43세,경상
2021060500100464,2021년 6월 5일 17시,토요일,경상남도 양산시 평산동,경상사고,0,0,2,0,차대차 - 측면충돌,안전운전불이행,건조,맑음,단일로 - 기타,승합,남,56세,기타불명,승용,남,76세,경상
2021060500100465,2021년 6월 5일 17시,토요일,경상남도 창원시 성산구 상남동,경상사고,0,0,1,0,차대차 - 기타,신호위반,건조,맑음,교차로 - 교차로안,승용,남,62세,상해없음,이륜,남,24세,경상
2021060500100466,2021년 6월 5일 17시,토요일,경상남도 창원시 마산회원구 봉암동,경상사고,0,0,2,0,차대차 - 추돌,안전운전불이행,건조,맑음,교차로 - 교차로부근,승용,여,43세,상해없음,승용,남,61세,경상
2021060500100494,2021년 6월 5일 18시,토요일,경상남도 창원시 마산합포구 월영동,부상신고사고,0,0,0,1,차대차 - 측면충돌,신호위반,건조,맑음,교차로 - 교차로안,이륜,남,73세,부상신고,승용,여,52세,상해없음
2021060500100495,2021년 6월 5일 18시,토요일,경상남도 거창군 거창읍,중상사고,0,1,1,0,차대차 - 측면충돌,직진우회전진행방해,건조,맑음,교차로 - 교차로안,승용,남,28세,상해없음,화물,남,59세,경상
2021060500100524,2021년 6월 5일 19시,토요일,경상남도 양산시 동면,경상사고,0,0,1,0,차대차 - 추돌,중앙선침범,건조,맑음,단일로 - 기타,승용,여,29세,상해없음,이륜,남,30세,경상
2021060500100525,2021년 6월 5일 19시,토요일,경상남도 거제시 옥포동,중상사고,0,1,0,0,차대사람 - 횡단중,안전운전불이행,건조,맑음,교차로 - 교차로부근,화물,남,46세,상해없음,보행자,여,9세,중상
2021060500100548,2021년 6월 5일 20시,토요일,경상남도 창원시 진해구 용원동,경상사고,0,0,2,0,차대차 - 기타,중앙선침범,건조,맑음,교차로 - 교차로부근,승용,남,37세,상해없음,승용,남,28세,경상
2021060500100549,2021년 6월 5일 20시,토요일,경상남도 통영시 서호동,중상사고,0,1,0,0,차대사람 - 횡단중,보행자보호의무위반,건조,맑음,교차로 - 교차로횡단보도내,승용,남,33세,상해없음,보행자,남,52세,중상
2021060500100589,2021년 6월 5일 22시,토요일,경상남도 김해시 삼방동,중상사고,0,1,0,0,차대사람 - 횡단중,보행자보호의무위반,건조,흐림,단일로 - 기타,승용,남,57세,상해없음,보행자,여,78세,중상
2021060500100590,2021년 6월 5일 22시,토요일,경상남도 김해시 진영읍,경상사고,0,0,1,0,차대사람 - 차도통행중,안전운전불이행,건조,맑음,교차로 - 교차로부근,승용,남,22세,상해없음,보행자,남,32세,경상
2021060500100614,2021년 6월 5일 23시,토요일,경상남도 산청군 생초면,경상사고,0,0,1,0,차대차 - 추돌,안전운전불이행,건조,맑음,단일로 - 기타,승용,남,62세,경상,농기계,여,57세,상해없음
2021060600100016,2021년 6월 6일 01시,일요일,경상남도 양산시 물금읍,경상사고,0,0,2,1,차대차 - 측면충돌,기타,젖음/습기,흐림,교차로 - 교차로안,승용,남,61세,경상,승용,남,24세,경상
2021060600100017,2021년 6월 6일 01시,일요일,경상남도 창원시 성산구 중앙동,경상사고,0,0,1,0,차대차 - 측면충돌,신호위반,건조,맑음,교차로 - 교차로안,승용,남,27세,상해없음,승용,남,69세,경상
2021060600100025,2021년 6월 6일 02시,일요일,경상남도 거제시 아주동,경상사고,0,0,1,0,차대차 - 기타,안전운전불이행,건조,맑음,단일로 - 기타,승용,여,35세,경상,승용,남,33세,상해없음
2021060600100044,2021년 6월 6일 05시,일요일,경상남도 창원시 진해구 석동,경상사고,0,0,2,0,차대차 - 기타,기타,건조,맑음,교차로 - 교차로안,승용,남,52세,경상,승용,남,68세,상해없음
2021060600100059,2021년 6월 6일 07시,일요일,경상남도 창원시 마산회원구 내서읍,중상사고,0,1,0,0,차대차 - 측면충돌,안전운전불이행,건조,맑음,단일로 - 기타,승용,남,54세,상해없음,이륜,남,64세,중상
2021060600100092,2021년 6월 6일 10시,일요일,경상남도 창원시 진해구 덕산동,경상사고,0,0,1,0,차대차 - 기타,안전운전불이행,건조,맑음,교차로 - 교차로안,승용,남,41세,상해없음,자전거,남,82세,경상
2021060600100093,2021년 6월 6일 10시,일요일,경상남도 김해시 삼계동,중상사고,0,2,1,0,차대차 - 측면충돌,안전거리미확보,건조,맑음,단일로 - 기타,승용,여,59세,경상,승용,남,56세,중상
2021060600100094,2021년 6월 6일 10시,일요일,경상남도 김해시 외동,중상사고,0,1,1,0,차대차 - 추돌,안전운전불이행,건조,맑음,단일로 - 기타,이륜,남,35세,경상,승용,남,22세,중상
2021060600100110,2021년 6월 6일 11시,일요일,경상남도 창원시 마산합포구 월남동3가,중상사고,0,1,0,0,차대사람 - 횡단중,안전운전불이행,건조,맑음,단일로 - 기타,승용,남,58세,상해없음,보행자,여,50세,중상
2021060600100111,2021년 6월 6일 11시,일요일,경상남도 진주시 상평동,중상사고,0,1,3,0,차대차 - 정면충돌,안전운전불이행,건조,맑음,교차로 - 교차로안,승용,남,35세,상해없음,승용,남,51세,경상
2021060600100137,2021년 6월 6일 12시,일요일,경상남도 통영시 봉평동,중상사고,0,1,0,0,차대차 - 정면충돌,안전운전불이행,건조,맑음,교차로 - 교차로안,승용,남,57세,상해없음,승용,남,41세,중상
2021060600100169,2021년 6월 6일 13시,일요일,경상남도 창원시 진해구 태백동,중상사고,0,1,0,0,차대차 - 기타,안전운전불이행,건조,맑음,단일로 - 기타,승용,남,45세,상해없음,자전거,남,35세,중상
2021060600100170,2021년 6월 6일 13시,일요일,경상남도 김해시 삼방동,중상사고,0,1,0,0,차대차 - 측면충돌,교차로운행방법위반,건조,맑음,교차로 - 교차로안,특수,남,79세,상해없음,승용,남,32세,중상
2021060600100206,2021년 6월 6일 14시,일요일,경상남도 산청군 산청읍,경상사고,0,0,1,0,차대차 - 측면충돌,안전운전불이행,건조,맑음,단일로 - 기타,승용,남,60세,상해없음,기타불명,여,81세,경상
2021060600100234,2021년 6월 6일 15시,일요일,경상남도 통영시 도남동,중상사고,0,1,2,0,차대차 - 측면충돌,안전운전불이행,건조,맑음,교차로 - 교차로안,승용,남,24세,상해없음,승용,여,46세,중상
2021060600100235,2021년 6월 6일 15시,일요일,경상남도 창원시 의창구 대산면,경상사고,0,0,4,0,차대차 - 측면충돌,중앙선침범,건조,맑음,교차로 - 교차로안,이륜,남,30세,경상,승용,여,39세,경상
2021060600100275,2021년 6월 6일 16시,일요일,경상남도 진주시 정촌면,경상사고,0,0,1,0,차대차 - 측면충돌,안전운전불이행,건조,맑음,단일로 - 기타,승용,여,26세,상해없음,승용,여,30세,경상
2021060600100313,2021년 6월 6일 17시,일요일,경상남도 밀양시 삼문동,경상사고,0,0,1,0,차대차 - 측면충돌,안전운전불이행,건조,맑음,단일로 - 기타,승용,남,29세,상해없음,원동기,남,59세,경상
2021060600100342,2021년 6월 6일 18시,일요일,경상남도 창원시 마산합포구 월남동2가,경상사고,0,0,3,0,차대차 - 정면충돌,중앙선침범,건조,맑음,단일로 - 기타,승용,남,51세,상해없음,승용,남,46세,경상
2021060600100343,2021년 6월 6일 18시,일요일,경상남도 진주시 하대동,중상사고,0,2,0,0,차대차 - 측면충돌,신호위반,건조,맑음,교차로 - 교차로안,승용,남,58세,상해없음,승용,남,59세,중상
2021060600100369,2021년 6월 6일 19시,일요일,경상남도 거창군 거창읍,경상사고,0,0,1,0,차대차 - 측면충돌,안전운전불이행,건조,맑음,단일로 - 기타,화물,남,53세,상해없음,이륜,남,73세,경상
2021060600100392,2021년 6월 6일 20시,일요일,경상남도 산청군 단성면,경상사고,0,0,3,0,차대차 - 측면충돌,신호위반,건조,맑음,교차로 - 교차로안,화물,남,68세,경상,승용,남,79세,경상
2021060600100447,2021년 6월 6일 23시,일요일,경상남도 남해군 남해읍,중상사고,0,2,0,0,차대차 - 측면충돌,신호위반,건조,맑음,교차로 - 교차로안,승용,남,21세,상해없음,화물,남,31세,중상
2021060700100032,2021년 6월 7일 07시,월요일,경상남도 김해시 신문동,중상사고,0,1,0,0,차대차 - 측면충돌,안전거리미확보,건조,맑음,단일로 - 기타,화물,남,54세,상해없음,승용,남,53세,중상
2021060700100038,2021년 6월 7일 07시,월요일,경상남도 사천시 서포면,경상사고,0,0,2,0,차대차 - 측면충돌,신호위반,건조,맑음,교차로 - 교차로안,승용,여,28세,경상,승용,남,46세,경상
2021060700100039,2021년 6월 7일 07시,월요일,경상남도 양산시 교동,경상사고,0,0,1,0,차량단독 - 기타,안전운전불이행,건조,맑음,기타 - 기타,자전거,남,81세,경상,,,,
2021060700100040,2021년 6월 7일 07시,월요일,경상남도 거제시 거제면,중상사고,0,2,0,0,차대차 - 기타,중앙선침범,건조,맑음,단일로 - 기타,화물,남,61세,상해없음,승용,여,68세,중상
2021060700100041,2021년 6월 7일 07시,월요일,경상남도 남해군 서면,사망사고,1,0,1,0,차량단독 - 공작물충돌,안전운전불이행,건조,맑음,단일로 - 기타,화물,남,32세,경상,,,,
2021060700100076,2021년 6월 7일 08시,월요일,경상남도 창원시 마산합포구 월남동3가,중상사고,0,1,0,0,차대차 - 기타,안전거리미확보,건조,맑음,단일로 - 기타,승용,남,49세,상해없음,승합,남,28세,상해없음
2021060700100077,2021년 6월 7일 08시,월요일,경상남도 사천시 용현면,경상사고,0,0,2,0,차대차 - 추돌,안전운전불이행,건조,맑음,단일로 - 기타,승용,남,26세,경상,승용,남,43세,경상
2021060700100078,2021년 6월 7일 08시,월요일,경상남도 거제시 장승포동,경상사고,0,0,3,0,차대차 - 정면충돌,교차로운행방법위반,건조,맑음,교차로 - 교차로안,승용,여,36세,경상,승용,남,56세,경상
2021060700100109,2021년 6월 7일 09시,월요일,경상남도 거제시 연초면,경상사고,0,0,2,0,차대차 - 측면충돌,신호위반,건조,맑음,단일로 - 기타,승합,남,63세,상해없음,승합,남,65세,경상
2021060700100110,2021년 6월 7일 09시,월요일,경상남도 김해시 화목동,경상사고,0,0,1,0,차대차 - 측면충돌,중앙선침범,건조,맑음,단일로 - 기타,승용,남,52세,상해없음,승용,남,26세,경상
2021060700100218,2021년 6월 7일 12시,월요일,경상남도 의령군 부림면,부상신고사고,0,0,0,1,차대차 - 측면충돌,안전운전불이행,건조,맑음,교차로 - 교차로안,자전거,남,82세,부상신고,승용,여,39세,상해없음
2021060700100219,2021년 6월 7일 12시,월요일,경상남도 김해시 진영읍,경상사고,0,0,1,0,차대차 - 추돌,안전운전불이행,건조,맑음,단일로 - 기타,승용,남,39세,상해없음,승용,남,44세,상해없음
2021060700100256,2021년 6월 7일 13시,월요일,경상남도 창녕군 남지읍,중상사고,0,1,0,0,차대차 - 측면충돌,안전운전불이행,건조,맑음,단일로 - 기타,건설기계,남,48세,상해없음,자전거,여,64세,중상
2021060700100322,2021년 6월 7일 15시,월요일,경상남도 고성군 고성읍,경상사고,0,0,1,0,차대차 - 기타,안전운전불이행,건조,맑음,교차로 - 교차로안,이륜,여,62세,경상,승용,여,36세,상해없음
2021060700100323,2021년 6월 7일 15시,월요일,경상남도 산청군 생초면,중상사고,0,1,0,0,차대차 - 측면충돌,중앙선침범,건조,맑음,단일로 - 기타,농기계,남,71세,상해없음,이륜,남,50세,중상
2021060700100324,2021년 6월 7일 15시,월요일,경상남도 김해시 풍유동,경상사고,0,0,1,0,차대차 - 기타,중앙선침범,건조,맑음,단일로 - 기타,승용,남,50세,상해없음,승용,남,26세,경상
2021060700100374,2021년 6월 7일 16시,월요일,경상남도 김해시 외동,중상사고,0,1,0,0,차대사람 - 횡단중,안전운전불이행,건조,맑음,교차로 - 교차로부근,승용,남,44세,상해없음,보행자,여,54세,중상
2021060700100375,2021년 6월 7일 16시,월요일,경상남도 김해시 구산동,경상사고,0,0,1,0,차대차 - 측면충돌,안전운전불이행,건조,맑음,교차로 - 교차로부근,화물,남,56세,상해없음,승용,여,45세,경상
2021060700100376,2021년 6월 7일 16시,월요일,경상남도 양산시 삼호동,경상사고,0,0,1,0,차대차 - 정면충돌,직진우회전진행방해,건조,맑음,교차로 - 교차로안,이륜,남,49세,경상,승합,여,51세,상해없음
2021060700100423,2021년 6월 7일 17시,월요일,경상남도 양산시 유산동,경상사고,0,0,1,0,차대차 - 추돌,안전운전불이행,건조,맑음,기타 - 기타,화물,남,70세,기타불명,승용,남,54세,경상
2021060700100473,2021년 6월 7일 18시,월요일,경상남도 김해시 부원동,중상사고,0,1,2,0,차대차 - 측면충돌,안전운전불이행,건조,맑음,교차로 - 교차로안,승용,남,48세,경상,승용,여,50세,중상
2021060700100474,2021년 6월 7일 18시,월요일,경상남도 김해시 동상동,중상사고,0,2,1,0,차대차 - 측면충돌,신호위반,건조,맑음,교차로 - 교차로안,이륜,남,29세,중상,이륜,남,61세,경상
2021060700100475,2021년 6월 7일 18시,월요일,경상남도 남해군 남해읍,중상사고,0,1,0,0,차대차 - 측면충돌,교차로운행방법위반,건조,맑음,교차로 - 교차로안,승용,남,57세,상해없음,승용,여,57세,중상
2021060700100476,2021년 6월 7일 18시,월요일,경상남도 창원시 의창구 사림동,중상사고,0,1,0,0,차대사람 - 횡단중,보행자보호의무위반,건조,맑음,교차로 - 교차로횡단보도내,승용,여,68세,상해없음,보행자,여,11세,중상
2021060700100477,2021년 6월 7일 18시,월요일,경상남도 창원시 의창구 명서동,경상사고,0,0,1,0,차대차 - 추돌,안전운전불이행,건조,맑음,기타 - 기타,승용,남,65세,상해없음,승용,남,37세,경상
2021060700100514,2021년 6월 7일 19시,월요일,경상남도 창원시 마산합포구 중앙동3가,경상사고,0,0,2,0,차대차 - 측면충돌,안전운전불이행,건조,맑음,교차로 - 교차로안,승용,남,39세,경상,승용,남,64세,상해없음
2021060700100515,2021년 6월 7일 19시,월요일,경상남도 김해시 무계동,사망사고,1,0,0,0,차대차 - 추돌,신호위반,건조,맑음,교차로 - 교차로안,이륜,남,66세,사망,승용,여,55세,상해없음
2021060700100538,2021년 6월 7일 20시,월요일,경상남도 창원시 성산구 중앙동,경상사고,0,0,2,0,차대차 - 측면충돌,안전운전불이행,건조,맑음,교차로 - 교차로안,승용,여,57세,상해없음,승용,남,28세,경상
2021060700100562,2021년 6월 7일 21시,월요일,경상남도 진주시 하대동,경상사고,0,0,1,0,차대차 - 기타,안전운전불이행,건조,맑음,교차로 - 교차로부근,승용,여,45세,상해없음,승용,남,26세,경상
2021060700100563,2021년 6월 7일 21시,월요일,경상남도 거제시 고현동,사망사고,1,0,0,0,차대사람 - 기타,기타,건조,맑음,교차로 - 교차로부근,승용,남,39세,상해없음,보행자,남,51세,사망
2021060800100052,2021년 6월 8일 07시,화요일,경상남도 진주시 정촌면,중상사고,0,1,0,0,차대차 - 기타,안전운전불이행,건조,맑음,교차로 - 교차로안,승용,여,31세,중상,승합,남,57세,상해없음
2021060800100053,2021년 6월 8일 07시,화요일,경상남도 김해시 한림면,경상사고,0,0,1,0,차대차 - 측면충돌,안전운전불이행,건조,맑음,단일로 - 기타,승용,여,54세,상해없음,승용,여,52세,경상
2021060800100092,2021년 6월 8일 08시,화요일,경상남도 김해시 동상동,중상사고,0,1,0,0,차대차 - 기타,안전운전불이행,건조,맑음,교차로 - 교차로안,승용,여,44세,상해없음,자전거,여,14세,중상
2021060800100093,2021년 6월 8일 08시,화요일,경상남도 창녕군 대합면,경상사고,0,0,1,0,차대차 - 기타,신호위반,건조,맑음,교차로 - 교차로안,승용,남,39세,상해없음,이륜,여,62세,경상
2021060800100162,2021년 6월 8일 10시,화요일,경상남도 진주시 미천면,중상사고,0,1,0,0,차대차 - 추돌,안전운전불이행,건조,맑음,단일로 - 기타,승용,남,30세,중상,화물,기타불명,미분류,기타불명
2021060800100163,2021년 6월 8일 10시,화요일,경상남도 김해시 어방동,경상사고,0,0,1,0,차대차 - 측면충돌,안전거리미확보,건조,맑음,교차로 - 교차로부근,승용,여,41세,상해없음,화물,남,30세,경상
2021060800100164,2021년 6월 8일 10시,화요일,경상남도 김해시 풍유동,경상사고,0,0,1,0,차대차 - 측면충돌,안전거리미확보,건조,맑음,교차로 - 교차로부근,승용,여,28세,상해없음,승용,여,39세,경상
2021060800100234,2021년 6월 8일 12시,화요일,경상남도 김해시 서상동,경상사고,0,0,1,0,차대차 - 기타,기타,건조,맑음,단일로 - 기타,화물,남,66세,상해없음,이륜,남,41세,경상
2021060800100235,2021년 6월 8일 12시,화요일,경상남도 김해시 상동면,경상사고,0,0,1,0,차대차 - 측면충돌,직진우회전진행방해,건조,맑음,교차로 - 교차로안,화물,남,26세,상해없음,승용,남,71세,경상
2021060800100265,2021년 6월 8일 13시,화요일,경상남도 밀양시 하남읍,중상사고,0,1,0,0,차량단독 - 기타,안전운전불이행,건조,맑음,단일로 - 기타,화물,남,75세,상해없음,,,,
2021060800100294,2021년 6월 8일 14시,화요일,경상남도 김해시 부원동,경상사고,0,0,2,0,차대차 - 측면충돌,안전거리미확보,건조,맑음,단일로 - 기타,승용,남,65세,상해없음,승용,여,59세,경상
2021060800100295,2021년 6월 8일 14시,화요일,경상남도 거창군 가조면,경상사고,0,0,3,0,차대차 - 추돌,안전운전불이행,건조,맑음,단일로 - 기타,화물,남,56세,상해없음,승용,남,57세,경상
2021060800100339,2021년 6월 8일 15시,화요일,경상남도 거제시 장평동,중상사고,0,1,0,0,차대차 - 측면충돌,안전운전불이행,건조,맑음,교차로 - 교차로안,화물,여,51세,상해없음,자전거,남,44세,중상
2021060800100375,2021년 6월 8일 16시,화요일,경상남도 밀양시 삼문동,경상사고,0,0,1,0,차대사람 - 횡단중,보행자보호의무위반,건조,맑음,교차로 - 교차로횡단보도내,승용,여,37세,상해없음,보행자,여,22세,경상
2021060800100376,2021년 6월 8일 16시,화요일,경상남도 거제시 고현동,경상사고,0,0,1,0,차대사람 - 보도통행중,보행자보호의무위반,건조,맑음,교차로 - 교차로횡단보도내,승용,남,60세,상해없음,보행자,여,11세,경상
2021060800100377,2021년 6월 8일 16시,화요일,경상남도 남해군 남해읍,경상사고,0,0,1,0,차량단독 - 공작물충돌,안전운전불이행,건조,맑음,단일로 - 기타,사륜오토바이(ATV),여,73세,경상,,,,