사고번호,사고일시,요일,시군구,사고내용,사망자수,중상자수,경상자수,부상신고자수,사고유형,법규위반,노면상태,기상상태,도로형태,가해운전자 차종,가해운전자 성별,가해운전자 연령,가해운전자 상해정도,피해운전자 차종,피해운전자 성별,피해운전자 연령,피해운전자 상해정도
2021060800100390,2021년 6월 8일 17시,화요일,경상남도 김해시 장유동,중상사고,0,1,1,0,차대차 - 기타,기타,건조,맑음,단일로 - 터널,승용,여,39세,중상,승용,남,42세,경상
2021060800100408,2021년 6월 8일 17시,화요일,경상남도 창원시 진해구 석동,경상사고,0,0,1,0,차대차 - 측면충돌,신호위반,건조,맑음,교차로 - 교차로안,승합,여,42세,상해없음,이륜,남,56세,경상
2021060800100409,2021년 6월 8일 17시,화요일,경상남도 통영시 도남동,경상사고,0,0,1,0,차대차 - 기타,안전거리미확보,건조,맑음,교차로 - 교차로안,승용,여,28세,상해없음,이륜,남,35세,경상
2021060800100410,2021년 6월 8일 17시,화요일,경상남도 사천시 정동면,중상사고,0,1,2,0,차량단독 - 기타,안전운전불이행,건조,맑음,주차장 - 주차장,승용,여,22세,경상,,,,
2021060800100411,2021년 6월 8일 17시,화요일,경상남도 밀양시 내이동,경상사고,0,0,1,0,차대차 - 측면충돌,교차로운행방법위반,건조,맑음,교차로 - 교차로안,화물,남,54세,상해없음,이륜,남,66세,경상
2021060800100412,2021년 6월 8일 17시,화요일,경상남도 김해시 삼방동,중상사고,0,1,0,0,차대사람 - 기타,기타,건조,맑음,단일로 - 기타,승용,여,57세,상해없음,보행자,남,52세,중상
2021060800100413,2021년 6월 8일 17시,화요일,경상남도 김해시 삼방동,경상사고,0,0,2,0,차대차 - 추돌,안전운전불이행,건조,맑음,교차로 - 교차로안,화물,남,62세,상해없음,승용,남,30세,경상
2021060800100498,2021년 6월 8일 19시,화요일,경상남도 김해시 삼계동,중상사고,0,1,0,0,차대차 - 측면충돌,안전거리미확보,건조,맑음,단일로 - 기타,승용,남,29세,상해없음,화물,남,62세,중상
2021060800100524,2021년 6월 8일 20시,화요일,경상남도 김해시 구산동,경상사고,0,0,1,0,차대차 - 정면충돌,신호위반,건조,맑음,단일로 - 기타,화물,남,32세,상해없음,개인형이동수단(PM),남,38세,경상
2021060800100525,2021년 6월 8일 20시,화요일,경상남도 김해시 진영읍,중상사고,0,1,0,0,차대차 - 측면충돌,신호위반,건조,맑음,교차로 - 교차로횡단보도내,이륜,남,80세,상해없음,이륜,남,36세,중상
2021060800100548,2021년 6월 8일 21시,화요일,경상남도 양산시 물금읍,중상사고,0,1,0,0,차대차 - 기타,교차로운행방법위반,건조,맑음,교차로 - 교차로안,승용,남,38세,상해없음,이륜,남,44세,중상
2021060800100549,2021년 6월 8일 21시,화요일,경상남도 김해시 진영읍,부상신고사고,0,0,0,1,차대차 - 측면충돌,안전운전불이행,건조,맑음,단일로 - 기타,이륜,남,65세,부상신고,승용,남,62세,기타불명
2021060800100573,2021년 6월 8일 22시,화요일,경상남도 창원시 진해구 자은동,경상사고,0,0,1,0,차대차 - 추돌,안전거리미확보,건조,맑음,교차로 - 교차로부근,승용,남,25세,상해없음,승용,남,31세,경상
2021060800100594,2021년 6월 8일 23시,화요일,경상남도 김해시 삼계동,경상사고,0,0,1,0,차대차 - 측면충돌,신호위반,건조,맑음,교차로 - 교차로안,자전거,여,45세,경상,화물,남,55세,상해없음
2021060900100023,2021년 6월 9일 04시,수요일,경상남도 창원시 진해구 용원동,중상사고,0,2,0,0,차대차 - 기타,신호위반,건조,맑음,교차로 - 교차로안,화물,남,67세,상해없음,승용,남,52세,중상
2021060900100025,2021년 6월 9일 05시,수요일,경상남도 양산시 물금읍,중상사고,0,1,0,0,차대차 - 기타,기타,건조,맑음,단일로 - 기타,화물,남,61세,상해없음,원동기,남,44세,중상
2021060900100033,2021년 6월 9일 06시,수요일,경상남도 거제시 사등면,중상사고,0,1,0,0,차대차 - 측면충돌,불법유턴,건조,맑음,단일로 - 기타,승용,남,55세,상해없음,이륜,남,36세,중상
2021060900100042,2021년 6월 9일 07시,수요일,경상남도 김해시 진례면,경상사고,0,0,1,0,차대차 - 기타,안전운전불이행,건조,맑음,단일로 - 기타,기타불명,기타불명,미분류,기타불명,건설기계,남,62세,상해없음
2021060900100095,2021년 6월 9일 08시,수요일,경상남도 창원시 마산합포구 자산동,경상사고,0,0,4,0,차대차 - 추돌,안전운전불이행,건조,맑음,단일로 - 기타,승용,남,57세,상해없음,승용,남,38세,경상
2021060900100096,2021년 6월 9일 08시,수요일,경상남도 창원시 진해구 장천동,경상사고,0,0,1,0,차대차 - 측면충돌,안전운전불이행,건조,맑음,단일로 - 기타,화물,남,65세,상해없음,승용,여,47세,경상
2021060900100097,2021년 6월 9일 08시,수요일,경상남도 창녕군 남지읍,경상사고,0,0,1,0,차대차 - 기타,불법유턴,건조,맑음,교차로 - 교차로안,자전거,여,67세,경상,자전거,남,47세,상해없음
2021060900100130,2021년 6월 9일 09시,수요일,경상남도 고성군 고성읍,중상사고,0,1,0,0,차대사람 - 기타,중앙선침범,건조,맑음,교차로 - 교차로안,승용,여,66세,상해없음,보행자,여,83세,중상
2021060900100184,2021년 6월 9일 11시,수요일,경상남도 창원시 진해구 용원동,경상사고,0,0,1,0,차대사람 - 기타,보행자보호의무위반,건조,맑음,교차로 - 교차로부근,승용,여,41세,상해없음,보행자,여,82세,경상
2021060900100185,2021년 6월 9일 11시,수요일,경상남도 함양군 수동면,중상사고,0,1,0,1,차대차 - 정면충돌,안전운전불이행,건조,맑음,단일로 - 기타,화물,남,54세,부상신고,화물,남,41세,중상
2021060900100220,2021년 6월 9일 12시,수요일,경상남도 양산시 삼호동,경상사고,0,0,1,0,차대차 - 측면충돌,직진우회전진행방해,건조,맑음,교차로 - 교차로안,승용,남,50세,상해없음,승용,여,52세,경상
2021060900100221,2021년 6월 9일 12시,수요일,경상남도 김해시 진영읍,경상사고,0,0,2,0,차대차 - 측면충돌,중앙선침범,건조,맑음,교차로 - 교차로부근,이륜,남,31세,경상,승용,여,37세,경상
2021060900100289,2021년 6월 9일 14시,수요일,경상남도 김해시 삼계동,경상사고,0,0,2,0,차대차 - 기타,안전운전불이행,건조,맑음,단일로 - 기타,승용,남,32세,경상,승용,여,41세,경상
2021060900100290,2021년 6월 9일 14시,수요일,경상남도 합천군 삼가면,중상사고,0,1,0,0,차량단독 - 공작물충돌,안전운전불이행,건조,맑음,단일로 - 기타,승용,여,58세,중상,,,,
2021060900100291,2021년 6월 9일 14시,수요일,경상남도 창원시 의창구 동읍,중상사고,0,1,0,0,차대차 - 측면충돌,안전운전불이행,건조,맑음,단일로 - 기타,이륜,여,71세,중상,자전거,남,61세,상해없음
2021060900100292,2021년 6월 9일 14시,수요일,경상남도 김해시 무계동,경상사고,0,0,1,0,차대차 - 추돌,안전운전불이행,건조,맑음,교차로 - 교차로안,승용,남,39세,상해없음,승용,남,30세,경상
2021060900100329,2021년 6월 9일 15시,수요일,경상남도 진주시 하촌동,중상사고,0,1,0,0,차대차 - 측면충돌,중앙선침범,건조,맑음,교차로 - 교차로안,승합,여,59세,상해없음,승용,남,85세,중상
2021060900100330,2021년 6월 9일 15시,수요일,경상남도 밀양시 교동,경상사고,0,0,1,0,차대사람 - 횡단중,보행자보호의무위반,건조,맑음,교차로 - 교차로안,승용,여,40세,상해없음,보행자,남,15세,경상
2021060900100331,2021년 6월 9일 15시,수요일,경상남도 거제시 하청면,중상사고,0,1,0,0,차대차 - 측면충돌,안전운전불이행,건조,맑음,교차로 - 교차로안,화물,남,33세,상해없음,승용,남,63세,중상
2021060900100368,2021년 6월 9일 16시,수요일,경상남도 창원시 마산회원구 내서읍,중상사고,0,1,3,0,차대차 - 추돌,안전운전불이행,건조,맑음,교차로 - 교차로부근,화물,남,64세,상해없음,승용,남,41세,중상
2021060900100424,2021년 6월 9일 17시,수요일,경상남도 창원시 진해구 석동,중상사고,0,1,1,0,차대차 - 측면충돌,차로위반,건조,맑음,단일로 - 기타,승용,여,23세,중상,승용,남,51세,경상
2021060900100425,2021년 6월 9일 17시,수요일,경상남도 양산시 물금읍,경상사고,0,0,1,0,차대차 - 측면충돌,신호위반,건조,맑음,교차로 - 교차로안,이륜,남,26세,상해없음,승용,남,27세,경상
2021060900100426,2021년 6월 9일 17시,수요일,경상남도 양산시 삼호동,경상사고,0,0,2,0,차대차 - 측면충돌,직진우회전진행방해,건조,맑음,교차로 - 교차로안,승용,여,48세,상해없음,이륜,남,18세,경상
2021060900100427,2021년 6월 9일 17시,수요일,경상남도 거제시 고현동,경상사고,0,0,1,0,차대차 - 측면충돌,안전운전불이행,건조,맑음,주차장 - 주차장,승용,남,45세,상해없음,승용,여,48세,경상
2021060900100428,2021년 6월 9일 17시,수요일,경상남도 김해시 부곡동,경상사고,0,0,1,0,차대차 - 측면충돌,신호위반,건조,맑음,교차로 - 교차로안,승용,남,53세,상해없음,원동기,남,18세,경상
2021060900100495,2021년 6월 9일 18시,수요일,경상남도 양산시 물금읍,중상사고,0,1,0,0,차대차 - 측면충돌,안전운전불이행,건조,맑음,교차로 - 교차로안,승용,여,36세,상해없음,이륜,남,46세,중상
2021060900100496,2021년 6월 9일 18시,수요일,경상남도 양산시 물금읍,부상신고사고,0,0,0,1,차대차 - 측면충돌,신호위반,건조,맑음,교차로 - 교차로안,이륜,남,41세,상해없음,자전거,여,73세,부상신고
2021060900100530,2021년 6월 9일 19시,수요일,경상남도 사천시 사남면,중상사고,0,1,0,0,차대차 - 측면충돌,안전운전불이행,건조,맑음,단일로 - 기타,승용,남,44세,상해없음,이륜,남,49세,중상
2021060900100560,2021년 6월 9일 20시,수요일,경상남도 창원시 진해구 여좌동,경상사고,0,0,1,0,차대차 - 기타,안전운전불이행,건조,기타,단일로 - 기타,승용,여,29세,상해없음,이륜,남,35세,경상
2021060900100561,2021년 6월 9일 20시,수요일,경상남도 창원시 진해구 용원동,경상사고,0,0,1,0,차대차 - 기타,안전운전불이행,건조,맑음,교차로 - 교차로안,승용,여,54세,상해없음,자전거,여,36세,상해없음
2021060900100588,2021년 6월 9일 21시,수요일,경상남도 창원시 성산구 용호동,경상사고,0,0,2,0,차대차 - 측면충돌,신호위반,건조,맑음,교차로 - 교차로안,승용,남,27세,상해없음,승용,여,24세,경상
2021060900100589,2021년 6월 9일 21시,수요일,경상남도 창원시 의창구 팔용동,중상사고,0,1,1,0,차대차 - 측면충돌,신호위반,건조,맑음,교차로 - 교차로안,승용,여,44세,경상,이륜,남,24세,중상
2021060900100619,2021년 6월 9일 22시,수요일,경상남도 창녕군 남지읍,경상사고,0,0,2,0,차대차 - 측면충돌,직진우회전진행방해,건조,맑음,교차로 - 교차로안,승용,여,45세,경상,승용,남,24세,경상
2021060900100620,2021년 6월 9일 22시,수요일,경상남도 양산시 삼호동,경상사고,0,0,3,0,차대차 - 측면충돌,직진우회전진행방해,건조,맑음,교차로 - 교차로안,승용,남,43세,상해없음,승용,남,50세,경상
2021060900100631,2021년 6월 9일 23시,수요일,경상남도 함안군 가야읍,경상사고,0,0,1,0,차대사람 - 횡단중,안전운전불이행,건조,맑음,단일로 - 기타,승용,남,37세,상해없음,보행자,남,58세,경상
2021061000100019,2021년 6월 10일 03시,목요일,경상남도 창원시 마산합포구 상남동,중상사고,0,1,0,0,차량단독 - 전도전복 - 전도,안전운전불이행,건조,맑음,교차로 - 교차로안,이륜,남,36세,중상,,,,
2021061000100025,2021년 6월 10일 05시,목요일,경상남도 양산시 동면,부상신고사고,0,0,0,1,차량단독 - 기타,안전운전불이행,건조,맑음,단일로 - 기타,화물,남,53세,부상신고,,,,
2021061000100045,2021년 6월 10일 06시,목요일,경상남도 창원시 의창구 봉곡동,경상사고,0,0,1,0,차대차 - 측면충돌,신호위반,건조,맑음,교차로 - 교차로안,승용,여,38세,상해없음,자전거,남,62세,경상
2021061000100067,2021년 6월 10일 07시,목요일,경상남도 합천군 쌍책면,경상사고,0,0,1,0,차대차 - 기타,교차로운행방법위반,건조,맑음,교차로 - 교차로부근,화물,남,47세,상해없음,승합,남,38세,상해없음
2021061000100068,2021년 6월 10일 07시,목요일,경상남도 남해군 남면,경상사고,0,0,1,0,차대차 - 측면충돌,신호위반,건조,맑음,교차로 - 교차로안,화물,남,68세,상해없음,화물,남,63세,경상
2021061000100069,2021년 6월 10일 07시,목요일,경상남도 진주시 문산읍,중상사고,0,1,0,0,차대차 - 기타,안전운전불이행,건조,맑음,단일로 - 기타,승용,남,71세,상해없음,화물,남,64세,상해없음
2021061000100141,2021년 6월 10일 09시,목요일,경상남도 창원시 진해구 용원동,경상사고,0,0,3,0,차대차 - 추돌,안전운전불이행,건조,맑음,교차로 - 교차로부근,화물,남,70세,상해없음,승용,남,37세,경상
2021061000100142,2021년 6월 10일 09시,목요일,경상남도 창원시 진해구 이동,경상사고,0,0,1,0,차대차 - 정면충돌,안전운전불이행,건조,맑음,교차로 - 교차로횡단보도내,자전거,남,10세,경상,화물,남,39세,상해없음
2021061000100143,2021년 6월 10일 09시,목요일,경상남도 사천시 용현면,경상사고,0,0,1,0,차대차 - 측면충돌,안전운전불이행,건조,맑음,단일로 - 기타,이륜,남,67세,경상,승용,남,74세,상해없음
2021061000100178,2021년 6월 10일 10시,목요일,경상남도 밀양시 청도면,중상사고,0,1,0,0,차량단독 - 공작물충돌,안전운전불이행,건조,맑음,단일로 - 교량,승용,남,76세,상해없음,,,,
2021061000100215,2021년 6월 10일 11시,목요일,경상남도 창원시 진해구 풍호동,경상사고,0,0,1,0,차대사람 - 길가장자리구역통행중,안전운전불이행,건조,맑음,단일로 - 기타,승용,여,36세,상해없음,보행자,여,54세,경상
2021061000100216,2021년 6월 10일 11시,목요일,경상남도 양산시 평산동,부상신고사고,0,0,0,1,차대사람 - 횡단중,안전운전불이행,건조,맑음,단일로 - 기타,이륜,남,21세,상해없음,보행자,남,36세,부상신고
2021061000100281,2021년 6월 10일 13시,목요일,경상남도 진주시 망경동,사망사고,1,0,0,0,차대차 - 기타,직진우회전진행방해,건조,맑음,교차로 - 교차로안,화물,남,71세,상해없음,원동기,남,22세,사망
2021061000100321,2021년 6월 10일 14시,목요일,경상남도 사천시 동금동,경상사고,0,0,2,0,차대차 - 측면충돌,직진우회전진행방해,건조,맑음,교차로 - 교차로안,이륜,남,49세,경상,승용,여,71세,경상
2021061000100322,2021년 6월 10일 14시,목요일,경상남도 사천시 벌리동,경상사고,0,0,1,0,차대차 - 측면충돌,안전운전불이행,건조,맑음,단일로 - 기타,특수,남,35세,상해없음,자전거,남,56세,경상
2021061000100323,2021년 6월 10일 14시,목요일,경상남도 창녕군 영산면,경상사고,0,0,1,0,차대차 - 측면충돌,신호위반,건조,맑음,교차로 - 교차로안,화물,여,49세,상해없음,승합,남,61세,경상
2021061000100394,2021년 6월 10일 16시,목요일,경상남도 창원시 마산합포구 두월동2가,중상사고,0,1,0,0,차대사람 - 기타,안전운전불이행,건조,맑음,단일로 - 기타,승용,여,34세,상해없음,보행자,남,62세,중상
2021061000100395,2021년 6월 10일 16시,목요일,경상남도 창원시 마산합포구 완월동,경상사고,0,0,2,0,차대차 - 추돌,안전운전불이행,건조,맑음,교차로 - 교차로부근,화물,남,49세,상해없음,승용,남,49세,경상
2021061000100396,2021년 6월 10일 16시,목요일,경상남도 창원시 진해구 석동,경상사고,0,0,1,0,차대사람 - 횡단중,안전운전불이행,건조,맑음,교차로 - 교차로안,승용,여,26세,상해없음,보행자,여,56세,경상
2021061000100397,2021년 6월 10일 16시,목요일,경상남도 양산시 남부동,중상사고,0,1,0,0,차대사람 - 횡단중,안전운전불이행,건조,맑음,교차로 - 교차로부근,승용,남,45세,상해없음,보행자,여,93세,중상
2021061000100435,2021년 6월 10일 17시,목요일,경상남도 사천시 사천읍,경상사고,0,0,2,0,차대차 - 측면충돌,직진우회전진행방해,건조,맑음,교차로 - 교차로안,승용,여,47세,경상,승용,여,32세,경상
2021061000100436,2021년 6월 10일 17시,목요일,경상남도 사천시 정동면,중상사고,0,1,0,0,차대사람 - 기타,보행자보호의무위반,건조,맑음,단일로 - 기타,승용,여,50세,상해없음,보행자,여,63세,중상
2021061000100519,2021년 6월 10일 19시,목요일,경상남도 창원시 진해구 경화동,중상사고,0,1,0,0,차대차 - 기타,안전운전불이행,건조,맑음,교차로 - 교차로부근,승용,여,43세,상해없음,이륜,남,65세,중상
2021061000100555,2021년 6월 10일 20시,목요일,경상남도 창원시 진해구 풍호동,경상사고,0,0,1,0,차대사람 - 횡단중,보행자보호의무위반,건조,맑음,교차로 - 교차로횡단보도내,승용,여,50세,상해없음,보행자,남,65세,경상
2021061000100556,2021년 6월 10일 20시,목요일,경상남도 김해시 불암동,경상사고,0,0,4,0,차대차 - 측면충돌,차로위반,건조,맑음,단일로 - 기타,승용,남,49세,상해없음,화물,남,51세,경상
2021061000100589,2021년 6월 10일 21시,목요일,경상남도 김해시 구산동,중상사고,0,1,0,0,차대사람 - 길가장자리구역통행중,안전운전불이행,건조,맑음,교차로 - 교차로안,승용,남,58세,상해없음,보행자,여,62세,중상
2021061000100619,2021년 6월 10일 22시,목요일,경상남도 김해시 내동,중상사고,0,1,0,0,차대차 - 측면충돌,교차로운행방법위반,건조,맑음,교차로 - 교차로안,승용,남,20세,상해없음,승용,남,60세,중상
2021061000100620,2021년 6월 10일 22시,목요일,경상남도 남해군 남면,부상신고사고,0,0,0,1,차량단독 - 공작물충돌,안전운전불이행,건조,맑음,교차로 - 교차로안,승용,남,36세,부상신고,,,,
2021061000100621,2021년 6월 10일 22시,목요일,경상남도 창원시 의창구 서상동,경상사고,0,0,1,0,차대차 - 추돌,안전운전불이행,건조,맑음,교차로 - 교차로안,승용,남,58세,상해없음,승용,남,40세,경상
2021061000100650,2021년 6월 10일 23시,목요일,경상남도 창원시 진해구 죽곡동,경상사고,0,0,6,0,차대차 - 측면충돌,신호위반,젖음/습기,흐림,교차로 - 교차로안,승용,남,30세,경상,승용,남,37세,경상
2021061100100069,2021년 6월 11일 07시,금요일,경상남도 창원시 진해구 석동,경상사고,0,0,1,0,차대차 - 기타,직진우회전진행방해,건조,맑음,교차로 - 교차로안,승용,남,34세,상해없음,승용,여,56세,경상
2021061100100154,2021년 6월 11일 10시,금요일,경상남도 김해시 대동면,경상사고,0,0,1,0,차대차 - 추돌,안전운전불이행,젖음/습기,비,단일로 - 기타,화물,남,43세,상해없음,화물,남,32세,경상
2021061100100197,2021년 6월 11일 11시,금요일,경상남도 김해시 관동동,중상사고,0,1,1,0,차대차 - 측면충돌,안전운전불이행,젖음/습기,비,교차로 - 교차로안,승용,여,36세,경상,화물,남,56세,중상
2021061100100236,2021년 6월 11일 12시,금요일,경상남도 통영시 무전동,경상사고,0,0,1,0,차대차 - 기타,신호위반,젖음/습기,비,교차로 - 교차로안,승용,남,59세,상해없음,이륜,남,39세,경상
2021061100100237,2021년 6월 11일 12시,금요일,경상남도 김해시 어방동,경상사고,0,0,1,0,차대차 - 추돌,안전운전불이행,젖음/습기,비,단일로 - 기타,승용,남,51세,상해없음,승용,남,57세,경상
2021061100100238,2021년 6월 11일 12시,금요일,경상남도 거창군 남상면,경상사고,0,0,1,0,차대차 - 기타,안전운전불이행,건조,맑음,기타 - 기타,화물,남,48세,상해없음,승용,남,63세,경상
2021061100100266,2021년 6월 11일 13시,금요일,경상남도 진주시 주약동,중상사고,0,1,0,0,차대차 - 추돌,안전운전불이행,건조,흐림,단일로 - 기타,승용,여,64세,상해없음,이륜,여,80세,중상
2021061100100267,2021년 6월 11일 13시,금요일,경상남도 창원시 진해구 자은동,경상사고,0,0,1,0,차대차 - 기타,신호위반,젖음/습기,비,교차로 - 교차로안,승용,남,33세,상해없음,화물,남,28세,경상
2021061100100268,2021년 6월 11일 13시,금요일,경상남도 통영시 용남면,경상사고,0,0,2,0,차대차 - 추돌,안전운전불이행,젖음/습기,비,기타 - 기타,화물,남,51세,상해없음,승용,여,33세,경상
2021061100100309,2021년 6월 11일 14시,금요일,경상남도 창원시 진해구 자은동,경상사고,0,0,1,0,차대차 - 기타,직진우회전진행방해,젖음/습기,비,교차로 - 교차로안,화물,남,31세,상해없음,이륜,남,30세,경상
2021061100100310,2021년 6월 11일 14시,금요일,경상남도 양산시 중부동,경상사고,0,0,1,0,차대차 - 측면충돌,안전거리미확보,젖음/습기,비,단일로 - 기타,승용,남,60세,상해없음,이륜,남,39세,경상
2021061100100346,2021년 6월 11일 15시,금요일,경상남도 통영시 동호동,경상사고,0,0,1,0,차대차 - 측면충돌,안전운전불이행,젖음/습기,비,교차로 - 교차로안,승용,남,51세,상해없음,화물,남,39세,경상
2021061100100347,2021년 6월 11일 15시,금요일,경상남도 김해시 전하동,경상사고,0,0,2,0,차대차 - 기타,안전운전불이행,젖음/습기,비,단일로 - 기타,승용,남,40세,상해없음,승용,남,29세,경상
2021061100100348,2021년 6월 11일 15시,금요일,경상남도 김해시 봉황동,경상사고,0,0,1,0,차대차 - 기타,안전운전불이행,건조,맑음,교차로 - 교차로안,승용,남,27세,경상,승용,남,69세,상해없음
2021061100100349,2021년 6월 11일 15시,금요일,경상남도 거제시 고현동,경상사고,0,0,1,0,차대사람 - 차도통행중,안전운전불이행,젖음/습기,비,교차로 - 교차로안,승용,남,37세,상해없음,보행자,여,86세,경상
2021061100100380,2021년 6월 11일 16시,금요일,경상남도 진주시 금곡면,경상사고,0,0,3,0,차대차 - 측면충돌,중앙선침범,젖음/습기,비,단일로 - 기타,승용,여,62세,경상,승용,여,32세,경상
2021061100100381,2021년 6월 11일 16시,금요일,경상남도 창원시 진해구 자은동,중상사고,0,2,0,0,차대사람 - 횡단중,신호위반,젖음/습기,비,단일로 - 기타,승용,남,64세,상해없음,보행자,남,66세,중상
2021061100100382,2021년 6월 11일 16시,금요일,경상남도 거창군 남하면,중상사고,0,1,0,0,차대차 - 측면충돌,중앙선침범,건조,맑음,단일로 - 기타,승용,여,66세,상해없음,이륜,남,63세,중상
2021061100100422,2021년 6월 11일 17시,금요일,경상남도 진주시 초전동,중상사고,0,1,1,0,차대차 - 추돌,안전운전불이행,젖음/습기,비,교차로 - 교차로부근,승용,남,79세,상해없음,승용,남,32세,경상
2021061100100423,2021년 6월 11일 17시,금요일,경상남도 거창군 거창읍,중상사고,0,1,0,0,차대사람 - 횡단중,안전운전불이행,건조,맑음,교차로 - 교차로안,승용,여,49세,상해없음,보행자,남,90세,중상
2021061100100424,2021년 6월 11일 17시,금요일,경상남도 김해시 내덕동,경상사고,0,0,2,0,차대차 - 측면충돌,신호위반,젖음/습기,비,교차로 - 교차로안,화물,남,63세,경상,승용,남,51세,경상
2021061100100476,2021년 6월 11일 18시,금요일,경상남도 진주시 평거동,중상사고,0,1,0,0,차대차 - 측면충돌,안전운전불이행,건조,맑음,단일로 - 기타,승용,남,33세,상해없음,승용,남,36세,중상
2021061100100477,2021년 6월 11일 18시,금요일,경상남도 양산시 중부동,경상사고,0,0,1,0,차대차 - 측면충돌,기타,젖음/습기,비,단일로 - 기타,승용,남,68세,상해없음,승용,남,47세,경상
2021061100100478,2021년 6월 11일 18시,금요일,경상남도 양산시 물금읍,경상사고,0,0,1,0,차대차 - 후진중충돌,안전운전불이행,젖음/습기,비,단일로 - 기타,승용,남,52세,상해없음,이륜,남,30세,경상
2021061100100548,2021년 6월 11일 20시,금요일,경상남도 밀양시 삼문동,부상신고사고,0,0,0,1,차대차 - 측면충돌,신호위반,젖음/습기,비,교차로 - 교차로안,이륜,남,49세,상해없음,원동기,남,19세,부상신고
2021061100100549,2021년 6월 11일 20시,금요일,경상남도 김해시 삼방동,중상사고,0,1,0,0,차대사람 - 횡단중,보행자보호의무위반,젖음/습기,비,교차로 - 교차로횡단보도내,승합,남,66세,상해없음,보행자,남,16세,중상
2021061100100550,2021년 6월 11일 20시,금요일,경상남도 산청군 산청읍,경상사고,0,0,1,0,차대차 - 측면충돌,교차로운행방법위반,건조,맑음,교차로 - 교차로안,승용,남,52세,상해없음,이륜,남,59세,경상
2021061100100610,2021년 6월 11일 22시,금요일,경상남도 창원시 의창구 사림동,경상사고,0,0,1,0,차대차 - 정면충돌,안전운전불이행,젖음/습기,비,교차로 - 교차로안,승합,남,51세,상해없음,승용,남,25세,경상
2021061200100017,2021년 6월 12일 01시,토요일,경상남도 통영시 무전동,경상사고,0,0,2,0,차대차 - 측면충돌,중앙선침범,젖음/습기,비,교차로 - 교차로안,승용,남,40세,상해없음,승합,남,49세,경상
2021061200100037,2021년 6월 12일 05시,토요일,경상남도 통영시 무전동,중상사고,0,1,1,0,차대차 - 측면충돌,직진우회전진행방해,젖음/습기,비,교차로 - 교차로안,승합,남,56세,중상,화물,남,66세,경상
2021061200100046,2021년 6월 12일 06시,토요일,경상남도 진주시 신안동,중상사고,0,1,0,0,차대차 - 측면충돌,안전거리미확보,건조,흐림,단일로 - 기타,승용,남,19세,상해없음,승용,여,63세,중상
2021061200100059,2021년 6월 12일 07시,토요일,경상남도 사천시 송포동,중상사고,0,2,1,0,차대차 - 측면충돌,신호위반,젖음/습기,흐림,교차로 - 교차로안,화물,남,47세,중상,승용,남,61세,경상
2021061200100079,2021년 6월 12일 08시,토요일,경상남도 김해시 삼정동,중상사고,0,1,0,0,차대차 - 추돌,안전운전불이행,젖음/습기,비,단일로 - 기타,승용,남,27세,상해없음,승용,남,28세,중상
2021061200100192,2021년 6월 12일 11시,토요일,경상남도 진주시 하대동,중상사고,0,1,0,0,차대사람 - 횡단중,보행자보호의무위반,건조,맑음,단일로 - 기타,이륜,남,20세,상해없음,보행자,여,76세,중상
2021061200100193,2021년 6월 12일 11시,토요일,경상남도 합천군 합천읍,중상사고,0,1,0,0,차량단독 - 전도전복 - 전도,안전운전불이행,건조,맑음,단일로 - 기타,승용,남,66세,상해없음,,,,
2021061200100194,2021년 6월 12일 11시,토요일,경상남도 김해시 진영읍,경상사고,0,0,1,1,차대차 - 측면충돌,교차로운행방법위반,건조,흐림,교차로 - 교차로부근,승용,여,75세,기타불명,승용,남,33세,경상
2021061200100237,2021년 6월 12일 12시,토요일,경상남도 김해시 동상동,중상사고,0,1,0,0,차대차 - 측면충돌,안전운전불이행,젖음/습기,비,교차로 - 교차로안,승용,남,45세,상해없음,이륜,남,45세,상해없음
2021061200100238,2021년 6월 12일 12시,토요일,경상남도 거창군 거창읍,중상사고,0,1,0,0,차대사람 - 차도통행중,안전운전불이행,건조,맑음,단일로 - 기타,자전거,여,37세,상해없음,보행자,여,5세,중상
2021061200100239,2021년 6월 12일 12시,토요일,경상남도 양산시 물금읍,경상사고,0,0,1,1,차대차 - 추돌,안전거리미확보,젖음/습기,흐림,교차로 - 교차로안,화물,남,51세,상해없음,승용,여,69세,상해없음
2021061200100240,2021년 6월 12일 12시,토요일,경상남도 산청군 생비량면,중상사고,0,1,0,0,차량단독 - 전도전복 - 전복,안전운전불이행,건조,맑음,단일로 - 기타,승용,남,76세,상해없음,,,,
2021061200100281,2021년 6월 12일 13시,토요일,경상남도 통영시 미수동,경상사고,0,0,1,0,차대차 - 측면충돌,기타,젖음/습기,비,단일로 - 기타,승용,남,43세,상해없음,이륜,남,35세,경상
2021061200100282,2021년 6월 12일 13시,토요일,경상남도 함양군 안의면,부상신고사고,0,0,0,1,차대차 - 기타,안전운전불이행,건조,맑음,단일로 - 기타,이륜,남,40세,상해없음,원동기,여,68세,부상신고
2021061200100330,2021년 6월 12일 14시,토요일,경상남도 창원시 마산합포구 완월동,경상사고,0,0,1,0,차대차 - 측면충돌,교차로운행방법위반,젖음/습기,비,교차로 - 교차로안,이륜,남,40세,경상,승용,남,52세,상해없음
2021061200100331,2021년 6월 12일 14시,토요일,경상남도 창원시 마산합포구 진북면,경상사고,0,0,1,1,차대차 - 기타,안전운전불이행,건조,맑음,단일로 - 기타,승합,남,48세,상해없음,승용,여,57세,상해없음