사고번호,사고일시,요일,시군구,사고내용,사망자수,중상자수,경상자수,부상신고자수,사고유형,법규위반,노면상태,기상상태,도로형태,가해운전자 차종,가해운전자 성별,가해운전자 연령,가해운전자 상해정도,피해운전자 차종,피해운전자 성별,피해운전자 연령,피해운전자 상해정도
2021061600100426,2021년 6월 16일 17시,수요일,경상남도 김해시 외동,중상사고,0,1,0,0,차대사람 - 횡단중,보행자보호의무위반,건조,맑음,교차로 - 교차로횡단보도내,승용,남,32세,상해없음,보행자,여,62세,중상
2021061600100427,2021년 6월 16일 17시,수요일,경상남도 양산시 상북면,경상사고,0,0,1,0,차대사람 - 기타,중앙선침범,젖음/습기,비,단일로 - 기타,자전거,여,25세,상해없음,보행자,여,48세,경상
2021061600100428,2021년 6월 16일 17시,수요일,경상남도 양산시 평산동,부상신고사고,0,0,0,1,차대차 - 측면충돌,안전운전불이행,건조,맑음,교차로 - 교차로안,이륜,남,18세,부상신고,승용,여,44세,상해없음
2021061600100483,2021년 6월 16일 18시,수요일,경상남도 사천시 좌룡동,경상사고,0,0,1,0,차대차 - 측면충돌,신호위반,건조,맑음,교차로 - 교차로안,승용,여,58세,상해없음,승용,여,65세,경상
2021061600100484,2021년 6월 16일 18시,수요일,경상남도 창원시 의창구 팔용동,경상사고,0,0,1,0,차대사람 - 기타,안전운전불이행,건조,맑음,기타 - 기타,승용,남,33세,상해없음,보행자,남,49세,경상
2021061600100545,2021년 6월 16일 20시,수요일,경상남도 통영시 당동,경상사고,0,0,2,0,차대차 - 측면충돌,안전거리미확보,건조,맑음,기타 - 기타,화물,여,22세,상해없음,승용,남,59세,상해없음
2021061600100546,2021년 6월 16일 20시,수요일,경상남도 김해시 내동,중상사고,0,1,0,0,차대차 - 추돌,안전운전불이행,건조,맑음,단일로 - 기타,승용,남,33세,상해없음,승용,남,60세,중상
2021061600100547,2021년 6월 16일 20시,수요일,경상남도 거제시 장평동,경상사고,0,0,1,0,차대차 - 측면충돌,안전운전불이행,건조,맑음,교차로 - 교차로부근,이륜,남,40세,경상,화물,남,54세,상해없음
2021061600100583,2021년 6월 16일 21시,수요일,경상남도 창원시 진해구 용원동,경상사고,0,0,1,0,차대차 - 측면충돌,안전운전불이행,건조,맑음,단일로 - 교량,승용,남,60세,상해없음,승용,남,27세,경상
2021061600100618,2021년 6월 16일 22시,수요일,경상남도 진주시 상대동,경상사고,0,0,2,0,차대차 - 추돌,안전운전불이행,건조,맑음,교차로 - 교차로부근,승용,남,60세,상해없음,승용,남,45세,경상
2021061600100619,2021년 6월 16일 22시,수요일,경상남도 김해시 삼계동,중상사고,0,1,0,0,차대사람 - 기타,안전운전불이행,건조,맑음,단일로 - 기타,승용,여,52세,상해없음,보행자,남,55세,중상
2021061600100620,2021년 6월 16일 22시,수요일,경상남도 김해시 봉황동,경상사고,0,0,2,0,차대차 - 추돌,안전운전불이행,건조,맑음,단일로 - 기타,승용,여,40세,상해없음,승용,남,31세,경상
2021061600100621,2021년 6월 16일 22시,수요일,경상남도 양산시 물금읍,경상사고,0,0,1,0,차대사람 - 기타,안전운전불이행,건조,흐림,교차로 - 교차로부근,승용,여,35세,상해없음,보행자,남,46세,경상
2021061600100646,2021년 6월 16일 23시,수요일,경상남도 거제시 고현동,경상사고,0,0,1,0,차량단독 - 공작물충돌,안전운전불이행,건조,맑음,교차로 - 교차로부근,이륜,남,29세,경상,,,,
2021061700100013,2021년 6월 17일 01시,목요일,경상남도 통영시 무전동,부상신고사고,0,0,0,1,차대차 - 기타,안전운전불이행,건조,맑음,단일로 - 기타,승용,남,30세,부상신고,승용,남,36세,상해없음
2021061700100065,2021년 6월 17일 07시,목요일,경상남도 의령군 의령읍,경상사고,0,0,1,0,차대차 - 정면충돌,중앙선침범,건조,맑음,교차로 - 교차로부근,승용,남,52세,상해없음,승용,남,71세,경상
2021061700100102,2021년 6월 17일 08시,목요일,경상남도 산청군 생초면,중상사고,0,1,1,0,차대차 - 측면충돌,안전운전불이행,건조,맑음,단일로 - 기타,승용,여,39세,경상,승용,남,65세,중상
2021061700100134,2021년 6월 17일 09시,목요일,경상남도 합천군 율곡면,중상사고,0,2,0,0,차대차 - 추돌,안전운전불이행,건조,맑음,교차로 - 교차로부근,건설기계,남,48세,상해없음,화물,남,72세,중상
2021061700100135,2021년 6월 17일 09시,목요일,경상남도 하동군 하동읍,경상사고,0,0,1,0,차대사람 - 기타,안전운전불이행,건조,맑음,기타 - 기타,승용,남,78세,상해없음,보행자,남,36세,경상
2021061700100136,2021년 6월 17일 09시,목요일,경상남도 김해시 주촌면,경상사고,0,0,2,0,차대차 - 추돌,안전운전불이행,건조,맑음,교차로 - 교차로부근,승용,남,57세,상해없음,화물,남,63세,상해없음
2021061700100225,2021년 6월 17일 12시,목요일,경상남도 창원시 진해구 용원동,경상사고,0,0,1,0,차대차 - 기타,교차로운행방법위반,건조,맑음,교차로 - 교차로안,승용,남,38세,상해없음,승합,남,49세,경상
2021061700100226,2021년 6월 17일 12시,목요일,경상남도 사천시 사천읍,부상신고사고,0,0,0,4,차대차 - 후진중충돌,안전운전불이행,건조,맑음,교차로 - 교차로부근,승용,남,76세,부상신고,승용,여,64세,부상신고
2021061700100228,2021년 6월 17일 12시,목요일,경상남도 합천군 청덕면,경상사고,0,0,1,0,차량단독 - 공작물충돌,안전운전불이행,건조,맑음,기타 - 기타,승용,여,63세,경상,,,,
2021061700100264,2021년 6월 17일 13시,목요일,경상남도 진주시 초전동,중상사고,0,1,0,0,차대사람 - 횡단중,보행자보호의무위반,건조,맑음,교차로 - 교차로횡단보도내,승용,여,41세,상해없음,보행자,남,6세,중상
2021061700100265,2021년 6월 17일 13시,목요일,경상남도 거제시 상동동,경상사고,0,0,1,0,차대사람 - 기타,기타,건조,맑음,교차로 - 교차로부근,승용,여,47세,상해없음,보행자,여,65세,경상
2021061700100293,2021년 6월 17일 14시,목요일,경상남도 밀양시 내이동,중상사고,0,1,0,0,차대사람 - 기타,안전운전불이행,건조,맑음,교차로 - 교차로안,승용,남,76세,상해없음,보행자,남,62세,중상
2021061700100294,2021년 6월 17일 14시,목요일,경상남도 김해시 대동면,경상사고,0,0,1,0,차대차 - 기타,안전운전불이행,건조,맑음,단일로 - 기타,승합,남,40세,상해없음,승용,남,41세,경상
2021061700100295,2021년 6월 17일 14시,목요일,경상남도 김해시 외동,중상사고,0,1,0,1,차대차 - 측면충돌,중앙선침범,건조,맑음,단일로 - 기타,승합,남,71세,상해없음,이륜,남,38세,중상
2021061700100324,2021년 6월 17일 15시,목요일,경상남도 창원시 진해구 석동,경상사고,0,0,1,0,차대차 - 기타,안전운전불이행,건조,맑음,단일로 - 기타,승용,남,54세,상해없음,이륜,남,33세,경상
2021061700100325,2021년 6월 17일 15시,목요일,경상남도 거제시 일운면,중상사고,0,1,1,0,차대사람 - 기타,안전운전불이행,건조,맑음,단일로 - 기타,이륜,남,81세,중상,보행자,여,84세,경상
2021061700100399,2021년 6월 17일 17시,목요일,경상남도 양산시 덕계동,경상사고,0,0,1,0,차대차 - 측면충돌,직진우회전진행방해,건조,맑음,교차로 - 교차로안,승용,여,56세,기타불명,승용,남,59세,경상
2021061700100446,2021년 6월 17일 18시,목요일,경상남도 김해시 진례면,경상사고,0,0,1,0,차대차 - 측면충돌,차로위반,건조,맑음,교차로 - 교차로안,승용,여,22세,상해없음,승용,여,47세,경상
2021061700100472,2021년 6월 17일 19시,목요일,경상남도 거제시 고현동,경상사고,0,0,1,0,차대사람 - 기타,안전운전불이행,건조,맑음,단일로 - 기타,승용,남,45세,상해없음,보행자,남,37세,경상
2021061700100494,2021년 6월 17일 20시,목요일,경상남도 양산시 주남동,중상사고,0,2,2,0,차대차 - 측면충돌,직진우회전진행방해,건조,맑음,교차로 - 교차로안,승용,여,42세,중상,승용,남,47세,경상
2021061700100495,2021년 6월 17일 20시,목요일,경상남도 김해시 진례면,부상신고사고,0,0,0,1,차대차 - 측면충돌,안전운전불이행,건조,맑음,교차로 - 교차로안,화물,남,40세,부상신고,기타불명,기타불명,미분류,기타불명
2021061700100519,2021년 6월 17일 21시,목요일,경상남도 진주시 봉곡동,경상사고,0,0,1,0,차대사람 - 횡단중,보행자보호의무위반,젖음/습기,비,교차로 - 교차로횡단보도내,이륜,남,32세,상해없음,보행자,여,26세,경상
2021061700100520,2021년 6월 17일 21시,목요일,경상남도 사천시 향촌동,중상사고,0,1,0,0,차대사람 - 횡단중,보행자보호의무위반,젖음/습기,비,교차로 - 교차로횡단보도내,승용,남,46세,상해없음,보행자,남,13세,중상
2021061700100521,2021년 6월 17일 21시,목요일,경상남도 김해시 구산동,경상사고,0,0,1,0,차대차 - 기타,신호위반,젖음/습기,비,교차로 - 교차로안,승용,여,41세,상해없음,이륜,남,33세,경상
2021061700100522,2021년 6월 17일 21시,목요일,경상남도 창원시 성산구 가음동,경상사고,0,0,1,0,차대차 - 측면충돌,신호위반,젖음/습기,비,교차로 - 교차로부근,승용,남,59세,상해없음,이륜,남,38세,경상
2021061700100552,2021년 6월 17일 22시,목요일,경상남도 양산시 삼호동,부상신고사고,0,0,0,1,차대차 - 추돌,기타,건조,맑음,교차로 - 교차로안,승용,남,30세,부상신고,승용,남,24세,기타불명
2021061700100574,2021년 6월 17일 23시,목요일,경상남도 진주시 초전동,경상사고,0,0,1,0,차대차 - 기타,신호위반,건조,맑음,교차로 - 교차로안,승용,남,35세,상해없음,승용,남,22세,경상
2021061800100006,2021년 6월 18일 00시,금요일,경상남도 양산시 남부동,중상사고,0,1,0,0,차대차 - 기타,안전운전불이행,젖음/습기,흐림,교차로 - 교차로안,승용,여,53세,상해없음,이륜,남,32세,중상
2021061800100056,2021년 6월 18일 07시,금요일,경상남도 창원시 마산합포구 진북면,경상사고,0,0,1,0,차대차 - 측면충돌,안전운전불이행,건조,맑음,교차로 - 교차로안,승용,여,28세,상해없음,승용,남,59세,경상
2021061800100081,2021년 6월 18일 08시,금요일,경상남도 창원시 마산합포구 신포동1가,부상신고사고,0,0,0,1,차대차 - 추돌,안전운전불이행,건조,맑음,교차로 - 교차로안,승용,여,64세,상해없음,자전거,남,54세,부상신고
2021061800100082,2021년 6월 18일 08시,금요일,경상남도 김해시 대동면,경상사고,0,0,2,0,차대차 - 측면충돌,신호위반,건조,흐림,교차로 - 교차로안,화물,남,53세,경상,승용,남,52세,경상
2021061800100147,2021년 6월 18일 10시,금요일,경상남도 창원시 진해구 경화동,경상사고,0,0,1,0,차대차 - 측면충돌,직진우회전진행방해,건조,맑음,교차로 - 교차로안,승용,남,44세,상해없음,승용,여,45세,경상
2021061800100148,2021년 6월 18일 10시,금요일,경상남도 사천시 송포동,경상사고,0,0,1,0,차대사람 - 기타,안전운전불이행,건조,맑음,단일로 - 기타,화물,남,52세,상해없음,보행자,남,63세,경상
2021061800100149,2021년 6월 18일 10시,금요일,경상남도 의령군 대의면,중상사고,0,1,1,0,차대차 - 측면충돌,안전운전불이행,건조,맑음,단일로 - 기타,화물,여,53세,기타불명,승용,남,66세,중상
2021061800100180,2021년 6월 18일 11시,금요일,경상남도 창원시 마산합포구 월영동,중상사고,0,1,0,0,차대사람 - 횡단중,안전운전불이행,건조,맑음,교차로 - 교차로안,승용,여,50세,상해없음,보행자,여,65세,중상
2021061800100181,2021년 6월 18일 11시,금요일,경상남도 김해시 내동,경상사고,0,0,1,0,차대차 - 측면충돌,안전거리미확보,건조,맑음,교차로 - 교차로부근,화물,남,46세,상해없음,이륜,남,42세,경상
2021061800100261,2021년 6월 18일 14시,금요일,경상남도 거창군 거창읍,중상사고,0,1,2,0,차대차 - 측면충돌,중앙선침범,건조,흐림,단일로 - 기타,승용,여,53세,경상,화물,남,81세,중상
2021061800100297,2021년 6월 18일 15시,금요일,경상남도 거창군 거창읍,중상사고,0,1,0,0,차대차 - 측면충돌,교차로운행방법위반,건조,맑음,교차로 - 교차로안,승용,여,39세,상해없음,이륜,남,72세,중상
2021061800100298,2021년 6월 18일 15시,금요일,경상남도 창원시 의창구 팔용동,경상사고,0,0,1,0,차대사람 - 횡단중,안전운전불이행,건조,맑음,교차로 - 교차로안,화물,남,52세,상해없음,보행자,남,76세,경상
2021061800100333,2021년 6월 18일 16시,금요일,경상남도 창원시 의창구 팔용동,중상사고,0,1,1,0,차대차 - 측면충돌,신호위반,건조,맑음,교차로 - 교차로안,승용,남,83세,중상,승용,남,31세,경상
2021061800100382,2021년 6월 18일 17시,금요일,경상남도 김해시 내동,경상사고,0,0,1,0,차대차 - 기타,차로위반,건조,맑음,단일로 - 기타,승용,남,29세,상해없음,개인형이동수단(PM),남,73세,경상
2021061800100472,2021년 6월 18일 19시,금요일,경상남도 양산시 남부동,중상사고,0,1,0,0,차대차 - 기타,안전운전불이행,건조,맑음,단일로 - 기타,승용,여,59세,상해없음,원동기,남,31세,중상
2021061800100502,2021년 6월 18일 20시,금요일,경상남도 통영시 봉평동,경상사고,0,0,1,0,차대차 - 기타,안전거리미확보,건조,맑음,단일로 - 기타,승용,남,64세,상해없음,이륜,남,41세,경상
2021061800100534,2021년 6월 18일 21시,금요일,경상남도 통영시 항남동,경상사고,0,0,1,0,차대차 - 추돌,안전운전불이행,건조,맑음,단일로 - 기타,이륜,남,44세,상해없음,승용,여,33세,경상
2021061800100565,2021년 6월 18일 22시,금요일,경상남도 창원시 성산구 가음정동,경상사고,0,0,2,0,차대차 - 추돌,안전운전불이행,건조,맑음,단일로 - 기타,승용,남,52세,상해없음,승용,남,27세,경상
2021061900100012,2021년 6월 19일 00시,토요일,경상남도 김해시 관동동,중상사고,0,1,2,0,차대차 - 추돌,안전운전불이행,건조,맑음,교차로 - 교차로부근,승용,남,41세,상해없음,이륜,남,47세,중상
2021061900100046,2021년 6월 19일 04시,토요일,경상남도 창원시 의창구 도계동,경상사고,0,0,1,0,차량단독 - 공작물충돌,안전운전불이행,건조,맑음,단일로 - 기타,승용,남,25세,경상,,,,
2021061900100058,2021년 6월 19일 05시,토요일,경상남도 창원시 진해구 서중동,중상사고,0,1,0,0,차량단독 - 전도전복 - 전도,안전운전불이행,건조,맑음,단일로 - 기타,이륜,남,25세,중상,,,,
2021061900100099,2021년 6월 19일 08시,토요일,경상남도 김해시 삼정동,중상사고,0,1,0,0,차대차 - 기타,신호위반,건조,맑음,교차로 - 교차로안,승용,여,68세,상해없음,이륜,남,40세,중상
2021061900100126,2021년 6월 19일 09시,토요일,경상남도 김해시 불암동,경상사고,0,0,1,0,차대차 - 기타,안전운전불이행,건조,맑음,단일로 - 기타,승용,남,72세,상해없음,승용,남,53세,경상
2021061900100161,2021년 6월 19일 10시,토요일,경상남도 진주시 가좌동,경상사고,0,0,1,0,차대차 - 측면충돌,신호위반,건조,맑음,교차로 - 교차로횡단보도내,승용,남,36세,상해없음,자전거,여,22세,경상
2021061900100199,2021년 6월 19일 11시,토요일,경상남도 진주시 상평동,중상사고,0,2,0,0,차대차 - 정면충돌,안전운전불이행,건조,맑음,교차로 - 교차로안,승용,여,29세,상해없음,화물,남,57세,중상
2021061900100200,2021년 6월 19일 11시,토요일,경상남도 거창군 마리면,중상사고,0,1,1,0,차대차 - 추돌,안전운전불이행,건조,맑음,단일로 - 기타,화물,남,38세,경상,승용,남,65세,중상
2021061900100201,2021년 6월 19일 11시,토요일,경상남도 양산시 원동면,부상신고사고,0,0,0,1,차량단독 - 전도전복 - 전복,안전운전불이행,건조,맑음,단일로 - 기타,승용,남,71세,부상신고,,,,
2021061900100202,2021년 6월 19일 11시,토요일,경상남도 양산시 동면,중상사고,0,1,0,0,차대사람 - 기타,기타,건조,맑음,단일로 - 기타,개인형이동수단(PM),여,23세,상해없음,보행자,여,65세,중상
2021061900100203,2021년 6월 19일 11시,토요일,경상남도 창원시 마산회원구 내서읍,중상사고,0,1,0,0,차대차 - 측면충돌,안전운전불이행,건조,맑음,단일로 - 기타,승용,여,44세,상해없음,이륜,남,38세,중상
2021061900100234,2021년 6월 19일 12시,토요일,경상남도 사천시 정동면,경상사고,0,0,1,0,차대차 - 기타,안전운전불이행,건조,맑음,단일로 - 기타,승용,남,42세,상해없음,이륜,남,26세,경상
2021061900100235,2021년 6월 19일 12시,토요일,경상남도 김해시 외동,중상사고,0,1,0,0,차대차 - 기타,안전운전불이행,건조,맑음,단일로 - 기타,이륜,남,45세,중상,승합,남,30세,상해없음
2021061900100280,2021년 6월 19일 13시,토요일,경상남도 사천시 죽림동,경상사고,0,0,1,0,차대차 - 측면충돌,안전운전불이행,건조,맑음,단일로 - 기타,승용,남,50세,상해없음,승용,남,62세,경상
2021061900100281,2021년 6월 19일 13시,토요일,경상남도 양산시 중부동,경상사고,0,0,1,0,차대차 - 추돌,안전거리미확보,건조,맑음,교차로 - 교차로안,이륜,남,34세,상해없음,승용,남,35세,경상
2021061900100312,2021년 6월 19일 14시,토요일,경상남도 고성군 동해면,경상사고,0,0,1,0,차대차 - 측면충돌,안전운전불이행,건조,맑음,단일로 - 기타,이륜,남,68세,경상,승용,남,71세,상해없음
2021061900100313,2021년 6월 19일 14시,토요일,경상남도 고성군 상리면,경상사고,0,0,1,0,차대차 - 추돌,안전운전불이행,건조,맑음,단일로 - 기타,승용,남,55세,상해없음,승용,남,37세,경상
2021061900100314,2021년 6월 19일 14시,토요일,경상남도 거제시 장평동,경상사고,0,0,1,0,차대차 - 정면충돌,안전운전불이행,건조,맑음,단일로 - 기타,승용,남,17세,상해없음,이륜,남,47세,상해없음
2021061900100315,2021년 6월 19일 14시,토요일,경상남도 거제시 거제면,경상사고,0,0,1,0,차대차 - 측면충돌,중앙선침범,건조,맑음,단일로 - 기타,자전거,남,84세,경상,건설기계,남,61세,상해없음
2021061900100338,2021년 6월 19일 15시,토요일,경상남도 김해시 대동면,중상사고,0,1,0,0,차대사람 - 기타,안전운전불이행,건조,맑음,단일로 - 기타,화물,남,55세,상해없음,보행자,여,31세,중상
2021061900100361,2021년 6월 19일 15시,토요일,경상남도 양산시 덕계동,경상사고,0,0,1,0,차대차 - 측면충돌,직진우회전진행방해,건조,맑음,교차로 - 교차로안,화물,남,65세,상해없음,승용,여,56세,경상
2021061900100362,2021년 6월 19일 15시,토요일,경상남도 김해시 진영읍,경상사고,0,0,3,0,차대차 - 측면충돌,안전운전불이행,건조,맑음,단일로 - 기타,화물,남,61세,상해없음,화물,남,61세,경상
2021061900100409,2021년 6월 19일 16시,토요일,경상남도 창원시 진해구 용원동,중상사고,0,1,0,0,차대차 - 측면충돌,안전운전불이행,건조,맑음,단일로 - 기타,승용,남,75세,상해없음,이륜,남,53세,중상
2021061900100456,2021년 6월 19일 17시,토요일,경상남도 김해시 삼방동,중상사고,0,1,0,0,차대차 - 기타,안전운전불이행,건조,맑음,교차로 - 교차로안,승용,남,51세,상해없음,자전거,남,55세,중상
2021061900100457,2021년 6월 19일 17시,토요일,경상남도 양산시 삼호동,경상사고,0,0,1,0,차대사람 - 횡단중,안전운전불이행,건조,맑음,단일로 - 기타,이륜,남,46세,상해없음,보행자,여,67세,경상
2021061900100458,2021년 6월 19일 17시,토요일,경상남도 거제시 고현동,중상사고,0,1,0,0,차대차 - 측면충돌,안전운전불이행,건조,맑음,교차로 - 교차로안,승용,여,40세,상해없음,이륜,남,46세,중상
2021061900100459,2021년 6월 19일 17시,토요일,경상남도 거제시 일운면,중상사고,0,1,3,0,차대차 - 측면충돌,신호위반,건조,맑음,교차로 - 교차로안,승용,여,56세,상해없음,승용,여,35세,경상
2021061900100460,2021년 6월 19일 17시,토요일,경상남도 거제시 고현동,경상사고,0,0,1,0,차대차 - 측면충돌,안전운전불이행,건조,맑음,교차로 - 교차로부근,승용,여,66세,상해없음,이륜,남,28세,경상
2021061900100461,2021년 6월 19일 17시,토요일,경상남도 거제시 거제면,경상사고,0,0,3,0,차대차 - 측면충돌,교차로운행방법위반,건조,맑음,교차로 - 교차로안,화물,남,54세,상해없음,승용,남,29세,경상
2021061900100462,2021년 6월 19일 17시,토요일,경상남도 창원시 의창구 북면,경상사고,0,0,1,0,차대차 - 추돌,안전운전불이행,건조,맑음,기타 - 기타,화물,남,54세,상해없음,승용,남,26세,경상
2021061900100508,2021년 6월 19일 18시,토요일,경상남도 창원시 마산합포구 상남동,중상사고,0,1,0,0,차대차 - 측면충돌,안전운전불이행,건조,맑음,교차로 - 교차로부근,이륜,남,62세,중상,승용,남,27세,상해없음
2021061900100509,2021년 6월 19일 18시,토요일,경상남도 김해시 구산동,경상사고,0,0,1,0,차대사람 - 차도통행중,안전운전불이행,건조,맑음,교차로 - 교차로안,승용,여,61세,상해없음,보행자,남,66세,경상
2021061900100510,2021년 6월 19일 18시,토요일,경상남도 양산시 물금읍,경상사고,0,0,1,0,차대차 - 측면충돌,교차로운행방법위반,건조,맑음,교차로 - 교차로안,이륜,남,19세,경상,승용,남,61세,상해없음
2021061900100511,2021년 6월 19일 18시,토요일,경상남도 김해시 흥동,중상사고,0,1,0,0,차대사람 - 횡단중,보행자보호의무위반,건조,맑음,단일로 - 기타,승용,남,37세,상해없음,보행자,여,9세,중상
2021061900100559,2021년 6월 19일 20시,토요일,경상남도 밀양시 삼문동,경상사고,0,0,1,0,차대차 - 측면충돌,안전운전불이행,건조,맑음,단일로 - 기타,승용,남,52세,상해없음,승용,여,48세,경상
2021061900100591,2021년 6월 19일 21시,토요일,경상남도 창원시 마산합포구 월영동,경상사고,0,0,1,0,차대사람 - 횡단중,안전운전불이행,건조,맑음,교차로 - 교차로횡단보도내,승용,남,44세,상해없음,보행자,여,43세,경상
2021061900100592,2021년 6월 19일 21시,토요일,경상남도 거제시 상동동,경상사고,0,0,3,0,차대차 - 측면충돌,중앙선침범,건조,맑음,단일로 - 기타,승용,남,38세,상해없음,승용,여,33세,경상
2021061900100639,2021년 6월 19일 23시,토요일,경상남도 김해시 어방동,경상사고,0,0,1,0,차대사람 - 길가장자리구역통행중,안전운전불이행,건조,맑음,단일로 - 기타,승용,남,60세,상해없음,보행자,남,47세,경상
2021062000100011,2021년 6월 20일 00시,일요일,경상남도 거제시 고현동,중상사고,0,1,0,0,차량단독 - 기타,안전운전불이행,건조,맑음,교차로 - 교차로안,이륜,남,18세,상해없음,,,,
2021062000100024,2021년 6월 20일 02시,일요일,경상남도 의령군 정곡면,부상신고사고,0,0,0,1,차대차 - 측면충돌,교차로운행방법위반,건조,맑음,교차로 - 교차로부근,농기계,남,82세,부상신고,승합,여,66세,상해없음
2021062000100025,2021년 6월 20일 02시,일요일,경상남도 창원시 의창구 봉림동,경상사고,0,0,1,0,차대사람 - 횡단중,보행자보호의무위반,건조,맑음,교차로 - 교차로횡단보도내,승용,남,56세,상해없음,보행자,남,30세,경상
2021062000100032,2021년 6월 20일 03시,일요일,경상남도 창원시 마산회원구 합성동,경상사고,0,0,1,0,차대사람 - 기타,안전운전불이행,기타,맑음,기타 - 기타,승용,남,28세,상해없음,보행자,남,29세,경상
2021062000100050,2021년 6월 20일 06시,일요일,경상남도 거제시 문동동,중상사고,0,1,0,0,차량단독 - 도로외이탈 - 추락,안전운전불이행,건조,맑음,단일로 - 기타,화물,남,64세,중상,,,,
2021062000100056,2021년 6월 20일 07시,일요일,경상남도 창원시 진해구 남문동,경상사고,0,0,2,0,차대차 - 측면충돌,신호위반,건조,맑음,교차로 - 교차로안,승용,남,26세,기타불명,승용,남,41세,경상
2021062000100071,2021년 6월 20일 08시,일요일,경상남도 함안군 법수면,경상사고,0,0,2,0,차대차 - 측면충돌,중앙선침범,건조,맑음,단일로 - 기타,승용,남,52세,상해없음,화물,남,63세,경상
2021062000100100,2021년 6월 20일 10시,일요일,경상남도 창원시 마산합포구 진전면,중상사고,0,1,0,0,차대차 - 측면충돌,안전운전불이행,건조,맑음,단일로 - 기타,승용,남,57세,상해없음,자전거,남,34세,중상
2021062000100101,2021년 6월 20일 10시,일요일,경상남도 창원시 진해구 남문동,경상사고,0,0,1,0,차대차 - 추돌,안전운전불이행,건조,맑음,단일로 - 기타,승용,여,41세,상해없음,승용,남,75세,경상
2021062000100102,2021년 6월 20일 10시,일요일,경상남도 김해시 삼계동,중상사고,0,1,0,0,차대차 - 측면충돌,안전운전불이행,건조,맑음,교차로 - 교차로안,승용,남,19세,상해없음,이륜,남,56세,중상
2021062000100103,2021년 6월 20일 10시,일요일,경상남도 양산시 하북면,중상사고,0,1,4,0,차대차 - 추돌,안전운전불이행,건조,맑음,단일로 - 기타,승용,남,68세,기타불명,이륜,남,40세,중상
2021062000100104,2021년 6월 20일 10시,일요일,경상남도 창원시 마산회원구 두척동,경상사고,0,0,2,0,차대차 - 추돌,안전운전불이행,건조,맑음,교차로 - 교차로부근,화물,남,52세,상해없음,승용,남,42세,경상
2021062000100124,2021년 6월 20일 11시,일요일,경상남도 밀양시 산외면,경상사고,0,0,4,0,차대차 - 측면충돌,안전운전불이행,건조,맑음,교차로 - 교차로부근,승용,남,61세,경상,승용,남,68세,경상
2021062000100158,2021년 6월 20일 12시,일요일,경상남도 밀양시 단장면,경상사고,0,0,1,0,차대차 - 측면충돌,교차로운행방법위반,건조,맑음,교차로 - 교차로안,승용,남,39세,상해없음,이륜,남,28세,경상
2021062000100159,2021년 6월 20일 12시,일요일,경상남도 산청군 산청읍,중상사고,0,1,0,0,차대차 - 측면충돌,안전운전불이행,건조,맑음,단일로 - 기타,이륜,남,72세,중상,승용,여,59세,상해없음
2021062000100192,2021년 6월 20일 13시,일요일,경상남도 남해군 미조면,중상사고,0,1,0,0,차대차 - 정면충돌,중앙선침범,건조,맑음,단일로 - 기타,승용,여,26세,상해없음,이륜,남,37세,중상
2021062000100193,2021년 6월 20일 13시,일요일,경상남도 산청군 시천면,중상사고,0,1,2,0,차대차 - 후진중충돌,안전운전불이행,건조,맑음,단일로 - 기타,승용,여,63세,경상,승용,여,51세,중상
2021062000100194,2021년 6월 20일 13시,일요일,경상남도 산청군 산청읍,경상사고,0,0,1,0,차량단독 - 도로외이탈 - 추락,안전운전불이행,건조,맑음,단일로 - 기타,사륜오토바이(ATV),여,21세,경상,,,,
2021062000100195,2021년 6월 20일 13시,일요일,경상남도 창원시 마산회원구 합성동,경상사고,0,0,1,0,차대차 - 기타,안전운전불이행,건조,맑음,교차로 - 교차로안,승용,남,29세,상해없음,승합,남,49세,경상
2021062000100242,2021년 6월 20일 14시,일요일,경상남도 통영시 도남동,중상사고,0,1,0,0,차대차 - 정면충돌,교차로운행방법위반,건조,맑음,교차로 - 교차로안,승용,남,29세,상해없음,이륜,남,24세,중상
2021062000100243,2021년 6월 20일 14시,일요일,경상남도 통영시 사량면,경상사고,0,0,1,0,차량단독 - 전도전복 - 전도,안전운전불이행,건조,맑음,단일로 - 기타,사륜오토바이(ATV),남,63세,경상,,,,
2021062000100244,2021년 6월 20일 14시,일요일,경상남도 남해군 남해읍,부상신고사고,0,0,0,1,차량단독 - 공작물충돌,안전운전불이행,건조,맑음,단일로 - 기타,승용,남,55세,부상신고,,,,
2021062000100277,2021년 6월 20일 15시,일요일,경상남도 창원시 진해구 수송동,중상사고,0,2,0,0,차대차 - 기타,신호위반,건조,맑음,교차로 - 교차로안,이륜,남,42세,중상,이륜,남,22세,중상
2021062000100278,2021년 6월 20일 15시,일요일,경상남도 양산시 중부동,경상사고,0,0,2,0,차대차 - 측면충돌,안전운전불이행,건조,맑음,교차로 - 교차로부근,승용,남,25세,상해없음,승용,남,77세,경상
2021062000100279,2021년 6월 20일 15시,일요일,경상남도 양산시 물금읍,경상사고,0,0,1,0,차대차 - 측면충돌,안전운전불이행,건조,맑음,교차로 - 교차로부근,이륜,남,48세,경상,승용,남,43세,상해없음
2021062000100315,2021년 6월 20일 16시,일요일,경상남도 김해시 상동면,경상사고,0,0,1,0,차량단독 - 전도전복 - 전도,안전운전불이행,건조,맑음,단일로 - 기타,이륜,남,56세,경상,,,,