사고번호,사고일시,요일,시군구,사고내용,사망자수,중상자수,경상자수,부상신고자수,사고유형,법규위반,노면상태,기상상태,도로형태,가해운전자 차종,가해운전자 성별,가해운전자 연령,가해운전자 상해정도,피해운전자 차종,피해운전자 성별,피해운전자 연령,피해운전자 상해정도
2021062000100316,2021년 6월 20일 16시,일요일,경상남도 창녕군 부곡면,경상사고,0,0,1,0,차대차 - 기타,기타,건조,맑음,교차로 - 교차로안,승용,남,45세,상해없음,화물,남,41세,경상
2021062000100317,2021년 6월 20일 16시,일요일,경상남도 창원시 성산구 내동,중상사고,0,1,0,0,차대차 - 추돌,안전운전불이행,건조,맑음,단일로 - 기타,승용,남,60세,상해없음,승용,남,56세,중상
2021062000100349,2021년 6월 20일 17시,일요일,경상남도 양산시 물금읍,경상사고,0,0,1,0,차대차 - 측면충돌,안전운전불이행,건조,맑음,교차로 - 교차로부근,화물,남,58세,상해없음,승용,남,78세,경상
2021062000100381,2021년 6월 20일 18시,일요일,경상남도 함안군 가야읍,중상사고,0,2,0,0,차대차 - 측면충돌,안전운전불이행,건조,맑음,교차로 - 교차로안,승용,남,53세,상해없음,승용,여,54세,중상
2021062000100409,2021년 6월 20일 19시,일요일,경상남도 창원시 마산합포구 오동동,경상사고,0,0,1,0,차대차 - 추돌,안전거리미확보,건조,맑음,단일로 - 기타,화물,남,54세,상해없음,승용,남,35세,경상
2021062000100410,2021년 6월 20일 19시,일요일,경상남도 합천군 대양면,경상사고,0,0,1,0,차대차 - 측면충돌,안전운전불이행,건조,맑음,교차로 - 교차로안,농기계,남,74세,경상,화물,남,82세,상해없음
2021062000100437,2021년 6월 20일 20시,일요일,경상남도 김해시 대성동,경상사고,0,0,1,0,차대차 - 측면충돌,신호위반,건조,맑음,교차로 - 교차로안,승용,여,22세,상해없음,승용,남,50세,경상
2021062100100010,2021년 6월 21일 00시,월요일,경상남도 창원시 마산회원구 합성동,경상사고,0,0,1,0,차대사람 - 기타,안전운전불이행,건조,맑음,단일로 - 기타,승용,남,22세,상해없음,보행자,남,27세,경상
2021062100100023,2021년 6월 21일 03시,월요일,경상남도 진주시 정촌면,중상사고,0,1,0,0,차대차 - 추돌,안전운전불이행,건조,맑음,단일로 - 기타,특수,남,57세,상해없음,특수,남,30세,중상
2021062100100047,2021년 6월 21일 06시,월요일,경상남도 함양군 함양읍,경상사고,0,0,1,0,차대사람 - 기타,중앙선침범,건조,맑음,단일로 - 기타,화물,남,47세,상해없음,보행자,남,65세,경상
2021062100100062,2021년 6월 21일 07시,월요일,경상남도 진주시 신안동,중상사고,0,1,0,0,차대사람 - 횡단중,보행자보호의무위반,건조,맑음,교차로 - 교차로횡단보도내,승용,남,45세,상해없음,보행자,남,84세,중상
2021062100100063,2021년 6월 21일 07시,월요일,경상남도 김해시 진영읍,경상사고,0,0,5,0,차대차 - 측면충돌,기타,건조,맑음,교차로 - 교차로부근,승용,남,21세,기타불명,이륜,남,62세,경상
2021062100100106,2021년 6월 21일 08시,월요일,경상남도 김해시 동상동,경상사고,0,0,1,0,차대사람 - 횡단중,보행자보호의무위반,건조,맑음,단일로 - 기타,승용,남,54세,상해없음,보행자,여,15세,경상
2021062100100107,2021년 6월 21일 08시,월요일,경상남도 창원시 마산회원구 내서읍,경상사고,0,0,1,0,차대차 - 정면충돌,안전운전불이행,건조,맑음,교차로 - 교차로안,승합,남,76세,상해없음,승용,여,50세,경상
2021062100100143,2021년 6월 21일 09시,월요일,경상남도 진주시 봉곡동,중상사고,0,1,0,0,차대사람 - 기타,안전운전불이행,건조,맑음,단일로 - 기타,승용,남,43세,상해없음,보행자,여,81세,중상
2021062100100181,2021년 6월 21일 10시,월요일,경상남도 통영시 광도면,중상사고,0,1,1,0,차대차 - 기타,기타,건조,맑음,단일로 - 기타,승용,남,46세,상해없음,승용,남,64세,경상
2021062100100219,2021년 6월 21일 11시,월요일,경상남도 양산시 상북면,경상사고,0,0,1,0,차대차 - 측면충돌,안전운전불이행,건조,맑음,교차로 - 교차로안,화물,남,42세,상해없음,승용,여,27세,경상
2021062100100253,2021년 6월 21일 12시,월요일,경상남도 창원시 진해구 충무동,경상사고,0,0,1,0,차대차 - 기타,안전운전불이행,건조,맑음,교차로 - 교차로부근,승용,여,65세,상해없음,원동기,남,21세,경상
2021062100100254,2021년 6월 21일 12시,월요일,경상남도 통영시 광도면,경상사고,0,0,1,0,차대차 - 기타,안전거리미확보,건조,맑음,단일로 - 기타,이륜,남,33세,경상,승용,남,52세,상해없음
2021062100100255,2021년 6월 21일 12시,월요일,경상남도 하동군 양보면,사망사고,1,0,0,0,차대사람 - 기타,안전운전불이행,건조,맑음,단일로 - 기타,화물,남,49세,상해없음,보행자,여,96세,사망
2021062100100256,2021년 6월 21일 12시,월요일,경상남도 거제시 일운면,중상사고,0,1,0,0,차대차 - 측면충돌,안전운전불이행,건조,맑음,교차로 - 교차로안,승용,남,47세,상해없음,승용,여,59세,상해없음
2021062100100283,2021년 6월 21일 13시,월요일,경상남도 거제시 고현동,중상사고,0,2,0,0,차대차 - 측면충돌,신호위반,건조,맑음,교차로 - 교차로부근,승용,남,62세,상해없음,이륜,남,20세,중상
2021062100100317,2021년 6월 21일 14시,월요일,경상남도 사천시 향촌동,중상사고,0,1,0,0,차대차 - 측면충돌,직진우회전진행방해,건조,맑음,교차로 - 교차로부근,승용,남,56세,상해없음,이륜,남,72세,중상
2021062100100318,2021년 6월 21일 14시,월요일,경상남도 고성군 고성읍,경상사고,0,0,1,0,차대사람 - 기타,안전운전불이행,건조,맑음,단일로 - 기타,승용,여,39세,상해없음,보행자,남,57세,경상
2021062100100319,2021년 6월 21일 14시,월요일,경상남도 산청군 삼장면,경상사고,0,0,1,0,차대차 - 측면충돌,기타,건조,맑음,교차로 - 교차로안,화물,남,35세,상해없음,승용,여,50세,경상
2021062100100367,2021년 6월 21일 15시,월요일,경상남도 김해시 삼계동,경상사고,0,0,1,0,차대사람 - 횡단중,보행자보호의무위반,건조,맑음,단일로 - 기타,승용,남,41세,상해없음,보행자,여,8세,경상
2021062100100419,2021년 6월 21일 16시,월요일,경상남도 통영시 무전동,중상사고,0,1,0,0,차대차 - 기타,안전운전불이행,건조,맑음,단일로 - 기타,이륜,남,42세,중상,승용,여,68세,상해없음
2021062100100420,2021년 6월 21일 16시,월요일,경상남도 양산시 상북면,경상사고,0,0,1,0,차대차 - 측면충돌,신호위반,건조,맑음,교차로 - 교차로안,승용,여,26세,상해없음,승용,여,48세,경상
2021062100100421,2021년 6월 21일 16시,월요일,경상남도 거제시 아양동,중상사고,0,1,0,0,차대사람 - 횡단중,안전운전불이행,건조,맑음,기타 - 기타,승합,여,55세,상해없음,보행자,남,50세,중상
2021062100100516,2021년 6월 21일 18시,월요일,경상남도 밀양시 삼문동,경상사고,0,0,1,0,차대차 - 측면충돌,교차로운행방법위반,건조,맑음,교차로 - 교차로안,승용,여,20세,상해없음,이륜,남,52세,경상
2021062100100517,2021년 6월 21일 18시,월요일,경상남도 함안군 칠서면,경상사고,0,0,2,0,차대차 - 측면충돌,교차로운행방법위반,건조,맑음,교차로 - 교차로안,화물,남,62세,경상,승용,남,63세,경상
2021062100100518,2021년 6월 21일 18시,월요일,경상남도 김해시 신문동,중상사고,0,1,0,0,차대차 - 측면충돌,안전운전불이행,건조,맑음,교차로 - 교차로부근,승용,남,24세,상해없음,이륜,남,40세,중상
2021062100100559,2021년 6월 21일 19시,월요일,경상남도 통영시 산양읍,중상사고,0,2,0,0,차대사람 - 기타,안전운전불이행,건조,맑음,단일로 - 기타,승용,여,42세,중상,보행자,여,27세,중상
2021062100100560,2021년 6월 21일 19시,월요일,경상남도 하동군 화개면,중상사고,0,1,0,0,차대차 - 측면충돌,신호위반,건조,맑음,교차로 - 교차로안,승용,여,25세,상해없음,이륜,남,40세,중상
2021062100100561,2021년 6월 21일 19시,월요일,경상남도 창원시 의창구 사림동,경상사고,0,0,1,0,차대사람 - 횡단중,보행자보호의무위반,건조,맑음,교차로 - 교차로안,승합,남,37세,상해없음,보행자,남,31세,경상
2021062100100612,2021년 6월 21일 21시,월요일,경상남도 김해시 동상동,사망사고,1,0,0,0,차대사람 - 횡단중,기타,건조,맑음,교차로 - 교차로안,승용,남,20세,상해없음,보행자,남,73세,사망
2021062100100613,2021년 6월 21일 21시,월요일,경상남도 김해시 부곡동,중상사고,0,1,0,0,차대차 - 측면충돌,중앙선침범,건조,맑음,교차로 - 교차로부근,자전거,남,68세,중상,승용,남,41세,상해없음
2021062200100080,2021년 6월 22일 08시,화요일,경상남도 김해시 대동면,경상사고,0,0,2,1,차대차 - 기타,안전거리미확보,건조,맑음,단일로 - 기타,건설기계,남,61세,상해없음,승용,여,53세,경상
2021062200100103,2021년 6월 22일 08시,화요일,경상남도 창원시 마산합포구 진북면,중상사고,0,1,0,0,차대차 - 측면충돌,안전운전불이행,건조,맑음,교차로 - 교차로안,승용,여,53세,상해없음,승합,남,66세,중상
2021062200100137,2021년 6월 22일 09시,화요일,경상남도 통영시 북신동,중상사고,0,1,0,0,차대사람 - 횡단중,보행자보호의무위반,건조,맑음,기타 - 기타,이륜,남,37세,상해없음,보행자,여,67세,중상
2021062200100172,2021년 6월 22일 10시,화요일,경상남도 통영시 동호동,중상사고,0,1,1,1,차대차 - 측면충돌,안전운전불이행,건조,맑음,기타 - 기타,승용,남,69세,상해없음,이륜,남,66세,중상
2021062200100173,2021년 6월 22일 10시,화요일,경상남도 남해군 삼동면,부상신고사고,0,0,0,1,차대차 - 측면충돌,안전운전불이행,건조,맑음,교차로 - 교차로안,승용,여,66세,부상신고,승용,남,53세,상해없음
2021062200100208,2021년 6월 22일 11시,화요일,경상남도 진주시 상평동,경상사고,0,0,1,0,차대차 - 측면충돌,안전운전불이행,건조,맑음,교차로 - 교차로안,승용,남,30세,상해없음,승용,남,39세,경상
2021062200100209,2021년 6월 22일 11시,화요일,경상남도 밀양시 하남읍,중상사고,0,1,0,0,차대차 - 기타,교차로운행방법위반,건조,맑음,교차로 - 교차로안,화물,남,54세,상해없음,이륜,남,68세,중상
2021062200100210,2021년 6월 22일 11시,화요일,경상남도 거창군 거창읍,중상사고,0,1,0,0,차대차 - 측면충돌,중앙선침범,건조,맑음,교차로 - 교차로안,승용,여,44세,상해없음,이륜,남,37세,중상
2021062200100211,2021년 6월 22일 11시,화요일,경상남도 함안군 대산면,경상사고,0,0,2,0,차대차 - 측면충돌,중앙선침범,건조,맑음,단일로 - 기타,화물,남,72세,상해없음,화물,남,72세,경상
2021062200100245,2021년 6월 22일 12시,화요일,경상남도 김해시 흥동,중상사고,0,2,0,0,차대차 - 측면충돌,불법유턴,건조,맑음,단일로 - 기타,승용,남,67세,상해없음,화물,남,57세,중상
2021062200100280,2021년 6월 22일 13시,화요일,경상남도 사천시 사천읍,경상사고,0,0,1,0,차대차 - 측면충돌,교차로운행방법위반,건조,맑음,교차로 - 교차로안,승용,여,35세,상해없음,승용,여,34세,경상
2021062200100281,2021년 6월 22일 13시,화요일,경상남도 밀양시 내이동,경상사고,0,0,1,0,차대차 - 측면충돌,안전운전불이행,건조,맑음,교차로 - 교차로안,승용,남,74세,상해없음,승용,여,31세,경상
2021062200100282,2021년 6월 22일 13시,화요일,경상남도 밀양시 상남면,경상사고,0,0,2,0,차대사람 - 기타,안전운전불이행,건조,맑음,단일로 - 기타,자전거,남,60세,경상,보행자,여,39세,경상
2021062200100283,2021년 6월 22일 13시,화요일,경상남도 양산시 북부동,경상사고,0,0,1,0,차대차 - 추돌,신호위반,건조,맑음,교차로 - 교차로안,이륜,여,20세,상해없음,승용,여,51세,상해없음
2021062200100311,2021년 6월 22일 14시,화요일,경상남도 창원시 마산합포구 남성동,중상사고,0,1,0,0,차대차 - 측면충돌,신호위반,건조,맑음,교차로 - 교차로안,화물,남,43세,상해없음,이륜,남,38세,중상
2021062200100312,2021년 6월 22일 14시,화요일,경상남도 김해시 대청동,중상사고,0,1,0,0,차대차 - 측면충돌,신호위반,건조,맑음,교차로 - 교차로안,승용,남,67세,상해없음,승용,여,51세,중상
2021062200100333,2021년 6월 22일 15시,화요일,경상남도 밀양시 상남면,중상사고,0,2,0,0,차대차 - 측면충돌,안전거리미확보,건조,맑음,단일로 - 기타,화물,남,56세,상해없음,승용,여,49세,중상
2021062200100349,2021년 6월 22일 15시,화요일,경상남도 김해시 율하동,중상사고,0,1,0,0,차대차 - 정면충돌,안전운전불이행,건조,맑음,교차로 - 교차로안,승합,여,46세,상해없음,이륜,남,19세,중상
2021062200100385,2021년 6월 22일 16시,화요일,경상남도 창원시 마산회원구 구암동,경상사고,0,0,1,0,차대차 - 측면충돌,안전운전불이행,건조,흐림,교차로 - 교차로부근,승용,여,49세,상해없음,승용,남,40세,경상
2021062200100386,2021년 6월 22일 16시,화요일,경상남도 창원시 의창구 서상동,중상사고,0,1,0,0,차대사람 - 횡단중,안전운전불이행,건조,맑음,교차로 - 교차로안,승용,남,56세,상해없음,보행자,남,81세,중상
2021062200100420,2021년 6월 22일 17시,화요일,경상남도 창원시 마산합포구 중앙동2가,중상사고,0,1,0,0,차대사람 - 기타,안전운전불이행,건조,맑음,단일로 - 기타,화물,남,52세,상해없음,보행자,남,77세,중상
2021062200100421,2021년 6월 22일 17시,화요일,경상남도 사천시 선구동,경상사고,0,0,1,0,차대사람 - 기타,안전운전불이행,건조,맑음,교차로 - 교차로안,승용,여,29세,상해없음,보행자,남,90세,경상
2021062200100422,2021년 6월 22일 17시,화요일,경상남도 창원시 성산구 신월동,중상사고,0,1,0,0,차대차 - 측면충돌,신호위반,건조,맑음,교차로 - 교차로횡단보도내,승용,여,63세,상해없음,자전거,여,47세,중상
2021062200100459,2021년 6월 22일 18시,화요일,경상남도 진주시 봉곡동,중상사고,0,1,0,0,차대사람 - 횡단중,보행자보호의무위반,건조,맑음,단일로 - 기타,이륜,남,24세,상해없음,보행자,남,54세,중상
2021062200100516,2021년 6월 22일 20시,화요일,경상남도 김해시 삼계동,중상사고,0,1,0,0,차대사람 - 기타,안전운전불이행,건조,맑음,단일로 - 기타,자전거,남,41세,상해없음,보행자,여,54세,중상
2021062200100548,2021년 6월 22일 21시,화요일,경상남도 김해시 외동,경상사고,0,0,1,0,차대차 - 추돌,안전운전불이행,젖음/습기,비,교차로 - 교차로부근,승용,남,40세,상해없음,승용,남,61세,경상
2021062200100549,2021년 6월 22일 21시,화요일,경상남도 김해시 구산동,중상사고,0,1,0,0,차대차 - 정면충돌,중앙선침범,젖음/습기,비,단일로 - 기타,승용,남,31세,상해없음,이륜,남,47세,중상
2021062200100566,2021년 6월 22일 22시,화요일,경상남도 창원시 의창구 사림동,중상사고,0,1,0,0,차대사람 - 횡단중,안전운전불이행,젖음/습기,비,교차로 - 교차로안,승용,남,56세,상해없음,보행자,남,47세,중상
2021062200100578,2021년 6월 22일 23시,화요일,경상남도 창원시 진해구 남양동,경상사고,0,0,5,0,차대차 - 측면충돌,신호위반,건조,맑음,교차로 - 교차로안,승용,여,73세,경상,승용,남,57세,경상
2021062300100017,2021년 6월 23일 01시,수요일,경상남도 양산시 물금읍,경상사고,0,0,1,0,차대차 - 측면충돌,신호위반,건조,맑음,교차로 - 교차로부근,이륜,남,18세,경상,승용,남,22세,상해없음
2021062300100031,2021년 6월 23일 04시,수요일,경상남도 의령군 유곡면,중상사고,0,1,1,0,차대차 - 정면충돌,중앙선침범,젖음/습기,비,단일로 - 기타,화물,남,78세,상해없음,화물,남,68세,중상
2021062300100048,2021년 6월 23일 07시,수요일,경상남도 김해시 대동면,경상사고,0,0,1,0,차대차 - 기타,안전운전불이행,건조,맑음,단일로 - 기타,화물,남,56세,상해없음,승용,여,24세,경상
2021062300100055,2021년 6월 23일 07시,수요일,경상남도 김해시 안동,경상사고,0,0,2,0,차대차 - 측면충돌,기타,건조,맑음,교차로 - 교차로안,화물,남,39세,경상,승용,남,58세,경상
2021062300100056,2021년 6월 23일 07시,수요일,경상남도 양산시 남부동,경상사고,0,0,2,1,차대차 - 추돌,안전거리미확보,건조,흐림,단일로 - 기타,화물,남,85세,기타불명,승용,여,52세,경상
2021062300100057,2021년 6월 23일 07시,수요일,경상남도 김해시 내덕동,경상사고,0,0,2,0,차대차 - 정면충돌,중앙선침범,건조,맑음,단일로 - 기타,승용,여,44세,상해없음,승용,남,48세,경상
2021062300100083,2021년 6월 23일 08시,수요일,경상남도 양산시 북부동,경상사고,0,0,1,0,차대차 - 측면충돌,직진우회전진행방해,건조,맑음,교차로 - 교차로안,승용,여,33세,기타불명,승용,여,29세,경상
2021062300100109,2021년 6월 23일 09시,수요일,경상남도 진주시 금산면,중상사고,0,1,0,0,차대사람 - 기타,안전운전불이행,건조,맑음,단일로 - 기타,승용,여,67세,상해없음,보행자,남,58세,중상
2021062300100110,2021년 6월 23일 09시,수요일,경상남도 사천시 사천읍,경상사고,0,0,3,0,차대차 - 추돌,안전운전불이행,건조,맑음,단일로 - 기타,승용,여,50세,상해없음,승용,여,31세,경상
2021062300100111,2021년 6월 23일 09시,수요일,경상남도 창녕군 창녕읍,중상사고,0,1,0,0,차대차 - 기타,기타,건조,맑음,단일로 - 기타,승용,남,62세,상해없음,자전거,여,50세,중상
2021062300100112,2021년 6월 23일 09시,수요일,경상남도 창원시 성산구 남양동,경상사고,0,0,1,0,차대사람 - 횡단중,보행자보호의무위반,건조,맑음,교차로 - 교차로안,자전거,남,21세,상해없음,보행자,여,52세,경상
2021062300100139,2021년 6월 23일 10시,수요일,경상남도 밀양시 부북면,중상사고,0,1,0,0,차대사람 - 기타,안전운전불이행,건조,맑음,단일로 - 기타,화물,남,31세,상해없음,보행자,여,80세,중상
2021062300100140,2021년 6월 23일 10시,수요일,경상남도 함안군 산인면,경상사고,0,0,1,0,차대차 - 측면충돌,안전운전불이행,건조,맑음,교차로 - 교차로안,이륜,남,83세,경상,승용,남,65세,상해없음
2021062300100172,2021년 6월 23일 11시,수요일,경상남도 밀양시 교동,사망사고,1,0,0,0,차대차 - 측면충돌,안전운전불이행,건조,맑음,교차로 - 교차로부근,승용,남,48세,상해없음,이륜,남,78세,사망
2021062300100173,2021년 6월 23일 11시,수요일,경상남도 창원시 의창구 동읍,경상사고,0,0,1,0,차대차 - 측면충돌,안전운전불이행,건조,맑음,단일로 - 기타,화물,남,47세,상해없음,이륜,남,20세,경상
2021062300100198,2021년 6월 23일 12시,수요일,경상남도 남해군 남해읍,중상사고,0,1,0,1,차대차 - 측면충돌,안전운전불이행,건조,맑음,교차로 - 교차로안,승용,남,26세,부상신고,승용,여,29세,중상
2021062300100255,2021년 6월 23일 14시,수요일,경상남도 사천시 좌룡동,경상사고,0,0,2,0,차대차 - 추돌,안전운전불이행,젖음/습기,흐림,교차로 - 교차로부근,승용,여,55세,상해없음,승용,남,37세,경상
2021062300100256,2021년 6월 23일 14시,수요일,경상남도 김해시 생림면,경상사고,0,0,1,0,차대차 - 추돌,안전운전불이행,건조,맑음,단일로 - 기타,건설기계,남,59세,상해없음,화물,남,53세,경상
2021062300100257,2021년 6월 23일 14시,수요일,경상남도 양산시 물금읍,중상사고,0,1,0,0,차대사람 - 횡단중,보행자보호의무위반,건조,맑음,단일로 - 기타,승용,남,62세,상해없음,보행자,남,8세,중상
2021062300100258,2021년 6월 23일 14시,수요일,경상남도 거제시 고현동,경상사고,0,0,1,0,차대차 - 측면충돌,직진우회전진행방해,건조,맑음,교차로 - 교차로안,승용,남,63세,상해없음,승용,남,66세,경상
2021062300100286,2021년 6월 23일 15시,수요일,경상남도 통영시 광도면,경상사고,0,0,1,0,차대차 - 측면충돌,직진우회전진행방해,건조,맑음,교차로 - 교차로안,승용,여,47세,경상,승합,남,47세,기타불명
2021062300100287,2021년 6월 23일 15시,수요일,경상남도 통영시 무전동,경상사고,0,0,2,0,차대차 - 측면충돌,불법유턴,건조,맑음,교차로 - 교차로안,화물,남,61세,상해없음,이륜,남,17세,경상
2021062300100288,2021년 6월 23일 15시,수요일,경상남도 거제시 수월동,중상사고,0,1,1,0,차대차 - 추돌,안전거리미확보,건조,맑음,단일로 - 기타,화물,남,57세,상해없음,승용,남,33세,중상
2021062300100289,2021년 6월 23일 15시,수요일,경상남도 창원시 마산합포구 산호동,경상사고,0,0,1,0,차대차 - 기타,안전운전불이행,건조,맑음,단일로 - 기타,승용,여,28세,상해없음,자전거,여,10세,경상
2021062300100331,2021년 6월 23일 16시,수요일,경상남도 김해시 봉황동,경상사고,0,0,1,0,차대차 - 기타,안전운전불이행,건조,맑음,교차로 - 교차로횡단보도내,자전거,남,9세,경상,승용,여,64세,상해없음
2021062300100332,2021년 6월 23일 16시,수요일,경상남도 합천군 쌍책면,경상사고,0,0,2,0,차대차 - 측면충돌,중앙선침범,젖음/습기,비,교차로 - 교차로부근,화물,남,63세,상해없음,승용,여,74세,경상
2021062300100333,2021년 6월 23일 16시,수요일,경상남도 거제시 동부면,경상사고,0,0,1,1,차대차 - 정면충돌,교차로운행방법위반,건조,맑음,교차로 - 교차로안,승용,여,45세,부상신고,승용,여,54세,경상
2021062300100334,2021년 6월 23일 16시,수요일,경상남도 남해군 설천면,중상사고,0,1,0,0,차대사람 - 횡단중,보행자보호의무위반,건조,맑음,교차로 - 교차로안,화물,남,58세,상해없음,보행자,여,83세,중상
2021062300100375,2021년 6월 23일 17시,수요일,경상남도 통영시 도남동,중상사고,0,1,0,0,차대차 - 측면충돌,신호위반,건조,맑음,교차로 - 교차로안,승용,남,79세,상해없음,이륜,남,35세,중상
2021062300100411,2021년 6월 23일 18시,수요일,경상남도 창원시 진해구 용원동,경상사고,0,0,1,0,차대차 - 기타,안전운전불이행,건조,맑음,단일로 - 기타,승용,여,51세,상해없음,이륜,남,19세,경상
2021062300100412,2021년 6월 23일 18시,수요일,경상남도 창원시 의창구 동읍,경상사고,0,0,1,0,차대차 - 측면충돌,안전운전불이행,건조,맑음,교차로 - 교차로안,이륜,남,70세,상해없음,자전거,남,37세,경상
2021062300100441,2021년 6월 23일 19시,수요일,경상남도 거창군 가조면,중상사고,0,1,0,0,차대사람 - 기타,안전운전불이행,건조,맑음,단일로 - 기타,화물,남,59세,상해없음,보행자,남,13세,중상
2021062300100442,2021년 6월 23일 19시,수요일,경상남도 함양군 함양읍,부상신고사고,0,0,0,1,차대차 - 추돌,안전운전불이행,건조,맑음,교차로 - 교차로안,화물,남,62세,상해없음,자전거,남,77세,부상신고
2021062300100466,2021년 6월 23일 20시,수요일,경상남도 통영시 광도면,중상사고,0,1,0,0,차대사람 - 차도통행중,안전운전불이행,건조,맑음,단일로 - 기타,승용,여,61세,상해없음,보행자,여,85세,중상
2021062300100506,2021년 6월 23일 21시,수요일,경상남도 진주시 정촌면,중상사고,0,2,0,0,차대차 - 추돌,안전운전불이행,건조,맑음,교차로 - 교차로부근,승용,남,56세,상해없음,승용,남,46세,중상
2021062300100507,2021년 6월 23일 21시,수요일,경상남도 창원시 진해구 용원동,경상사고,0,0,2,0,차대차 - 기타,교차로운행방법위반,건조,맑음,교차로 - 교차로안,승용,남,51세,경상,이륜,남,40세,경상
2021062300100508,2021년 6월 23일 21시,수요일,경상남도 김해시 어방동,경상사고,0,0,1,0,차대차 - 기타,안전운전불이행,건조,맑음,교차로 - 교차로안,승용,남,37세,상해없음,이륜,남,32세,경상
2021062300100509,2021년 6월 23일 21시,수요일,경상남도 양산시 삼호동,경상사고,0,0,1,0,차대차 - 측면충돌,교차로운행방법위반,건조,맑음,교차로 - 교차로안,승용,여,52세,상해없음,승용,여,44세,경상
2021062300100510,2021년 6월 23일 21시,수요일,경상남도 김해시 진례면,경상사고,0,0,1,0,차량단독 - 기타,안전운전불이행,건조,맑음,단일로 - 기타,원동기,남,25세,경상,,,,
2021062300100555,2021년 6월 23일 23시,수요일,경상남도 사천시 향촌동,경상사고,0,0,2,0,차량단독 - 기타,안전운전불이행,건조,맑음,단일로 - 기타,승용,남,23세,경상,,,,
2021062300100556,2021년 6월 23일 23시,수요일,경상남도 양산시 명동,중상사고,0,1,0,0,차대차 - 기타,중앙선침범,건조,맑음,단일로 - 기타,승용,남,36세,상해없음,자전거,남,31세,중상
2021062400100023,2021년 6월 24일 02시,목요일,경상남도 진주시 상평동,중상사고,0,1,0,0,차대사람 - 횡단중,안전운전불이행,건조,맑음,교차로 - 교차로안,화물,남,64세,상해없음,보행자,남,69세,중상
2021062400100051,2021년 6월 24일 06시,목요일,경상남도 함양군 함양읍,중상사고,0,1,0,1,차량단독 - 공작물충돌,안전운전불이행,건조,맑음,단일로 - 기타,화물,남,31세,부상신고,,,,
2021062400100063,2021년 6월 24일 07시,목요일,경상남도 양산시 산막동,경상사고,0,0,1,0,차대차 - 기타,안전운전불이행,건조,맑음,단일로 - 기타,화물,남,48세,상해없음,승용,남,39세,경상
2021062400100079,2021년 6월 24일 07시,목요일,경상남도 함안군 군북면,중상사고,0,1,0,0,차대차 - 측면충돌,안전운전불이행,건조,맑음,교차로 - 교차로안,승용,남,52세,상해없음,승용,남,33세,중상
2021062400100092,2021년 6월 24일 08시,목요일,경상남도 양산시 상북면,경상사고,0,0,1,0,차대차 - 측면충돌,안전운전불이행,건조,맑음,단일로 - 기타,화물,남,40세,상해없음,승용,남,30세,경상
2021062400100187,2021년 6월 24일 10시,목요일,경상남도 사천시 서포면,경상사고,0,0,2,0,차대차 - 측면충돌,직진우회전진행방해,건조,맑음,교차로 - 교차로안,화물,남,47세,상해없음,화물,남,78세,경상
2021062400100188,2021년 6월 24일 10시,목요일,경상남도 남해군 창선면,중상사고,0,1,0,0,차대차 - 측면충돌,중앙선침범,건조,맑음,단일로 - 기타,승용,여,42세,상해없음,화물,남,62세,중상
2021062400100220,2021년 6월 24일 11시,목요일,경상남도 진주시 문산읍,경상사고,0,0,1,0,차대차 - 측면충돌,신호위반,건조,맑음,교차로 - 교차로안,화물,남,60세,상해없음,화물,남,74세,경상
2021062400100221,2021년 6월 24일 11시,목요일,경상남도 양산시 덕계동,경상사고,0,0,1,0,차대차 - 측면충돌,교차로운행방법위반,건조,맑음,단일로 - 기타,승용,남,34세,기타불명,승용,여,66세,상해없음
2021062400100259,2021년 6월 24일 12시,목요일,경상남도 창원시 진해구 용원동,경상사고,0,0,4,0,차대차 - 기타,기타,건조,맑음,교차로 - 교차로안,승용,남,43세,상해없음,승용,여,64세,경상
2021062400100292,2021년 6월 24일 13시,목요일,경상남도 거창군 거창읍,중상사고,0,1,0,0,차대차 - 추돌,안전거리미확보,건조,맑음,교차로 - 교차로부근,건설기계,남,48세,상해없음,화물,남,66세,중상
2021062400100293,2021년 6월 24일 13시,목요일,경상남도 거창군 거창읍,경상사고,0,0,1,0,차대차 - 측면충돌,중앙선침범,건조,맑음,단일로 - 기타,화물,남,56세,상해없음,자전거,남,67세,경상
2021062400100327,2021년 6월 24일 14시,목요일,경상남도 진주시 평거동,경상사고,0,0,1,0,차대사람 - 횡단중,안전운전불이행,건조,맑음,단일로 - 기타,승용,여,41세,상해없음,보행자,남,10세,경상
2021062400100328,2021년 6월 24일 14시,목요일,경상남도 남해군 남해읍,경상사고,0,0,1,0,차대차 - 측면충돌,교차로운행방법위반,건조,맑음,교차로 - 교차로안,승용,여,45세,상해없음,승용,남,71세,경상
2021062400100373,2021년 6월 24일 15시,목요일,경상남도 김해시 무계동,중상사고,0,1,0,0,차대사람 - 횡단중,안전운전불이행,건조,맑음,단일로 - 기타,승용,여,55세,상해없음,보행자,남,7세,중상
2021062400100407,2021년 6월 24일 16시,목요일,경상남도 양산시 평산동,경상사고,0,0,1,0,차대차 - 측면충돌,안전운전불이행,건조,맑음,단일로 - 기타,승용,여,42세,상해없음,승용,여,63세,경상