사고번호,사고일시,요일,시군구,사고내용,사망자수,중상자수,경상자수,부상신고자수,사고유형,법규위반,노면상태,기상상태,도로형태,가해운전자 차종,가해운전자 성별,가해운전자 연령,가해운전자 상해정도,피해운전자 차종,피해운전자 성별,피해운전자 연령,피해운전자 상해정도
2021062400100501,2021년 6월 24일 18시,목요일,경상남도 거제시 아주동,경상사고,0,0,1,0,차대사람 - 기타,안전운전불이행,건조,맑음,주차장 - 주차장,승용,여,40세,상해없음,보행자,남,6세,경상
2021062400100545,2021년 6월 24일 19시,목요일,경상남도 창원시 의창구 북면,경상사고,0,0,1,0,차대차 - 측면충돌,안전운전불이행,건조,맑음,교차로 - 교차로부근,승용,여,48세,기타불명,이륜,남,48세,경상
2021062400100546,2021년 6월 24일 19시,목요일,경상남도 창원시 의창구 대산면,경상사고,0,0,1,0,차대차 - 후진중충돌,안전운전불이행,건조,맑음,단일로 - 기타,화물,여,70세,상해없음,승용,여,42세,경상
2021062400100576,2021년 6월 24일 20시,목요일,경상남도 창원시 진해구 남문동,중상사고,0,1,1,0,차대차 - 기타,교차로운행방법위반,건조,맑음,교차로 - 교차로안,승용,여,49세,경상,승용,여,59세,중상
2021062400100601,2021년 6월 24일 21시,목요일,경상남도 김해시 신문동,경상사고,0,0,3,0,차대차 - 측면충돌,기타,건조,맑음,교차로 - 교차로부근,승용,남,28세,경상,승용,남,44세,경상
2021062400100639,2021년 6월 24일 22시,목요일,경상남도 창원시 성산구 대원동,경상사고,0,0,1,0,차대사람 - 횡단중,안전운전불이행,건조,맑음,단일로 - 기타,승용,남,52세,상해없음,보행자,남,58세,경상
2021062400100640,2021년 6월 24일 22시,목요일,경상남도 창원시 의창구 팔용동,사망사고,1,0,0,0,차대사람 - 횡단중,보행자보호의무위반,건조,맑음,교차로 - 교차로횡단보도내,승용,남,59세,상해없음,보행자,남,55세,사망
2021062400100668,2021년 6월 24일 23시,목요일,경상남도 양산시 남부동,중상사고,0,1,0,0,차대차 - 측면충돌,직진우회전진행방해,건조,맑음,교차로 - 교차로안,승용,남,46세,상해없음,이륜,남,38세,중상
2021062400100670,2021년 6월 24일 23시,목요일,경상남도 창원시 성산구 외동,중상사고,0,1,0,0,차대차 - 측면충돌,신호위반,건조,맑음,교차로 - 교차로안,승용,남,51세,상해없음,승용,남,32세,중상
2021062500100024,2021년 6월 25일 04시,금요일,경상남도 김해시 대성동,중상사고,0,1,0,0,차대사람 - 횡단중,안전운전불이행,건조,맑음,단일로 - 기타,승용,남,75세,상해없음,보행자,남,80세,중상
2021062500100025,2021년 6월 25일 04시,금요일,경상남도 김해시 안동,중상사고,0,2,0,0,차대차 - 측면충돌,신호위반,건조,맑음,교차로 - 교차로안,이륜,남,16세,중상,승합,남,30세,상해없음
2021062500100066,2021년 6월 25일 07시,금요일,경상남도 창원시 마산합포구 현동,경상사고,0,0,1,0,차대차 - 측면충돌,안전거리미확보,건조,맑음,단일로 - 기타,화물,남,65세,상해없음,승용,여,51세,경상
2021062500100067,2021년 6월 25일 07시,금요일,경상남도 양산시 북부동,경상사고,0,0,1,0,차대차 - 측면충돌,안전운전불이행,건조,맑음,단일로 - 기타,승용,여,40세,상해없음,화물,남,53세,경상
2021062500100100,2021년 6월 25일 08시,금요일,경상남도 사천시 벌리동,경상사고,0,0,2,0,차대차 - 측면충돌,직진우회전진행방해,건조,맑음,교차로 - 교차로안,승용,여,39세,상해없음,승용,여,34세,경상
2021062500100101,2021년 6월 25일 08시,금요일,경상남도 양산시 북정동,중상사고,0,1,0,0,차대차 - 측면충돌,안전운전불이행,건조,맑음,단일로 - 기타,자전거,남,30세,중상,승용,남,32세,상해없음
2021062500100152,2021년 6월 25일 09시,금요일,경상남도 창녕군 창녕읍,중상사고,0,1,0,0,차대차 - 기타,불법유턴,건조,맑음,단일로 - 기타,승용,여,35세,상해없음,이륜,남,51세,중상
2021062500100177,2021년 6월 25일 10시,금요일,경상남도 진주시 초전동,중상사고,0,1,0,0,차대차 - 기타,안전운전불이행,건조,맑음,교차로 - 교차로부근,승용,남,48세,상해없음,자전거,여,59세,중상
2021062500100178,2021년 6월 25일 10시,금요일,경상남도 밀양시 초동면,사망사고,1,3,0,0,차대차 - 측면충돌,안전운전불이행,건조,맑음,교차로 - 교차로안,화물,남,55세,기타불명,화물,남,75세,사망
2021062500100179,2021년 6월 25일 10시,금요일,경상남도 양산시 중부동,중상사고,0,4,0,0,차대차 - 정면충돌,중앙선침범,건조,맑음,단일로 - 기타,승용,남,66세,상해없음,승용,남,26세,중상
2021062500100212,2021년 6월 25일 11시,금요일,경상남도 거제시 아주동,중상사고,0,1,0,0,차대차 - 측면충돌,안전운전불이행,건조,맑음,교차로 - 교차로안,이륜,남,50세,중상,화물,남,49세,상해없음
2021062500100213,2021년 6월 25일 11시,금요일,경상남도 남해군 삼동면,경상사고,0,0,1,0,차대차 - 측면충돌,안전운전불이행,건조,맑음,단일로 - 기타,화물,남,45세,상해없음,원동기,남,20세,경상
2021062500100244,2021년 6월 25일 12시,금요일,경상남도 밀양시 삼랑진읍,사망사고,1,0,0,0,차량단독 - 공작물충돌,안전운전불이행,건조,맑음,단일로 - 기타,화물,남,67세,사망,,,,
2021062500100245,2021년 6월 25일 12시,금요일,경상남도 창녕군 창녕읍,경상사고,0,0,1,0,차대차 - 추돌,안전거리미확보,건조,맑음,단일로 - 기타,승용,여,32세,상해없음,자전거,남,86세,경상
2021062500100269,2021년 6월 25일 13시,금요일,경상남도 김해시 대동면,경상사고,0,0,1,0,차대차 - 기타,안전거리미확보,건조,맑음,단일로 - 기타,건설기계,남,60세,상해없음,화물,남,49세,경상
2021062500100283,2021년 6월 25일 13시,금요일,경상남도 창녕군 대합면,경상사고,0,0,1,0,차대사람 - 기타,교차로운행방법위반,건조,맑음,교차로 - 교차로안,건설기계,남,47세,상해없음,보행자,여,82세,경상
2021062500100320,2021년 6월 25일 14시,금요일,경상남도 창원시 마산합포구 진북면,경상사고,0,0,2,0,차대차 - 추돌,안전운전불이행,건조,맑음,단일로 - 기타,화물,남,72세,상해없음,승용,남,35세,경상
2021062500100321,2021년 6월 25일 14시,금요일,경상남도 통영시 문화동,부상신고사고,0,0,0,1,차대차 - 측면충돌,기타,건조,맑음,교차로 - 교차로안,이륜,남,24세,부상신고,승용,남,60세,상해없음
2021062500100322,2021년 6월 25일 14시,금요일,경상남도 밀양시 상남면,중상사고,0,1,1,0,차대차 - 추돌,안전운전불이행,건조,맑음,단일로 - 기타,화물,남,36세,상해없음,승용,여,63세,중상
2021062500100370,2021년 6월 25일 15시,금요일,경상남도 창원시 마산합포구 남성동,중상사고,0,1,0,0,차대사람 - 기타,교차로운행방법위반,건조,맑음,교차로 - 교차로안,승용,남,55세,상해없음,보행자,남,81세,중상
2021062500100371,2021년 6월 25일 15시,금요일,경상남도 남해군 남면,경상사고,0,0,4,0,차대차 - 측면충돌,중앙선침범,건조,맑음,단일로 - 기타,승용,여,61세,상해없음,승용,남,48세,경상
2021062500100413,2021년 6월 25일 16시,금요일,경상남도 거제시 연초면,경상사고,0,0,1,0,차대차 - 측면충돌,안전거리미확보,건조,맑음,단일로 - 기타,승용,여,47세,상해없음,승용,여,49세,경상
2021062500100414,2021년 6월 25일 16시,금요일,경상남도 거제시 고현동,경상사고,0,0,2,0,차대차 - 기타,안전거리미확보,건조,맑음,단일로 - 기타,승용,여,18세,상해없음,승용,여,38세,경상
2021062500100415,2021년 6월 25일 16시,금요일,경상남도 김해시 흥동,경상사고,0,0,2,0,차대차 - 추돌,안전운전불이행,건조,맑음,교차로 - 교차로부근,승용,여,57세,상해없음,승용,남,45세,경상
2021062500100472,2021년 6월 25일 17시,금요일,경상남도 통영시 정량동,중상사고,0,1,0,0,차대차 - 기타,안전운전불이행,건조,맑음,단일로 - 기타,승용,여,51세,상해없음,이륜,남,62세,중상
2021062500100473,2021년 6월 25일 17시,금요일,경상남도 통영시 광도면,경상사고,0,0,3,2,차대차 - 추돌,안전운전불이행,건조,맑음,단일로 - 기타,승용,남,48세,부상신고,승용,남,46세,경상
2021062500100474,2021년 6월 25일 17시,금요일,경상남도 거창군 거창읍,중상사고,0,1,0,0,차대차 - 측면충돌,안전운전불이행,건조,맑음,교차로 - 교차로안,승용,남,61세,상해없음,이륜,남,61세,중상
2021062500100533,2021년 6월 25일 18시,금요일,경상남도 진주시 문산읍,중상사고,0,1,0,0,차량단독 - 공작물충돌,안전운전불이행,건조,맑음,단일로 - 기타,승용,남,22세,상해없음,,,,
2021062500100534,2021년 6월 25일 18시,금요일,경상남도 통영시 도산면,중상사고,0,1,1,0,차대차 - 추돌,기타,건조,맑음,교차로 - 교차로안,승합,남,59세,상해없음,화물,남,63세,중상
2021062500100535,2021년 6월 25일 18시,금요일,경상남도 김해시 생림면,경상사고,0,0,1,0,차대차 - 기타,신호위반,건조,맑음,교차로 - 교차로안,승용,여,25세,기타불명,승용,여,50세,경상
2021062500100536,2021년 6월 25일 18시,금요일,경상남도 남해군 이동면,부상신고사고,0,0,0,1,차량단독 - 전도전복 - 전도,안전운전불이행,건조,맑음,단일로 - 기타,이륜,남,64세,부상신고,,,,
2021062500100634,2021년 6월 25일 21시,금요일,경상남도 창원시 마산합포구 남성동,중상사고,0,1,0,0,차대차 - 측면충돌,안전운전불이행,건조,맑음,단일로 - 기타,승합,남,70세,상해없음,승용,남,61세,상해없음
2021062500100635,2021년 6월 25일 21시,금요일,경상남도 통영시 무전동,경상사고,0,0,1,0,차대사람 - 기타,안전운전불이행,건조,맑음,교차로 - 교차로안,승용,남,58세,상해없음,보행자,여,59세,경상
2021062500100636,2021년 6월 25일 21시,금요일,경상남도 김해시 진영읍,중상사고,0,1,0,0,차대사람 - 횡단중,안전운전불이행,건조,맑음,단일로 - 기타,승용,여,41세,상해없음,보행자,남,73세,중상
2021062500100678,2021년 6월 25일 22시,금요일,경상남도 창원시 진해구 장천동,경상사고,0,0,1,0,차량단독 - 기타,안전운전불이행,기타,기타,단일로 - 기타,이륜,남,21세,기타불명,,,,
2021062500100696,2021년 6월 25일 23시,금요일,경상남도 창원시 마산합포구 진전면,부상신고사고,0,0,0,1,차량단독 - 전도전복 - 전도,안전운전불이행,건조,흐림,단일로 - 기타,이륜,남,24세,부상신고,,,,
2021062500100697,2021년 6월 25일 23시,금요일,경상남도 양산시 북정동,경상사고,0,0,1,1,차대차 - 추돌,안전운전불이행,건조,맑음,단일로 - 기타,승용,남,58세,상해없음,승용,남,46세,경상
2021062600100040,2021년 6월 26일 01시,토요일,경상남도 진주시 지수면,중상사고,0,4,1,0,차대차 - 추돌,안전운전불이행,건조,맑음,단일로 - 기타,승용,남,24세,중상,승용,남,61세,경상
2021062600100100,2021년 6월 26일 08시,토요일,경상남도 산청군 단성면,경상사고,0,0,1,0,차대차 - 추돌,안전운전불이행,건조,맑음,단일로 - 기타,승용,여,54세,상해없음,승용,남,66세,경상
2021062600100101,2021년 6월 26일 08시,토요일,경상남도 창원시 마산회원구 내서읍,중상사고,0,1,0,0,차량단독 - 공작물충돌,안전운전불이행,건조,맑음,단일로 - 기타,승용,남,66세,상해없음,,,,
2021062600100130,2021년 6월 26일 09시,토요일,경상남도 통영시 미수동,경상사고,0,0,1,0,차대차 - 기타,교차로운행방법위반,건조,맑음,교차로 - 교차로안,건설기계,남,60세,상해없음,화물,남,37세,경상
2021062600100167,2021년 6월 26일 10시,토요일,경상남도 사천시 벌리동,중상사고,0,1,0,0,차대차 - 후진중충돌,안전운전불이행,건조,맑음,교차로 - 교차로안,화물,남,66세,상해없음,승용,여,59세,중상
2021062600100201,2021년 6월 26일 11시,토요일,경상남도 김해시 부원동,경상사고,0,0,1,0,차대차 - 측면충돌,안전운전불이행,건조,맑음,단일로 - 기타,승용,여,57세,상해없음,이륜,남,78세,경상
2021062600100202,2021년 6월 26일 11시,토요일,경상남도 함안군 칠북면,부상신고사고,0,0,0,1,차량단독 - 전도전복 - 전도,안전운전불이행,건조,맑음,단일로 - 기타,건설기계,남,61세,부상신고,,,,
2021062600100239,2021년 6월 26일 12시,토요일,경상남도 창원시 성산구 상남동,경상사고,0,0,5,0,차대차 - 측면충돌,안전운전불이행,건조,맑음,교차로 - 교차로안,승용,여,28세,경상,승용,남,31세,경상
2021062600100240,2021년 6월 26일 12시,토요일,경상남도 김해시 진례면,중상사고,0,1,0,0,차대사람 - 기타,안전운전불이행,건조,맑음,교차로 - 교차로안,화물,남,39세,상해없음,보행자,여,78세,중상
2021062600100241,2021년 6월 26일 12시,토요일,경상남도 김해시 대청동,중상사고,0,1,0,0,차대차 - 측면충돌,기타,건조,맑음,기타 - 기타,특수,남,41세,상해없음,승용,남,61세,기타불명
2021062600100317,2021년 6월 26일 14시,토요일,경상남도 통영시 북신동,중상사고,0,1,2,0,차대차 - 측면충돌,안전운전불이행,건조,맑음,교차로 - 교차로안,승용,남,28세,상해없음,이륜,남,52세,중상
2021062600100318,2021년 6월 26일 14시,토요일,경상남도 양산시 평산동,경상사고,0,0,1,0,차대차 - 측면충돌,안전거리미확보,건조,맑음,단일로 - 기타,승용,여,69세,상해없음,승용,여,52세,상해없음
2021062600100319,2021년 6월 26일 14시,토요일,경상남도 김해시 부곡동,경상사고,0,0,1,0,차대차 - 측면충돌,중앙선침범,건조,맑음,단일로 - 기타,화물,남,38세,상해없음,승용,남,27세,경상
2021062600100352,2021년 6월 26일 15시,토요일,경상남도 거제시 사등면,경상사고,0,0,4,0,차대차 - 추돌,안전운전불이행,건조,맑음,단일로 - 기타,승용,남,42세,상해없음,승용,남,39세,경상
2021062600100381,2021년 6월 26일 16시,토요일,경상남도 사천시 사천읍,경상사고,0,0,1,0,차대차 - 측면충돌,안전운전불이행,건조,맑음,교차로 - 교차로부근,승용,남,66세,경상,화물,남,53세,상해없음
2021062600100382,2021년 6월 26일 16시,토요일,경상남도 김해시 생림면,경상사고,0,0,1,0,차대사람 - 기타,기타,건조,맑음,교차로 - 교차로부근,승용,남,55세,상해없음,보행자,남,48세,경상
2021062600100383,2021년 6월 26일 16시,토요일,경상남도 김해시 진영읍,부상신고사고,0,0,0,1,차대차 - 기타,안전운전불이행,건조,맑음,교차로 - 교차로부근,자전거,남,67세,부상신고,승용,여,57세,상해없음
2021062600100413,2021년 6월 26일 17시,토요일,경상남도 창원시 마산합포구 월영동,중상사고,0,1,0,0,차대사람 - 차도통행중,안전운전불이행,건조,맑음,교차로 - 교차로안,승용,남,41세,상해없음,보행자,남,17세,중상
2021062600100414,2021년 6월 26일 17시,토요일,경상남도 사천시 송포동,경상사고,0,0,1,0,차대차 - 측면충돌,신호위반,건조,맑음,교차로 - 교차로안,승용,남,40세,상해없음,승용,남,57세,경상
2021062600100415,2021년 6월 26일 17시,토요일,경상남도 양산시 동면,부상신고사고,0,0,0,1,차대차 - 측면충돌,기타,건조,맑음,교차로 - 교차로부근,승용,남,57세,상해없음,이륜,남,28세,부상신고
2021062600100416,2021년 6월 26일 17시,토요일,경상남도 창원시 의창구 팔용동,경상사고,0,0,3,0,차대차 - 측면충돌,안전운전불이행,건조,맑음,단일로 - 기타,건설기계,남,49세,상해없음,승용,남,27세,경상
2021062600100457,2021년 6월 26일 18시,토요일,경상남도 창원시 마산회원구 내서읍,중상사고,0,1,1,0,차대차 - 기타,기타,건조,맑음,교차로 - 교차로안,이륜,남,37세,중상,자전거,남,14세,경상
2021062600100520,2021년 6월 26일 20시,토요일,경상남도 양산시 신기동,경상사고,0,0,2,0,차대차 - 측면충돌,안전운전불이행,건조,맑음,단일로 - 기타,승용,남,49세,상해없음,승용,남,40세,경상
2021062600100531,2021년 6월 26일 20시,토요일,경상남도 통영시 북신동,중상사고,0,1,0,0,차대차 - 측면충돌,안전운전불이행,건조,맑음,단일로 - 기타,승용,남,72세,상해없음,이륜,남,28세,중상
2021062600100532,2021년 6월 26일 20시,토요일,경상남도 밀양시 내이동,중상사고,0,1,0,0,차대차 - 측면충돌,교차로운행방법위반,건조,맑음,교차로 - 교차로안,승용,남,56세,상해없음,자전거,여,35세,중상
2021062600100533,2021년 6월 26일 20시,토요일,경상남도 의령군 의령읍,경상사고,0,0,5,0,차대차 - 추돌,안전운전불이행,건조,맑음,교차로 - 교차로안,승용,남,59세,상해없음,승용,남,35세,경상
2021062600100597,2021년 6월 26일 22시,토요일,경상남도 양산시 물금읍,중상사고,0,1,0,0,차대차 - 측면충돌,안전운전불이행,건조,맑음,교차로 - 교차로부근,승용,남,33세,상해없음,이륜,남,22세,중상
2021062600100630,2021년 6월 26일 23시,토요일,경상남도 진주시 봉곡동,경상사고,0,0,1,0,차대차 - 추돌,안전운전불이행,건조,맑음,단일로 - 기타,이륜,남,27세,상해없음,승용,남,66세,경상
2021062600100631,2021년 6월 26일 23시,토요일,경상남도 김해시 내동,중상사고,0,1,2,0,차대차 - 추돌,안전운전불이행,건조,맑음,교차로 - 교차로부근,승용,남,57세,상해없음,승용,여,62세,중상
2021062600100632,2021년 6월 26일 23시,토요일,경상남도 거제시 고현동,경상사고,0,0,4,0,차대차 - 추돌,안전운전불이행,건조,맑음,기타 - 기타,화물,남,64세,상해없음,승용,남,34세,경상
2021062700100015,2021년 6월 27일 00시,일요일,경상남도 통영시 용남면,경상사고,0,0,1,1,차대차 - 측면충돌,교차로운행방법위반,건조,맑음,교차로 - 교차로안,승용,남,57세,상해없음,승용,여,42세,경상
2021062700100016,2021년 6월 27일 00시,일요일,경상남도 거제시 하청면,경상사고,0,0,3,0,차대차 - 측면충돌,신호위반,건조,맑음,교차로 - 교차로안,승합,남,18세,상해없음,화물,남,46세,경상
2021062700100056,2021년 6월 27일 04시,일요일,경상남도 창원시 진해구 용원동,중상사고,0,1,0,0,차대차 - 측면충돌,안전운전불이행,건조,맑음,단일로 - 기타,승용,남,28세,상해없음,승용,여,27세,중상
2021062700100102,2021년 6월 27일 09시,일요일,경상남도 사천시 대방동,경상사고,0,0,2,0,차대차 - 정면충돌,교차로운행방법위반,건조,맑음,교차로 - 교차로안,승용,여,62세,상해없음,승용,여,56세,경상
2021062700100103,2021년 6월 27일 09시,일요일,경상남도 김해시 대동면,중상사고,0,1,0,0,차대차 - 정면충돌,중앙선침범,건조,맑음,단일로 - 기타,자전거,남,65세,상해없음,자전거,여,65세,중상
2021062700100126,2021년 6월 27일 10시,일요일,경상남도 양산시 동면,경상사고,0,0,1,0,차대차 - 측면충돌,교차로운행방법위반,건조,맑음,기타 - 기타,승용,여,59세,상해없음,승용,여,27세,경상
2021062700100185,2021년 6월 27일 12시,일요일,경상남도 밀양시 부북면,부상신고사고,0,0,0,1,차량단독 - 공작물충돌,안전운전불이행,건조,맑음,교차로 - 교차로부근,원동기,남,60세,부상신고,,,,
2021062700100219,2021년 6월 27일 13시,일요일,경상남도 함안군 가야읍,중상사고,0,1,0,0,차대차 - 측면충돌,차로위반,건조,맑음,단일로 - 기타,승용,남,43세,상해없음,이륜,남,30세,중상
2021062700100251,2021년 6월 27일 14시,일요일,경상남도 창원시 마산합포구 월영동,경상사고,0,0,3,0,차대차 - 측면충돌,중앙선침범,건조,맑음,단일로 - 기타,승용,남,69세,상해없음,승용,남,56세,경상
2021062700100252,2021년 6월 27일 14시,일요일,경상남도 창녕군 남지읍,경상사고,0,0,2,0,차대차 - 측면충돌,신호위반,건조,맑음,교차로 - 교차로안,승용,남,64세,상해없음,승합,남,64세,경상
2021062700100282,2021년 6월 27일 15시,일요일,경상남도 김해시 무계동,부상신고사고,0,0,0,1,차대차 - 측면충돌,안전운전불이행,건조,맑음,교차로 - 교차로안,원동기,남,33세,부상신고,승합,남,52세,상해없음
2021062700100307,2021년 6월 27일 16시,일요일,경상남도 거창군 주상면,경상사고,0,0,1,0,차대차 - 기타,기타,건조,맑음,단일로 - 기타,화물,남,57세,상해없음,승용,여,57세,경상
2021062700100308,2021년 6월 27일 16시,일요일,경상남도 양산시 동면,경상사고,0,0,1,0,차대차 - 측면충돌,안전운전불이행,건조,맑음,기타 - 기타,승용,남,63세,상해없음,이륜,남,41세,경상
2021062700100309,2021년 6월 27일 16시,일요일,경상남도 의령군 의령읍,중상사고,0,1,0,0,차대차 - 측면충돌,안전운전불이행,건조,맑음,교차로 - 교차로안,승용,남,56세,상해없음,자전거,남,9세,중상
2021062700100342,2021년 6월 27일 17시,일요일,경상남도 통영시 도남동,경상사고,0,0,1,0,차대차 - 측면충돌,교차로운행방법위반,건조,맑음,교차로 - 교차로안,승용,남,61세,상해없음,승용,남,68세,상해없음
2021062700100343,2021년 6월 27일 17시,일요일,경상남도 양산시 북부동,경상사고,0,0,3,0,차대차 - 측면충돌,신호위반,건조,맑음,기타 - 기타,승용,여,63세,상해없음,승용,남,28세,경상
2021062700100385,2021년 6월 27일 18시,일요일,경상남도 양산시 물금읍,중상사고,0,1,0,0,차대차 - 측면충돌,신호위반,건조,맑음,기타 - 기타,승용,여,35세,상해없음,이륜,남,36세,중상
2021062700100386,2021년 6월 27일 18시,일요일,경상남도 창원시 성산구 중앙동,중상사고,0,1,0,0,차대차 - 측면충돌,신호위반,건조,맑음,교차로 - 교차로안,승용,남,52세,상해없음,이륜,남,39세,중상
2021062700100412,2021년 6월 27일 19시,일요일,경상남도 창녕군 장마면,경상사고,0,0,1,0,차대차 - 기타,안전운전불이행,건조,맑음,단일로 - 기타,화물,남,58세,상해없음,자전거,남,19세,경상
2021062700100413,2021년 6월 27일 19시,일요일,경상남도 창원시 의창구 팔용동,중상사고,0,1,1,0,차대차 - 측면충돌,신호위반,건조,맑음,교차로 - 교차로안,승용,남,62세,상해없음,승용,여,28세,중상
2021062700100437,2021년 6월 27일 20시,일요일,경상남도 김해시 신문동,중상사고,0,1,0,0,차대차 - 추돌,안전거리미확보,건조,맑음,단일로 - 기타,기타불명,기타불명,미분류,기타불명,화물,남,46세,중상
2021062700100502,2021년 6월 27일 23시,일요일,경상남도 김해시 외동,경상사고,0,0,5,0,차대차 - 기타,직진우회전진행방해,건조,맑음,교차로 - 교차로안,승용,남,48세,경상,승용,남,59세,경상
2021062800100008,2021년 6월 28일 00시,월요일,경상남도 창원시 성산구 성산동,경상사고,0,0,1,0,차대차 - 측면충돌,신호위반,건조,맑음,교차로 - 교차로안,승용,여,52세,상해없음,승용,남,31세,경상
2021062800100009,2021년 6월 28일 00시,월요일,경상남도 창원시 의창구 동읍,경상사고,0,0,2,0,차대차 - 측면충돌,안전운전불이행,건조,맑음,단일로 - 기타,승용,남,57세,상해없음,승용,남,23세,경상
2021062800100024,2021년 6월 28일 03시,월요일,경상남도 김해시 안동,경상사고,0,0,1,0,차대차 - 기타,기타,건조,맑음,교차로 - 교차로부근,승용,남,56세,상해없음,승용,남,71세,상해없음
2021062800100029,2021년 6월 28일 04시,월요일,경상남도 진주시 상대동,경상사고,0,0,1,0,차대차 - 기타,안전운전불이행,건조,흐림,교차로 - 교차로부근,승용,남,31세,상해없음,화물,남,58세,경상
2021062800100030,2021년 6월 28일 04시,월요일,경상남도 거창군 가조면,중상사고,0,1,0,0,차대차 - 기타,신호위반,건조,맑음,단일로 - 터널,화물,남,36세,상해없음,승용,남,26세,중상
2021062800100039,2021년 6월 28일 06시,월요일,경상남도 김해시 서상동,중상사고,0,1,0,0,차대차 - 측면충돌,신호위반,건조,맑음,교차로 - 교차로안,승용,남,64세,상해없음,자전거,남,81세,중상
2021062800100060,2021년 6월 28일 07시,월요일,경상남도 김해시 신문동,중상사고,0,1,1,0,차대차 - 측면충돌,안전운전불이행,건조,맑음,교차로 - 교차로안,승용,여,51세,경상,승용,남,44세,중상
2021062800100109,2021년 6월 28일 08시,월요일,경상남도 창원시 마산합포구 해운동,중상사고,0,1,0,0,차대사람 - 횡단중,안전운전불이행,건조,맑음,단일로 - 기타,승용,남,33세,상해없음,보행자,여,17세,중상
2021062800100143,2021년 6월 28일 09시,월요일,경상남도 창녕군 창녕읍,경상사고,0,0,2,0,차대차 - 추돌,안전운전불이행,건조,맑음,교차로 - 교차로부근,화물,남,25세,상해없음,승용,남,42세,경상
2021062800100144,2021년 6월 28일 09시,월요일,경상남도 거제시 양정동,경상사고,0,0,2,0,차대차 - 추돌,안전운전불이행,건조,맑음,단일로 - 기타,승용,여,47세,상해없음,승용,남,36세,경상
2021062800100145,2021년 6월 28일 09시,월요일,경상남도 창원시 의창구 중동,경상사고,0,0,2,0,차대차 - 측면충돌,신호위반,건조,맑음,교차로 - 교차로안,승용,남,41세,상해없음,승용,여,55세,경상
2021062800100188,2021년 6월 28일 10시,월요일,경상남도 통영시 산양읍,경상사고,0,0,1,0,차대차 - 측면충돌,중앙선침범,건조,맑음,기타 - 기타,화물,남,78세,상해없음,승용,남,59세,경상
2021062800100216,2021년 6월 28일 11시,월요일,경상남도 김해시 대성동,경상사고,0,0,1,0,차대사람 - 기타,안전운전불이행,건조,맑음,교차로 - 교차로안,승용,여,42세,상해없음,보행자,남,50세,경상
2021062800100250,2021년 6월 28일 12시,월요일,경상남도 김해시 내동,중상사고,0,1,0,0,차대사람 - 차도통행중,안전운전불이행,건조,흐림,단일로 - 기타,승용,남,66세,상해없음,보행자,여,54세,중상
2021062800100292,2021년 6월 28일 13시,월요일,경상남도 거제시 연초면,경상사고,0,0,3,0,차대차 - 추돌,안전운전불이행,건조,맑음,단일로 - 기타,화물,남,47세,상해없음,승용,남,55세,경상
2021062800100333,2021년 6월 28일 14시,월요일,경상남도 창원시 마산합포구 해운동,경상사고,0,0,1,0,차대차 - 추돌,안전운전불이행,건조,맑음,단일로 - 기타,승합,남,58세,상해없음,승용,여,41세,경상
2021062800100334,2021년 6월 28일 14시,월요일,경상남도 남해군 삼동면,경상사고,0,0,1,0,차대차 - 측면충돌,중앙선침범,건조,맑음,단일로 - 기타,승용,남,37세,상해없음,화물,남,67세,경상
2021062800100372,2021년 6월 28일 15시,월요일,경상남도 창원시 마산합포구 진전면,경상사고,0,0,1,0,차량단독 - 기타,안전운전불이행,건조,맑음,단일로 - 기타,이륜,남,76세,경상,,,,
2021062800100373,2021년 6월 28일 15시,월요일,경상남도 창원시 마산합포구 진북면,경상사고,0,0,2,0,차대차 - 측면충돌,안전운전불이행,건조,흐림,교차로 - 교차로안,화물,남,64세,경상,승용,여,39세,경상
2021062800100422,2021년 6월 28일 16시,월요일,경상남도 양산시 삼호동,경상사고,0,0,2,0,차대차 - 측면충돌,신호위반,건조,맑음,교차로 - 교차로안,승용,여,65세,상해없음,승용,남,77세,경상
2021062800100423,2021년 6월 28일 16시,월요일,경상남도 양산시 삼호동,중상사고,0,1,0,0,차대차 - 정면충돌,신호위반,건조,맑음,교차로 - 교차로안,승용,남,31세,상해없음,승합,남,56세,중상
2021062800100424,2021년 6월 28일 16시,월요일,경상남도 남해군 서면,경상사고,0,0,1,0,차대차 - 측면충돌,안전운전불이행,건조,맑음,단일로 - 기타,이륜,남,69세,경상,농기계,남,58세,상해없음
2021062800100463,2021년 6월 28일 17시,월요일,경상남도 창원시 성산구 상남동,경상사고,0,0,1,0,차대차 - 측면충돌,교차로운행방법위반,건조,맑음,교차로 - 교차로안,승용,남,46세,상해없음,승용,여,48세,경상
2021062800100516,2021년 6월 28일 18시,월요일,경상남도 창원시 마산합포구 남성동,경상사고,0,0,1,0,차대사람 - 횡단중,안전운전불이행,건조,흐림,단일로 - 기타,승용,남,37세,상해없음,보행자,남,69세,경상
2021062800100561,2021년 6월 28일 19시,월요일,경상남도 통영시 미수동,경상사고,0,0,1,0,차대차 - 후진중충돌,안전운전불이행,건조,맑음,기타 - 기타,승용,남,57세,상해없음,이륜,남,45세,경상