사고번호,사고일시,요일,시군구,사고내용,사망자수,중상자수,경상자수,부상신고자수,사고유형,법규위반,노면상태,기상상태,도로형태,가해운전자 차종,가해운전자 성별,가해운전자 연령,가해운전자 상해정도,피해운전자 차종,피해운전자 성별,피해운전자 연령,피해운전자 상해정도
2021062800100610,2021년 6월 28일 21시,월요일,경상남도 거제시 고현동,중상사고,0,1,0,0,차대사람 - 기타,안전운전불이행,건조,맑음,단일로 - 기타,승용,남,54세,상해없음,보행자,남,60세,중상
2021062800100611,2021년 6월 28일 21시,월요일,경상남도 창원시 의창구 도계동,경상사고,0,0,2,0,차대차 - 추돌,안전운전불이행,건조,맑음,교차로 - 교차로안,승용,남,53세,상해없음,승용,남,43세,경상
2021062800100634,2021년 6월 28일 22시,월요일,경상남도 통영시 항남동,경상사고,0,0,1,0,차대사람 - 횡단중,보행자보호의무위반,건조,맑음,교차로 - 교차로횡단보도내,승용,남,60세,상해없음,보행자,남,59세,경상
2021062900100029,2021년 6월 29일 05시,화요일,경상남도 창원시 성산구 남양동,경상사고,0,0,1,0,차대차 - 정면충돌,안전운전불이행,건조,맑음,단일로 - 기타,승용,남,35세,상해없음,승용,남,59세,경상
2021062900100055,2021년 6월 29일 07시,화요일,경상남도 김해시 풍유동,경상사고,0,0,1,0,차대차 - 측면충돌,안전거리미확보,건조,맑음,단일로 - 기타,화물,남,54세,상해없음,승용,남,28세,경상
2021062900100063,2021년 6월 29일 07시,화요일,경상남도 사천시 곤명면,경상사고,0,0,3,0,차대차 - 추돌,안전운전불이행,건조,맑음,단일로 - 기타,화물,남,38세,경상,화물,남,47세,상해없음
2021062900100096,2021년 6월 29일 08시,화요일,경상남도 창원시 진해구 용원동,중상사고,0,1,1,0,차대차 - 추돌,안전운전불이행,건조,맑음,교차로 - 교차로부근,화물,남,60세,상해없음,승용,남,54세,경상
2021062900100097,2021년 6월 29일 08시,화요일,경상남도 김해시 안동,중상사고,0,2,1,0,차대차 - 측면충돌,안전거리미확보,건조,맑음,단일로 - 기타,화물,남,36세,중상,승용,남,54세,경상
2021062900100098,2021년 6월 29일 08시,화요일,경상남도 김해시 삼방동,부상신고사고,0,0,0,1,차대차 - 측면충돌,안전운전불이행,건조,맑음,단일로 - 기타,승용,남,62세,상해없음,승용,남,57세,부상신고
2021062900100099,2021년 6월 29일 08시,화요일,경상남도 창원시 성산구 반림동,경상사고,0,0,1,0,차대차 - 기타,안전운전불이행,건조,맑음,단일로 - 기타,이륜,남,20세,상해없음,승용,남,58세,경상
2021062900100100,2021년 6월 29일 08시,화요일,경상남도 김해시 대청동,경상사고,0,0,1,0,차대차 - 추돌,안전운전불이행,건조,맑음,단일로 - 기타,화물,남,54세,상해없음,화물,남,57세,경상
2021062900100132,2021년 6월 29일 09시,화요일,경상남도 사천시 사천읍,경상사고,0,0,1,0,차대차 - 정면충돌,안전운전불이행,건조,맑음,단일로 - 기타,화물,남,59세,상해없음,승용,여,47세,경상
2021062900100133,2021년 6월 29일 09시,화요일,경상남도 양산시 주남동,중상사고,0,1,0,0,차대차 - 측면충돌,안전운전불이행,건조,맑음,주차장 - 주차장,승용,남,72세,상해없음,승용,남,38세,중상
2021062900100134,2021년 6월 29일 09시,화요일,경상남도 창원시 마산회원구 석전동,경상사고,0,0,1,0,차대차 - 추돌,안전운전불이행,건조,맑음,교차로 - 교차로부근,승용,남,69세,상해없음,화물,남,60세,경상
2021062900100167,2021년 6월 29일 10시,화요일,경상남도 거창군 거창읍,중상사고,0,1,0,0,차대차 - 측면충돌,안전운전불이행,건조,맑음,교차로 - 교차로안,승용,남,77세,상해없음,이륜,남,70세,중상
2021062900100168,2021년 6월 29일 10시,화요일,경상남도 거제시 아양동,경상사고,0,0,2,0,차대차 - 측면충돌,신호위반,건조,맑음,교차로 - 교차로안,승용,남,31세,상해없음,승용,남,33세,경상
2021062900100203,2021년 6월 29일 11시,화요일,경상남도 양산시 하북면,경상사고,0,0,1,0,차대차 - 측면충돌,교차로운행방법위반,건조,맑음,교차로 - 교차로안,승용,남,74세,상해없음,승용,여,54세,경상
2021062900100204,2021년 6월 29일 11시,화요일,경상남도 거제시 아주동,중상사고,0,1,0,0,차대사람 - 횡단중,보행자보호의무위반,건조,맑음,교차로 - 교차로횡단보도내,승용,여,41세,상해없음,보행자,여,8세,중상
2021062900100227,2021년 6월 29일 12시,화요일,경상남도 거창군 거창읍,경상사고,0,0,3,0,차대차 - 기타,안전운전불이행,건조,맑음,기타 - 기타,승용,남,66세,상해없음,승용,남,42세,경상
2021062900100228,2021년 6월 29일 12시,화요일,경상남도 양산시 동면,경상사고,0,0,1,0,차대차 - 측면충돌,신호위반,건조,맑음,단일로 - 기타,승용,여,55세,상해없음,승용,남,40세,경상
2021062900100304,2021년 6월 29일 14시,화요일,경상남도 창녕군 남지읍,경상사고,0,0,2,0,차대차 - 기타,안전운전불이행,건조,맑음,단일로 - 기타,화물,남,57세,상해없음,승용,남,48세,경상
2021062900100345,2021년 6월 29일 15시,화요일,경상남도 양산시 주진동,중상사고,0,1,0,0,차대사람 - 기타,신호위반,건조,맑음,교차로 - 교차로횡단보도내,이륜,남,44세,상해없음,보행자,여,72세,중상
2021062900100346,2021년 6월 29일 15시,화요일,경상남도 창원시 성산구 외동,경상사고,0,0,1,0,차대차 - 측면충돌,중앙선침범,건조,맑음,교차로 - 교차로부근,승용,남,55세,상해없음,승용,여,44세,경상
2021062900100446,2021년 6월 29일 17시,화요일,경상남도 양산시 물금읍,경상사고,0,0,2,0,차대차 - 측면충돌,안전거리미확보,건조,맑음,단일로 - 기타,승용,남,86세,경상,승용,남,22세,경상
2021062900100447,2021년 6월 29일 17시,화요일,경상남도 함안군 대산면,경상사고,0,0,1,0,차대차 - 측면충돌,교차로운행방법위반,건조,맑음,교차로 - 교차로안,화물,남,72세,상해없음,이륜,남,64세,경상
2021062900100505,2021년 6월 29일 18시,화요일,경상남도 창원시 마산합포구 교원동,중상사고,0,1,0,0,차대사람 - 횡단중,보행자보호의무위반,건조,맑음,교차로 - 교차로횡단보도내,승용,남,44세,상해없음,보행자,여,25세,중상
2021062900100506,2021년 6월 29일 18시,화요일,경상남도 창원시 마산합포구 장군동5가,경상사고,0,0,1,0,차대차 - 측면충돌,안전운전불이행,건조,맑음,교차로 - 교차로부근,이륜,남,63세,경상,승용,여,46세,상해없음
2021062900100507,2021년 6월 29일 18시,화요일,경상남도 창원시 진해구 석동,경상사고,0,0,1,0,차대차 - 측면충돌,안전운전불이행,건조,맑음,단일로 - 기타,이륜,남,26세,상해없음,승용,남,39세,경상
2021062900100508,2021년 6월 29일 18시,화요일,경상남도 통영시 도남동,중상사고,0,1,0,0,차대차 - 추돌,안전운전불이행,건조,맑음,단일로 - 기타,화물,남,60세,기타불명,승용,여,42세,중상
2021062900100509,2021년 6월 29일 18시,화요일,경상남도 밀양시 내이동,중상사고,0,1,0,0,차대차 - 측면충돌,중앙선침범,건조,맑음,단일로 - 기타,승용,여,26세,상해없음,승용,여,47세,중상
2021062900100510,2021년 6월 29일 18시,화요일,경상남도 김해시 대동면,경상사고,0,0,4,0,차대차 - 추돌,안전운전불이행,건조,흐림,단일로 - 기타,승용,남,25세,상해없음,승용,남,32세,경상
2021062900100511,2021년 6월 29일 18시,화요일,경상남도 거창군 거창읍,경상사고,0,0,1,0,차대사람 - 횡단중,안전운전불이행,건조,맑음,교차로 - 교차로안,이륜,남,24세,상해없음,보행자,여,42세,경상
2021062900100548,2021년 6월 29일 19시,화요일,경상남도 통영시 북신동,사망사고,1,0,0,0,차대사람 - 횡단중,안전운전불이행,건조,맑음,단일로 - 기타,이륜,남,26세,상해없음,보행자,여,83세,사망
2021062900100549,2021년 6월 29일 19시,화요일,경상남도 사천시 벌리동,중상사고,0,1,0,0,차대차 - 측면충돌,안전운전불이행,건조,맑음,교차로 - 교차로안,승용,남,55세,상해없음,이륜,남,36세,중상
2021062900100605,2021년 6월 29일 21시,화요일,경상남도 창원시 의창구 북면,중상사고,0,1,0,0,차대차 - 측면충돌,신호위반,건조,맑음,교차로 - 교차로안,승용,남,27세,상해없음,승용,여,50세,중상
2021062900100643,2021년 6월 29일 23시,화요일,경상남도 창원시 의창구 동정동,경상사고,0,0,1,0,차대차 - 측면충돌,안전운전불이행,건조,맑음,단일로 - 기타,승용,남,37세,상해없음,승용,남,30세,경상
2021063000100036,2021년 6월 30일 05시,수요일,경상남도 창원시 마산합포구 상남동,중상사고,0,1,0,0,차대차 - 측면충돌,신호위반,건조,맑음,교차로 - 교차로안,승용,여,62세,상해없음,승용,남,55세,중상
2021063000100066,2021년 6월 30일 07시,수요일,경상남도 함양군 함양읍,경상사고,0,0,1,0,차대차 - 후진중충돌,안전운전불이행,건조,맑음,단일로 - 지하차도(도로)내,화물,남,63세,상해없음,승용,남,44세,경상
2021063000100067,2021년 6월 30일 07시,수요일,경상남도 거제시 연초면,경상사고,0,0,1,0,차량단독 - 공작물충돌,안전운전불이행,건조,맑음,단일로 - 기타,이륜,남,61세,경상,,,,
2021063000100101,2021년 6월 30일 08시,수요일,경상남도 김해시 상동면,중상사고,0,1,0,0,차대차 - 정면충돌,안전운전불이행,건조,맑음,단일로 - 기타,화물,남,54세,상해없음,승용,여,28세,중상
2021063000100102,2021년 6월 30일 08시,수요일,경상남도 합천군 가야면,경상사고,0,0,1,0,차대사람 - 횡단중,안전운전불이행,건조,맑음,교차로 - 교차로부근,승용,여,48세,상해없음,보행자,남,1세,경상
2021063000100103,2021년 6월 30일 08시,수요일,경상남도 거제시 하청면,중상사고,0,1,0,0,차대차 - 기타,중앙선침범,건조,맑음,단일로 - 기타,승용,여,65세,상해없음,승용,여,50세,중상
2021063000100104,2021년 6월 30일 08시,수요일,경상남도 산청군 신안면,경상사고,0,0,1,0,차대사람 - 기타,안전운전불이행,건조,맑음,단일로 - 기타,건설기계,남,38세,상해없음,보행자,남,41세,경상
2021063000100105,2021년 6월 30일 08시,수요일,경상남도 창원시 의창구 팔용동,경상사고,0,0,1,0,차대사람 - 기타,안전운전불이행,건조,맑음,교차로 - 교차로안,승용,남,42세,상해없음,보행자,남,49세,경상
2021063000100138,2021년 6월 30일 09시,수요일,경상남도 창원시 마산합포구 신월동,중상사고,0,1,0,0,차대차 - 추돌,안전운전불이행,건조,맑음,단일로 - 기타,승용,남,81세,상해없음,개인형이동수단(PM),남,27세,중상
2021063000100139,2021년 6월 30일 09시,수요일,경상남도 김해시 부원동,중상사고,0,1,1,0,차대차 - 추돌,안전운전불이행,건조,맑음,단일로 - 기타,승용,여,53세,기타불명,승용,여,28세,경상
2021063000100140,2021년 6월 30일 09시,수요일,경상남도 창원시 성산구 신월동,경상사고,0,0,1,0,차대차 - 측면충돌,신호위반,건조,맑음,교차로 - 교차로안,화물,남,61세,상해없음,승용,남,60세,경상
2021063000100169,2021년 6월 30일 10시,수요일,경상남도 진주시 가좌동,중상사고,0,1,0,0,차대사람 - 기타,안전운전불이행,건조,맑음,단일로 - 기타,화물,남,69세,상해없음,보행자,여,78세,중상
2021063000100170,2021년 6월 30일 10시,수요일,경상남도 진주시 사봉면,중상사고,0,1,0,0,차대차 - 기타,신호위반,건조,맑음,교차로 - 교차로안,화물,남,49세,상해없음,승용,남,66세,중상
2021063000100171,2021년 6월 30일 10시,수요일,경상남도 창원시 진해구 경화동,경상사고,0,0,1,0,차대차 - 측면충돌,안전거리미확보,건조,맑음,단일로 - 기타,특수,남,50세,상해없음,승용,여,45세,경상
2021063000100172,2021년 6월 30일 10시,수요일,경상남도 김해시 생림면,경상사고,0,0,2,0,차대차 - 추돌,안전운전불이행,건조,맑음,단일로 - 기타,화물,남,55세,상해없음,화물,남,44세,경상
2021063000100199,2021년 6월 30일 11시,수요일,경상남도 창원시 마산합포구 중앙동3가,중상사고,0,2,1,0,차대차 - 측면충돌,안전운전불이행,건조,맑음,교차로 - 교차로부근,승용,여,63세,중상,승합,남,58세,상해없음
2021063000100200,2021년 6월 30일 11시,수요일,경상남도 의령군 부림면,중상사고,0,2,0,0,차대차 - 측면충돌,중앙선침범,건조,맑음,단일로 - 기타,원동기,남,82세,중상,승용,남,70세,상해없음
2021063000100240,2021년 6월 30일 12시,수요일,경상남도 거창군 거창읍,경상사고,0,0,2,0,차대차 - 측면충돌,중앙선침범,건조,맑음,단일로 - 기타,승용,남,77세,경상,승용,여,46세,경상
2021063000100241,2021년 6월 30일 12시,수요일,경상남도 양산시 물금읍,경상사고,0,0,1,1,차대차 - 측면충돌,안전운전불이행,건조,맑음,교차로 - 교차로안,승용,여,62세,경상,승용,여,64세,부상신고
2021063000100242,2021년 6월 30일 12시,수요일,경상남도 양산시 물금읍,경상사고,0,0,1,0,차대차 - 측면충돌,안전운전불이행,건조,맑음,단일로 - 기타,승용,여,43세,상해없음,이륜,남,37세,경상
2021063000100243,2021년 6월 30일 12시,수요일,경상남도 김해시 대청동,경상사고,0,0,2,0,차대차 - 측면충돌,신호위반,건조,맑음,교차로 - 교차로안,승용,남,81세,상해없음,승용,여,42세,경상
2021063000100277,2021년 6월 30일 13시,수요일,경상남도 합천군 삼가면,중상사고,0,1,0,0,차량단독 - 공작물충돌,안전운전불이행,건조,맑음,단일로 - 기타,농기계,남,70세,중상,,,,
2021063000100278,2021년 6월 30일 13시,수요일,경상남도 양산시 소주동,경상사고,0,0,1,0,차대차 - 측면충돌,교차로운행방법위반,건조,맑음,교차로 - 교차로안,이륜,남,55세,경상,화물,남,41세,상해없음
2021063000100279,2021년 6월 30일 13시,수요일,경상남도 고성군 고성읍,중상사고,0,1,0,0,차대차 - 추돌,안전거리미확보,건조,맑음,교차로 - 교차로안,승합,남,54세,상해없음,승용,남,75세,상해없음
2021063000100317,2021년 6월 30일 14시,수요일,경상남도 밀양시 삼문동,경상사고,0,0,1,0,차대차 - 측면충돌,안전운전불이행,건조,맑음,교차로 - 교차로부근,건설기계,남,61세,상해없음,승용,여,56세,경상
2021063000100358,2021년 6월 30일 15시,수요일,경상남도 창원시 마산합포구 신포동2가,중상사고,0,1,1,0,차대차 - 추돌,안전거리미확보,건조,맑음,단일로 - 기타,화물,남,61세,상해없음,화물,남,72세,중상
2021063000100402,2021년 6월 30일 16시,수요일,경상남도 함안군 칠북면,경상사고,0,0,1,0,차대차 - 측면충돌,안전운전불이행,건조,맑음,단일로 - 기타,승용,남,79세,경상,화물,남,53세,상해없음
2021063000100403,2021년 6월 30일 16시,수요일,경상남도 창원시 마산회원구 양덕동,중상사고,0,1,2,0,차대차 - 측면충돌,중앙선침범,건조,맑음,교차로 - 교차로부근,승용,남,48세,상해없음,승용,남,69세,경상
2021063000100448,2021년 6월 30일 17시,수요일,경상남도 진주시 호탄동,중상사고,0,1,0,0,차대차 - 기타,신호위반,건조,맑음,교차로 - 교차로부근,승용,여,21세,상해없음,이륜,남,39세,중상
2021063000100449,2021년 6월 30일 17시,수요일,경상남도 김해시 삼방동,경상사고,0,0,1,0,차대사람 - 기타,안전운전불이행,건조,맑음,교차로 - 교차로안,화물,남,51세,상해없음,보행자,여,46세,경상
2021063000100450,2021년 6월 30일 17시,수요일,경상남도 거제시 아주동,경상사고,0,0,1,0,차대차 - 기타,직진우회전진행방해,건조,맑음,교차로 - 교차로안,승용,여,31세,상해없음,이륜,남,38세,경상
2021063000100451,2021년 6월 30일 17시,수요일,경상남도 창원시 의창구 중동,경상사고,0,0,1,0,차대차 - 측면충돌,신호위반,건조,맑음,단일로 - 기타,이륜,남,29세,상해없음,이륜,남,25세,경상
2021063000100452,2021년 6월 30일 17시,수요일,경상남도 김해시 한림면,경상사고,0,0,2,0,차대차 - 후진중충돌,안전운전불이행,건조,맑음,교차로 - 교차로부근,승용,남,37세,상해없음,승용,남,30세,경상
2021063000100505,2021년 6월 30일 18시,수요일,경상남도 함안군 칠서면,중상사고,0,2,2,0,차대차 - 추돌,안전운전불이행,건조,맑음,교차로 - 교차로안,승용,여,59세,중상,승용,남,55세,중상
2021063000100530,2021년 6월 30일 19시,수요일,경상남도 고성군 회화면,경상사고,0,0,1,0,차대차 - 추돌,안전운전불이행,건조,맑음,단일로 - 기타,승용,남,64세,상해없음,화물,여,61세,경상
2021063000100531,2021년 6월 30일 19시,수요일,경상남도 창원시 성산구 신월동,부상신고사고,0,0,0,1,차대사람 - 기타,안전운전불이행,건조,맑음,단일로 - 기타,승용,남,31세,상해없음,보행자,여,60세,부상신고
2021063000100532,2021년 6월 30일 19시,수요일,경상남도 김해시 한림면,중상사고,0,1,0,0,차대사람 - 기타,안전운전불이행,건조,맑음,주차장 - 주차장,승용,여,61세,상해없음,보행자,남,8세,중상
2021063000100563,2021년 6월 30일 20시,수요일,경상남도 거제시 고현동,경상사고,0,0,1,0,차대사람 - 기타,안전운전불이행,건조,맑음,기타 - 기타,승용,남,55세,상해없음,보행자,여,36세,경상
2021063000100589,2021년 6월 30일 21시,수요일,경상남도 창원시 성산구 반지동,경상사고,0,0,1,0,차대차 - 측면충돌,안전운전불이행,건조,맑음,교차로 - 교차로안,승용,여,29세,상해없음,승용,남,57세,경상
2021063000100633,2021년 6월 30일 23시,수요일,경상남도 진주시 정촌면,중상사고,0,1,1,0,차대차 - 기타,안전운전불이행,건조,맑음,교차로 - 교차로부근,승용,남,52세,상해없음,승용,남,32세,중상
2021063000100634,2021년 6월 30일 23시,수요일,경상남도 양산시 동면,경상사고,0,0,1,0,차대차 - 추돌,안전운전불이행,건조,맑음,단일로 - 기타,승용,남,44세,상해없음,화물,남,50세,경상
2021070100100005,2021년 7월 1일 00시,목요일,경상남도 김해시 부원동,경상사고,0,0,2,0,차대차 - 추돌,안전운전불이행,건조,맑음,교차로 - 교차로부근,승용,남,49세,상해없음,승용,여,50세,경상
2021070100100018,2021년 7월 1일 03시,목요일,경상남도 진주시 충무공동,사망사고,1,0,0,0,차대차 - 기타,안전운전불이행,건조,맑음,단일로 - 기타,이륜,남,26세,사망,특수,남,54세,상해없음
2021070100100023,2021년 7월 1일 04시,목요일,경상남도 산청군 산청읍,중상사고,0,1,0,0,차대차 - 측면충돌,교차로운행방법위반,건조,맑음,교차로 - 교차로안,승용,남,65세,상해없음,승용,여,30세,상해없음
2021070100100029,2021년 7월 1일 05시,목요일,경상남도 창원시 성산구 상남동,부상신고사고,0,0,0,1,차대사람 - 횡단중,안전운전불이행,건조,맑음,교차로 - 교차로안,승용,남,51세,상해없음,보행자,여,21세,부상신고
2021070100100030,2021년 7월 1일 05시,목요일,경상남도 창원시 마산회원구 합성동,경상사고,0,0,3,0,차대차 - 측면충돌,안전운전불이행,건조,기타,교차로 - 교차로안,승용,남,26세,상해없음,승용,남,72세,경상
2021070100100065,2021년 7월 1일 07시,목요일,경상남도 사천시 사남면,중상사고,0,1,1,0,차대차 - 측면충돌,안전거리미확보,건조,맑음,교차로 - 교차로안,승용,남,48세,상해없음,이륜,남,28세,중상
2021070100100066,2021년 7월 1일 07시,목요일,경상남도 양산시 신기동,경상사고,0,0,1,0,차대차 - 측면충돌,안전운전불이행,건조,맑음,교차로 - 교차로안,승합,남,58세,상해없음,승용,남,52세,경상
2021070100100108,2021년 7월 1일 08시,목요일,경상남도 통영시 용남면,경상사고,0,0,1,0,차대차 - 추돌,안전거리미확보,건조,맑음,기타 - 기타,승용,여,38세,상해없음,승용,남,67세,경상
2021070100100139,2021년 7월 1일 09시,목요일,경상남도 거창군 가조면,경상사고,0,0,1,0,차대차 - 측면충돌,신호위반,건조,맑음,교차로 - 교차로안,이륜,남,84세,경상,화물,남,60세,상해없음
2021070100100201,2021년 7월 1일 11시,목요일,경상남도 창녕군 영산면,중상사고,0,1,0,0,차대사람 - 기타,안전운전불이행,건조,맑음,단일로 - 기타,승용,남,60세,상해없음,보행자,남,67세,중상
2021070100100274,2021년 7월 1일 13시,목요일,경상남도 창녕군 창녕읍,중상사고,0,4,1,0,차대차 - 추돌,안전운전불이행,건조,맑음,단일로 - 기타,화물,남,52세,중상,화물,남,30세,중상
2021070100100275,2021년 7월 1일 13시,목요일,경상남도 남해군 남해읍,중상사고,0,1,0,0,차대차 - 측면충돌,교차로운행방법위반,건조,맑음,교차로 - 교차로안,이륜,여,66세,중상,승용,여,22세,상해없음
2021070100100276,2021년 7월 1일 13시,목요일,경상남도 창원시 성산구 가음정동,중상사고,0,1,0,0,차대차 - 측면충돌,안전운전불이행,건조,맑음,단일로 - 기타,승용,여,42세,상해없음,승용,여,31세,중상
2021070100100307,2021년 7월 1일 14시,목요일,경상남도 김해시 부원동,중상사고,0,1,0,0,차대차 - 측면충돌,신호위반,건조,맑음,교차로 - 교차로안,승용,남,25세,상해없음,이륜,남,49세,중상
2021070100100308,2021년 7월 1일 14시,목요일,경상남도 양산시 삼호동,경상사고,0,0,1,0,차대차 - 후진중충돌,안전운전불이행,건조,맑음,단일로 - 기타,승용,남,32세,상해없음,화물,남,29세,경상
2021070100100381,2021년 7월 1일 16시,목요일,경상남도 창원시 진해구 풍호동,중상사고,0,1,0,0,차대사람 - 기타,안전운전불이행,건조,맑음,단일로 - 기타,승합,여,36세,상해없음,보행자,남,3세,중상
2021070100100382,2021년 7월 1일 16시,목요일,경상남도 창원시 진해구 청안동,경상사고,0,0,1,0,차대차 - 기타,직진우회전진행방해,건조,맑음,교차로 - 교차로안,승용,여,52세,상해없음,자전거,남,8세,경상
2021070100100427,2021년 7월 1일 17시,목요일,경상남도 밀양시 삼문동,중상사고,0,1,0,0,차대차 - 측면충돌,안전운전불이행,건조,맑음,교차로 - 교차로안,승용,남,46세,상해없음,자전거,남,63세,중상
2021070100100428,2021년 7월 1일 17시,목요일,경상남도 밀양시 산외면,경상사고,0,0,1,0,차대차 - 측면충돌,기타,건조,맑음,교차로 - 교차로안,승용,여,58세,상해없음,이륜,남,68세,경상
2021070100100429,2021년 7월 1일 17시,목요일,경상남도 양산시 동면,중상사고,0,1,0,0,차대차 - 측면충돌,안전운전불이행,건조,맑음,단일로 - 기타,자전거,남,40세,상해없음,자전거,남,88세,중상
2021070100100480,2021년 7월 1일 18시,목요일,경상남도 밀양시 내이동,경상사고,0,0,3,0,차대차 - 측면충돌,신호위반,건조,흐림,교차로 - 교차로안,이륜,남,22세,경상,승용,여,49세,경상
2021070100100481,2021년 7월 1일 18시,목요일,경상남도 김해시 외동,경상사고,0,0,1,0,차대사람 - 횡단중,보행자보호의무위반,건조,흐림,교차로 - 교차로횡단보도내,승용,남,36세,상해없음,보행자,남,13세,경상
2021070100100483,2021년 7월 1일 18시,목요일,경상남도 거창군 거창읍,중상사고,0,1,1,0,차대차 - 측면충돌,중앙선침범,건조,맑음,단일로 - 기타,승용,여,58세,상해없음,승용,여,63세,중상
2021070100100484,2021년 7월 1일 18시,목요일,경상남도 거제시 사등면,경상사고,0,0,1,0,차대차 - 추돌,안전거리미확보,건조,맑음,단일로 - 기타,이륜,남,61세,경상,승용,여,45세,상해없음
2021070100100485,2021년 7월 1일 18시,목요일,경상남도 창원시 마산회원구 양덕동,중상사고,0,1,0,0,차대사람 - 기타,안전운전불이행,건조,맑음,단일로 - 기타,자전거,남,12세,상해없음,보행자,여,64세,중상
2021070100100528,2021년 7월 1일 19시,목요일,경상남도 창원시 진해구 이동,경상사고,0,0,2,0,차대차 - 기타,교차로운행방법위반,건조,맑음,교차로 - 교차로안,승용,여,62세,상해없음,승용,여,57세,경상
2021070100100585,2021년 7월 1일 21시,목요일,경상남도 김해시 봉황동,경상사고,0,0,1,0,차대차 - 측면충돌,안전운전불이행,건조,맑음,교차로 - 교차로안,화물,남,74세,상해없음,자전거,남,75세,경상
2021070200100024,2021년 7월 2일 02시,금요일,경상남도 사천시 향촌동,경상사고,0,0,1,0,차량단독 - 공작물충돌,안전운전불이행,건조,맑음,단일로 - 기타,승용,남,72세,상해없음,,,,
2021070200100029,2021년 7월 2일 03시,금요일,경상남도 창원시 진해구 안골동,중상사고,0,1,0,0,차량단독 - 공작물충돌,안전운전불이행,건조,맑음,단일로 - 기타,승용,남,34세,중상,,,,
2021070200100034,2021년 7월 2일 04시,금요일,경상남도 김해시 생림면,중상사고,0,1,0,0,차량단독 - 전도전복 - 전도,안전운전불이행,건조,맑음,단일로 - 기타,이륜,남,28세,중상,,,,
2021070200100035,2021년 7월 2일 04시,금요일,경상남도 김해시 불암동,경상사고,0,0,3,0,차대차 - 추돌,안전운전불이행,건조,맑음,단일로 - 기타,승용,남,31세,상해없음,승용,남,68세,경상
2021070200100036,2021년 7월 2일 04시,금요일,경상남도 양산시 북부동,중상사고,0,1,1,0,차대차 - 측면충돌,신호위반,건조,맑음,단일로 - 기타,자전거,남,61세,경상,원동기,여,25세,중상
2021070200100066,2021년 7월 2일 07시,금요일,경상남도 김해시 봉황동,경상사고,0,0,1,0,차대차 - 정면충돌,안전운전불이행,건조,맑음,교차로 - 교차로안,승용,남,59세,상해없음,자전거,남,74세,경상
2021070200100101,2021년 7월 2일 08시,금요일,경상남도 창원시 진해구 석동,중상사고,0,1,3,0,차대차 - 추돌,안전운전불이행,건조,맑음,단일로 - 기타,승용,여,52세,경상,승용,여,47세,경상
2021070200100102,2021년 7월 2일 08시,금요일,경상남도 고성군 고성읍,중상사고,0,1,0,0,차대사람 - 횡단중,보행자보호의무위반,건조,맑음,교차로 - 교차로안,승용,남,85세,상해없음,보행자,여,78세,중상
2021070200100103,2021년 7월 2일 08시,금요일,경상남도 거제시 수월동,중상사고,0,1,0,0,차대차 - 정면충돌,신호위반,건조,맑음,교차로 - 교차로안,화물,남,19세,상해없음,승용,여,42세,중상
2021070200100104,2021년 7월 2일 08시,금요일,경상남도 거제시 옥포동,경상사고,0,0,1,0,차대사람 - 횡단중,보행자보호의무위반,건조,맑음,교차로 - 교차로횡단보도내,승용,여,21세,상해없음,보행자,여,7세,경상
2021070200100138,2021년 7월 2일 09시,금요일,경상남도 창원시 진해구 경화동,중상사고,0,1,0,0,차대사람 - 차도통행중,안전운전불이행,건조,맑음,단일로 - 기타,승용,여,24세,상해없음,보행자,남,71세,중상
2021070200100139,2021년 7월 2일 09시,금요일,경상남도 창원시 진해구 태백동,중상사고,0,1,0,0,차대차 - 측면충돌,신호위반,건조,흐림,교차로 - 교차로안,승용,남,66세,상해없음,화물,남,75세,상해없음
2021070200100140,2021년 7월 2일 09시,금요일,경상남도 통영시 정량동,경상사고,0,0,1,0,차대차 - 측면충돌,직진우회전진행방해,건조,맑음,교차로 - 교차로안,승용,남,63세,상해없음,승용,여,40세,경상
2021070200100141,2021년 7월 2일 09시,금요일,경상남도 창원시 의창구 팔용동,경상사고,0,0,1,0,차대사람 - 기타,안전운전불이행,건조,맑음,단일로 - 기타,화물,남,77세,상해없음,보행자,남,43세,경상
2021070200100142,2021년 7월 2일 09시,금요일,경상남도 김해시 대청동,경상사고,0,0,1,0,차대차 - 측면충돌,신호위반,건조,맑음,단일로 - 기타,특수,남,56세,상해없음,승용,여,43세,경상
2021070200100202,2021년 7월 2일 11시,금요일,경상남도 창원시 의창구 북면,사망사고,1,1,0,0,차량단독 - 기타,안전운전불이행,건조,맑음,단일로 - 기타,이륜,남,81세,사망,,,,
2021070200100203,2021년 7월 2일 11시,금요일,경상남도 김해시 전하동,중상사고,0,3,0,0,차대차 - 추돌,안전운전불이행,건조,맑음,단일로 - 기타,화물,남,69세,상해없음,특수,남,56세,중상
2021070200100204,2021년 7월 2일 11시,금요일,경상남도 김해시 진영읍,중상사고,0,1,0,0,차대사람 - 횡단중,신호위반,건조,맑음,교차로 - 교차로안,원동기,남,25세,상해없음,보행자,여,22세,중상
2021070200100237,2021년 7월 2일 12시,금요일,경상남도 김해시 삼계동,경상사고,0,0,1,0,차대차 - 기타,안전운전불이행,건조,맑음,교차로 - 교차로안,자전거,남,60세,경상,화물,남,46세,상해없음
2021070200100269,2021년 7월 2일 13시,금요일,경상남도 진주시 상대동,중상사고,0,1,0,0,차대차 - 측면충돌,중앙선침범,건조,맑음,단일로 - 기타,승합,남,59세,상해없음,이륜,남,36세,중상