사고번호,사고일시,요일,시군구,사고내용,사망자수,중상자수,경상자수,부상신고자수,사고유형,법규위반,노면상태,기상상태,도로형태,가해운전자 차종,가해운전자 성별,가해운전자 연령,가해운전자 상해정도,피해운전자 차종,피해운전자 성별,피해운전자 연령,피해운전자 상해정도
2021070500100307,2021년 7월 5일 14시,월요일,경상남도 함양군 함양읍,중상사고,0,1,0,1,차량단독 - 공작물충돌,안전운전불이행,젖음/습기,흐림,단일로 - 기타,화물,남,55세,부상신고,,,,
2021070500100340,2021년 7월 5일 15시,월요일,경상남도 양산시 물금읍,경상사고,0,0,1,0,차대차 - 측면충돌,교차로운행방법위반,젖음/습기,흐림,교차로 - 교차로안,승용,남,73세,상해없음,이륜,남,36세,경상
2021070500100341,2021년 7월 5일 15시,월요일,경상남도 남해군 미조면,중상사고,0,2,0,0,차대차 - 측면충돌,교차로운행방법위반,젖음/습기,맑음,교차로 - 교차로안,승용,남,59세,상해없음,승용,남,68세,중상
2021070500100419,2021년 7월 5일 17시,월요일,경상남도 양산시 주남동,경상사고,0,0,1,1,차대차 - 측면충돌,교차로운행방법위반,젖음/습기,비,교차로 - 교차로안,승용,남,19세,기타불명,승용,여,26세,경상
2021070500100420,2021년 7월 5일 17시,월요일,경상남도 거제시 고현동,중상사고,0,1,0,0,차대차 - 측면충돌,안전거리미확보,건조,맑음,단일로 - 기타,승용,남,25세,상해없음,이륜,남,48세,중상
2021070500100421,2021년 7월 5일 17시,월요일,경상남도 창원시 의창구 소답동,경상사고,0,0,1,0,차대차 - 측면충돌,안전운전불이행,젖음/습기,비,기타 - 기타,승용,남,38세,상해없음,승용,여,30세,상해없음
2021070500100439,2021년 7월 5일 18시,월요일,경상남도 김해시 대동면,경상사고,0,0,1,0,차대차 - 추돌,안전거리미확보,젖음/습기,비,단일로 - 기타,화물,남,41세,상해없음,승용,남,26세,경상
2021070500100459,2021년 7월 5일 18시,월요일,경상남도 사천시 사천읍,경상사고,0,0,1,0,차대차 - 추돌,안전운전불이행,젖음/습기,비,단일로 - 기타,승용,여,39세,상해없음,승용,남,50세,경상
2021070500100461,2021년 7월 5일 18시,월요일,경상남도 김해시 진영읍,경상사고,0,0,1,0,차대차 - 측면충돌,안전운전불이행,젖음/습기,흐림,교차로 - 교차로안,승용,여,51세,기타불명,승용,여,44세,경상
2021070500100462,2021년 7월 5일 18시,월요일,경상남도 진주시 가좌동,경상사고,0,0,1,0,차대차 - 기타,안전운전불이행,젖음/습기,비,단일로 - 기타,승용,남,52세,상해없음,승용,남,28세,경상
2021070500100548,2021년 7월 5일 21시,월요일,경상남도 양산시 평산동,중상사고,0,1,0,0,차대사람 - 횡단중,보행자보호의무위반,젖음/습기,비,교차로 - 교차로안,특수,남,41세,상해없음,보행자,여,20세,중상
2021070500100549,2021년 7월 5일 21시,월요일,경상남도 양산시 상북면,경상사고,0,0,1,0,차대차 - 정면충돌,안전운전불이행,젖음/습기,비,교차로 - 교차로안,승용,남,41세,상해없음,승용,여,64세,경상
2021070500100580,2021년 7월 5일 22시,월요일,경상남도 양산시 주진동,경상사고,0,0,1,1,차대차 - 추돌,안전운전불이행,젖음/습기,비,단일로 - 기타,승용,남,38세,부상신고,승용,남,42세,경상
2021070500100599,2021년 7월 5일 23시,월요일,경상남도 진주시 평거동,부상신고사고,0,0,0,1,차대사람 - 차도통행중,안전운전불이행,젖음/습기,비,단일로 - 기타,승용,남,21세,상해없음,보행자,남,46세,부상신고
2021070500100600,2021년 7월 5일 23시,월요일,경상남도 김해시 진영읍,경상사고,0,0,1,0,차대차 - 추돌,안전운전불이행,젖음/습기,비,단일로 - 기타,승용,남,41세,경상,건설기계,남,42세,기타불명
2021070600100006,2021년 7월 6일 00시,화요일,경상남도 거제시 아주동,경상사고,0,0,2,0,차대차 - 측면충돌,차로위반,젖음/습기,비,단일로 - 기타,승용,남,53세,상해없음,화물,여,57세,경상
2021070600100007,2021년 7월 6일 00시,화요일,경상남도 창원시 의창구 명곡동,경상사고,0,0,2,0,차대차 - 추돌,안전운전불이행,젖음/습기,비,단일로 - 기타,승용,여,63세,상해없음,승용,남,39세,경상
2021070600100008,2021년 7월 6일 00시,화요일,경상남도 창원시 의창구 동읍,경상사고,0,0,1,0,차대차 - 측면충돌,안전운전불이행,젖음/습기,비,교차로 - 교차로부근,승용,여,26세,상해없음,승용,남,38세,경상
2021070600100052,2021년 7월 6일 06시,화요일,경상남도 거제시 옥포동,경상사고,0,0,1,0,차대사람 - 기타,보행자보호의무위반,젖음/습기,비,교차로 - 교차로횡단보도내,승용,남,65세,상해없음,보행자,남,32세,경상
2021070600100070,2021년 7월 6일 07시,화요일,경상남도 통영시 도산면,부상신고사고,0,0,0,1,차량단독 - 기타,안전운전불이행,젖음/습기,비,단일로 - 기타,승용,여,22세,부상신고,,,,
2021070600100071,2021년 7월 6일 07시,화요일,경상남도 함안군 법수면,경상사고,0,0,2,0,차대차 - 정면충돌,중앙선침범,젖음/습기,비,단일로 - 기타,승용,남,62세,경상,화물,남,42세,경상
2021070600100160,2021년 7월 6일 10시,화요일,경상남도 창원시 마산회원구 석전동,중상사고,0,1,0,0,차대사람 - 횡단중,안전거리미확보,젖음/습기,비,단일로 - 기타,승용,남,32세,상해없음,보행자,여,89세,중상
2021070600100189,2021년 7월 6일 11시,화요일,경상남도 창원시 진해구 장천동,경상사고,0,0,1,0,차대차 - 추돌,안전거리미확보,젖음/습기,비,교차로 - 교차로안,건설기계,남,46세,상해없음,화물,남,58세,경상
2021070600100190,2021년 7월 6일 11시,화요일,경상남도 함양군 백전면,중상사고,0,2,5,0,차대차 - 정면충돌,중앙선침범,젖음/습기,비,단일로 - 기타,승용,남,67세,상해없음,승용,남,69세,중상
2021070600100191,2021년 7월 6일 11시,화요일,경상남도 김해시 장유동,중상사고,0,1,0,0,차량단독 - 전도전복 - 전도,안전운전불이행,젖음/습기,비,단일로 - 기타,승용,남,47세,중상,,,,
2021070600100225,2021년 7월 6일 12시,화요일,경상남도 양산시 물금읍,경상사고,0,0,1,1,차대차 - 측면충돌,안전운전불이행,젖음/습기,비,교차로 - 교차로부근,이륜,남,33세,부상신고,승용,남,44세,상해없음
2021070600100287,2021년 7월 6일 14시,화요일,경상남도 진주시 문산읍,중상사고,0,2,2,0,차대차 - 측면충돌,안전운전불이행,젖음/습기,비,단일로 - 기타,승용,남,32세,상해없음,승용,남,40세,중상
2021070600100288,2021년 7월 6일 14시,화요일,경상남도 창원시 의창구 도계동,경상사고,0,0,3,0,차대차 - 추돌,안전운전불이행,젖음/습기,비,교차로 - 교차로안,화물,남,66세,상해없음,승용,여,41세,경상
2021070600100319,2021년 7월 6일 15시,화요일,경상남도 진주시 금산면,경상사고,0,0,2,0,차대차 - 측면충돌,중앙선침범,젖음/습기,비,단일로 - 기타,승용,여,43세,경상,화물,남,68세,경상
2021070600100355,2021년 7월 6일 16시,화요일,경상남도 진주시 가좌동,경상사고,0,0,1,0,차대사람 - 횡단중,안전운전불이행,젖음/습기,비,교차로 - 교차로안,화물,남,52세,상해없음,보행자,여,65세,경상
2021070600100356,2021년 7월 6일 16시,화요일,경상남도 고성군 고성읍,중상사고,0,1,0,0,차대차 - 추돌,안전운전불이행,젖음/습기,비,교차로 - 교차로부근,화물,남,60세,상해없음,승용,여,48세,중상
2021070600100357,2021년 7월 6일 16시,화요일,경상남도 하동군 진교면,중상사고,0,1,0,0,차대차 - 정면충돌,교차로운행방법위반,젖음/습기,비,교차로 - 교차로안,승용,여,47세,상해없음,원동기,남,90세,중상
2021070600100358,2021년 7월 6일 16시,화요일,경상남도 함안군 가야읍,경상사고,0,0,1,0,차대차 - 측면충돌,안전운전불이행,젖음/습기,비,교차로 - 교차로안,승용,남,79세,상해없음,화물,남,61세,경상
2021070600100404,2021년 7월 6일 17시,화요일,경상남도 창원시 진해구 이동,경상사고,0,0,5,0,차대차 - 측면충돌,교차로운행방법위반,젖음/습기,비,교차로 - 교차로안,승용,남,63세,경상,승용,남,39세,경상
2021070600100447,2021년 7월 6일 18시,화요일,경상남도 거제시 수월동,중상사고,0,1,0,0,차대차 - 기타,불법유턴,젖음/습기,비,단일로 - 기타,승용,여,41세,상해없음,이륜,남,49세,중상
2021070600100478,2021년 7월 6일 19시,화요일,경상남도 양산시 동면,중상사고,0,1,0,0,차대차 - 측면충돌,안전운전불이행,젖음/습기,비,교차로 - 교차로안,승용,남,42세,상해없음,이륜,남,39세,중상
2021070600100512,2021년 7월 6일 20시,화요일,경상남도 창원시 의창구 팔용동,경상사고,0,0,1,0,차대사람 - 횡단중,보행자보호의무위반,젖음/습기,비,교차로 - 교차로횡단보도내,승용,남,61세,상해없음,보행자,여,30세,경상
2021070600100536,2021년 7월 6일 21시,화요일,경상남도 밀양시 삼랑진읍,경상사고,0,0,1,0,차대차 - 추돌,안전운전불이행,젖음/습기,비,단일로 - 기타,화물,남,74세,상해없음,승용,여,30세,경상
2021070600100575,2021년 7월 6일 22시,화요일,경상남도 거제시 고현동,경상사고,0,0,2,0,차대차 - 기타,안전운전불이행,건조,맑음,단일로 - 기타,승용,남,35세,상해없음,승용,남,24세,경상
2021070600100576,2021년 7월 6일 22시,화요일,경상남도 김해시 관동동,중상사고,0,1,0,0,차대차 - 측면충돌,안전운전불이행,건조,맑음,단일로 - 기타,승용,여,54세,상해없음,승용,여,31세,중상
2021070600100595,2021년 7월 6일 23시,화요일,경상남도 창원시 진해구 용원동,경상사고,0,0,2,0,차대차 - 추돌,안전운전불이행,젖음/습기,비,단일로 - 기타,승용,남,40세,상해없음,승용,남,29세,경상
2021070700100020,2021년 7월 7일 02시,수요일,경상남도 양산시 명동,중상사고,0,1,0,0,차대사람 - 차도통행중,안전운전불이행,젖음/습기,비,단일로 - 기타,이륜,남,43세,상해없음,보행자,남,84세,중상
2021070700100071,2021년 7월 7일 07시,수요일,경상남도 거제시 고현동,경상사고,0,0,2,0,차대차 - 추돌,안전운전불이행,건조,맑음,기타 - 기타,승합,남,61세,상해없음,승합,남,47세,상해없음
2021070700100102,2021년 7월 7일 08시,수요일,경상남도 양산시 산막동,경상사고,0,0,1,0,차대차 - 후진중충돌,안전운전불이행,건조,맑음,단일로 - 기타,승용,남,46세,상해없음,승용,남,29세,경상
2021070700100103,2021년 7월 7일 08시,수요일,경상남도 거제시 수월동,경상사고,0,0,2,0,차대차 - 측면충돌,안전운전불이행,젖음/습기,비,교차로 - 교차로부근,화물,남,52세,상해없음,승용,여,62세,경상
2021070700100134,2021년 7월 7일 09시,수요일,경상남도 사천시 곤양면,경상사고,0,0,1,0,차대차 - 측면충돌,중앙선침범,젖음/습기,비,단일로 - 기타,화물,여,74세,상해없음,특수,남,48세,경상
2021070700100135,2021년 7월 7일 09시,수요일,경상남도 김해시 외동,경상사고,0,0,1,0,차대차 - 기타,안전운전불이행,건조,흐림,교차로 - 교차로안,승용,남,64세,상해없음,승용,여,40세,상해없음
2021070700100136,2021년 7월 7일 09시,수요일,경상남도 거제시 옥포동,경상사고,0,0,1,0,차대차 - 측면충돌,안전운전불이행,젖음/습기,비,교차로 - 교차로안,승용,남,39세,상해없음,승용,여,39세,경상
2021070700100162,2021년 7월 7일 10시,수요일,경상남도 거제시 아주동,경상사고,0,0,1,1,차대차 - 측면충돌,교차로운행방법위반,건조,맑음,교차로 - 교차로안,승용,여,35세,부상신고,승용,여,54세,경상
2021070700100163,2021년 7월 7일 10시,수요일,경상남도 김해시 흥동,경상사고,0,0,1,0,차대차 - 기타,안전거리미확보,건조,맑음,단일로 - 기타,승용,남,66세,상해없음,승용,여,35세,경상
2021070700100209,2021년 7월 7일 11시,수요일,경상남도 사천시 벌리동,경상사고,0,0,1,0,차대차 - 측면충돌,안전운전불이행,젖음/습기,비,단일로 - 기타,승용,여,32세,상해없음,이륜,남,53세,경상
2021070700100210,2021년 7월 7일 11시,수요일,경상남도 사천시 축동면,경상사고,0,0,2,0,차대차 - 추돌,중앙선침범,건조,맑음,단일로 - 기타,승용,남,80세,상해없음,화물,남,58세,경상
2021070700100211,2021년 7월 7일 11시,수요일,경상남도 산청군 산청읍,중상사고,0,2,0,0,차량단독 - 공작물충돌,안전운전불이행,침수,비,단일로 - 기타,승용,남,79세,중상,,,,
2021070700100232,2021년 7월 7일 12시,수요일,경상남도 양산시 다방동,경상사고,0,0,2,1,차대차 - 기타,안전운전불이행,젖음/습기,비,단일로 - 기타,승용,남,42세,상해없음,승용,남,59세,상해없음
2021070700100246,2021년 7월 7일 12시,수요일,경상남도 사천시 서포면,경상사고,0,0,1,0,차대차 - 측면충돌,안전운전불이행,젖음/습기,비,단일로 - 기타,승용,여,58세,상해없음,승용,남,44세,경상
2021070700100247,2021년 7월 7일 12시,수요일,경상남도 양산시 물금읍,경상사고,0,0,1,0,차대사람 - 횡단중,보행자보호의무위반,젖음/습기,맑음,기타 - 기타,승용,남,68세,상해없음,보행자,여,26세,경상
2021070700100248,2021년 7월 7일 12시,수요일,경상남도 김해시 한림면,경상사고,0,0,1,0,차대차 - 추돌,안전운전불이행,젖음/습기,비,단일로 - 기타,승용,여,67세,상해없음,이륜,남,40세,경상
2021070700100277,2021년 7월 7일 13시,수요일,경상남도 양산시 동면,경상사고,0,0,1,0,차대사람 - 기타,기타,젖음/습기,비,단일로 - 기타,화물,남,51세,상해없음,보행자,여,9세,경상
2021070700100335,2021년 7월 7일 15시,수요일,경상남도 창원시 마산합포구 남성동,경상사고,0,0,1,0,차대사람 - 기타,안전운전불이행,젖음/습기,비,단일로 - 기타,승용,남,69세,상해없음,보행자,여,82세,경상
2021070700100336,2021년 7월 7일 15시,수요일,경상남도 거창군 거창읍,경상사고,0,0,1,0,차대차 - 측면충돌,안전운전불이행,건조,맑음,교차로 - 교차로안,이륜,여,70세,경상,승용,남,57세,상해없음
2021070700100337,2021년 7월 7일 15시,수요일,경상남도 함양군 지곡면,중상사고,0,2,1,0,차대차 - 정면충돌,중앙선침범,젖음/습기,비,단일로 - 지하차도(도로)내,승용,여,57세,상해없음,승용,남,62세,중상
2021070700100423,2021년 7월 7일 17시,수요일,경상남도 창원시 마산합포구 진전면,중상사고,0,1,0,0,차량단독 - 공작물충돌,안전운전불이행,젖음/습기,비,단일로 - 기타,승용,남,70세,중상,,,,
2021070700100424,2021년 7월 7일 17시,수요일,경상남도 창원시 마산합포구 진전면,경상사고,0,0,1,0,차대차 - 추돌,기타,젖음/습기,비,단일로 - 기타,승용,남,26세,상해없음,승용,남,60세,경상
2021070700100425,2021년 7월 7일 17시,수요일,경상남도 김해시 대청동,경상사고,0,0,1,0,차대사람 - 기타,안전운전불이행,젖음/습기,비,교차로 - 교차로부근,화물,남,56세,상해없음,보행자,남,54세,경상
2021070700100465,2021년 7월 7일 18시,수요일,경상남도 사천시 사천읍,경상사고,0,0,1,0,차대차 - 측면충돌,안전운전불이행,젖음/습기,비,교차로 - 교차로안,승용,여,54세,상해없음,승용,남,24세,경상
2021070700100466,2021년 7월 7일 18시,수요일,경상남도 거제시 고현동,경상사고,0,0,1,0,차대차 - 정면충돌,안전운전불이행,건조,맑음,교차로 - 교차로부근,이륜,남,55세,경상,승용,남,45세,상해없음
2021070700100467,2021년 7월 7일 18시,수요일,경상남도 거제시 고현동,경상사고,0,0,1,0,차대차 - 추돌,안전운전불이행,젖음/습기,비,교차로 - 교차로부근,화물,남,64세,기타불명,승용,여,32세,경상
2021070700100513,2021년 7월 7일 19시,수요일,경상남도 창원시 진해구 자은동,중상사고,0,1,0,0,차대사람 - 횡단중,신호위반,젖음/습기,비,단일로 - 기타,승용,남,73세,상해없음,보행자,여,67세,중상
2021070700100556,2021년 7월 7일 20시,수요일,경상남도 김해시 율하동,부상신고사고,0,0,0,1,차대차 - 추돌,안전운전불이행,젖음/습기,비,단일로 - 기타,승용,남,32세,부상신고,승용,남,34세,상해없음
2021070700100557,2021년 7월 7일 20시,수요일,경상남도 김해시 명법동,경상사고,0,0,1,0,차대차 - 측면충돌,중앙선침범,젖음/습기,비,단일로 - 기타,승용,남,47세,상해없음,승용,남,21세,경상
2021070700100588,2021년 7월 7일 21시,수요일,경상남도 양산시 덕계동,부상신고사고,0,0,0,1,차대사람 - 기타,안전운전불이행,젖음/습기,비,주차장 - 주차장,승합,남,66세,상해없음,보행자,남,51세,부상신고
2021070700100645,2021년 7월 7일 23시,수요일,경상남도 밀양시 삼문동,경상사고,0,0,1,0,차대차 - 측면충돌,신호위반,젖음/습기,비,교차로 - 교차로안,승용,남,61세,상해없음,이륜,남,21세,경상
2021070800100010,2021년 7월 8일 00시,목요일,경상남도 김해시 어방동,중상사고,0,1,1,0,차대사람 - 횡단중,신호위반,젖음/습기,흐림,교차로 - 교차로횡단보도내,승용,남,57세,상해없음,보행자,남,25세,중상
2021070800100011,2021년 7월 8일 00시,목요일,경상남도 김해시 어방동,경상사고,0,0,1,0,차대차 - 추돌,안전운전불이행,젖음/습기,비,교차로 - 교차로부근,승용,남,35세,상해없음,승용,남,52세,상해없음
2021070800100012,2021년 7월 8일 00시,목요일,경상남도 김해시 대청동,경상사고,0,0,1,0,차대차 - 추돌,안전운전불이행,젖음/습기,비,단일로 - 기타,승용,남,23세,상해없음,승용,남,42세,경상
2021070800100049,2021년 7월 8일 05시,목요일,경상남도 통영시 태평동,경상사고,0,0,1,0,차대차 - 기타,교차로운행방법위반,건조,맑음,교차로 - 교차로안,승용,남,66세,상해없음,승용,남,58세,경상
2021070800100064,2021년 7월 8일 07시,목요일,경상남도 김해시 진영읍,경상사고,0,0,1,0,차대차 - 추돌,중앙선침범,건조,맑음,교차로 - 교차로안,화물,남,71세,상해없음,승용,남,48세,경상
2021070800100100,2021년 7월 8일 08시,목요일,경상남도 거제시 고현동,경상사고,0,0,1,0,차대사람 - 기타,안전운전불이행,건조,맑음,교차로 - 교차로부근,승용,여,38세,상해없음,보행자,여,57세,경상
2021070800100101,2021년 7월 8일 08시,목요일,경상남도 함안군 칠북면,중상사고,0,1,0,0,차량단독 - 전도전복 - 전복,안전운전불이행,건조,맑음,단일로 - 기타,승용,여,37세,중상,,,,
2021070800100102,2021년 7월 8일 08시,목요일,경상남도 김해시 신문동,경상사고,0,0,1,0,차대차 - 측면충돌,신호위반,건조,맑음,교차로 - 교차로안,화물,여,59세,상해없음,승용,남,27세,경상
2021070800100147,2021년 7월 8일 09시,목요일,경상남도 함안군 칠북면,경상사고,0,0,1,0,차량단독 - 공작물충돌,안전운전불이행,젖음/습기,비,단일로 - 기타,승용,여,43세,경상,,,,
2021070800100189,2021년 7월 8일 10시,목요일,경상남도 양산시 평산동,중상사고,0,1,0,0,차대차 - 측면충돌,안전거리미확보,건조,맑음,단일로 - 기타,승용,남,53세,상해없음,이륜,남,20세,중상
2021070800100190,2021년 7월 8일 10시,목요일,경상남도 창원시 의창구 중동,경상사고,0,0,1,0,차대차 - 후진중충돌,안전운전불이행,건조,맑음,교차로 - 교차로안,승용,남,67세,상해없음,승용,남,28세,경상
2021070800100215,2021년 7월 8일 11시,목요일,경상남도 통영시 도천동,경상사고,0,0,1,0,차대차 - 측면충돌,안전운전불이행,건조,맑음,교차로 - 교차로안,승용,남,47세,상해없음,이륜,남,66세,경상
2021070800100216,2021년 7월 8일 11시,목요일,경상남도 밀양시 청도면,경상사고,0,0,1,0,차대사람 - 기타,안전운전불이행,건조,맑음,기타 - 기타,화물,남,60세,상해없음,보행자,남,73세,경상
2021070800100217,2021년 7월 8일 11시,목요일,경상남도 양산시 물금읍,경상사고,0,0,1,0,차대차 - 측면충돌,직진우회전진행방해,건조,맑음,교차로 - 교차로안,승용,여,55세,상해없음,원동기,남,57세,경상
2021070800100284,2021년 7월 8일 13시,목요일,경상남도 거제시 장평동,경상사고,0,0,1,0,차대차 - 측면충돌,안전운전불이행,건조,맑음,단일로 - 기타,승용,남,58세,상해없음,승용,남,48세,경상
2021070800100285,2021년 7월 8일 13시,목요일,경상남도 창원시 마산회원구 회원동,경상사고,0,0,1,0,차대차 - 기타,안전운전불이행,건조,맑음,교차로 - 교차로부근,승합,남,51세,상해없음,승용,남,41세,경상
2021070800100307,2021년 7월 8일 14시,목요일,경상남도 거창군 거창읍,경상사고,0,0,1,0,차대사람 - 차도통행중,안전운전불이행,건조,맑음,단일로 - 기타,승용,남,75세,상해없음,보행자,여,28세,경상
2021070800100308,2021년 7월 8일 14시,목요일,경상남도 남해군 남해읍,부상신고사고,0,0,0,1,차대차 - 측면충돌,안전운전불이행,건조,맑음,교차로 - 교차로안,승용,남,73세,상해없음,화물,남,25세,부상신고
2021070800100379,2021년 7월 8일 16시,목요일,경상남도 김해시 안동,경상사고,0,0,1,0,차대차 - 측면충돌,안전운전불이행,건조,맑음,단일로 - 기타,승용,여,56세,상해없음,화물,남,66세,경상
2021070800100380,2021년 7월 8일 16시,목요일,경상남도 양산시 상북면,경상사고,0,0,1,0,차대차 - 기타,안전거리미확보,건조,맑음,교차로 - 교차로부근,승용,남,34세,상해없음,승용,여,55세,경상
2021070800100417,2021년 7월 8일 17시,목요일,경상남도 김해시 내동,경상사고,0,0,1,0,차대사람 - 횡단중,보행자보호의무위반,젖음/습기,흐림,단일로 - 기타,승용,남,26세,상해없음,보행자,여,8세,경상
2021070800100418,2021년 7월 8일 17시,목요일,경상남도 창원시 마산회원구 내서읍,경상사고,0,0,1,0,차대차 - 측면충돌,안전운전불이행,젖음/습기,비,교차로 - 교차로횡단보도내,승용,남,78세,상해없음,자전거,남,10세,경상
2021070800100457,2021년 7월 8일 18시,목요일,경상남도 밀양시 삼랑진읍,경상사고,0,0,1,0,차대차 - 측면충돌,안전운전불이행,젖음/습기,비,단일로 - 기타,승용,남,30세,상해없음,자전거,남,52세,경상
2021070800100458,2021년 7월 8일 18시,목요일,경상남도 김해시 관동동,중상사고,0,1,0,0,차대사람 - 횡단중,보행자보호의무위반,젖음/습기,비,단일로 - 기타,승용,여,42세,상해없음,보행자,남,13세,중상
2021070800100490,2021년 7월 8일 19시,목요일,경상남도 창원시 마산합포구 추산동,경상사고,0,0,1,0,차대차 - 추돌,안전운전불이행,젖음/습기,흐림,단일로 - 기타,승합,남,40세,상해없음,승용,남,63세,경상
2021070800100491,2021년 7월 8일 19시,목요일,경상남도 창원시 의창구 대산면,사망사고,1,0,0,0,차대사람 - 차도통행중,안전운전불이행,젖음/습기,흐림,단일로 - 기타,승용,남,34세,상해없음,보행자,남,68세,사망
2021070800100521,2021년 7월 8일 20시,목요일,경상남도 창원시 진해구 남문동,중상사고,0,1,0,0,차대사람 - 횡단중,보행자보호의무위반,젖음/습기,흐림,교차로 - 교차로횡단보도내,승용,남,57세,상해없음,보행자,여,62세,중상
2021070800100522,2021년 7월 8일 20시,목요일,경상남도 김해시 부원동,경상사고,0,0,1,0,차대차 - 측면충돌,안전운전불이행,건조,맑음,단일로 - 기타,승용,여,22세,상해없음,자전거,남,71세,경상
2021070800100578,2021년 7월 8일 22시,목요일,경상남도 김해시 관동동,중상사고,0,1,0,0,차대차 - 측면충돌,신호위반,건조,맑음,단일로 - 기타,승용,여,51세,상해없음,이륜,남,38세,중상
2021070800100589,2021년 7월 8일 23시,목요일,경상남도 양산시 물금읍,경상사고,0,0,1,0,차대차 - 기타,교차로운행방법위반,젖음/습기,흐림,교차로 - 교차로안,승용,남,22세,상해없음,승용,남,25세,경상
2021070800100590,2021년 7월 8일 23시,목요일,경상남도 창원시 의창구 팔용동,중상사고,0,1,0,0,차대사람 - 횡단중,보행자보호의무위반,건조,맑음,교차로 - 교차로횡단보도내,승용,남,38세,상해없음,보행자,남,36세,중상
2021070900100010,2021년 7월 9일 00시,금요일,경상남도 김해시 구산동,경상사고,0,0,1,0,차대차 - 측면충돌,신호위반,건조,맑음,교차로 - 교차로안,승용,남,21세,상해없음,승용,남,54세,경상
2021070900100011,2021년 7월 9일 00시,금요일,경상남도 김해시 삼문동,중상사고,0,2,0,0,차대사람 - 횡단중,안전운전불이행,건조,맑음,교차로 - 교차로부근,이륜,남,20세,중상,보행자,남,49세,중상
2021070900100026,2021년 7월 9일 02시,금요일,경상남도 창원시 성산구 대원동,경상사고,0,0,1,0,차대차 - 측면충돌,안전운전불이행,젖음/습기,비,단일로 - 기타,승용,남,40세,상해없음,승용,여,41세,경상
2021070900100027,2021년 7월 9일 02시,금요일,경상남도 김해시 주촌면,중상사고,0,1,0,0,차량단독 - 공작물충돌,안전운전불이행,젖음/습기,흐림,단일로 - 기타,화물,남,37세,중상,,,,
2021070900100094,2021년 7월 9일 08시,금요일,경상남도 창녕군 창녕읍,경상사고,0,0,1,0,차대사람 - 횡단중,안전운전불이행,젖음/습기,비,교차로 - 교차로안,승용,남,53세,상해없음,보행자,남,75세,경상
2021070900100095,2021년 7월 9일 08시,금요일,경상남도 하동군 하동읍,부상신고사고,0,0,0,1,차량단독 - 공작물충돌,안전운전불이행,건조,맑음,단일로 - 기타,승용,남,57세,부상신고,,,,
2021070900100096,2021년 7월 9일 08시,금요일,경상남도 남해군 고현면,중상사고,0,1,0,0,차대차 - 측면충돌,안전운전불이행,건조,맑음,교차로 - 교차로부근,이륜,남,86세,중상,화물,남,61세,상해없음
2021070900100153,2021년 7월 9일 10시,금요일,경상남도 양산시 동면,경상사고,0,0,1,0,차대차 - 측면충돌,교차로운행방법위반,건조,맑음,교차로 - 교차로안,승용,남,63세,상해없음,승용,여,31세,경상
2021070900100154,2021년 7월 9일 10시,금요일,경상남도 하동군 고전면,중상사고,0,1,5,0,차대차 - 기타,안전운전불이행,건조,맑음,단일로 - 기타,화물,남,58세,상해없음,승용,여,40세,경상
2021070900100185,2021년 7월 9일 11시,금요일,경상남도 거제시 아주동,경상사고,0,0,1,0,차대차 - 측면충돌,신호위반,건조,맑음,단일로 - 터널,건설기계,남,56세,상해없음,승용,남,43세,경상
2021070900100213,2021년 7월 9일 12시,금요일,경상남도 양산시 북정동,경상사고,0,0,1,0,차대사람 - 기타,안전운전불이행,건조,맑음,단일로 - 기타,승용,여,40세,상해없음,보행자,여,59세,경상
2021070900100214,2021년 7월 9일 12시,금요일,경상남도 함안군 가야읍,중상사고,0,1,0,0,차대사람 - 기타,신호위반,건조,맑음,단일로 - 기타,승용,남,26세,상해없음,보행자,여,92세,중상
2021070900100248,2021년 7월 9일 13시,금요일,경상남도 밀양시 삼문동,경상사고,0,0,1,0,차대차 - 추돌,안전운전불이행,건조,맑음,단일로 - 기타,화물,남,64세,상해없음,이륜,남,24세,경상
2021070900100249,2021년 7월 9일 13시,금요일,경상남도 거창군 거창읍,중상사고,0,1,0,0,차대차 - 추돌,안전운전불이행,건조,맑음,교차로 - 교차로부근,화물,남,64세,상해없음,승용,여,68세,중상
2021070900100250,2021년 7월 9일 13시,금요일,경상남도 창원시 의창구 북면,경상사고,0,0,1,0,차대차 - 후진중충돌,안전운전불이행,건조,맑음,기타 - 기타,승용,남,61세,기타불명,승용,남,48세,경상
2021070900100281,2021년 7월 9일 14시,금요일,경상남도 밀양시 산외면,중상사고,0,1,0,0,차대차 - 측면충돌,안전운전불이행,건조,맑음,단일로 - 기타,사륜오토바이(ATV),남,60세,상해없음,승용,남,66세,상해없음
2021070900100282,2021년 7월 9일 14시,금요일,경상남도 양산시 북정동,경상사고,0,0,1,0,차대차 - 측면충돌,교차로운행방법위반,젖음/습기,비,교차로 - 교차로안,화물,여,49세,상해없음,이륜,남,63세,경상
2021070900100283,2021년 7월 9일 14시,금요일,경상남도 김해시 진영읍,경상사고,0,0,1,0,차대차 - 측면충돌,신호위반,건조,맑음,교차로 - 교차로안,승용,여,61세,상해없음,승용,남,54세,경상
2021070900100324,2021년 7월 9일 15시,금요일,경상남도 진주시 충무공동,경상사고,0,0,1,0,차대차 - 추돌,안전거리미확보,건조,맑음,교차로 - 교차로안,승합,남,47세,상해없음,승용,남,37세,경상
2021070900100325,2021년 7월 9일 15시,금요일,경상남도 통영시 북신동,부상신고사고,0,0,0,1,차대사람 - 기타,기타,건조,맑음,단일로 - 기타,기타불명,기타불명,미분류,기타불명,보행자,여,62세,부상신고