사고번호,사고일시,요일,시군구,사고내용,사망자수,중상자수,경상자수,부상신고자수,사고유형,법규위반,노면상태,기상상태,도로형태,가해운전자 차종,가해운전자 성별,가해운전자 연령,가해운전자 상해정도,피해운전자 차종,피해운전자 성별,피해운전자 연령,피해운전자 상해정도
2021070900100326,2021년 7월 9일 15시,금요일,경상남도 창녕군 계성면,중상사고,0,1,1,0,차대차 - 추돌,기타,젖음/습기,비,단일로 - 기타,승용,남,37세,상해없음,승용,여,32세,경상
2021070900100327,2021년 7월 9일 15시,금요일,경상남도 양산시 동면,사망사고,1,1,0,0,차대차 - 기타,안전운전불이행,젖음/습기,비,단일로 - 기타,승용,남,38세,사망,화물,남,44세,중상
2021070900100328,2021년 7월 9일 15시,금요일,경상남도 사천시 곤양면,중상사고,0,1,1,0,차대차 - 기타,기타,건조,맑음,단일로 - 기타,승용,남,24세,상해없음,화물,남,45세,상해없음
2021070900100365,2021년 7월 9일 16시,금요일,경상남도 진주시 초전동,부상신고사고,0,0,0,1,차대차 - 정면충돌,안전운전불이행,건조,맑음,교차로 - 교차로부근,승용,여,72세,부상신고,승용,여,42세,상해없음
2021070900100366,2021년 7월 9일 16시,금요일,경상남도 김해시 외동,경상사고,0,0,1,0,차대차 - 기타,안전운전불이행,건조,맑음,교차로 - 교차로안,승용,여,49세,상해없음,이륜,남,24세,경상
2021070900100367,2021년 7월 9일 16시,금요일,경상남도 김해시 어방동,중상사고,0,1,0,0,차대사람 - 기타,안전운전불이행,건조,맑음,단일로 - 기타,승용,여,63세,기타불명,보행자,여,52세,중상
2021070900100413,2021년 7월 9일 17시,금요일,경상남도 창원시 마산합포구 창동,경상사고,0,0,1,0,차대차 - 측면충돌,안전운전불이행,건조,맑음,교차로 - 교차로횡단보도내,이륜,남,47세,경상,화물,남,65세,상해없음
2021070900100461,2021년 7월 9일 18시,금요일,경상남도 고성군 고성읍,경상사고,0,0,1,0,차대차 - 추돌,안전운전불이행,건조,맑음,교차로 - 교차로안,화물,남,20세,상해없음,승용,여,34세,경상
2021070900100462,2021년 7월 9일 18시,금요일,경상남도 거제시 양정동,중상사고,0,1,0,0,차대사람 - 기타,보행자보호의무위반,건조,맑음,교차로 - 교차로부근,화물,남,48세,상해없음,보행자,남,55세,중상
2021070900100505,2021년 7월 9일 19시,금요일,경상남도 사천시 벌리동,중상사고,0,1,0,0,차대차 - 측면충돌,안전운전불이행,건조,맑음,교차로 - 교차로안,승용,남,22세,상해없음,이륜,남,44세,중상
2021070900100506,2021년 7월 9일 19시,금요일,경상남도 김해시 어방동,경상사고,0,0,1,0,차대차 - 측면충돌,중앙선침범,건조,맑음,단일로 - 기타,승용,남,51세,상해없음,이륜,남,23세,경상
2021070900100546,2021년 7월 9일 20시,금요일,경상남도 창원시 진해구 이동,경상사고,0,0,1,0,차대차 - 측면충돌,안전운전불이행,건조,기타,교차로 - 교차로부근,승용,여,46세,기타불명,승합,남,50세,경상
2021070900100547,2021년 7월 9일 20시,금요일,경상남도 양산시 중부동,경상사고,0,0,2,0,차대차 - 추돌,교차로운행방법위반,건조,맑음,교차로 - 교차로안,승용,남,28세,경상,승용,남,55세,상해없음
2021070900100576,2021년 7월 9일 21시,금요일,경상남도 진주시 상대동,중상사고,0,1,0,0,차대차 - 측면충돌,신호위반,젖음/습기,맑음,교차로 - 교차로안,승용,남,41세,상해없음,승용,남,59세,상해없음
2021070900100577,2021년 7월 9일 21시,금요일,경상남도 김해시 어방동,경상사고,0,0,1,0,차대차 - 측면충돌,안전운전불이행,젖음/습기,비,단일로 - 기타,승용,남,55세,상해없음,이륜,남,25세,경상
2021070900100642,2021년 7월 9일 23시,금요일,경상남도 양산시 평산동,중상사고,0,3,1,0,차대차 - 측면충돌,직진우회전진행방해,건조,맑음,교차로 - 교차로안,승용,남,54세,상해없음,승용,남,36세,중상
2021070900100643,2021년 7월 9일 23시,금요일,경상남도 양산시 북부동,경상사고,0,0,1,0,차대차 - 기타,교차로운행방법위반,젖음/습기,비,교차로 - 교차로안,승용,남,56세,기타불명,이륜,남,35세,경상
2021070900100644,2021년 7월 9일 23시,금요일,경상남도 창원시 성산구 중앙동,경상사고,0,0,1,0,차대차 - 측면충돌,안전운전불이행,건조,맑음,교차로 - 교차로안,승용,남,66세,상해없음,승용,남,28세,경상
2021071000100044,2021년 7월 10일 02시,토요일,경상남도 창원시 성산구 내동,부상신고사고,0,0,0,1,차대사람 - 횡단중,안전운전불이행,건조,맑음,교차로 - 교차로부근,승용,여,48세,상해없음,보행자,남,62세,부상신고
2021071000100059,2021년 7월 10일 03시,토요일,경상남도 김해시 삼문동,사망사고,1,1,0,0,차대차 - 측면충돌,신호위반,건조,흐림,교차로 - 교차로안,승용,남,56세,상해없음,원동기,남,17세,사망
2021071000100065,2021년 7월 10일 04시,토요일,경상남도 사천시 정동면,경상사고,0,0,1,0,차량단독 - 공작물충돌,안전운전불이행,건조,맑음,교차로 - 교차로부근,이륜,남,20세,경상,,,,
2021071000100088,2021년 7월 10일 07시,토요일,경상남도 거제시 아주동,중상사고,0,1,0,0,차대차 - 기타,안전운전불이행,건조,맑음,교차로 - 교차로안,승용,남,58세,상해없음,자전거,남,35세,중상
2021071000100112,2021년 7월 10일 08시,토요일,경상남도 창원시 진해구 용원동,경상사고,0,0,1,0,차대차 - 측면충돌,안전운전불이행,건조,맑음,단일로 - 기타,승합,남,62세,상해없음,이륜,남,42세,경상
2021071000100173,2021년 7월 10일 10시,토요일,경상남도 거창군 남상면,경상사고,0,0,3,0,차대차 - 측면충돌,중앙선침범,건조,맑음,단일로 - 기타,승용,여,45세,상해없음,화물,남,69세,경상
2021071000100219,2021년 7월 10일 11시,토요일,경상남도 양산시 중부동,경상사고,0,0,1,0,차대사람 - 기타,안전운전불이행,건조,맑음,교차로 - 교차로부근,이륜,남,66세,상해없음,보행자,여,56세,경상
2021071000100266,2021년 7월 10일 12시,토요일,경상남도 양산시 물금읍,중상사고,0,1,0,0,차대차 - 측면충돌,교차로운행방법위반,건조,맑음,교차로 - 교차로안,승용,여,36세,상해없음,이륜,남,26세,중상
2021071000100267,2021년 7월 10일 12시,토요일,경상남도 양산시 중부동,중상사고,0,1,1,0,차대차 - 측면충돌,교차로운행방법위반,건조,맑음,교차로 - 교차로안,승용,여,20세,상해없음,승용,여,44세,중상
2021071000100268,2021년 7월 10일 12시,토요일,경상남도 거제시 장평동,경상사고,0,0,1,0,차대차 - 측면충돌,안전운전불이행,건조,맑음,단일로 - 기타,승용,남,53세,상해없음,자전거,여,9세,경상
2021071000100297,2021년 7월 10일 13시,토요일,경상남도 통영시 무전동,중상사고,0,1,0,0,차대차 - 기타,직진우회전진행방해,건조,맑음,교차로 - 교차로안,승용,여,59세,상해없음,자전거,남,81세,중상
2021071000100298,2021년 7월 10일 13시,토요일,경상남도 양산시 평산동,경상사고,0,0,2,0,차대차 - 측면충돌,중앙선침범,건조,맑음,교차로 - 교차로안,이륜,남,59세,경상,승용,남,59세,경상
2021071000100344,2021년 7월 10일 14시,토요일,경상남도 사천시 좌룡동,중상사고,0,2,0,0,차대차 - 정면충돌,안전운전불이행,건조,맑음,교차로 - 교차로안,승용,남,50세,상해없음,승용,남,30세,중상
2021071000100345,2021년 7월 10일 14시,토요일,경상남도 김해시 외동,경상사고,0,0,1,0,차대차 - 추돌,안전운전불이행,건조,맑음,단일로 - 기타,승용,남,42세,상해없음,승용,여,40세,경상
2021071000100346,2021년 7월 10일 14시,토요일,경상남도 창원시 의창구 팔용동,경상사고,0,0,1,0,차대차 - 기타,안전운전불이행,건조,맑음,교차로 - 교차로안,승용,남,58세,상해없음,승용,남,33세,상해없음
2021071000100373,2021년 7월 10일 15시,토요일,경상남도 창원시 진해구 자은동,경상사고,0,0,2,0,차대차 - 기타,안전운전불이행,건조,맑음,교차로 - 교차로안,승용,남,49세,상해없음,승용,여,40세,경상
2021071000100374,2021년 7월 10일 15시,토요일,경상남도 창원시 성산구 상남동,경상사고,0,0,4,0,차대차 - 측면충돌,안전운전불이행,건조,맑음,단일로 - 기타,승용,남,25세,상해없음,승용,남,40세,경상
2021071000100420,2021년 7월 10일 16시,토요일,경상남도 통영시 항남동,중상사고,0,1,0,0,차대차 - 기타,안전운전불이행,건조,맑음,교차로 - 교차로안,승용,여,48세,상해없음,이륜,남,43세,중상
2021071000100421,2021년 7월 10일 16시,토요일,경상남도 밀양시 상동면,경상사고,0,0,1,0,차량단독 - 공작물충돌,안전운전불이행,건조,맑음,단일로 - 기타,이륜,남,72세,경상,,,,
2021071000100446,2021년 7월 10일 17시,토요일,경상남도 양산시 동면,중상사고,0,1,0,0,차대차 - 측면충돌,신호위반,건조,맑음,교차로 - 교차로안,승용,남,43세,상해없음,이륜,남,61세,중상
2021071000100447,2021년 7월 10일 17시,토요일,경상남도 거제시 아주동,중상사고,0,2,1,0,차대차 - 추돌,안전운전불이행,건조,맑음,기타 - 기타,승용,남,60세,상해없음,승용,남,27세,중상
2021071000100448,2021년 7월 10일 17시,토요일,경상남도 창원시 마산회원구 구암동,경상사고,0,0,2,0,차대차 - 추돌,안전운전불이행,건조,맑음,단일로 - 기타,승용,남,39세,상해없음,승용,남,45세,경상
2021071000100483,2021년 7월 10일 18시,토요일,경상남도 진주시 지수면,경상사고,0,0,2,0,차대차 - 기타,안전운전불이행,건조,맑음,단일로 - 기타,화물,남,65세,상해없음,승용,남,32세,경상
2021071000100510,2021년 7월 10일 19시,토요일,경상남도 창원시 진해구 석동,경상사고,0,0,3,0,차대차 - 측면충돌,신호위반,건조,맑음,교차로 - 교차로안,이륜,남,45세,경상,승용,남,49세,경상
2021071000100543,2021년 7월 10일 20시,토요일,경상남도 사천시 노룡동,중상사고,0,1,0,0,차량단독 - 공작물충돌,안전운전불이행,건조,맑음,단일로 - 기타,승용,남,31세,중상,,,,
2021071000100544,2021년 7월 10일 20시,토요일,경상남도 거제시 수월동,중상사고,0,1,1,0,차대차 - 추돌,안전운전불이행,건조,맑음,교차로 - 교차로부근,승용,남,24세,상해없음,승용,남,41세,상해없음
2021071000100545,2021년 7월 10일 20시,토요일,경상남도 남해군 남면,경상사고,0,0,1,0,차대사람 - 횡단중,안전운전불이행,건조,흐림,단일로 - 기타,원동기,남,39세,상해없음,보행자,남,6세,경상
2021071100100007,2021년 7월 11일 00시,일요일,경상남도 양산시 북정동,경상사고,0,0,3,0,차대차 - 추돌,안전운전불이행,건조,맑음,교차로 - 교차로부근,승용,남,42세,기타불명,승용,남,58세,경상
2021071100100034,2021년 7월 11일 06시,일요일,경상남도 양산시 원동면,중상사고,0,1,0,0,차량단독 - 전도전복 - 전도,안전운전불이행,건조,맑음,단일로 - 기타,화물,남,38세,중상,,,,
2021071100100038,2021년 7월 11일 07시,일요일,경상남도 창녕군 남지읍,중상사고,0,1,0,0,차대차 - 기타,안전운전불이행,건조,맑음,교차로 - 교차로안,화물,남,67세,상해없음,이륜,남,83세,중상
2021071100100043,2021년 7월 11일 08시,일요일,경상남도 사천시 선구동,경상사고,0,0,2,0,차대차 - 추돌,안전운전불이행,건조,맑음,교차로 - 교차로부근,승용,남,47세,상해없음,승용,남,59세,경상
2021071100100056,2021년 7월 11일 09시,일요일,경상남도 김해시 생림면,중상사고,0,1,0,0,차대차 - 정면충돌,중앙선침범,건조,맑음,단일로 - 기타,자전거,남,51세,중상,승용,남,49세,상해없음
2021071100100093,2021년 7월 11일 11시,일요일,경상남도 창원시 진해구 용원동,경상사고,0,0,1,0,차대차 - 측면충돌,교차로운행방법위반,건조,맑음,교차로 - 교차로안,화물,남,78세,상해없음,승용,여,49세,경상
2021071100100113,2021년 7월 11일 12시,일요일,경상남도 창원시 진해구 가주동,경상사고,0,0,2,0,차대차 - 측면충돌,중앙선침범,건조,맑음,단일로 - 기타,승용,남,64세,상해없음,특수,남,31세,경상
2021071100100114,2021년 7월 11일 12시,일요일,경상남도 거제시 옥포동,경상사고,0,0,4,0,차대차 - 측면충돌,신호위반,건조,맑음,단일로 - 기타,이륜,남,29세,경상,승용,남,23세,경상
2021071100100116,2021년 7월 11일 12시,일요일,경상남도 창원시 의창구 북면,중상사고,0,1,2,0,차대차 - 측면충돌,중앙선침범,건조,맑음,단일로 - 기타,승용,여,60세,상해없음,승용,남,48세,경상
2021071100100177,2021년 7월 11일 14시,일요일,경상남도 창원시 마산회원구 회원동,경상사고,0,0,4,0,차대차 - 추돌,안전운전불이행,건조,맑음,단일로 - 기타,승용,남,56세,상해없음,승용,남,40세,경상
2021071100100213,2021년 7월 11일 15시,일요일,경상남도 창원시 마산합포구 우산동,경상사고,0,0,5,0,차대차 - 추돌,안전거리미확보,건조,맑음,단일로 - 고가도로위,승용,남,26세,경상,승용,남,36세,경상
2021071100100214,2021년 7월 11일 15시,일요일,경상남도 거제시 수월동,경상사고,0,0,1,0,차대차 - 추돌,안전운전불이행,건조,맑음,단일로 - 기타,승용,남,56세,상해없음,이륜,남,37세,경상
2021071100100215,2021년 7월 11일 15시,일요일,경상남도 산청군 단성면,경상사고,0,0,1,0,차대차 - 측면충돌,중앙선침범,건조,맑음,단일로 - 기타,승용,남,21세,상해없음,승용,여,71세,경상
2021071100100239,2021년 7월 11일 16시,일요일,경상남도 창원시 진해구 용원동,경상사고,0,0,3,0,차대차 - 측면충돌,안전운전불이행,건조,맑음,단일로 - 기타,승용,남,60세,경상,승용,여,45세,경상
2021071100100240,2021년 7월 11일 16시,일요일,경상남도 양산시 동면,중상사고,0,1,1,0,차대차 - 추돌,안전운전불이행,건조,맑음,단일로 - 기타,승용,남,30세,상해없음,승용,남,30세,경상
2021071100100241,2021년 7월 11일 16시,일요일,경상남도 창원시 성산구 성주동,경상사고,0,0,1,0,차대차 - 기타,신호위반,건조,맑음,교차로 - 교차로안,승용,남,29세,상해없음,승용,남,31세,경상
2021071100100266,2021년 7월 11일 17시,일요일,경상남도 김해시 외동,경상사고,0,0,1,0,차대차 - 측면충돌,안전운전불이행,건조,맑음,교차로 - 교차로안,이륜,남,28세,상해없음,승용,남,40세,경상
2021071100100305,2021년 7월 11일 18시,일요일,경상남도 김해시 안동,경상사고,0,0,3,0,차대차 - 측면충돌,안전거리미확보,건조,맑음,단일로 - 기타,화물,남,58세,상해없음,승용,남,22세,경상
2021071100100324,2021년 7월 11일 19시,일요일,경상남도 거제시 고현동,부상신고사고,0,0,0,1,차대차 - 측면충돌,안전거리미확보,건조,맑음,교차로 - 교차로부근,이륜,남,42세,부상신고,승용,여,36세,상해없음
2021071100100325,2021년 7월 11일 19시,일요일,경상남도 거제시 아주동,사망사고,1,0,0,0,차대차 - 측면충돌,안전운전불이행,건조,맑음,교차로 - 교차로안,승용,여,18세,상해없음,이륜,남,62세,사망
2021071100100354,2021년 7월 11일 20시,일요일,경상남도 창원시 진해구 용원동,중상사고,0,1,0,0,차대차 - 기타,안전운전불이행,건조,맑음,교차로 - 교차로안,승용,남,39세,기타불명,이륜,남,26세,중상
2021071100100355,2021년 7월 11일 20시,일요일,경상남도 양산시 중부동,경상사고,0,0,1,0,차대사람 - 기타,보행자보호의무위반,건조,맑음,교차로 - 교차로부근,승용,남,21세,상해없음,보행자,여,45세,경상
2021071100100384,2021년 7월 11일 21시,일요일,경상남도 양산시 삼호동,경상사고,0,0,1,0,차대차 - 측면충돌,안전운전불이행,건조,맑음,교차로 - 교차로부근,승합,남,39세,기타불명,승용,남,34세,경상
2021071100100385,2021년 7월 11일 21시,일요일,경상남도 창원시 마산회원구 내서읍,중상사고,0,1,0,0,차대사람 - 기타,안전운전불이행,건조,맑음,교차로 - 교차로안,승용,남,29세,상해없음,보행자,여,57세,중상
2021071200100048,2021년 7월 12일 07시,월요일,경상남도 진주시 초전동,중상사고,0,1,0,0,차대사람 - 횡단중,보행자보호의무위반,건조,맑음,교차로 - 교차로횡단보도내,승용,남,48세,상해없음,보행자,남,86세,중상
2021071200100134,2021년 7월 12일 10시,월요일,경상남도 창원시 마산합포구 동성동,중상사고,0,1,0,0,차대사람 - 기타,안전운전불이행,건조,맑음,단일로 - 기타,화물,남,45세,상해없음,보행자,여,53세,중상
2021071200100135,2021년 7월 12일 10시,월요일,경상남도 창원시 진해구 석동,중상사고,0,1,0,0,차대사람 - 차도통행중,안전운전불이행,건조,맑음,교차로 - 교차로부근,승용,여,29세,상해없음,보행자,여,74세,중상
2021071200100136,2021년 7월 12일 10시,월요일,경상남도 하동군 옥종면,경상사고,0,0,1,0,차량단독 - 전도전복 - 전도,안전운전불이행,건조,맑음,단일로 - 기타,이륜,남,78세,경상,,,,
2021071200100160,2021년 7월 12일 11시,월요일,경상남도 사천시 선구동,경상사고,0,0,1,0,차대차 - 측면충돌,직진우회전진행방해,건조,맑음,교차로 - 교차로안,이륜,남,67세,경상,화물,남,60세,상해없음
2021071200100161,2021년 7월 12일 11시,월요일,경상남도 밀양시 내이동,경상사고,0,0,2,0,차대차 - 측면충돌,안전운전불이행,건조,맑음,단일로 - 기타,승용,여,72세,경상,승용,여,53세,경상
2021071200100162,2021년 7월 12일 11시,월요일,경상남도 창원시 의창구 명서동,중상사고,0,1,0,0,차대사람 - 차도통행중,안전운전불이행,건조,맑음,교차로 - 교차로부근,화물,남,52세,상해없음,보행자,여,71세,중상
2021071200100203,2021년 7월 12일 12시,월요일,경상남도 밀양시 삼문동,경상사고,0,0,1,0,차대차 - 측면충돌,직진우회전진행방해,건조,맑음,교차로 - 교차로안,승합,여,38세,상해없음,승용,여,62세,경상
2021071200100204,2021년 7월 12일 12시,월요일,경상남도 함안군 가야읍,경상사고,0,0,5,1,차대차 - 측면충돌,안전운전불이행,건조,맑음,교차로 - 교차로안,승용,여,58세,상해없음,승용,남,29세,경상
2021071200100205,2021년 7월 12일 12시,월요일,경상남도 김해시 진영읍,경상사고,0,0,1,0,차대차 - 측면충돌,중앙선침범,건조,맑음,단일로 - 기타,자전거,여,48세,경상,승용,남,26세,상해없음
2021071200100237,2021년 7월 12일 13시,월요일,경상남도 사천시 사남면,경상사고,0,0,1,0,차대차 - 측면충돌,안전거리미확보,건조,맑음,단일로 - 기타,화물,남,76세,상해없음,승용,여,61세,경상
2021071200100238,2021년 7월 12일 13시,월요일,경상남도 밀양시 삼문동,경상사고,0,0,1,0,차대차 - 측면충돌,안전운전불이행,건조,맑음,주차장 - 주차장,승용,여,68세,상해없음,승용,남,38세,경상
2021071200100310,2021년 7월 12일 15시,월요일,경상남도 진주시 신안동,경상사고,0,0,1,0,차대차 - 측면충돌,안전운전불이행,건조,맑음,단일로 - 기타,승합,여,31세,상해없음,이륜,남,37세,경상
2021071200100311,2021년 7월 12일 15시,월요일,경상남도 김해시 외동,경상사고,0,0,2,1,차대차 - 기타,안전운전불이행,건조,맑음,단일로 - 기타,승용,남,19세,경상,승용,남,69세,부상신고
2021071200100312,2021년 7월 12일 15시,월요일,경상남도 양산시 신기동,경상사고,0,0,1,0,차대차 - 측면충돌,안전거리미확보,건조,맑음,단일로 - 기타,화물,남,60세,상해없음,승합,남,44세,상해없음
2021071200100313,2021년 7월 12일 15시,월요일,경상남도 산청군 금서면,경상사고,0,0,1,0,차대차 - 측면충돌,안전운전불이행,건조,맑음,교차로 - 교차로안,승용,남,58세,상해없음,승용,남,28세,경상
2021071200100366,2021년 7월 12일 16시,월요일,경상남도 창원시 진해구 자은동,경상사고,0,0,1,0,차대차 - 측면충돌,안전운전불이행,건조,맑음,교차로 - 교차로부근,승용,여,47세,상해없음,자전거,남,10세,경상
2021071200100367,2021년 7월 12일 16시,월요일,경상남도 창녕군 창녕읍,경상사고,0,0,1,0,차대차 - 후진중충돌,안전운전불이행,건조,맑음,주차장 - 주차장,승용,여,62세,상해없음,승용,여,55세,경상
2021071200100456,2021년 7월 12일 18시,월요일,경상남도 창원시 진해구 용원동,중상사고,0,1,1,0,차대차 - 기타,기타,건조,맑음,단일로 - 기타,승용,남,30세,경상,승용,남,56세,중상
2021071200100489,2021년 7월 12일 19시,월요일,경상남도 진주시 하대동,중상사고,0,1,0,0,차대차 - 추돌,안전운전불이행,건조,맑음,교차로 - 교차로안,승용,여,60세,상해없음,화물,남,79세,중상
2021071200100490,2021년 7월 12일 19시,월요일,경상남도 창원시 성산구 외동,중상사고,0,1,0,0,차대차 - 측면충돌,안전운전불이행,건조,맑음,교차로 - 교차로안,화물,남,53세,상해없음,승용,남,38세,중상
2021071200100514,2021년 7월 12일 20시,월요일,경상남도 밀양시 내일동,중상사고,0,1,0,0,차대사람 - 횡단중,보행자보호의무위반,건조,맑음,교차로 - 교차로횡단보도내,승용,남,51세,상해없음,보행자,여,68세,중상
2021071200100515,2021년 7월 12일 20시,월요일,경상남도 김해시 구산동,중상사고,0,1,1,1,차대차 - 기타,안전운전불이행,건조,맑음,단일로 - 기타,승용,남,21세,상해없음,승용,여,38세,경상
2021071200100539,2021년 7월 12일 21시,월요일,경상남도 창원시 마산회원구 양덕동,경상사고,0,0,1,0,차대차 - 기타,중앙선침범,건조,맑음,단일로 - 기타,승용,남,42세,상해없음,이륜,남,20세,경상
2021071200100562,2021년 7월 12일 22시,월요일,경상남도 양산시 유산동,중상사고,0,1,0,0,차대차 - 측면충돌,중앙선침범,건조,맑음,단일로 - 기타,승용,남,47세,상해없음,자전거,남,51세,중상
2021071200100577,2021년 7월 12일 23시,월요일,경상남도 창원시 마산합포구 해운동,경상사고,0,0,1,0,차대차 - 측면충돌,안전운전불이행,건조,맑음,교차로 - 교차로안,승용,여,63세,상해없음,이륜,남,40세,경상
2021071200100578,2021년 7월 12일 23시,월요일,경상남도 창원시 성산구 남산동,경상사고,0,0,1,0,차대차 - 추돌,안전운전불이행,건조,맑음,단일로 - 기타,승용,남,23세,상해없음,승용,남,67세,경상
2021071200100579,2021년 7월 12일 23시,월요일,경상남도 창원시 의창구 팔용동,경상사고,0,0,1,0,차대차 - 측면충돌,안전운전불이행,건조,맑음,교차로 - 교차로안,승용,여,45세,상해없음,승용,남,40세,경상
2021071300100020,2021년 7월 13일 03시,화요일,경상남도 거제시 옥포동,중상사고,0,1,0,0,차대차 - 기타,안전운전불이행,건조,맑음,단일로 - 기타,이륜,남,16세,중상,승합,여,미분류,기타불명
2021071300100039,2021년 7월 13일 05시,화요일,경상남도 창원시 성산구 웅남동,경상사고,0,0,1,0,차대차 - 측면충돌,신호위반,건조,맑음,교차로 - 교차로안,승용,남,39세,상해없음,승용,남,68세,경상
2021071300100046,2021년 7월 13일 06시,화요일,경상남도 창원시 진해구 경화동,경상사고,0,0,1,0,차대차 - 추돌,안전운전불이행,건조,흐림,교차로 - 교차로부근,승용,남,78세,경상,승용,남,68세,상해없음
2021071300100073,2021년 7월 13일 07시,화요일,경상남도 창원시 성산구 대방동,경상사고,0,0,1,0,차대차 - 추돌,안전운전불이행,건조,맑음,교차로 - 교차로부근,승용,남,73세,상해없음,승용,남,62세,경상
2021071300100117,2021년 7월 13일 08시,화요일,경상남도 함양군 함양읍,중상사고,0,1,0,0,차대차 - 정면충돌,안전운전불이행,젖음/습기,맑음,단일로 - 지하차도(도로)내,특수,남,38세,상해없음,승용,남,21세,중상
2021071300100178,2021년 7월 13일 10시,화요일,경상남도 통영시 무전동,경상사고,0,0,1,0,차대차 - 기타,안전운전불이행,건조,맑음,교차로 - 교차로안,승용,남,32세,상해없음,승용,남,55세,경상
2021071300100179,2021년 7월 13일 10시,화요일,경상남도 사천시 정동면,중상사고,0,3,0,0,차대차 - 정면충돌,중앙선침범,건조,맑음,단일로 - 기타,승용,남,74세,중상,승용,여,24세,중상
2021071300100214,2021년 7월 13일 11시,화요일,경상남도 밀양시 삼문동,경상사고,0,0,1,0,차대사람 - 횡단중,기타,건조,맑음,단일로 - 기타,화물,남,66세,상해없음,보행자,남,23세,경상
2021071300100242,2021년 7월 13일 12시,화요일,경상남도 거창군 거창읍,경상사고,0,0,2,0,차대차 - 측면충돌,안전운전불이행,건조,맑음,교차로 - 교차로안,승용,여,56세,경상,승용,여,35세,경상
2021071300100243,2021년 7월 13일 12시,화요일,경상남도 김해시 대청동,경상사고,0,0,1,0,차대차 - 추돌,신호위반,건조,맑음,교차로 - 교차로부근,이륜,남,48세,경상,승용,여,41세,상해없음
2021071300100274,2021년 7월 13일 13시,화요일,경상남도 창원시 진해구 용원동,중상사고,0,1,0,0,차대차 - 기타,직진우회전진행방해,건조,맑음,교차로 - 교차로안,승용,남,19세,상해없음,이륜,남,53세,중상
2021071300100313,2021년 7월 13일 14시,화요일,경상남도 사천시 용현면,경상사고,0,0,1,0,차대사람 - 횡단중,신호위반,건조,맑음,교차로 - 교차로횡단보도내,승용,여,67세,상해없음,보행자,여,10세,경상
2021071300100362,2021년 7월 13일 15시,화요일,경상남도 밀양시 내이동,경상사고,0,0,1,0,차대차 - 측면충돌,안전운전불이행,건조,맑음,교차로 - 교차로안,승용,여,63세,상해없음,승합,여,46세,경상
2021071300100363,2021년 7월 13일 15시,화요일,경상남도 거창군 거창읍,경상사고,0,0,4,0,차대차 - 측면충돌,안전운전불이행,건조,맑음,교차로 - 교차로부근,승용,여,61세,경상,승용,남,33세,경상
2021071300100364,2021년 7월 13일 15시,화요일,경상남도 김해시 진례면,경상사고,0,0,2,0,차대차 - 측면충돌,안전운전불이행,건조,맑음,교차로 - 교차로안,승용,남,20세,경상,화물,남,61세,경상
2021071300100401,2021년 7월 13일 16시,화요일,경상남도 사천시 사천읍,경상사고,0,0,1,0,차대차 - 후진중충돌,안전운전불이행,건조,맑음,단일로 - 기타,화물,남,41세,상해없음,자전거,여,60세,경상
2021071300100402,2021년 7월 13일 16시,화요일,경상남도 거창군 거창읍,경상사고,0,0,1,0,차대차 - 측면충돌,안전운전불이행,건조,맑음,단일로 - 기타,이륜,남,41세,경상,승용,여,64세,상해없음
2021071300100403,2021년 7월 13일 16시,화요일,경상남도 창녕군 이방면,중상사고,0,1,0,0,차량단독 - 전도전복 - 전도,안전운전불이행,건조,맑음,단일로 - 기타,승용,여,44세,중상,,,,
2021071300100405,2021년 7월 13일 16시,화요일,경상남도 의령군 부림면,경상사고,0,0,2,0,차대차 - 측면충돌,직진우회전진행방해,건조,맑음,교차로 - 교차로안,승용,여,54세,경상,화물,남,52세,경상
2021071300100458,2021년 7월 13일 17시,화요일,경상남도 고성군 마암면,경상사고,0,0,1,0,차대차 - 측면충돌,신호위반,건조,맑음,교차로 - 교차로안,화물,남,69세,상해없음,승용,여,65세,경상
2021071300100459,2021년 7월 13일 17시,화요일,경상남도 산청군 산청읍,경상사고,0,0,1,0,차대차 - 측면충돌,안전운전불이행,건조,맑음,교차로 - 교차로안,화물,남,58세,상해없음,이륜,남,33세,경상
2021071300100511,2021년 7월 13일 18시,화요일,경상남도 통영시 용남면,경상사고,0,0,1,0,차대차 - 추돌,안전거리미확보,건조,맑음,단일로 - 기타,화물,남,38세,상해없음,승용,남,63세,경상
2021071300100512,2021년 7월 13일 18시,화요일,경상남도 김해시 주촌면,경상사고,0,0,1,0,차대차 - 측면충돌,안전운전불이행,건조,맑음,단일로 - 기타,승용,기타불명,미분류,기타불명,승용,여,59세,경상
2021071300100513,2021년 7월 13일 18시,화요일,경상남도 거창군 남하면,경상사고,0,0,1,0,차대차 - 기타,기타,건조,맑음,교차로 - 교차로부근,화물,남,53세,경상,승용,남,71세,상해없음
2021071300100514,2021년 7월 13일 18시,화요일,경상남도 거제시 동부면,경상사고,0,0,1,0,차량단독 - 도로외이탈 - 추락,안전운전불이행,건조,맑음,단일로 - 기타,승용,남,36세,경상,,,,
2021071300100538,2021년 7월 13일 19시,화요일,경상남도 김해시 장유동,중상사고,0,1,0,0,차대사람 - 횡단중,신호위반,건조,맑음,교차로 - 교차로횡단보도내,승용,남,61세,상해없음,보행자,남,8세,중상