사고번호,사고일시,요일,시군구,사고내용,사망자수,중상자수,경상자수,부상신고자수,사고유형,법규위반,노면상태,기상상태,도로형태,가해운전자 차종,가해운전자 성별,가해운전자 연령,가해운전자 상해정도,피해운전자 차종,피해운전자 성별,피해운전자 연령,피해운전자 상해정도
2021071300100573,2021년 7월 13일 20시,화요일,경상남도 진주시 상대동,중상사고,0,1,0,0,차대사람 - 기타,안전운전불이행,건조,맑음,기타 - 기타,승용,남,38세,상해없음,보행자,남,71세,중상
2021071300100574,2021년 7월 13일 20시,화요일,경상남도 창원시 진해구 경화동,중상사고,0,1,0,0,차대차 - 측면충돌,안전운전불이행,건조,기타,단일로 - 기타,승용,여,22세,상해없음,자전거,남,78세,중상
2021071300100600,2021년 7월 13일 21시,화요일,경상남도 통영시 용남면,경상사고,0,0,2,0,차대차 - 측면충돌,안전운전불이행,건조,맑음,단일로 - 기타,화물,남,67세,상해없음,승용,남,50세,경상
2021071300100601,2021년 7월 13일 21시,화요일,경상남도 사천시 사남면,경상사고,0,0,2,0,차대차 - 기타,안전운전불이행,건조,맑음,교차로 - 교차로안,승용,여,47세,경상,승용,여,28세,경상
2021071300100602,2021년 7월 13일 21시,화요일,경상남도 김해시 내동,경상사고,0,0,1,0,차대사람 - 차도통행중,안전운전불이행,건조,맑음,단일로 - 기타,승용,여,58세,상해없음,보행자,여,72세,경상
2021071300100603,2021년 7월 13일 21시,화요일,경상남도 창원시 마산회원구 양덕동,경상사고,0,0,1,0,차대차 - 측면충돌,중앙선침범,건조,맑음,단일로 - 기타,개인형이동수단(PM),여,45세,기타불명,이륜,남,38세,경상
2021071300100604,2021년 7월 13일 21시,화요일,경상남도 김해시 화목동,중상사고,0,1,0,0,차대사람 - 횡단중,안전운전불이행,젖음/습기,흐림,교차로 - 교차로안,승용,남,34세,상해없음,보행자,여,72세,중상
2021071300100623,2021년 7월 13일 22시,화요일,경상남도 남해군 미조면,중상사고,0,1,0,0,차량단독 - 도로외이탈 - 기타,안전운전불이행,건조,맑음,단일로 - 기타,승용,남,23세,상해없음,,,,
2021071400100027,2021년 7월 14일 03시,수요일,경상남도 김해시 진례면,경상사고,0,0,1,0,차대차 - 추돌,안전운전불이행,건조,맑음,단일로 - 기타,승용,남,34세,상해없음,화물,남,52세,경상
2021071400100035,2021년 7월 14일 04시,수요일,경상남도 사천시 동동,경상사고,0,0,1,0,차대사람 - 기타,안전운전불이행,건조,맑음,교차로 - 교차로부근,화물,남,38세,상해없음,보행자,남,72세,경상
2021071400100059,2021년 7월 14일 06시,수요일,경상남도 창녕군 남지읍,중상사고,0,1,0,0,차대차 - 기타,신호위반,건조,맑음,교차로 - 교차로안,이륜,남,32세,상해없음,자전거,여,70세,중상
2021071400100076,2021년 7월 14일 07시,수요일,경상남도 진주시 금곡면,경상사고,0,0,1,0,차대차 - 측면충돌,중앙선침범,건조,맑음,단일로 - 기타,이륜,남,77세,경상,승용,남,44세,상해없음
2021071400100077,2021년 7월 14일 07시,수요일,경상남도 양산시 교동,중상사고,0,1,0,0,차량단독 - 공작물충돌,안전운전불이행,건조,맑음,단일로 - 기타,승용,남,51세,중상,,,,
2021071400100104,2021년 7월 14일 08시,수요일,경상남도 진주시 호탄동,경상사고,0,0,1,0,차대차 - 측면충돌,안전운전불이행,건조,맑음,교차로 - 교차로안,승용,남,30세,상해없음,자전거,여,8세,경상
2021071400100105,2021년 7월 14일 08시,수요일,경상남도 김해시 구산동,경상사고,0,0,1,0,차대차 - 측면충돌,신호위반,건조,맑음,교차로 - 교차로안,건설기계,남,36세,상해없음,승용,여,52세,경상
2021071400100106,2021년 7월 14일 08시,수요일,경상남도 하동군 하동읍,부상신고사고,0,0,0,1,차대차 - 측면충돌,직진우회전진행방해,건조,맑음,교차로 - 교차로안,이륜,남,86세,부상신고,승용,여,52세,상해없음
2021071400100107,2021년 7월 14일 08시,수요일,경상남도 남해군 창선면,중상사고,0,1,0,0,차대사람 - 횡단중,안전운전불이행,건조,맑음,단일로 - 기타,승용,남,86세,상해없음,보행자,여,74세,중상
2021071400100108,2021년 7월 14일 08시,수요일,경상남도 남해군 남해읍,중상사고,0,1,0,0,차대사람 - 횡단중,안전운전불이행,건조,맑음,교차로 - 교차로안,승용,여,53세,상해없음,보행자,여,64세,중상
2021071400100137,2021년 7월 14일 09시,수요일,경상남도 김해시 내동,경상사고,0,0,1,0,차대차 - 측면충돌,안전운전불이행,건조,맑음,교차로 - 교차로안,화물,남,54세,상해없음,승용,여,49세,경상
2021071400100156,2021년 7월 14일 10시,수요일,경상남도 진주시 장대동,사망사고,1,0,0,0,차대사람 - 기타,안전운전불이행,건조,맑음,단일로 - 기타,승용,남,60세,상해없음,보행자,여,84세,사망
2021071400100187,2021년 7월 14일 11시,수요일,경상남도 의령군 의령읍,경상사고,0,0,1,0,차대사람 - 기타,안전운전불이행,건조,맑음,단일로 - 기타,승용,남,64세,상해없음,보행자,여,61세,경상
2021071400100229,2021년 7월 14일 12시,수요일,경상남도 창원시 진해구 석동,경상사고,0,0,1,0,차대차 - 측면충돌,안전운전불이행,건조,맑음,교차로 - 교차로부근,승용,남,70세,상해없음,원동기,여,42세,경상
2021071400100230,2021년 7월 14일 12시,수요일,경상남도 함양군 서상면,경상사고,0,0,1,0,차대차 - 측면충돌,교차로운행방법위반,건조,맑음,교차로 - 교차로안,농기계,남,61세,상해없음,승용,여,61세,경상
2021071400100258,2021년 7월 14일 13시,수요일,경상남도 창원시 마산합포구 상남동,경상사고,0,0,1,0,차대차 - 측면충돌,안전운전불이행,건조,맑음,단일로 - 기타,원동기,남,19세,상해없음,승용,남,59세,경상
2021071400100259,2021년 7월 14일 13시,수요일,경상남도 창원시 진해구 자은동,중상사고,0,1,1,0,차대차 - 측면충돌,신호위반,건조,맑음,교차로 - 교차로안,승용,남,70세,경상,승용,남,55세,중상
2021071400100260,2021년 7월 14일 13시,수요일,경상남도 창원시 마산합포구 산호동,경상사고,0,0,1,0,차량단독 - 기타,안전운전불이행,건조,맑음,단일로 - 기타,승합,남,62세,상해없음,,,,
2021071400100291,2021년 7월 14일 14시,수요일,경상남도 밀양시 삼문동,중상사고,0,1,0,0,차대차 - 측면충돌,안전운전불이행,건조,맑음,교차로 - 교차로안,승용,남,66세,상해없음,이륜,남,24세,중상
2021071400100292,2021년 7월 14일 14시,수요일,경상남도 의령군 의령읍,중상사고,0,1,0,0,차대차 - 측면충돌,교차로운행방법위반,건조,맑음,교차로 - 교차로부근,승용,남,49세,상해없음,이륜,여,71세,중상
2021071400100319,2021년 7월 14일 15시,수요일,경상남도 창원시 진해구 석동,경상사고,0,0,1,0,차대차 - 기타,안전운전불이행,건조,맑음,교차로 - 교차로안,승용,남,36세,상해없음,승용,여,41세,경상
2021071400100320,2021년 7월 14일 15시,수요일,경상남도 창원시 의창구 봉림동,경상사고,0,0,1,0,차대사람 - 기타,기타,건조,맑음,기타 - 기타,개인형이동수단(PM),남,25세,상해없음,보행자,여,11세,경상
2021071400100321,2021년 7월 14일 15시,수요일,경상남도 김해시 진영읍,부상신고사고,0,0,0,1,차대차 - 추돌,안전운전불이행,건조,맑음,교차로 - 교차로안,원동기,여,36세,부상신고,승용,여,45세,상해없음
2021071400100367,2021년 7월 14일 16시,수요일,경상남도 통영시 용남면,경상사고,0,0,1,0,차대차 - 추돌,안전운전불이행,건조,맑음,단일로 - 기타,승용,남,48세,상해없음,승용,남,46세,경상
2021071400100368,2021년 7월 14일 16시,수요일,경상남도 밀양시 삼랑진읍,경상사고,0,0,1,2,차대사람 - 기타,안전운전불이행,건조,맑음,단일로 - 기타,화물,남,35세,상해없음,보행자,여,67세,부상신고
2021071400100369,2021년 7월 14일 16시,수요일,경상남도 김해시 삼계동,경상사고,0,0,2,0,차대차 - 측면충돌,신호위반,건조,맑음,교차로 - 교차로부근,승용,남,37세,경상,화물,남,28세,경상
2021071400100370,2021년 7월 14일 16시,수요일,경상남도 창원시 성산구 남산동,경상사고,0,0,2,0,차대차 - 측면충돌,안전운전불이행,건조,맑음,교차로 - 교차로안,승용,여,56세,상해없음,승용,남,30세,경상
2021071400100423,2021년 7월 14일 17시,수요일,경상남도 창원시 진해구 석동,경상사고,0,0,1,0,차대사람 - 기타,기타,건조,맑음,교차로 - 교차로안,승합,여,46세,상해없음,보행자,남,9세,경상
2021071400100424,2021년 7월 14일 17시,수요일,경상남도 김해시 어방동,경상사고,0,0,1,0,차대차 - 측면충돌,기타,건조,맑음,교차로 - 교차로안,승용,남,30세,상해없음,승합,여,37세,경상
2021071400100425,2021년 7월 14일 17시,수요일,경상남도 창원시 성산구 성주동,경상사고,0,0,3,0,차대차 - 추돌,안전운전불이행,건조,맑음,단일로 - 기타,승합,여,45세,상해없음,승용,여,65세,경상
2021071400100471,2021년 7월 14일 18시,수요일,경상남도 창원시 마산합포구 오동동,경상사고,0,0,1,0,차대사람 - 차도통행중,안전운전불이행,건조,맑음,단일로 - 기타,이륜,남,45세,상해없음,보행자,남,57세,경상
2021071400100472,2021년 7월 14일 18시,수요일,경상남도 창원시 진해구 속천동,중상사고,0,1,0,0,차대차 - 측면충돌,교차로운행방법위반,건조,맑음,교차로 - 교차로안,승용,남,45세,상해없음,승용,남,50세,중상
2021071400100473,2021년 7월 14일 18시,수요일,경상남도 사천시 향촌동,경상사고,0,0,2,0,차대차 - 측면충돌,신호위반,건조,맑음,교차로 - 교차로안,이륜,남,53세,경상,승용,남,53세,경상
2021071400100474,2021년 7월 14일 18시,수요일,경상남도 사천시 사남면,경상사고,0,0,1,0,차대차 - 기타,안전운전불이행,건조,맑음,기타 - 기타,승용,여,21세,상해없음,자전거,남,48세,경상
2021071400100475,2021년 7월 14일 18시,수요일,경상남도 거제시 거제면,경상사고,0,0,3,0,차대차 - 정면충돌,중앙선침범,건조,맑음,단일로 - 기타,승용,여,23세,경상,승용,여,38세,상해없음
2021071400100476,2021년 7월 14일 18시,수요일,경상남도 창원시 의창구 팔용동,경상사고,0,0,1,0,차대사람 - 횡단중,보행자보호의무위반,건조,맑음,교차로 - 교차로횡단보도내,승용,남,56세,상해없음,보행자,남,34세,경상
2021071400100549,2021년 7월 14일 20시,수요일,경상남도 사천시 용현면,경상사고,0,0,4,0,차대차 - 측면충돌,신호위반,건조,맑음,교차로 - 교차로안,원동기,남,18세,경상,승용,여,40세,경상
2021071400100550,2021년 7월 14일 20시,수요일,경상남도 김해시 외동,중상사고,0,1,0,0,차대차 - 기타,기타,건조,맑음,교차로 - 교차로부근,승용,남,57세,상해없음,이륜,남,30세,중상
2021071400100551,2021년 7월 14일 20시,수요일,경상남도 창녕군 창녕읍,중상사고,0,3,1,0,차대차 - 기타,불법유턴,건조,맑음,단일로 - 기타,승용,남,54세,중상,화물,남,69세,경상
2021071400100580,2021년 7월 14일 21시,수요일,경상남도 통영시 욕지면,경상사고,0,0,1,0,차량단독 - 공작물충돌,안전운전불이행,건조,맑음,단일로 - 기타,승용,남,54세,경상,,,,
2021071400100623,2021년 7월 14일 23시,수요일,경상남도 통영시 정량동,중상사고,0,1,0,0,차대사람 - 횡단중,보행자보호의무위반,건조,맑음,교차로 - 교차로횡단보도내,승용,남,21세,상해없음,보행자,남,41세,중상
2021071500100006,2021년 7월 15일 00시,목요일,경상남도 창원시 진해구 석동,경상사고,0,0,1,0,차대차 - 추돌,안전운전불이행,건조,맑음,교차로 - 교차로부근,승용,남,30세,상해없음,승용,남,37세,경상
2021071500100007,2021년 7월 15일 00시,목요일,경상남도 김해시 진영읍,경상사고,0,0,1,0,차대차 - 추돌,안전운전불이행,건조,맑음,단일로 - 기타,승용,남,45세,상해없음,승용,남,53세,상해없음
2021071500100017,2021년 7월 15일 01시,목요일,경상남도 사천시 용현면,경상사고,0,0,1,0,차량단독 - 공작물충돌,안전운전불이행,건조,맑음,교차로 - 교차로안,화물,남,62세,경상,,,,
2021071500100049,2021년 7월 15일 06시,목요일,경상남도 김해시 화목동,중상사고,0,1,0,0,차대차 - 측면충돌,안전운전불이행,건조,맑음,교차로 - 교차로부근,자전거,남,61세,상해없음,자전거,여,62세,중상
2021071500100070,2021년 7월 15일 07시,목요일,경상남도 김해시 부원동,경상사고,0,0,2,0,차대차 - 측면충돌,신호위반,건조,맑음,교차로 - 교차로안,승용,남,50세,경상,승용,여,56세,경상
2021071500100071,2021년 7월 15일 07시,목요일,경상남도 양산시 물금읍,중상사고,0,1,0,0,차대차 - 측면충돌,직진우회전진행방해,건조,맑음,교차로 - 교차로안,승용,남,61세,상해없음,승용,남,45세,중상
2021071500100072,2021년 7월 15일 07시,목요일,경상남도 김해시 율하동,중상사고,0,1,0,0,차대차 - 측면충돌,안전운전불이행,건조,맑음,교차로 - 교차로횡단보도내,개인형이동수단(PM),여,23세,중상,승용,여,52세,상해없음
2021071500100103,2021년 7월 15일 08시,목요일,경상남도 통영시 정량동,경상사고,0,0,2,0,차대사람 - 횡단중,보행자보호의무위반,건조,맑음,교차로 - 교차로횡단보도내,승용,여,31세,상해없음,보행자,남,10세,경상
2021071500100104,2021년 7월 15일 08시,목요일,경상남도 사천시 축동면,중상사고,0,1,0,0,차대차 - 측면충돌,교차로운행방법위반,건조,맑음,교차로 - 교차로안,승용,남,53세,상해없음,승용,남,55세,중상
2021071500100105,2021년 7월 15일 08시,목요일,경상남도 거제시 고현동,중상사고,0,1,0,0,차대사람 - 차도통행중,안전운전불이행,건조,맑음,단일로 - 기타,승용,남,41세,상해없음,보행자,여,87세,중상
2021071500100139,2021년 7월 15일 09시,목요일,경상남도 창원시 진해구 용원동,중상사고,0,1,0,0,차대차 - 기타,신호위반,건조,맑음,교차로 - 교차로안,승용,남,53세,상해없음,승용,여,49세,중상
2021071500100140,2021년 7월 15일 09시,목요일,경상남도 고성군 고성읍,부상신고사고,0,0,0,1,차대차 - 측면충돌,안전운전불이행,건조,맑음,교차로 - 교차로안,이륜,남,71세,부상신고,승용,남,30세,상해없음
2021071500100141,2021년 7월 15일 09시,목요일,경상남도 하동군 금남면,중상사고,0,1,0,0,차대차 - 정면충돌,교차로운행방법위반,건조,맑음,교차로 - 교차로안,승용,여,62세,상해없음,화물,남,34세,중상
2021071500100142,2021년 7월 15일 09시,목요일,경상남도 거제시 장평동,중상사고,0,1,0,0,차대차 - 측면충돌,신호위반,건조,맑음,교차로 - 교차로안,승용,여,41세,상해없음,이륜,남,34세,중상
2021071500100198,2021년 7월 15일 11시,목요일,경상남도 창원시 마산합포구 교방동,중상사고,0,1,0,0,차대사람 - 기타,안전운전불이행,건조,맑음,단일로 - 기타,화물,남,48세,상해없음,보행자,남,65세,중상
2021071500100199,2021년 7월 15일 11시,목요일,경상남도 밀양시 내이동,중상사고,0,2,0,0,차대차 - 측면충돌,안전운전불이행,건조,맑음,단일로 - 기타,승용,여,56세,상해없음,승합,남,54세,기타불명
2021071500100200,2021년 7월 15일 11시,목요일,경상남도 함양군 지곡면,중상사고,0,5,0,0,차대차 - 정면충돌,중앙선침범,건조,맑음,교차로 - 교차로부근,화물,남,48세,기타불명,승용,남,37세,중상
2021071500100201,2021년 7월 15일 11시,목요일,경상남도 거제시 아주동,경상사고,0,0,2,0,차대차 - 측면충돌,중앙선침범,건조,맑음,단일로 - 기타,승용,여,61세,경상,화물,남,40세,경상
2021071500100202,2021년 7월 15일 11시,목요일,경상남도 남해군 남면,중상사고,0,1,0,0,차대사람 - 횡단중,안전운전불이행,건조,맑음,단일로 - 기타,승용,여,59세,상해없음,보행자,여,77세,중상
2021071500100236,2021년 7월 15일 12시,목요일,경상남도 창원시 마산합포구 청계동,중상사고,0,1,0,0,차대사람 - 기타,교차로운행방법위반,건조,맑음,교차로 - 교차로안,승용,남,53세,상해없음,보행자,여,70세,중상
2021071500100237,2021년 7월 15일 12시,목요일,경상남도 진주시 유곡동,중상사고,0,1,0,0,차대차 - 측면충돌,신호위반,건조,맑음,교차로 - 교차로안,화물,남,74세,상해없음,승용,여,55세,중상
2021071500100277,2021년 7월 15일 13시,목요일,경상남도 창원시 진해구 경화동,경상사고,0,0,1,0,차대사람 - 기타,안전운전불이행,건조,맑음,교차로 - 교차로부근,승용,남,56세,상해없음,보행자,남,55세,경상
2021071500100278,2021년 7월 15일 13시,목요일,경상남도 함안군 가야읍,중상사고,0,1,2,0,차대차 - 측면충돌,신호위반,건조,맑음,교차로 - 교차로안,승용,남,43세,경상,화물,남,79세,상해없음
2021071500100318,2021년 7월 15일 14시,목요일,경상남도 창원시 성산구 가음동,경상사고,0,0,2,0,차대차 - 측면충돌,안전운전불이행,건조,맑음,교차로 - 교차로안,승용,남,54세,상해없음,승용,여,52세,경상
2021071500100379,2021년 7월 15일 16시,목요일,경상남도 양산시 북부동,경상사고,0,0,1,0,차대차 - 측면충돌,신호위반,건조,맑음,단일로 - 교량,승용,여,54세,상해없음,승용,남,20세,경상
2021071500100380,2021년 7월 15일 16시,목요일,경상남도 남해군 미조면,중상사고,0,3,2,0,차대차 - 측면충돌,교차로운행방법위반,건조,맑음,교차로 - 교차로안,승용,남,22세,상해없음,승용,여,64세,중상
2021071500100418,2021년 7월 15일 17시,목요일,경상남도 양산시 물금읍,경상사고,0,0,1,0,차대차 - 기타,교차로운행방법위반,건조,맑음,교차로 - 교차로안,승용,여,41세,상해없음,이륜,남,35세,경상
2021071500100482,2021년 7월 15일 18시,목요일,경상남도 진주시 주약동,중상사고,0,1,0,0,차대차 - 측면충돌,차로위반,건조,맑음,단일로 - 기타,승용,남,64세,상해없음,승용,여,41세,중상
2021071500100483,2021년 7월 15일 18시,목요일,경상남도 김해시 외동,경상사고,0,0,1,0,차대차 - 기타,안전운전불이행,건조,맑음,교차로 - 교차로부근,화물,남,52세,상해없음,승용,여,37세,경상
2021071500100519,2021년 7월 15일 19시,목요일,경상남도 양산시 물금읍,경상사고,0,0,1,0,차대차 - 측면충돌,신호위반,건조,맑음,교차로 - 교차로안,이륜,남,66세,상해없음,자전거,남,42세,경상
2021071500100520,2021년 7월 15일 19시,목요일,경상남도 김해시 진례면,경상사고,0,0,1,0,차대차 - 측면충돌,안전운전불이행,건조,맑음,교차로 - 교차로안,기타불명,기타불명,미분류,기타불명,승용,남,24세,경상
2021071500100549,2021년 7월 15일 20시,목요일,경상남도 양산시 북정동,경상사고,0,0,1,0,차대차 - 측면충돌,교차로운행방법위반,건조,맑음,교차로 - 교차로안,승용,남,57세,상해없음,이륜,남,44세,경상
2021071500100550,2021년 7월 15일 20시,목요일,경상남도 창원시 의창구 팔용동,경상사고,0,0,1,0,차대차 - 측면충돌,안전운전불이행,건조,맑음,교차로 - 교차로안,승합,남,52세,상해없음,승용,남,23세,상해없음
2021071500100598,2021년 7월 15일 22시,목요일,경상남도 통영시 미수동,중상사고,0,1,0,0,차대사람 - 기타,안전운전불이행,건조,맑음,단일로 - 기타,승용,남,55세,상해없음,보행자,남,56세,중상
2021071500100599,2021년 7월 15일 22시,목요일,경상남도 창원시 의창구 명서동,경상사고,0,0,1,0,차대차 - 측면충돌,신호위반,건조,맑음,교차로 - 교차로안,승용,여,44세,상해없음,승합,남,49세,경상
2021071500100611,2021년 7월 15일 23시,목요일,경상남도 창원시 진해구 용원동,중상사고,0,1,0,0,차대사람 - 횡단중,보행자보호의무위반,건조,맑음,교차로 - 교차로횡단보도내,승용,남,49세,상해없음,보행자,남,48세,중상
2021071600100058,2021년 7월 16일 07시,금요일,경상남도 양산시 물금읍,경상사고,0,0,1,0,차대차 - 측면충돌,신호위반,건조,맑음,교차로 - 교차로횡단보도내,승용,남,46세,상해없음,자전거,남,61세,경상
2021071600100059,2021년 7월 16일 07시,금요일,경상남도 창원시 의창구 팔용동,경상사고,0,0,2,0,차대차 - 측면충돌,안전운전불이행,건조,맑음,교차로 - 교차로안,승용,여,69세,경상,승용,남,30세,경상
2021071600100091,2021년 7월 16일 08시,금요일,경상남도 김해시 삼정동,경상사고,0,0,1,0,차대사람 - 횡단중,안전운전불이행,건조,맑음,교차로 - 교차로안,승용,여,47세,상해없음,보행자,여,54세,경상
2021071600100092,2021년 7월 16일 08시,금요일,경상남도 김해시 진영읍,중상사고,0,1,0,0,차대사람 - 기타,안전운전불이행,건조,맑음,단일로 - 기타,특수,남,60세,상해없음,보행자,남,58세,중상
2021071600100128,2021년 7월 16일 09시,금요일,경상남도 통영시 미수동,부상신고사고,0,0,0,1,차대사람 - 횡단중,안전운전불이행,건조,맑음,교차로 - 교차로안,화물,남,62세,상해없음,보행자,남,29세,부상신고
2021071600100129,2021년 7월 16일 09시,금요일,경상남도 남해군 남해읍,경상사고,0,0,1,0,차량단독 - 공작물충돌,안전운전불이행,건조,맑음,주차장 - 주차장,승용,여,76세,경상,,,,
2021071600100130,2021년 7월 16일 09시,금요일,경상남도 남해군 이동면,부상신고사고,0,0,0,1,차대사람 - 길가장자리구역통행중,안전운전불이행,건조,맑음,단일로 - 기타,화물,남,51세,상해없음,보행자,남,85세,부상신고
2021071600100162,2021년 7월 16일 10시,금요일,경상남도 창원시 성산구 반지동,경상사고,0,0,1,0,차대차 - 측면충돌,신호위반,건조,맑음,교차로 - 교차로횡단보도내,화물,남,65세,상해없음,자전거,여,66세,경상
2021071600100199,2021년 7월 16일 11시,금요일,경상남도 진주시 하대동,경상사고,0,0,1,0,차대사람 - 횡단중,보행자보호의무위반,건조,맑음,교차로 - 교차로횡단보도내,승용,여,52세,상해없음,보행자,남,53세,경상
2021071600100200,2021년 7월 16일 11시,금요일,경상남도 김해시 삼방동,경상사고,0,0,1,0,차대사람 - 횡단중,안전운전불이행,건조,맑음,단일로 - 기타,승용,남,65세,상해없음,보행자,여,66세,경상
2021071600100201,2021년 7월 16일 11시,금요일,경상남도 산청군 단성면,경상사고,0,0,1,0,차대차 - 추돌,안전운전불이행,건조,맑음,단일로 - 기타,승합,남,57세,상해없음,특수,남,43세,경상
2021071600100243,2021년 7월 16일 12시,금요일,경상남도 창원시 마산회원구 내서읍,중상사고,0,1,0,0,차대차 - 정면충돌,안전운전불이행,건조,맑음,교차로 - 교차로안,승용,여,52세,상해없음,이륜,남,42세,중상
2021071600100279,2021년 7월 16일 13시,금요일,경상남도 거제시 고현동,중상사고,0,1,0,0,차대차 - 기타,안전운전불이행,건조,맑음,교차로 - 교차로안,승용,여,29세,상해없음,승용,남,41세,중상
2021071600100313,2021년 7월 16일 14시,금요일,경상남도 창원시 진해구 석동,경상사고,0,0,1,0,차대차 - 기타,안전운전불이행,건조,맑음,기타 - 기타,자전거,남,16세,경상,승용,남,40세,상해없음
2021071600100314,2021년 7월 16일 14시,금요일,경상남도 거창군 거창읍,중상사고,0,1,0,0,차대사람 - 횡단중,안전운전불이행,건조,맑음,단일로 - 기타,화물,남,69세,상해없음,보행자,남,52세,중상
2021071600100345,2021년 7월 16일 15시,금요일,경상남도 거창군 거창읍,경상사고,0,0,1,0,차대차 - 측면충돌,안전거리미확보,건조,맑음,교차로 - 교차로안,화물,남,64세,상해없음,승용,남,43세,경상
2021071600100346,2021년 7월 16일 15시,금요일,경상남도 거제시 고현동,경상사고,0,0,1,0,차대차 - 측면충돌,직진우회전진행방해,건조,맑음,교차로 - 교차로안,승용,여,45세,상해없음,이륜,남,54세,경상
2021071600100347,2021년 7월 16일 15시,금요일,경상남도 산청군 생초면,사망사고,1,0,0,0,차량단독 - 공작물충돌,안전운전불이행,건조,맑음,단일로 - 기타,농기계,남,78세,사망,,,,
2021071600100348,2021년 7월 16일 15시,금요일,경상남도 창원시 성산구 반림동,경상사고,0,0,1,0,차대차 - 측면충돌,교차로운행방법위반,건조,맑음,교차로 - 교차로안,화물,남,29세,상해없음,승용,여,40세,경상
2021071600100349,2021년 7월 16일 15시,금요일,경상남도 창원시 마산회원구 양덕동,경상사고,0,0,1,0,차대차 - 측면충돌,신호위반,젖음/습기,비,교차로 - 교차로안,승용,여,33세,상해없음,승용,여,66세,경상
2021071600100381,2021년 7월 16일 16시,금요일,경상남도 창원시 진해구 용원동,경상사고,0,0,1,0,차대차 - 측면충돌,신호위반,건조,맑음,교차로 - 교차로안,원동기,남,32세,경상,화물,남,55세,상해없음
2021071600100382,2021년 7월 16일 16시,금요일,경상남도 함안군 군북면,중상사고,0,1,0,0,차대차 - 추돌,안전운전불이행,젖음/습기,비,교차로 - 교차로부근,화물,남,44세,상해없음,승용,남,58세,중상
2021071600100383,2021년 7월 16일 16시,금요일,경상남도 창원시 마산회원구 석전동,경상사고,0,0,1,0,차대차 - 기타,안전운전불이행,건조,기타,교차로 - 교차로부근,승용,남,58세,상해없음,승용,남,44세,경상
2021071600100432,2021년 7월 16일 17시,금요일,경상남도 창원시 마산합포구 중앙동2가,경상사고,0,0,1,0,차대사람 - 보도통행중,안전운전불이행,젖음/습기,비,기타 - 기타,개인형이동수단(PM),남,30세,상해없음,보행자,여,59세,경상
2021071600100487,2021년 7월 16일 18시,금요일,경상남도 김해시 대청동,경상사고,0,0,2,0,차대차 - 정면충돌,안전운전불이행,건조,맑음,교차로 - 교차로안,승용,남,76세,상해없음,승용,남,37세,경상
2021071600100544,2021년 7월 16일 19시,금요일,경상남도 진주시 가좌동,경상사고,0,0,1,0,차대차 - 측면충돌,안전운전불이행,건조,맑음,교차로 - 교차로부근,승용,여,19세,상해없음,이륜,남,32세,경상
2021071600100689,2021년 7월 16일 23시,금요일,경상남도 양산시 남부동,경상사고,0,0,1,0,차대차 - 추돌,안전운전불이행,젖음/습기,비,교차로 - 교차로부근,승용,남,36세,상해없음,승용,남,35세,경상
2021071700100007,2021년 7월 17일 00시,토요일,경상남도 양산시 물금읍,중상사고,0,1,1,0,차대사람 - 기타,안전운전불이행,젖음/습기,비,단일로 - 기타,승용,남,37세,상해없음,보행자,남,37세,경상
2021071700100008,2021년 7월 17일 00시,토요일,경상남도 창원시 성산구 두대동,경상사고,0,0,1,0,차대차 - 추돌,안전운전불이행,건조,맑음,교차로 - 교차로부근,승용,여,50세,상해없음,승용,남,24세,경상
2021071700100009,2021년 7월 17일 00시,토요일,경상남도 김해시 대청동,경상사고,0,0,1,0,차대차 - 추돌,안전운전불이행,건조,맑음,단일로 - 기타,승용,여,40세,상해없음,승용,남,31세,경상
2021071700100023,2021년 7월 17일 01시,토요일,경상남도 창원시 의창구 팔용동,경상사고,0,0,1,0,차대차 - 추돌,안전운전불이행,건조,맑음,교차로 - 교차로안,승용,남,48세,상해없음,승용,남,31세,경상
2021071700100038,2021년 7월 17일 04시,토요일,경상남도 양산시 물금읍,경상사고,0,0,1,0,차대차 - 측면충돌,신호위반,젖음/습기,흐림,교차로 - 교차로안,승용,남,39세,상해없음,승용,여,55세,경상
2021071700100059,2021년 7월 17일 06시,토요일,경상남도 창원시 진해구 석동,경상사고,0,0,2,0,차대차 - 추돌,안전운전불이행,건조,맑음,교차로 - 교차로부근,승합,남,61세,상해없음,승용,남,70세,경상
2021071700100060,2021년 7월 17일 06시,토요일,경상남도 통영시 광도면,중상사고,0,1,0,0,차량단독 - 공작물충돌,안전운전불이행,젖음/습기,흐림,기타 - 기타,승용,남,16세,상해없음,,,,
2021071700100075,2021년 7월 17일 07시,토요일,경상남도 김해시 진례면,경상사고,0,0,1,0,차대차 - 측면충돌,신호위반,건조,맑음,교차로 - 교차로안,승용,남,69세,상해없음,승용,남,25세,상해없음
2021071700100093,2021년 7월 17일 08시,토요일,경상남도 산청군 생초면,중상사고,0,1,1,0,차대차 - 측면충돌,신호위반,건조,맑음,교차로 - 교차로안,승용,여,51세,경상,승용,남,49세,중상
2021071700100157,2021년 7월 17일 10시,토요일,경상남도 창원시 마산합포구 자산동,경상사고,0,0,1,0,차대차 - 측면충돌,안전거리미확보,건조,맑음,단일로 - 기타,승용,남,63세,상해없음,이륜,남,47세,경상