사고번호,사고일시,요일,시군구,사고내용,사망자수,중상자수,경상자수,부상신고자수,사고유형,법규위반,노면상태,기상상태,도로형태,가해운전자 차종,가해운전자 성별,가해운전자 연령,가해운전자 상해정도,피해운전자 차종,피해운전자 성별,피해운전자 연령,피해운전자 상해정도
2021071700100195,2021년 7월 17일 11시,토요일,경상남도 김해시 관동동,경상사고,0,0,3,0,차대차 - 후진중충돌,안전운전불이행,건조,맑음,단일로 - 기타,승용,남,65세,상해없음,승용,여,35세,경상
2021071700100236,2021년 7월 17일 12시,토요일,경상남도 진주시 평거동,중상사고,0,1,1,0,차대차 - 정면충돌,신호위반,건조,맑음,교차로 - 교차로안,이륜,남,34세,중상,승용,남,33세,경상
2021071700100237,2021년 7월 17일 12시,토요일,경상남도 밀양시 삼랑진읍,경상사고,0,0,1,0,차대사람 - 보도통행중,보행자보호의무위반,건조,맑음,단일로 - 기타,승용,여,70세,상해없음,보행자,여,30세,경상
2021071700100238,2021년 7월 17일 12시,토요일,경상남도 김해시 진영읍,부상신고사고,0,0,0,1,차대차 - 추돌,안전운전불이행,건조,맑음,교차로 - 교차로부근,화물,남,52세,부상신고,건설기계,남,46세,상해없음
2021071700100276,2021년 7월 17일 13시,토요일,경상남도 함안군 함안면,중상사고,0,1,1,0,차대차 - 측면충돌,차로위반,건조,맑음,교차로 - 교차로부근,승용,남,74세,상해없음,승용,여,56세,중상
2021071700100277,2021년 7월 17일 13시,토요일,경상남도 창원시 의창구 동읍,중상사고,0,2,1,0,차대차 - 측면충돌,안전운전불이행,건조,맑음,교차로 - 교차로안,승용,남,62세,중상,승용,남,20세,경상
2021071700100355,2021년 7월 17일 15시,토요일,경상남도 김해시 부원동,중상사고,0,1,0,0,차대차 - 기타,안전운전불이행,건조,흐림,교차로 - 교차로안,이륜,남,46세,중상,승용,남,65세,상해없음
2021071700100356,2021년 7월 17일 15시,토요일,경상남도 창녕군 유어면,중상사고,0,1,0,0,차대사람 - 기타,안전운전불이행,건조,맑음,기타 - 기타,자전거,여,14세,상해없음,보행자,여,23세,중상
2021071700100393,2021년 7월 17일 16시,토요일,경상남도 창원시 진해구 용원동,경상사고,0,0,1,0,차대차 - 기타,안전운전불이행,건조,맑음,교차로 - 교차로부근,승용,남,69세,상해없음,승용,여,47세,경상
2021071700100394,2021년 7월 17일 16시,토요일,경상남도 하동군 옥종면,중상사고,0,1,0,0,차대차 - 측면충돌,신호위반,건조,맑음,교차로 - 교차로안,승용,여,43세,상해없음,승용,남,82세,상해없음
2021071700100433,2021년 7월 17일 17시,토요일,경상남도 거제시 아주동,경상사고,0,0,2,0,차대차 - 추돌,안전거리미확보,건조,맑음,단일로 - 터널,승용,여,47세,상해없음,승용,여,21세,경상
2021071700100463,2021년 7월 17일 18시,토요일,경상남도 진주시 금산면,중상사고,0,1,0,0,차대차 - 기타,안전운전불이행,건조,맑음,교차로 - 교차로부근,승용,남,31세,상해없음,이륜,남,62세,중상
2021071700100590,2021년 7월 17일 22시,토요일,경상남도 김해시 대청동,경상사고,0,0,1,0,차대차 - 측면충돌,안전운전불이행,건조,맑음,단일로 - 기타,승용,남,21세,상해없음,이륜,남,30세,경상
2021071800100008,2021년 7월 18일 00시,일요일,경상남도 양산시 물금읍,중상사고,0,2,0,0,차대사람 - 횡단중,안전운전불이행,건조,맑음,기타 - 기타,승용,남,20세,상해없음,보행자,여,30세,중상
2021071800100030,2021년 7월 18일 02시,일요일,경상남도 창원시 마산회원구 내서읍,경상사고,0,0,1,1,차대차 - 측면충돌,신호위반,건조,맑음,교차로 - 교차로안,승용,여,23세,상해없음,승용,남,67세,경상
2021071800100036,2021년 7월 18일 04시,일요일,경상남도 양산시 상북면,경상사고,0,0,1,0,차량단독 - 도로외이탈 - 추락,안전운전불이행,건조,맑음,기타 - 기타,승용,여,33세,경상,,,,
2021071800100082,2021년 7월 18일 10시,일요일,경상남도 산청군 삼장면,경상사고,0,0,5,0,차대차 - 추돌,안전운전불이행,건조,맑음,단일로 - 기타,화물,남,56세,상해없음,승용,여,52세,경상
2021071800100083,2021년 7월 18일 10시,일요일,경상남도 김해시 관동동,경상사고,0,0,1,0,차대차 - 추돌,안전운전불이행,건조,맑음,교차로 - 교차로안,승용,여,48세,상해없음,이륜,남,46세,경상
2021071800100103,2021년 7월 18일 11시,일요일,경상남도 밀양시 상남면,중상사고,0,1,0,0,차량단독 - 공작물충돌,안전운전불이행,건조,맑음,단일로 - 기타,이륜,남,80세,중상,,,,
2021071800100137,2021년 7월 18일 12시,일요일,경상남도 하동군 금남면,경상사고,0,0,1,0,차대차 - 기타,교차로운행방법위반,건조,맑음,교차로 - 교차로안,승용,남,33세,상해없음,승용,여,46세,경상
2021071800100138,2021년 7월 18일 12시,일요일,경상남도 거제시 아양동,중상사고,0,2,0,0,차대차 - 추돌,신호위반,건조,맑음,단일로 - 기타,승합,남,42세,상해없음,승용,여,45세,중상
2021071800100168,2021년 7월 18일 13시,일요일,경상남도 통영시 정량동,경상사고,0,0,1,0,차대차 - 기타,안전운전불이행,건조,맑음,교차로 - 교차로안,승용,남,49세,상해없음,이륜,남,42세,경상
2021071800100169,2021년 7월 18일 13시,일요일,경상남도 통영시 북신동,중상사고,0,1,0,0,차대차 - 측면충돌,교차로운행방법위반,건조,맑음,교차로 - 교차로안,승용,남,50세,상해없음,이륜,남,39세,중상
2021071800100170,2021년 7월 18일 13시,일요일,경상남도 밀양시 삼랑진읍,중상사고,0,2,1,0,차대차 - 정면충돌,중앙선침범,건조,맑음,단일로 - 기타,승용,남,79세,경상,승용,남,55세,중상
2021071800100171,2021년 7월 18일 13시,일요일,경상남도 김해시 동상동,경상사고,0,0,1,0,차대차 - 정면충돌,신호위반,건조,맑음,교차로 - 교차로안,이륜,남,67세,경상,승용,남,39세,상해없음
2021071800100172,2021년 7월 18일 13시,일요일,경상남도 김해시 삼정동,경상사고,0,0,1,0,차대차 - 추돌,안전운전불이행,건조,맑음,단일로 - 기타,승용,남,50세,상해없음,승용,남,31세,경상
2021071800100173,2021년 7월 18일 13시,일요일,경상남도 함안군 가야읍,중상사고,0,2,1,0,차대차 - 측면충돌,교차로운행방법위반,건조,맑음,교차로 - 교차로안,승용,남,25세,상해없음,승용,남,65세,경상
2021071800100206,2021년 7월 18일 14시,일요일,경상남도 함안군 칠서면,경상사고,0,0,2,0,차대차 - 추돌,안전운전불이행,건조,맑음,교차로 - 교차로부근,승용,남,46세,상해없음,승용,남,33세,경상
2021071800100207,2021년 7월 18일 14시,일요일,경상남도 의령군 부림면,경상사고,0,0,1,0,차대차 - 측면충돌,중앙선침범,건조,맑음,교차로 - 교차로부근,승용,남,60세,상해없음,원동기,여,73세,경상
2021071800100240,2021년 7월 18일 15시,일요일,경상남도 진주시 평거동,중상사고,0,1,0,0,차대차 - 측면충돌,안전거리미확보,건조,맑음,단일로 - 기타,승용,남,63세,상해없음,이륜,남,43세,중상
2021071800100241,2021년 7월 18일 15시,일요일,경상남도 거창군 거창읍,사망사고,1,0,0,0,차대차 - 측면충돌,기타,건조,맑음,단일로 - 기타,이륜,남,68세,사망,승용,남,57세,상해없음
2021071800100269,2021년 7월 18일 16시,일요일,경상남도 고성군 고성읍,경상사고,0,0,3,0,차대차 - 정면충돌,중앙선침범,건조,맑음,교차로 - 교차로부근,승용,남,40세,상해없음,승용,여,40세,경상
2021071800100270,2021년 7월 18일 16시,일요일,경상남도 김해시 대청동,경상사고,0,0,2,0,차대차 - 추돌,안전운전불이행,건조,맑음,단일로 - 기타,승용,남,59세,상해없음,승용,남,51세,경상
2021071800100294,2021년 7월 18일 17시,일요일,경상남도 의령군 대의면,경상사고,0,0,1,0,차대차 - 측면충돌,안전운전불이행,건조,맑음,교차로 - 교차로부근,승용,남,60세,상해없음,승용,여,66세,경상
2021071800100325,2021년 7월 18일 18시,일요일,경상남도 양산시 원동면,경상사고,0,0,1,0,차대차 - 기타,안전운전불이행,건조,맑음,단일로 - 기타,승용,여,41세,상해없음,자전거,남,57세,경상
2021071800100326,2021년 7월 18일 18시,일요일,경상남도 거제시 일운면,중상사고,0,3,0,0,차대차 - 기타,기타,건조,맑음,교차로 - 교차로안,화물,남,44세,중상,승용,남,26세,중상
2021071800100327,2021년 7월 18일 18시,일요일,경상남도 김해시 관동동,부상신고사고,0,0,0,1,차대차 - 측면충돌,안전운전불이행,건조,맑음,교차로 - 교차로안,승용,남,31세,부상신고,이륜,남,19세,상해없음
2021071800100349,2021년 7월 18일 19시,일요일,경상남도 창원시 성산구 신월동,경상사고,0,0,1,0,차대차 - 측면충돌,안전운전불이행,건조,맑음,교차로 - 교차로부근,승용,남,54세,상해없음,승용,남,51세,경상
2021071800100376,2021년 7월 18일 20시,일요일,경상남도 진주시 강남동,중상사고,0,1,0,0,차대차 - 측면충돌,직진우회전진행방해,건조,맑음,교차로 - 교차로안,이륜,남,60세,중상,승용,남,52세,상해없음
2021071800100377,2021년 7월 18일 20시,일요일,경상남도 창원시 의창구 팔용동,경상사고,0,0,1,0,차대사람 - 횡단중,안전운전불이행,건조,맑음,단일로 - 기타,이륜,남,42세,상해없음,보행자,남,6세,경상
2021071800100410,2021년 7월 18일 21시,일요일,경상남도 사천시 정동면,경상사고,0,0,2,0,차량단독 - 공작물충돌,안전운전불이행,건조,맑음,단일로 - 기타,승용,남,66세,경상,,,,
2021071800100411,2021년 7월 18일 21시,일요일,경상남도 거제시 고현동,중상사고,0,1,2,0,차대차 - 정면충돌,신호위반,건조,맑음,교차로 - 교차로안,승용,남,64세,상해없음,승용,남,28세,경상
2021071800100435,2021년 7월 18일 22시,일요일,경상남도 창원시 진해구 속천동,중상사고,0,1,2,0,차대차 - 측면충돌,안전거리미확보,건조,맑음,교차로 - 교차로안,승용,여,50세,중상,승용,남,19세,경상
2021071800100436,2021년 7월 18일 22시,일요일,경상남도 김해시 삼방동,중상사고,0,2,2,0,차대차 - 측면충돌,직진우회전진행방해,건조,맑음,교차로 - 교차로안,화물,남,55세,상해없음,승용,남,23세,경상
2021071800100448,2021년 7월 18일 23시,일요일,경상남도 김해시 구산동,경상사고,0,0,1,0,차대차 - 측면충돌,안전운전불이행,건조,맑음,단일로 - 기타,이륜,남,23세,경상,승용,여,49세,상해없음
2021071800100449,2021년 7월 18일 23시,일요일,경상남도 창원시 의창구 봉곡동,중상사고,0,1,2,0,차대차 - 측면충돌,신호위반,젖음/습기,비,교차로 - 교차로안,승용,남,55세,경상,승용,남,55세,중상
2021071900100016,2021년 7월 19일 02시,월요일,경상남도 김해시 전하동,중상사고,0,1,0,0,차량단독 - 전도전복 - 전도,안전운전불이행,젖음/습기,비,단일로 - 기타,이륜,남,34세,중상,,,,
2021071900100017,2021년 7월 19일 02시,월요일,경상남도 김해시 화목동,부상신고사고,0,0,0,1,차대차 - 추돌,안전운전불이행,젖음/습기,흐림,교차로 - 교차로부근,원동기,남,53세,부상신고,승용,남,47세,상해없음
2021071900100023,2021년 7월 19일 04시,월요일,경상남도 함안군 산인면,중상사고,0,1,0,0,차대차 - 추돌,안전운전불이행,젖음/습기,비,단일로 - 기타,화물,여,66세,상해없음,농기계,남,71세,중상
2021071900100045,2021년 7월 19일 06시,월요일,경상남도 고성군 고성읍,경상사고,0,0,1,0,차대차 - 측면충돌,신호위반,건조,맑음,교차로 - 교차로안,화물,남,70세,상해없음,승용,남,85세,경상
2021071900100056,2021년 7월 19일 07시,월요일,경상남도 김해시 어방동,경상사고,0,0,2,0,차대차 - 추돌,안전거리미확보,건조,맑음,단일로 - 기타,승용,여,51세,상해없음,승용,여,31세,경상
2021071900100067,2021년 7월 19일 07시,월요일,경상남도 함안군 함안면,중상사고,0,1,0,0,차대차 - 측면충돌,안전운전불이행,젖음/습기,맑음,단일로 - 기타,승용,여,65세,상해없음,자전거,여,71세,중상
2021071900100103,2021년 7월 19일 08시,월요일,경상남도 김해시 부원동,경상사고,0,0,2,0,차대차 - 측면충돌,안전운전불이행,건조,맑음,교차로 - 교차로안,승용,여,37세,상해없음,승용,남,63세,경상
2021071900100104,2021년 7월 19일 08시,월요일,경상남도 양산시 물금읍,경상사고,0,0,1,0,차대차 - 측면충돌,신호위반,건조,맑음,교차로 - 교차로안,승용,여,58세,상해없음,자전거,여,53세,경상
2021071900100105,2021년 7월 19일 08시,월요일,경상남도 산청군 단성면,경상사고,0,0,1,0,차대차 - 측면충돌,중앙선침범,건조,맑음,교차로 - 교차로부근,농기계,남,81세,경상,승용,여,22세,상해없음
2021071900100135,2021년 7월 19일 09시,월요일,경상남도 진주시 금산면,부상신고사고,0,0,0,1,차대차 - 추돌,안전운전불이행,건조,맑음,단일로 - 기타,이륜,남,22세,부상신고,특수,남,42세,기타불명
2021071900100136,2021년 7월 19일 09시,월요일,경상남도 밀양시 삼문동,중상사고,0,1,0,0,차대사람 - 횡단중,보행자보호의무위반,건조,맑음,교차로 - 교차로안,화물,남,58세,상해없음,보행자,여,80세,중상
2021071900100169,2021년 7월 19일 10시,월요일,경상남도 김해시 구산동,중상사고,0,1,1,0,차대차 - 정면충돌,안전운전불이행,건조,맑음,교차로 - 교차로안,화물,남,48세,상해없음,승용,여,40세,중상
2021071900100170,2021년 7월 19일 10시,월요일,경상남도 양산시 동면,경상사고,0,0,3,0,차대차 - 측면충돌,안전운전불이행,건조,맑음,교차로 - 교차로안,승용,여,55세,상해없음,승용,여,29세,경상
2021071900100210,2021년 7월 19일 11시,월요일,경상남도 창원시 진해구 죽곡동,중상사고,0,1,1,0,차대차 - 추돌,안전운전불이행,건조,맑음,단일로 - 기타,화물,남,49세,경상,화물,남,61세,중상
2021071900100246,2021년 7월 19일 12시,월요일,경상남도 사천시 용현면,중상사고,0,1,0,0,차대차 - 측면충돌,안전운전불이행,건조,맑음,단일로 - 기타,승용,남,62세,상해없음,승용,남,29세,중상
2021071900100247,2021년 7월 19일 12시,월요일,경상남도 창원시 의창구 팔용동,경상사고,0,0,1,0,차대차 - 추돌,안전운전불이행,건조,맑음,단일로 - 기타,화물,남,54세,상해없음,승용,남,43세,경상
2021071900100322,2021년 7월 19일 14시,월요일,경상남도 남해군 창선면,중상사고,0,1,0,0,차대차 - 측면충돌,교차로운행방법위반,건조,맑음,교차로 - 교차로안,승용,여,49세,상해없음,이륜,남,26세,중상
2021071900100356,2021년 7월 19일 15시,월요일,경상남도 김해시 외동,경상사고,0,0,1,0,차대사람 - 횡단중,보행자보호의무위반,건조,맑음,교차로 - 교차로안,승용,여,65세,상해없음,보행자,여,58세,경상
2021071900100357,2021년 7월 19일 15시,월요일,경상남도 창원시 성산구 상남동,경상사고,0,0,1,0,차대차 - 측면충돌,안전운전불이행,건조,맑음,교차로 - 교차로안,승용,여,46세,경상,승용,남,54세,상해없음
2021071900100375,2021년 7월 19일 16시,월요일,경상남도 김해시 주촌면,경상사고,0,0,2,0,차대차 - 측면충돌,안전운전불이행,건조,맑음,단일로 - 기타,승용,남,66세,경상,화물,여,40세,경상
2021071900100386,2021년 7월 19일 16시,월요일,경상남도 창원시 진해구 용원동,경상사고,0,0,1,0,차대차 - 기타,직진우회전진행방해,건조,흐림,교차로 - 교차로안,승용,여,45세,상해없음,이륜,남,42세,경상
2021071900100388,2021년 7월 19일 16시,월요일,경상남도 양산시 상북면,부상신고사고,0,0,0,1,차량단독 - 기타,안전운전불이행,건조,맑음,단일로 - 기타,자전거,여,76세,부상신고,,,,
2021071900100389,2021년 7월 19일 16시,월요일,경상남도 의령군 의령읍,경상사고,0,0,1,0,차량단독 - 공작물충돌,안전운전불이행,건조,맑음,단일로 - 기타,승용,남,53세,경상,,,,
2021071900100426,2021년 7월 19일 17시,월요일,경상남도 창원시 마산합포구 상남동,경상사고,0,0,1,0,차대차 - 측면충돌,안전운전불이행,건조,맑음,교차로 - 교차로부근,승용,여,68세,상해없음,승용,여,70세,경상
2021071900100427,2021년 7월 19일 17시,월요일,경상남도 김해시 내동,중상사고,0,1,0,0,차대사람 - 보도통행중,안전운전불이행,건조,맑음,기타 - 기타,승용,여,60세,상해없음,보행자,여,6세,중상
2021071900100428,2021년 7월 19일 17시,월요일,경상남도 의령군 의령읍,경상사고,0,0,1,0,차대차 - 측면충돌,안전운전불이행,건조,맑음,교차로 - 교차로안,승용,남,26세,상해없음,이륜,남,69세,경상
2021071900100503,2021년 7월 19일 19시,월요일,경상남도 김해시 외동,경상사고,0,0,2,0,차대차 - 측면충돌,교차로운행방법위반,건조,맑음,교차로 - 교차로안,이륜,남,28세,경상,이륜,남,18세,경상
2021071900100561,2021년 7월 19일 21시,월요일,경상남도 진주시 가좌동,부상신고사고,0,0,0,1,차대차 - 정면충돌,중앙선침범,건조,맑음,기타 - 기타,자전거,남,14세,부상신고,자전거,남,18세,상해없음
2021071900100583,2021년 7월 19일 22시,월요일,경상남도 양산시 평산동,중상사고,0,2,2,0,차대차 - 측면충돌,직진우회전진행방해,건조,맑음,교차로 - 교차로안,승합,남,29세,중상,승용,남,51세,중상
2021071900100584,2021년 7월 19일 22시,월요일,경상남도 창원시 의창구 북면,경상사고,0,0,1,0,차대차 - 추돌,안전운전불이행,건조,맑음,단일로 - 기타,승용,남,46세,상해없음,특수,남,47세,경상
2021072000100007,2021년 7월 20일 00시,화요일,경상남도 창원시 의창구 도계동,부상신고사고,0,0,0,1,차대차 - 추돌,차로위반,건조,맑음,기타 - 기타,승용,남,55세,부상신고,승용,남,49세,상해없음
2021072000100022,2021년 7월 20일 04시,화요일,경상남도 창녕군 대지면,중상사고,0,1,0,0,차대차 - 추돌,안전운전불이행,젖음/습기,맑음,단일로 - 기타,화물,남,44세,상해없음,농기계,남,76세,중상
2021072000100040,2021년 7월 20일 06시,화요일,경상남도 밀양시 삼문동,경상사고,0,0,1,0,차대사람 - 횡단중,안전운전불이행,건조,맑음,교차로 - 교차로안,승용,여,43세,상해없음,보행자,남,81세,경상
2021072000100105,2021년 7월 20일 09시,화요일,경상남도 통영시 도천동,중상사고,0,1,0,0,차대차 - 측면충돌,교차로운행방법위반,건조,맑음,단일로 - 기타,승용,남,60세,상해없음,이륜,남,72세,중상
2021072000100106,2021년 7월 20일 09시,화요일,경상남도 사천시 선구동,부상신고사고,0,0,0,1,차대차 - 기타,안전운전불이행,건조,맑음,단일로 - 기타,승용,남,57세,상해없음,승용,여,46세,부상신고
2021072000100147,2021년 7월 20일 10시,화요일,경상남도 밀양시 부북면,중상사고,0,2,0,0,차량단독 - 공작물충돌,안전운전불이행,건조,맑음,단일로 - 기타,승용,여,67세,중상,,,,
2021072000100148,2021년 7월 20일 10시,화요일,경상남도 거제시 능포동,부상신고사고,0,0,0,1,차대차 - 측면충돌,중앙선침범,건조,맑음,단일로 - 기타,이륜,남,76세,부상신고,이륜,남,67세,상해없음
2021072000100177,2021년 7월 20일 11시,화요일,경상남도 사천시 송포동,중상사고,0,1,0,0,차대차 - 추돌,안전운전불이행,건조,맑음,교차로 - 교차로부근,승용,남,48세,상해없음,이륜,남,56세,중상
2021072000100178,2021년 7월 20일 11시,화요일,경상남도 양산시 동면,중상사고,0,3,0,0,차대차 - 측면충돌,중앙선침범,건조,맑음,단일로 - 기타,화물,남,63세,기타불명,승용,여,39세,중상
2021072000100179,2021년 7월 20일 11시,화요일,경상남도 양산시 유산동,경상사고,0,0,1,0,차대차 - 측면충돌,안전운전불이행,건조,맑음,교차로 - 교차로부근,건설기계,남,52세,상해없음,승용,여,39세,경상
2021072000100207,2021년 7월 20일 12시,화요일,경상남도 진주시 초전동,경상사고,0,0,1,0,차대차 - 기타,안전운전불이행,건조,맑음,단일로 - 기타,화물,남,37세,상해없음,이륜,남,52세,경상
2021072000100208,2021년 7월 20일 12시,화요일,경상남도 거창군 거창읍,중상사고,0,1,1,0,차대차 - 측면충돌,직진우회전진행방해,건조,맑음,교차로 - 교차로안,화물,남,60세,경상,화물,남,38세,상해없음
2021072000100209,2021년 7월 20일 12시,화요일,경상남도 양산시 유산동,중상사고,0,1,0,0,차대차 - 정면충돌,신호위반,건조,맑음,교차로 - 교차로안,승용,남,44세,상해없음,승용,여,60세,중상
2021072000100210,2021년 7월 20일 12시,화요일,경상남도 김해시 부곡동,경상사고,0,0,1,0,차대차 - 추돌,안전운전불이행,건조,맑음,교차로 - 교차로부근,화물,남,47세,상해없음,승용,여,52세,경상
2021072000100244,2021년 7월 20일 13시,화요일,경상남도 양산시 상북면,중상사고,0,1,1,1,차대차 - 정면충돌,중앙선침범,건조,맑음,단일로 - 기타,승용,여,58세,기타불명,건설기계,남,70세,부상신고
2021072000100245,2021년 7월 20일 13시,화요일,경상남도 거제시 하청면,경상사고,0,0,4,0,차대차 - 측면충돌,안전운전불이행,건조,맑음,주차장 - 주차장,승용,남,52세,상해없음,승용,남,25세,경상
2021072000100246,2021년 7월 20일 13시,화요일,경상남도 산청군 차황면,중상사고,0,1,0,0,차대차 - 정면충돌,중앙선침범,건조,맑음,단일로 - 기타,이륜,여,21세,중상,화물,남,73세,상해없음
2021072000100247,2021년 7월 20일 13시,화요일,경상남도 창원시 마산회원구 석전동,경상사고,0,0,1,0,차대사람 - 횡단중,보행자보호의무위반,건조,맑음,교차로 - 교차로횡단보도내,승용,남,22세,상해없음,보행자,남,26세,경상
2021072000100280,2021년 7월 20일 14시,화요일,경상남도 김해시 삼정동,중상사고,0,1,0,0,차대사람 - 횡단중,보행자보호의무위반,건조,맑음,교차로 - 교차로횡단보도내,화물,남,57세,상해없음,보행자,여,52세,중상
2021072000100281,2021년 7월 20일 14시,화요일,경상남도 창원시 마산합포구 산호동,경상사고,0,0,1,0,차대차 - 측면충돌,안전운전불이행,건조,맑음,단일로 - 기타,화물,남,56세,상해없음,이륜,남,44세,경상
2021072000100282,2021년 7월 20일 14시,화요일,경상남도 김해시 주촌면,경상사고,0,0,1,0,차대차 - 측면충돌,교차로운행방법위반,건조,맑음,교차로 - 교차로안,승용,여,64세,상해없음,화물,남,49세,경상
2021072000100348,2021년 7월 20일 16시,화요일,경상남도 거제시 고현동,중상사고,0,1,0,0,차대차 - 정면충돌,교차로운행방법위반,건조,맑음,교차로 - 교차로안,승용,여,46세,상해없음,이륜,남,41세,중상
2021072000100401,2021년 7월 20일 17시,화요일,경상남도 진주시 신안동,경상사고,0,0,1,0,차대사람 - 기타,안전운전불이행,건조,맑음,교차로 - 교차로안,화물,남,45세,상해없음,보행자,남,42세,경상
2021072000100403,2021년 7월 20일 17시,화요일,경상남도 김해시 삼계동,중상사고,0,1,0,0,차대차 - 측면충돌,안전운전불이행,건조,맑음,교차로 - 교차로안,승합,남,26세,상해없음,승용,여,55세,중상
2021072000100404,2021년 7월 20일 17시,화요일,경상남도 양산시 삼호동,경상사고,0,0,1,0,차대차 - 정면충돌,신호위반,건조,맑음,교차로 - 교차로부근,화물,남,42세,상해없음,승용,남,49세,경상
2021072000100444,2021년 7월 20일 18시,화요일,경상남도 창원시 의창구 사림동,경상사고,0,0,1,0,차대차 - 측면충돌,교차로운행방법위반,건조,맑음,교차로 - 교차로부근,승용,여,50세,상해없음,승용,남,41세,경상
2021072000100467,2021년 7월 20일 19시,화요일,경상남도 거제시 옥포동,경상사고,0,0,1,0,차대차 - 기타,안전운전불이행,건조,맑음,단일로 - 기타,이륜,남,66세,경상,승용,여,39세,상해없음
2021072000100498,2021년 7월 20일 20시,화요일,경상남도 창원시 진해구 용원동,중상사고,0,1,0,0,차대차 - 기타,안전운전불이행,건조,맑음,교차로 - 교차로안,이륜,남,42세,상해없음,개인형이동수단(PM),남,37세,중상
2021072000100499,2021년 7월 20일 20시,화요일,경상남도 사천시 사남면,중상사고,0,2,0,0,차대차 - 측면충돌,기타,건조,맑음,교차로 - 교차로안,이륜,남,36세,중상,승용,여,43세,중상
2021072000100500,2021년 7월 20일 20시,화요일,경상남도 밀양시 삼문동,중상사고,0,1,0,0,차대사람 - 횡단중,신호위반,건조,흐림,교차로 - 교차로횡단보도내,화물,남,48세,상해없음,보행자,남,60세,중상
2021072000100528,2021년 7월 20일 21시,화요일,경상남도 진주시 진성면,중상사고,0,1,0,0,차대차 - 기타,안전운전불이행,건조,맑음,단일로 - 기타,승용,남,38세,상해없음,자전거,남,47세,중상
2021072000100529,2021년 7월 20일 21시,화요일,경상남도 통영시 명정동,중상사고,0,1,0,0,차대차 - 측면충돌,안전운전불이행,건조,맑음,교차로 - 교차로안,승용,남,49세,상해없음,승용,남,25세,중상
2021072000100558,2021년 7월 20일 23시,화요일,경상남도 통영시 용남면,경상사고,0,0,1,0,차대차 - 측면충돌,안전운전불이행,건조,맑음,교차로 - 교차로안,승용,여,48세,상해없음,승용,남,36세,경상
2021072100100029,2021년 7월 21일 04시,수요일,경상남도 김해시 외동,경상사고,0,0,2,0,차대차 - 측면충돌,기타,건조,맑음,교차로 - 교차로안,승용,남,23세,경상,화물,남,50세,경상
2021072100100110,2021년 7월 21일 08시,수요일,경상남도 진주시 강남동,중상사고,0,1,0,0,차대차 - 기타,안전운전불이행,건조,맑음,단일로 - 교량,승용,남,64세,상해없음,기타불명,여,65세,중상
2021072100100111,2021년 7월 21일 08시,수요일,경상남도 김해시 주촌면,중상사고,0,1,2,0,차대차 - 측면충돌,신호위반,건조,맑음,교차로 - 교차로안,승용,남,60세,경상,승용,남,59세,중상
2021072100100145,2021년 7월 21일 09시,수요일,경상남도 거제시 고현동,중상사고,0,1,0,0,차대차 - 측면충돌,안전운전불이행,건조,맑음,교차로 - 교차로안,승용,남,61세,상해없음,이륜,남,73세,중상
2021072100100146,2021년 7월 21일 09시,수요일,경상남도 남해군 남해읍,중상사고,0,1,0,0,차대사람 - 횡단중,안전운전불이행,건조,맑음,교차로 - 교차로안,화물,여,68세,상해없음,보행자,여,72세,중상
2021072100100147,2021년 7월 21일 09시,수요일,경상남도 창원시 마산회원구 구암동,중상사고,0,1,0,0,차대사람 - 보도통행중,보행자보호의무위반,건조,맑음,기타 - 기타,승용,여,36세,상해없음,보행자,여,6세,중상
2021072100100185,2021년 7월 21일 10시,수요일,경상남도 거창군 거창읍,경상사고,0,0,1,0,차대차 - 측면충돌,신호위반,건조,맑음,교차로 - 교차로안,이륜,남,66세,경상,화물,남,80세,상해없음
2021072100100186,2021년 7월 21일 10시,수요일,경상남도 창녕군 도천면,경상사고,0,0,1,1,차대차 - 추돌,안전거리미확보,건조,맑음,단일로 - 기타,화물,남,61세,부상신고,화물,남,59세,경상
2021072100100187,2021년 7월 21일 10시,수요일,경상남도 창원시 성산구 중앙동,경상사고,0,0,1,0,차대차 - 측면충돌,안전운전불이행,건조,맑음,교차로 - 교차로안,승용,남,50세,상해없음,승용,남,60세,경상
2021072100100268,2021년 7월 21일 12시,수요일,경상남도 밀양시 삼문동,경상사고,0,0,1,0,차대차 - 측면충돌,안전운전불이행,건조,맑음,교차로 - 교차로안,승용,남,56세,상해없음,승용,여,57세,경상
2021072100100269,2021년 7월 21일 12시,수요일,경상남도 창녕군 남지읍,경상사고,0,0,1,0,차대차 - 기타,직진우회전진행방해,건조,맑음,교차로 - 교차로안,화물,남,60세,상해없음,승용,여,55세,경상
2021072100100344,2021년 7월 21일 14시,수요일,경상남도 사천시 동금동,중상사고,0,1,0,0,차대사람 - 기타,안전운전불이행,건조,맑음,단일로 - 기타,승용,여,52세,상해없음,보행자,여,67세,중상
2021072100100345,2021년 7월 21일 14시,수요일,경상남도 김해시 삼계동,경상사고,0,0,1,0,차대차 - 기타,신호위반,건조,맑음,교차로 - 교차로안,승용,남,62세,상해없음,승용,여,35세,경상
2021072100100363,2021년 7월 21일 15시,수요일,경상남도 창원시 진해구 남문동,경상사고,0,0,1,0,차대차 - 기타,신호위반,건조,맑음,단일로 - 교량,특수,남,49세,상해없음,화물,남,33세,경상
2021072100100379,2021년 7월 21일 15시,수요일,경상남도 창원시 마산합포구 해운동,경상사고,0,0,2,0,차대차 - 측면충돌,안전운전불이행,건조,맑음,교차로 - 교차로안,승용,남,49세,상해없음,승용,여,38세,경상