사고번호,사고일시,요일,시군구,사고내용,사망자수,중상자수,경상자수,부상신고자수,사고유형,법규위반,노면상태,기상상태,도로형태,가해운전자 차종,가해운전자 성별,가해운전자 연령,가해운전자 상해정도,피해운전자 차종,피해운전자 성별,피해운전자 연령,피해운전자 상해정도
2021072100100380,2021년 7월 21일 15시,수요일,경상남도 김해시 주촌면,경상사고,0,0,2,0,차대차 - 측면충돌,안전운전불이행,건조,맑음,기타 - 기타,특수,남,59세,기타불명,화물,남,25세,경상
2021072100100427,2021년 7월 21일 16시,수요일,경상남도 합천군 청덕면,중상사고,0,1,0,0,차대사람 - 차도통행중,안전운전불이행,건조,맑음,교차로 - 교차로안,승용,여,56세,상해없음,보행자,남,78세,중상
2021072100100428,2021년 7월 21일 16시,수요일,경상남도 함양군 마천면,부상신고사고,0,0,0,2,차량단독 - 기타,안전운전불이행,건조,맑음,단일로 - 기타,승용,여,43세,부상신고,,,,
2021072100100480,2021년 7월 21일 17시,수요일,경상남도 창원시 성산구 중앙동,경상사고,0,0,1,0,차대차 - 정면충돌,신호위반,건조,맑음,교차로 - 교차로안,승용,남,25세,상해없음,승용,여,41세,경상
2021072100100537,2021년 7월 21일 18시,수요일,경상남도 통영시 북신동,중상사고,0,1,0,0,차대차 - 측면충돌,중앙선침범,건조,맑음,기타 - 기타,승합,남,54세,상해없음,이륜,남,23세,중상
2021072100100599,2021년 7월 21일 20시,수요일,경상남도 거제시 동부면,중상사고,0,1,1,0,차대사람 - 기타,안전운전불이행,건조,맑음,교차로 - 교차로안,이륜,남,42세,경상,보행자,여,76세,중상
2021072100100620,2021년 7월 21일 21시,수요일,경상남도 창원시 마산합포구 상남동,경상사고,0,0,1,0,차대차 - 측면충돌,신호위반,건조,맑음,교차로 - 교차로횡단보도내,승용,남,65세,상해없음,이륜,남,21세,경상
2021072100100621,2021년 7월 21일 21시,수요일,경상남도 창원시 진해구 용원동,중상사고,0,1,0,0,차대차 - 기타,신호위반,건조,맑음,교차로 - 교차로안,승용,남,57세,상해없음,이륜,남,23세,중상
2021072100100622,2021년 7월 21일 21시,수요일,경상남도 거제시 고현동,경상사고,0,0,1,0,차대차 - 기타,중앙선침범,건조,맑음,단일로 - 기타,승용,남,63세,상해없음,이륜,남,49세,경상
2021072100100654,2021년 7월 21일 22시,수요일,경상남도 진주시 초전동,중상사고,0,1,0,0,차대차 - 측면충돌,중앙선침범,건조,맑음,단일로 - 기타,승용,남,28세,상해없음,이륜,남,54세,중상
2021072100100655,2021년 7월 21일 22시,수요일,경상남도 김해시 외동,중상사고,0,1,0,0,차대차 - 측면충돌,신호위반,건조,흐림,교차로 - 교차로안,승용,남,44세,상해없음,승용,남,36세,중상
2021072200100012,2021년 7월 22일 00시,목요일,경상남도 밀양시 단장면,경상사고,0,0,1,0,차대차 - 측면충돌,교차로운행방법위반,건조,맑음,교차로 - 교차로안,승용,여,35세,경상,승용,남,53세,상해없음
2021072200100069,2021년 7월 22일 07시,목요일,경상남도 거제시 사등면,부상신고사고,0,0,0,1,차량단독 - 공작물충돌,안전운전불이행,건조,맑음,교차로 - 교차로안,화물,남,55세,부상신고,,,,
2021072200100101,2021년 7월 22일 08시,목요일,경상남도 사천시 서포면,중상사고,0,1,0,0,차대차 - 측면충돌,신호위반,건조,맑음,교차로 - 교차로안,승용,여,30세,상해없음,화물,남,47세,중상
2021072200100102,2021년 7월 22일 08시,목요일,경상남도 하동군 진교면,중상사고,0,1,0,0,차대차 - 정면충돌,교차로운행방법위반,건조,맑음,교차로 - 교차로안,화물,남,66세,상해없음,이륜,남,86세,중상
2021072200100103,2021년 7월 22일 08시,목요일,경상남도 창원시 성산구 중앙동,경상사고,0,0,1,0,차대차 - 측면충돌,안전운전불이행,건조,맑음,교차로 - 교차로안,승용,여,71세,상해없음,승용,남,21세,경상
2021072200100169,2021년 7월 22일 10시,목요일,경상남도 김해시 외동,경상사고,0,0,1,0,차대차 - 추돌,안전운전불이행,건조,맑음,단일로 - 기타,승용,여,39세,상해없음,원동기,남,33세,경상
2021072200100170,2021년 7월 22일 10시,목요일,경상남도 창원시 성산구 용호동,경상사고,0,0,1,0,차대차 - 기타,안전운전불이행,건조,맑음,교차로 - 교차로안,승합,남,33세,상해없음,승용,남,31세,상해없음
2021072200100241,2021년 7월 22일 12시,목요일,경상남도 통영시 북신동,경상사고,0,0,5,0,차대차 - 추돌,안전거리미확보,건조,맑음,기타 - 기타,승용,남,41세,상해없음,승용,여,58세,경상
2021072200100242,2021년 7월 22일 12시,목요일,경상남도 거제시 고현동,경상사고,0,0,1,0,차대차 - 측면충돌,중앙선침범,건조,맑음,교차로 - 교차로안,이륜,남,28세,경상,승용,여,49세,상해없음
2021072200100278,2021년 7월 22일 13시,목요일,경상남도 창원시 진해구 용원동,경상사고,0,0,1,0,차대사람 - 차도통행중,기타,건조,맑음,단일로 - 기타,승용,남,39세,상해없음,보행자,여,79세,경상
2021072200100279,2021년 7월 22일 13시,목요일,경상남도 거창군 신원면,경상사고,0,0,1,0,차량단독 - 공작물충돌,안전운전불이행,건조,맑음,단일로 - 기타,승용,여,65세,경상,,,,
2021072200100280,2021년 7월 22일 13시,목요일,경상남도 양산시 동면,경상사고,0,0,1,0,차대사람 - 기타,안전운전불이행,건조,맑음,단일로 - 기타,승용,남,29세,상해없음,보행자,남,55세,경상
2021072200100281,2021년 7월 22일 13시,목요일,경상남도 남해군 창선면,중상사고,0,1,0,0,차대차 - 후진중충돌,안전운전불이행,건조,맑음,단일로 - 기타,화물,남,49세,상해없음,자전거,남,17세,중상
2021072200100282,2021년 7월 22일 13시,목요일,경상남도 창원시 의창구 팔용동,경상사고,0,0,1,0,차대차 - 측면충돌,안전운전불이행,건조,맑음,단일로 - 기타,승용,여,50세,상해없음,승용,남,59세,경상
2021072200100321,2021년 7월 22일 14시,목요일,경상남도 통영시 무전동,중상사고,0,1,0,0,차대사람 - 횡단중,보행자보호의무위반,건조,맑음,교차로 - 교차로횡단보도내,승용,남,61세,상해없음,보행자,여,11세,중상
2021072200100409,2021년 7월 22일 16시,목요일,경상남도 진주시 호탄동,중상사고,0,1,0,0,차대사람 - 횡단중,안전운전불이행,건조,맑음,단일로 - 기타,자전거,남,15세,상해없음,보행자,여,87세,중상
2021072200100410,2021년 7월 22일 16시,목요일,경상남도 거제시 고현동,경상사고,0,0,1,0,차대사람 - 기타,안전운전불이행,건조,맑음,단일로 - 기타,승용,남,67세,상해없음,보행자,여,82세,경상
2021072200100456,2021년 7월 22일 17시,목요일,경상남도 창원시 진해구 자은동,경상사고,0,0,1,0,차대차 - 측면충돌,안전운전불이행,건조,맑음,단일로 - 기타,승용,남,25세,상해없음,이륜,남,39세,경상
2021072200100497,2021년 7월 22일 18시,목요일,경상남도 김해시 삼정동,경상사고,0,0,1,0,차대차 - 측면충돌,중앙선침범,건조,맑음,단일로 - 기타,이륜,남,79세,경상,승용,남,39세,상해없음
2021072200100498,2021년 7월 22일 18시,목요일,경상남도 거제시 아주동,경상사고,0,0,1,0,차대차 - 기타,신호위반,건조,맑음,교차로 - 교차로안,승합,남,73세,상해없음,원동기,남,38세,경상
2021072200100499,2021년 7월 22일 18시,목요일,경상남도 거제시 고현동,중상사고,0,1,1,0,차대차 - 기타,안전운전불이행,건조,맑음,교차로 - 교차로횡단보도내,승용,남,43세,상해없음,승용,여,43세,경상
2021072200100545,2021년 7월 22일 19시,목요일,경상남도 창원시 진해구 석동,경상사고,0,0,1,0,차대차 - 측면충돌,안전운전불이행,건조,맑음,단일로 - 기타,승용,여,44세,상해없음,자전거,남,12세,경상
2021072200100546,2021년 7월 22일 19시,목요일,경상남도 창원시 의창구 동정동,경상사고,0,0,1,0,차량단독 - 기타,안전운전불이행,건조,맑음,단일로 - 기타,승합,남,46세,상해없음,,,,
2021072200100582,2021년 7월 22일 20시,목요일,경상남도 창원시 마산합포구 예곡동,경상사고,0,0,1,0,차대차 - 측면충돌,안전운전불이행,건조,맑음,단일로 - 기타,화물,남,47세,상해없음,자전거,여,33세,경상
2021072200100600,2021년 7월 22일 21시,목요일,경상남도 창녕군 창녕읍,경상사고,0,0,1,0,차량단독 - 공작물충돌,안전운전불이행,건조,맑음,단일로 - 기타,화물,남,22세,경상,,,,
2021072200100601,2021년 7월 22일 21시,목요일,경상남도 의령군 화정면,경상사고,0,0,1,0,차대사람 - 횡단중,보행자보호의무위반,건조,맑음,교차로 - 교차로횡단보도내,승용,여,63세,상해없음,보행자,남,66세,경상
2021072200100635,2021년 7월 22일 22시,목요일,경상남도 창원시 성산구 반림동,중상사고,0,1,1,0,차대차 - 측면충돌,안전운전불이행,건조,맑음,교차로 - 교차로부근,승용,여,41세,경상,승용,기타불명,미분류,기타불명
2021072300100039,2021년 7월 23일 05시,금요일,경상남도 김해시 진영읍,중상사고,0,1,0,0,차대차 - 측면충돌,안전운전불이행,건조,맑음,교차로 - 교차로안,화물,남,65세,상해없음,자전거,남,85세,중상
2021072300100062,2021년 7월 23일 07시,금요일,경상남도 창원시 진해구 이동,경상사고,0,0,1,0,차대차 - 기타,직진우회전진행방해,건조,맑음,교차로 - 교차로안,승용,남,23세,기타불명,승용,여,48세,경상
2021072300100095,2021년 7월 23일 08시,금요일,경상남도 진주시 장재동,사망사고,1,0,0,0,차대차 - 정면충돌,중앙선침범,건조,맑음,단일로 - 기타,승용,남,51세,상해없음,승용,남,81세,사망
2021072300100096,2021년 7월 23일 08시,금요일,경상남도 창원시 성산구 귀산동,경상사고,0,0,1,0,차대차 - 후진중충돌,안전운전불이행,건조,맑음,교차로 - 교차로부근,건설기계,남,56세,상해없음,승용,남,32세,경상
2021072300100128,2021년 7월 23일 09시,금요일,경상남도 고성군 회화면,중상사고,0,1,2,0,차대차 - 측면충돌,안전운전불이행,건조,맑음,단일로 - 기타,화물,남,59세,상해없음,승용,남,68세,상해없음
2021072300100166,2021년 7월 23일 10시,금요일,경상남도 김해시 구산동,중상사고,0,1,1,0,차대차 - 측면충돌,신호위반,건조,맑음,교차로 - 교차로안,이륜,남,61세,중상,승용,여,34세,경상
2021072300100167,2021년 7월 23일 10시,금요일,경상남도 거창군 거창읍,중상사고,0,1,0,0,차대사람 - 횡단중,안전운전불이행,건조,맑음,교차로 - 교차로안,승용,여,66세,상해없음,보행자,여,69세,중상
2021072300100193,2021년 7월 23일 11시,금요일,경상남도 의령군 부림면,경상사고,0,0,2,0,차대차 - 측면충돌,안전운전불이행,건조,맑음,단일로 - 기타,승용,남,69세,경상,승용,여,60세,경상
2021072300100234,2021년 7월 23일 12시,금요일,경상남도 진주시 가좌동,경상사고,0,0,1,0,차대차 - 측면충돌,안전운전불이행,건조,맑음,단일로 - 기타,승용,남,54세,상해없음,이륜,남,42세,경상
2021072300100275,2021년 7월 23일 13시,금요일,경상남도 거제시 옥포동,경상사고,0,0,1,0,차대차 - 측면충돌,안전운전불이행,건조,맑음,교차로 - 교차로안,자전거,남,9세,경상,승용,여,63세,상해없음
2021072300100276,2021년 7월 23일 13시,금요일,경상남도 김해시 삼문동,중상사고,0,4,0,0,차대사람 - 기타,안전운전불이행,건조,맑음,단일로 - 기타,승용,여,46세,상해없음,보행자,남,12세,중상
2021072300100310,2021년 7월 23일 14시,금요일,경상남도 밀양시 내일동,중상사고,0,1,0,0,차대차 - 추돌,안전운전불이행,건조,맑음,단일로 - 기타,이륜,남,65세,상해없음,자전거,여,77세,중상
2021072300100311,2021년 7월 23일 14시,금요일,경상남도 함양군 함양읍,경상사고,0,0,1,0,차대차 - 측면충돌,신호위반,건조,맑음,교차로 - 교차로안,자전거,남,69세,경상,승용,여,66세,상해없음
2021072300100312,2021년 7월 23일 14시,금요일,경상남도 양산시 물금읍,경상사고,0,0,1,0,차대차 - 측면충돌,안전운전불이행,건조,맑음,단일로 - 기타,승용,남,67세,기타불명,승용,여,30세,경상
2021072300100350,2021년 7월 23일 15시,금요일,경상남도 창녕군 도천면,경상사고,0,0,1,0,차대차 - 기타,직진우회전진행방해,건조,맑음,교차로 - 교차로안,화물,남,49세,상해없음,승용,남,75세,경상
2021072300100402,2021년 7월 23일 16시,금요일,경상남도 사천시 곤명면,경상사고,0,0,1,0,차대차 - 후진중충돌,안전운전불이행,건조,맑음,단일로 - 기타,화물,남,63세,상해없음,승용,여,39세,경상
2021072300100403,2021년 7월 23일 16시,금요일,경상남도 김해시 외동,경상사고,0,0,1,0,차대사람 - 횡단중,안전운전불이행,건조,맑음,단일로 - 기타,자전거,남,60세,상해없음,보행자,여,64세,경상
2021072300100449,2021년 7월 23일 17시,금요일,경상남도 창원시 진해구 용원동,경상사고,0,0,2,0,차대차 - 기타,신호위반,건조,맑음,교차로 - 교차로안,승용,남,26세,경상,승용,남,49세,경상
2021072300100502,2021년 7월 23일 18시,금요일,경상남도 창원시 진해구 안골동,경상사고,0,0,1,0,차대차 - 측면충돌,교차로운행방법위반,건조,맑음,교차로 - 교차로안,화물,남,65세,경상,승용,남,58세,상해없음
2021072300100503,2021년 7월 23일 18시,금요일,경상남도 함안군 대산면,경상사고,0,0,1,0,차대차 - 측면충돌,교차로운행방법위반,건조,맑음,교차로 - 교차로부근,이륜,여,61세,경상,승용,남,55세,상해없음
2021072300100553,2021년 7월 23일 19시,금요일,경상남도 창원시 마산합포구 월포동,경상사고,0,0,3,0,차대차 - 추돌,안전운전불이행,건조,맑음,단일로 - 기타,승용,여,55세,경상,승용,남,50세,경상
2021072300100594,2021년 7월 23일 20시,금요일,경상남도 통영시 도남동,경상사고,0,0,2,0,차대차 - 측면충돌,안전거리미확보,건조,맑음,단일로 - 기타,승용,남,30세,상해없음,승용,남,67세,경상
2021072300100595,2021년 7월 23일 20시,금요일,경상남도 사천시 사천읍,경상사고,0,0,1,0,차대사람 - 차도통행중,안전운전불이행,건조,맑음,단일로 - 기타,승용,남,66세,상해없음,보행자,남,40세,경상
2021072300100596,2021년 7월 23일 20시,금요일,경상남도 김해시 삼정동,중상사고,0,1,0,0,차대차 - 측면충돌,안전운전불이행,건조,맑음,교차로 - 교차로부근,이륜,남,19세,상해없음,이륜,남,29세,중상
2021072300100613,2021년 7월 23일 21시,금요일,경상남도 통영시 용남면,경상사고,0,0,1,0,차대차 - 기타,기타,건조,맑음,단일로 - 기타,승용,남,52세,상해없음,승용,여,46세,경상
2021072300100614,2021년 7월 23일 21시,금요일,경상남도 김해시 진영읍,중상사고,0,1,0,0,차대차 - 추돌,신호위반,건조,맑음,교차로 - 교차로횡단보도내,승용,남,40세,상해없음,이륜,남,40세,중상
2021072300100643,2021년 7월 23일 22시,금요일,경상남도 사천시 용현면,중상사고,0,2,1,0,차대차 - 추돌,안전운전불이행,건조,맑음,단일로 - 기타,승용,남,53세,경상,자전거,남,49세,중상
2021072300100644,2021년 7월 23일 22시,금요일,경상남도 양산시 상북면,경상사고,0,0,2,0,차대차 - 측면충돌,신호위반,건조,맑음,교차로 - 교차로부근,승용,남,48세,상해없음,승용,남,58세,경상
2021072300100662,2021년 7월 23일 23시,금요일,경상남도 창원시 마산합포구 상남동,중상사고,0,1,0,0,차대차 - 추돌,안전운전불이행,건조,맑음,교차로 - 교차로안,승용,남,51세,상해없음,이륜,남,38세,중상
2021072300100663,2021년 7월 23일 23시,금요일,경상남도 진주시 신안동,경상사고,0,0,1,0,차대차 - 측면충돌,신호위반,건조,맑음,교차로 - 교차로안,이륜,남,22세,경상,승용,남,55세,상해없음
2021072400100017,2021년 7월 24일 01시,토요일,경상남도 창원시 의창구 봉곡동,중상사고,0,1,0,0,차대사람 - 기타,안전운전불이행,건조,맑음,단일로 - 기타,승용,남,32세,상해없음,보행자,여,81세,중상
2021072400100044,2021년 7월 24일 06시,토요일,경상남도 거제시 일운면,중상사고,0,1,0,0,차량단독 - 공작물충돌,안전운전불이행,건조,맑음,교차로 - 교차로안,승용,여,66세,중상,,,,
2021072400100090,2021년 7월 24일 09시,토요일,경상남도 사천시 곤명면,중상사고,0,1,0,0,차량단독 - 기타,안전운전불이행,건조,맑음,단일로 - 기타,화물,남,67세,중상,,,,
2021072400100091,2021년 7월 24일 09시,토요일,경상남도 김해시 외동,경상사고,0,0,3,0,차대차 - 측면충돌,교차로운행방법위반,건조,맑음,교차로 - 교차로안,승용,남,62세,경상,승용,여,19세,경상
2021072400100092,2021년 7월 24일 09시,토요일,경상남도 창원시 의창구 팔용동,경상사고,0,0,3,0,차대차 - 측면충돌,안전운전불이행,건조,맑음,단일로 - 기타,승용,남,54세,상해없음,승합,남,54세,경상
2021072400100128,2021년 7월 24일 10시,토요일,경상남도 창원시 진해구 태백동,경상사고,0,0,1,0,차대차 - 추돌,안전운전불이행,건조,맑음,단일로 - 기타,자전거,남,58세,경상,승용,남,63세,상해없음
2021072400100129,2021년 7월 24일 10시,토요일,경상남도 사천시 동금동,중상사고,0,1,0,0,차량단독 - 공작물충돌,안전운전불이행,건조,맑음,교차로 - 교차로안,화물,남,49세,중상,,,,
2021072400100130,2021년 7월 24일 10시,토요일,경상남도 창원시 의창구 봉곡동,경상사고,0,0,1,0,차대차 - 측면충돌,교차로운행방법위반,건조,맑음,교차로 - 교차로안,승용,남,41세,상해없음,승용,여,43세,경상
2021072400100178,2021년 7월 24일 11시,토요일,경상남도 사천시 동동,경상사고,0,0,1,0,차대차 - 측면충돌,기타,건조,맑음,단일로 - 기타,승용,남,54세,상해없음,이륜,남,44세,경상
2021072400100179,2021년 7월 24일 11시,토요일,경상남도 창원시 마산회원구 내서읍,경상사고,0,0,1,0,차대사람 - 횡단중,신호위반,건조,맑음,교차로 - 교차로부근,이륜,남,58세,상해없음,보행자,여,54세,경상
2021072400100213,2021년 7월 24일 12시,토요일,경상남도 사천시 이홀동,중상사고,0,1,1,0,차량단독 - 기타,안전운전불이행,건조,맑음,단일로 - 기타,승용,남,31세,경상,,,,
2021072400100214,2021년 7월 24일 12시,토요일,경상남도 사천시 사천읍,경상사고,0,0,2,0,차대차 - 측면충돌,안전운전불이행,건조,맑음,교차로 - 교차로부근,승용,여,51세,상해없음,승용,남,28세,경상
2021072400100249,2021년 7월 24일 13시,토요일,경상남도 밀양시 상동면,중상사고,0,1,0,0,차대사람 - 기타,안전운전불이행,건조,맑음,기타 - 기타,승용,여,50세,상해없음,보행자,여,80세,중상
2021072400100250,2021년 7월 24일 13시,토요일,경상남도 김해시 외동,중상사고,0,1,0,0,차대차 - 측면충돌,안전거리미확보,건조,맑음,단일로 - 기타,승용,남,45세,상해없음,이륜,남,49세,중상
2021072400100251,2021년 7월 24일 13시,토요일,경상남도 창원시 의창구 소답동,경상사고,0,0,1,0,차대사람 - 횡단중,신호위반,건조,맑음,교차로 - 교차로횡단보도내,승용,여,51세,기타불명,보행자,여,27세,경상
2021072400100252,2021년 7월 24일 13시,토요일,경상남도 김해시 대청동,부상신고사고,0,0,0,1,차대차 - 측면충돌,안전운전불이행,건조,맑음,단일로 - 기타,승용,여,49세,부상신고,승용,남,46세,상해없음
2021072400100301,2021년 7월 24일 14시,토요일,경상남도 사천시 동금동,중상사고,0,1,0,0,차대차 - 기타,안전운전불이행,건조,맑음,교차로 - 교차로안,화물,남,32세,상해없음,승용,남,57세,중상
2021072400100302,2021년 7월 24일 14시,토요일,경상남도 김해시 부원동,경상사고,0,0,1,0,차대차 - 추돌,안전운전불이행,건조,맑음,단일로 - 기타,승합,남,49세,상해없음,승용,남,30세,상해없음
2021072400100303,2021년 7월 24일 14시,토요일,경상남도 합천군 율곡면,중상사고,0,2,0,0,차대차 - 정면충돌,중앙선침범,건조,맑음,단일로 - 기타,승용,여,38세,중상,화물,남,62세,상해없음
2021072400100304,2021년 7월 24일 14시,토요일,경상남도 함양군 함양읍,중상사고,0,1,0,0,차대차 - 기타,중앙선침범,건조,맑음,단일로 - 기타,승용,여,59세,상해없음,원동기,남,46세,중상
2021072400100333,2021년 7월 24일 15시,토요일,경상남도 김해시 어방동,경상사고,0,0,1,0,차대차 - 측면충돌,신호위반,건조,맑음,교차로 - 교차로안,승용,남,36세,상해없음,이륜,남,34세,경상
2021072400100334,2021년 7월 24일 15시,토요일,경상남도 사천시 축동면,중상사고,0,2,0,0,차대차 - 기타,안전운전불이행,건조,맑음,단일로 - 기타,특수,남,39세,상해없음,승용,남,32세,상해없음
2021072400100370,2021년 7월 24일 16시,토요일,경상남도 창원시 성산구 상남동,중상사고,0,2,0,0,차대차 - 측면충돌,안전운전불이행,건조,맑음,교차로 - 교차로안,승용,남,43세,상해없음,승용,남,24세,중상
2021072400100407,2021년 7월 24일 17시,토요일,경상남도 거창군 가조면,중상사고,0,1,0,0,차대차 - 측면충돌,안전운전불이행,건조,맑음,교차로 - 교차로안,이륜,남,74세,중상,승용,남,43세,상해없음
2021072400100408,2021년 7월 24일 17시,토요일,경상남도 양산시 북부동,경상사고,0,0,2,0,차대차 - 측면충돌,안전거리미확보,건조,맑음,단일로 - 기타,승용,남,59세,상해없음,승용,남,34세,경상
2021072400100409,2021년 7월 24일 17시,토요일,경상남도 남해군 상주면,경상사고,0,0,2,0,차대차 - 측면충돌,안전운전불이행,건조,맑음,단일로 - 기타,승용,남,37세,상해없음,승용,남,69세,경상
2021072400100410,2021년 7월 24일 17시,토요일,경상남도 함안군 가야읍,중상사고,0,1,3,0,차대차 - 측면충돌,안전운전불이행,건조,맑음,교차로 - 교차로부근,화물,남,66세,상해없음,승용,남,39세,경상
2021072400100449,2021년 7월 24일 18시,토요일,경상남도 진주시 하대동,중상사고,0,1,0,0,차대사람 - 횡단중,안전운전불이행,건조,맑음,단일로 - 기타,자전거,남,25세,상해없음,보행자,여,62세,중상
2021072400100450,2021년 7월 24일 18시,토요일,경상남도 거제시 장평동,경상사고,0,0,2,0,차대차 - 기타,교차로운행방법위반,건조,맑음,교차로 - 교차로안,승용,남,52세,상해없음,승용,여,44세,경상
2021072400100480,2021년 7월 24일 19시,토요일,경상남도 창원시 마산회원구 회원동,경상사고,0,0,1,0,차대사람 - 기타,안전운전불이행,건조,맑음,단일로 - 기타,승합,남,65세,상해없음,보행자,여,64세,경상
2021072400100481,2021년 7월 24일 19시,토요일,경상남도 김해시 율하동,중상사고,0,1,0,0,차대차 - 측면충돌,신호위반,건조,맑음,교차로 - 교차로안,승용,남,47세,상해없음,이륜,남,45세,중상
2021072400100513,2021년 7월 24일 20시,토요일,경상남도 창원시 의창구 팔용동,경상사고,0,0,1,0,차대차 - 후진중충돌,안전운전불이행,건조,맑음,주차장 - 주차장,승용,남,64세,상해없음,이륜,남,28세,경상
2021072400100514,2021년 7월 24일 20시,토요일,경상남도 김해시 율하동,경상사고,0,0,3,0,차대차 - 측면충돌,신호위반,건조,맑음,교차로 - 교차로안,승용,남,80세,상해없음,승용,남,27세,경상
2021072400100542,2021년 7월 24일 21시,토요일,경상남도 함양군 함양읍,부상신고사고,0,0,0,1,차대차 - 추돌,안전운전불이행,건조,맑음,단일로 - 기타,승용,남,53세,부상신고,화물,남,51세,상해없음
2021072400100582,2021년 7월 24일 23시,토요일,경상남도 양산시 하북면,경상사고,0,0,2,0,차대차 - 추돌,안전거리미확보,건조,맑음,단일로 - 기타,승용,여,46세,상해없음,승용,남,55세,경상
2021072400100585,2021년 7월 24일 23시,토요일,경상남도 사천시 사천읍,경상사고,0,0,1,0,차대사람 - 기타,보행자보호의무위반,건조,맑음,교차로 - 교차로횡단보도내,이륜,남,21세,상해없음,보행자,여,73세,경상
2021072400100586,2021년 7월 24일 23시,토요일,경상남도 양산시 평산동,부상신고사고,0,0,0,1,차대사람 - 기타,안전운전불이행,건조,맑음,교차로 - 교차로안,승용,남,54세,상해없음,보행자,남,58세,부상신고
2021072500100017,2021년 7월 25일 01시,일요일,경상남도 밀양시 단장면,중상사고,0,1,1,0,차량단독 - 공작물충돌,안전운전불이행,건조,흐림,단일로 - 기타,승용,남,29세,경상,,,,
2021072500100018,2021년 7월 25일 01시,일요일,경상남도 양산시 물금읍,경상사고,0,0,1,0,차량단독 - 기타,안전운전불이행,건조,맑음,교차로 - 교차로안,이륜,남,34세,경상,,,,
2021072500100051,2021년 7월 25일 07시,일요일,경상남도 진주시 수곡면,경상사고,0,0,1,0,차대차 - 정면충돌,중앙선침범,건조,맑음,교차로 - 교차로부근,개인형이동수단(PM),여,58세,경상,화물,남,42세,상해없음
2021072500100068,2021년 7월 25일 09시,일요일,경상남도 합천군 가야면,중상사고,0,1,0,0,차대사람 - 길가장자리구역통행중,안전운전불이행,건조,맑음,단일로 - 기타,화물,남,69세,상해없음,보행자,여,80세,중상
2021072500100107,2021년 7월 25일 11시,일요일,경상남도 양산시 물금읍,중상사고,0,1,0,0,차대차 - 추돌,안전운전불이행,건조,맑음,단일로 - 기타,자전거,남,33세,상해없음,자전거,남,41세,중상
2021072500100130,2021년 7월 25일 12시,일요일,경상남도 고성군 동해면,경상사고,0,0,1,0,차대차 - 측면충돌,안전운전불이행,건조,맑음,단일로 - 기타,승용,남,51세,상해없음,이륜,남,60세,경상
2021072500100131,2021년 7월 25일 12시,일요일,경상남도 거제시 장평동,중상사고,0,1,0,0,차대차 - 측면충돌,직진우회전진행방해,건조,맑음,교차로 - 교차로안,화물,남,54세,상해없음,승용,남,64세,중상
2021072500100132,2021년 7월 25일 12시,일요일,경상남도 김해시 관동동,경상사고,0,0,2,0,차대차 - 추돌,안전운전불이행,건조,맑음,교차로 - 교차로부근,승용,남,40세,상해없음,승용,남,26세,경상
2021072500100174,2021년 7월 25일 13시,일요일,경상남도 창원시 의창구 사림동,중상사고,0,1,0,0,차대차 - 측면충돌,안전운전불이행,건조,맑음,교차로 - 교차로안,승용,남,29세,기타불명,승용,남,37세,중상
2021072500100200,2021년 7월 25일 14시,일요일,경상남도 창원시 진해구 용원동,경상사고,0,0,2,0,차대차 - 측면충돌,교차로운행방법위반,건조,맑음,교차로 - 교차로안,승용,남,25세,경상,이륜,남,50세,경상
2021072500100201,2021년 7월 25일 14시,일요일,경상남도 김해시 삼방동,경상사고,0,0,2,0,차대차 - 추돌,안전운전불이행,건조,맑음,단일로 - 기타,화물,남,61세,상해없음,승용,남,42세,경상
2021072500100202,2021년 7월 25일 14시,일요일,경상남도 거제시 장승포동,중상사고,0,1,0,0,차대사람 - 기타,안전운전불이행,건조,맑음,교차로 - 교차로안,이륜,남,23세,상해없음,보행자,여,79세,중상
2021072500100203,2021년 7월 25일 14시,일요일,경상남도 남해군 남면,경상사고,0,0,1,0,차대사람 - 길가장자리구역통행중,안전운전불이행,건조,맑음,단일로 - 기타,승용,여,63세,상해없음,보행자,남,61세,경상
2021072500100232,2021년 7월 25일 15시,일요일,경상남도 통영시 산양읍,부상신고사고,0,0,0,1,차대차 - 기타,중앙선침범,건조,맑음,단일로 - 기타,승용,남,55세,상해없음,자전거,남,13세,부상신고
2021072500100267,2021년 7월 25일 16시,일요일,경상남도 김해시 어방동,경상사고,0,0,2,0,차대차 - 측면충돌,안전운전불이행,건조,맑음,단일로 - 기타,이륜,남,17세,경상,승용,남,36세,기타불명
2021072500100337,2021년 7월 25일 18시,일요일,경상남도 진주시 가좌동,경상사고,0,0,5,0,차대차 - 측면충돌,안전운전불이행,건조,맑음,단일로 - 고가도로위,승용,남,58세,경상,승용,남,34세,경상
2021072500100338,2021년 7월 25일 18시,일요일,경상남도 통영시 무전동,경상사고,0,0,1,0,차대차 - 측면충돌,기타,건조,맑음,교차로 - 교차로안,이륜,남,43세,경상,승용,남,49세,상해없음
2021072500100339,2021년 7월 25일 18시,일요일,경상남도 김해시 부원동,경상사고,0,0,1,0,차대차 - 후진중충돌,안전운전불이행,건조,맑음,단일로 - 기타,승용,남,31세,경상,이륜,남,19세,기타불명