사고번호,사고일시,요일,시군구,사고내용,사망자수,중상자수,경상자수,부상신고자수,사고유형,법규위반,노면상태,기상상태,도로형태,가해운전자 차종,가해운전자 성별,가해운전자 연령,가해운전자 상해정도,피해운전자 차종,피해운전자 성별,피해운전자 연령,피해운전자 상해정도
2021080200100211,2021년 8월 2일 12시,월요일,경상남도 고성군 회화면,경상사고,0,0,3,0,차대차 - 추돌,안전거리미확보,건조,맑음,단일로 - 기타,화물,남,76세,상해없음,승용,남,35세,경상
2021080200100245,2021년 8월 2일 13시,월요일,경상남도 김해시 생림면,경상사고,0,0,2,0,차대차 - 측면충돌,안전운전불이행,건조,맑음,교차로 - 교차로안,승용,남,74세,경상,승용,남,44세,경상
2021080200100246,2021년 8월 2일 13시,월요일,경상남도 양산시 덕계동,중상사고,0,1,0,0,차대사람 - 기타,중앙선침범,건조,맑음,단일로 - 기타,승용,여,67세,상해없음,보행자,여,70세,중상
2021080200100279,2021년 8월 2일 14시,월요일,경상남도 창원시 진해구 석동,경상사고,0,0,1,0,차대차 - 측면충돌,직진우회전진행방해,건조,맑음,교차로 - 교차로안,승용,여,32세,상해없음,승용,남,30세,경상
2021080200100280,2021년 8월 2일 14시,월요일,경상남도 김해시 삼계동,중상사고,0,1,1,0,차대차 - 추돌,안전운전불이행,건조,맑음,단일로 - 기타,화물,남,26세,상해없음,건설기계,남,60세,경상
2021080200100281,2021년 8월 2일 14시,월요일,경상남도 양산시 물금읍,경상사고,0,0,1,0,차대차 - 측면충돌,안전운전불이행,건조,맑음,단일로 - 기타,승용,남,49세,상해없음,화물,남,29세,경상
2021080200100329,2021년 8월 2일 15시,월요일,경상남도 양산시 물금읍,경상사고,0,0,1,0,차대차 - 측면충돌,안전운전불이행,건조,맑음,교차로 - 교차로횡단보도내,승용,여,58세,상해없음,자전거,여,10세,경상
2021080200100330,2021년 8월 2일 15시,월요일,경상남도 하동군 진교면,경상사고,0,0,1,0,차대차 - 추돌,안전운전불이행,건조,맑음,교차로 - 교차로부근,승용,남,51세,상해없음,승용,여,61세,경상
2021080200100360,2021년 8월 2일 16시,월요일,경상남도 합천군 청덕면,중상사고,0,1,0,0,차대사람 - 횡단중,안전운전불이행,건조,맑음,기타 - 기타,승용,남,55세,상해없음,보행자,남,87세,중상
2021080200100393,2021년 8월 2일 17시,월요일,경상남도 양산시 명동,경상사고,0,0,4,0,차대차 - 측면충돌,중앙선침범,건조,맑음,교차로 - 교차로부근,승용,여,59세,상해없음,승용,남,40세,경상
2021080200100439,2021년 8월 2일 18시,월요일,경상남도 함양군 휴천면,중상사고,0,1,0,0,차량단독 - 도로외이탈 - 추락,안전운전불이행,건조,맑음,단일로 - 기타,이륜,남,67세,중상,,,,
2021080200100440,2021년 8월 2일 18시,월요일,경상남도 창원시 성산구 대방동,경상사고,0,0,2,0,차대차 - 추돌,안전운전불이행,건조,맑음,교차로 - 교차로안,승용,남,32세,상해없음,승용,남,27세,경상
2021080200100478,2021년 8월 2일 19시,월요일,경상남도 창원시 마산회원구 양덕동,중상사고,0,1,0,0,차대차 - 측면충돌,안전운전불이행,건조,맑음,교차로 - 교차로안,승용,여,45세,상해없음,원동기,남,37세,중상
2021080200100503,2021년 8월 2일 20시,월요일,경상남도 거창군 북상면,중상사고,0,2,0,0,차대사람 - 차도통행중,안전운전불이행,건조,맑음,단일로 - 기타,승용,여,52세,상해없음,보행자,여,57세,중상
2021080200100504,2021년 8월 2일 20시,월요일,경상남도 하동군 금남면,경상사고,0,0,1,0,차대차 - 기타,안전운전불이행,건조,맑음,단일로 - 기타,승용,남,32세,상해없음,화물,남,40세,경상
2021080200100532,2021년 8월 2일 21시,월요일,경상남도 산청군 생초면,중상사고,0,7,2,0,차대차 - 기타,안전운전불이행,건조,맑음,단일로 - 기타,승용,여,28세,상해없음,승용,남,45세,경상
2021080200100557,2021년 8월 2일 22시,월요일,경상남도 김해시 동상동,경상사고,0,0,1,0,차대사람 - 차도통행중,안전운전불이행,건조,맑음,단일로 - 기타,승용,남,42세,상해없음,보행자,남,40세,경상
2021080200100558,2021년 8월 2일 22시,월요일,경상남도 양산시 덕계동,경상사고,0,0,1,0,차대차 - 기타,중앙선침범,건조,맑음,단일로 - 기타,승용,여,50세,기타불명,승용,남,45세,경상
2021080300100005,2021년 8월 3일 00시,화요일,경상남도 양산시 삼호동,경상사고,0,0,4,0,차대차 - 기타,신호위반,건조,맑음,교차로 - 교차로안,승용,남,24세,경상,승용,남,25세,경상
2021080300100058,2021년 8월 3일 08시,화요일,경상남도 김해시 구산동,중상사고,0,3,4,0,차대차 - 측면충돌,안전운전불이행,건조,맑음,단일로 - 기타,승용,남,63세,상해없음,승합,여,61세,경상
2021080300100082,2021년 8월 3일 09시,화요일,경상남도 진주시 망경동,중상사고,0,1,0,0,차대사람 - 횡단중,보행자보호의무위반,건조,맑음,교차로 - 교차로횡단보도내,화물,남,60세,상해없음,보행자,여,57세,중상
2021080300100083,2021년 8월 3일 09시,화요일,경상남도 합천군 초계면,중상사고,0,1,1,0,차대차 - 측면충돌,교차로운행방법위반,건조,맑음,교차로 - 교차로안,승용,여,59세,경상,승용,여,50세,중상
2021080300100084,2021년 8월 3일 09시,화요일,경상남도 의령군 용덕면,사망사고,1,0,0,0,차대차 - 측면충돌,신호위반,건조,맑음,교차로 - 교차로안,이륜,남,78세,사망,승용,남,56세,상해없음
2021080300100085,2021년 8월 3일 09시,화요일,경상남도 창원시 의창구 명서동,경상사고,0,0,1,0,차대사람 - 횡단중,보행자보호의무위반,건조,맑음,교차로 - 교차로횡단보도내,승용,남,60세,상해없음,보행자,여,50세,경상
2021080300100097,2021년 8월 3일 10시,화요일,경상남도 김해시 대동면,경상사고,0,0,1,1,차대차 - 추돌,안전거리미확보,건조,맑음,단일로 - 기타,승용,여,34세,상해없음,승용,남,33세,부상신고
2021080300100119,2021년 8월 3일 10시,화요일,경상남도 거창군 거창읍,경상사고,0,0,1,0,차대차 - 측면충돌,안전거리미확보,건조,맑음,교차로 - 교차로안,승합,남,27세,상해없음,화물,남,47세,경상
2021080300100120,2021년 8월 3일 10시,화요일,경상남도 양산시 중부동,중상사고,0,1,0,0,차대차 - 측면충돌,안전거리미확보,건조,맑음,단일로 - 기타,승용,남,26세,상해없음,화물,남,32세,중상
2021080300100137,2021년 8월 3일 11시,화요일,경상남도 김해시 대동면,경상사고,0,0,3,0,차대차 - 추돌,안전운전불이행,건조,맑음,단일로 - 기타,승용,남,47세,상해없음,승용,여,48세,경상
2021080300100177,2021년 8월 3일 12시,화요일,경상남도 창원시 마산합포구 중성동,경상사고,0,0,1,0,차대차 - 추돌,안전운전불이행,건조,맑음,교차로 - 교차로횡단보도내,이륜,남,27세,상해없음,승용,남,26세,경상
2021080300100178,2021년 8월 3일 12시,화요일,경상남도 창녕군 도천면,중상사고,0,1,0,0,차대사람 - 기타,안전운전불이행,건조,맑음,교차로 - 교차로안,화물,여,68세,상해없음,보행자,남,87세,중상
2021080300100179,2021년 8월 3일 12시,화요일,경상남도 창원시 의창구 팔용동,경상사고,0,0,2,0,차대차 - 측면충돌,교차로운행방법위반,건조,맑음,교차로 - 교차로안,승용,여,63세,상해없음,승용,여,52세,경상
2021080300100209,2021년 8월 3일 13시,화요일,경상남도 진주시 정촌면,경상사고,0,0,1,0,차대차 - 측면충돌,안전거리미확보,건조,맑음,단일로 - 기타,승용,여,62세,상해없음,승용,여,40세,경상
2021080300100210,2021년 8월 3일 13시,화요일,경상남도 창원시 의창구 동정동,경상사고,0,0,1,0,차대차 - 추돌,안전운전불이행,건조,맑음,단일로 - 기타,승용,남,71세,상해없음,승용,남,40세,경상
2021080300100286,2021년 8월 3일 15시,화요일,경상남도 진주시 초전동,중상사고,0,1,0,0,차대차 - 측면충돌,차로위반,건조,맑음,교차로 - 교차로안,원동기,여,24세,상해없음,화물,남,30세,중상
2021080300100287,2021년 8월 3일 15시,화요일,경상남도 창원시 진해구 용원동,경상사고,0,0,2,0,차대차 - 측면충돌,교차로운행방법위반,건조,맑음,교차로 - 교차로안,승용,남,28세,경상,이륜,남,36세,경상
2021080300100356,2021년 8월 3일 17시,화요일,경상남도 함양군 함양읍,부상신고사고,0,0,0,1,차대사람 - 기타,안전운전불이행,건조,맑음,단일로 - 기타,자전거,여,63세,상해없음,보행자,남,20세,부상신고
2021080300100422,2021년 8월 3일 19시,화요일,경상남도 창원시 진해구 자은동,경상사고,0,0,5,0,차대차 - 측면충돌,안전거리미확보,건조,맑음,단일로 - 기타,승용,여,58세,경상,승용,남,25세,경상
2021080300100423,2021년 8월 3일 19시,화요일,경상남도 통영시 무전동,경상사고,0,0,1,0,차대사람 - 기타,안전운전불이행,건조,맑음,단일로 - 기타,화물,남,43세,상해없음,보행자,남,27세,경상
2021080300100424,2021년 8월 3일 19시,화요일,경상남도 거제시 사등면,중상사고,0,1,0,0,차량단독 - 전도전복 - 전도,안전운전불이행,건조,맑음,단일로 - 기타,이륜,남,63세,중상,,,,
2021080300100473,2021년 8월 3일 21시,화요일,경상남도 양산시 상북면,경상사고,0,0,1,0,차대차 - 측면충돌,중앙선침범,젖음/습기,흐림,교차로 - 교차로부근,승용,남,72세,상해없음,승용,여,43세,경상
2021080300100474,2021년 8월 3일 21시,화요일,경상남도 거제시 장평동,경상사고,0,0,1,0,차대차 - 후진중충돌,안전운전불이행,건조,맑음,단일로 - 기타,승용,남,38세,상해없음,이륜,여,30세,경상
2021080300100475,2021년 8월 3일 21시,화요일,경상남도 창원시 마산회원구 구암동,부상신고사고,0,0,0,1,차량단독 - 기타,기타,건조,맑음,단일로 - 기타,승합,남,40세,상해없음,,,,
2021080300100476,2021년 8월 3일 21시,화요일,경상남도 김해시 진영읍,중상사고,0,1,0,0,차대사람 - 기타,안전운전불이행,건조,맑음,교차로 - 교차로안,승용,남,52세,상해없음,보행자,남,60세,중상
2021080300100499,2021년 8월 3일 22시,화요일,경상남도 통영시 북신동,경상사고,0,0,4,0,차대차 - 추돌,안전운전불이행,건조,맑음,교차로 - 교차로부근,화물,여,56세,기타불명,승용,남,48세,경상
2021080300100517,2021년 8월 3일 23시,화요일,경상남도 거제시 장승포동,중상사고,0,1,0,0,차량단독 - 전도전복 - 전도,안전운전불이행,건조,맑음,단일로 - 기타,이륜,남,37세,중상,,,,
2021080400100016,2021년 8월 4일 02시,수요일,경상남도 남해군 미조면,중상사고,0,1,3,0,차대차 - 측면충돌,안전운전불이행,건조,흐림,단일로 - 기타,이륜,남,60세,중상,승용,남,33세,경상
2021080400100021,2021년 8월 4일 03시,수요일,경상남도 거제시 장목면,중상사고,0,2,1,0,차대차 - 추돌,안전운전불이행,건조,맑음,단일로 - 터널,승용,남,55세,상해없음,승용,여,36세,중상
2021080400100035,2021년 8월 4일 06시,수요일,경상남도 김해시 한림면,중상사고,0,1,0,0,차대차 - 측면충돌,안전운전불이행,건조,맑음,단일로 - 기타,화물,남,67세,기타불명,이륜,남,82세,중상
2021080400100051,2021년 8월 4일 07시,수요일,경상남도 창원시 진해구 용원동,경상사고,0,0,1,0,차량단독 - 전도전복 - 전도,안전운전불이행,건조,맑음,단일로 - 기타,자전거,남,76세,경상,,,,
2021080400100084,2021년 8월 4일 08시,수요일,경상남도 양산시 상북면,중상사고,0,1,0,0,차대차 - 추돌,차로위반,젖음/습기,맑음,단일로 - 기타,승용,남,41세,상해없음,승용,남,62세,중상
2021080400100085,2021년 8월 4일 08시,수요일,경상남도 창원시 성산구 신촌동,경상사고,0,0,1,0,차대사람 - 횡단중,보행자보호의무위반,건조,맑음,단일로 - 기타,승용,여,43세,상해없음,보행자,남,51세,경상
2021080400100115,2021년 8월 4일 09시,수요일,경상남도 함안군 칠서면,경상사고,0,0,2,0,차대차 - 기타,안전운전불이행,건조,맑음,단일로 - 기타,승용,여,30세,상해없음,화물,남,39세,경상
2021080400100149,2021년 8월 4일 10시,수요일,경상남도 진주시 가좌동,경상사고,0,0,1,0,차대차 - 측면충돌,교차로운행방법위반,건조,맑음,교차로 - 교차로안,승용,여,60세,상해없음,승용,남,27세,경상
2021080400100150,2021년 8월 4일 10시,수요일,경상남도 함안군 칠원읍,경상사고,0,0,1,0,차대차 - 추돌,안전운전불이행,건조,맑음,주차장 - 주차장,승용,남,61세,상해없음,승용,남,45세,경상
2021080400100179,2021년 8월 4일 11시,수요일,경상남도 진주시 하대동,중상사고,0,1,0,0,차대차 - 측면충돌,교차로운행방법위반,건조,맑음,교차로 - 교차로안,승용,남,56세,상해없음,이륜,남,47세,중상
2021080400100180,2021년 8월 4일 11시,수요일,경상남도 통영시 북신동,부상신고사고,0,0,0,1,차대차 - 측면충돌,안전운전불이행,건조,맑음,교차로 - 교차로부근,이륜,남,23세,부상신고,승용,남,63세,상해없음
2021080400100209,2021년 8월 4일 12시,수요일,경상남도 거제시 상동동,중상사고,0,1,0,0,차량단독 - 전도전복 - 전도,안전운전불이행,건조,맑음,단일로 - 기타,이륜,남,31세,중상,,,,
2021080400100250,2021년 8월 4일 13시,수요일,경상남도 통영시 도천동,부상신고사고,0,0,0,1,차대차 - 기타,안전거리미확보,건조,맑음,단일로 - 기타,승용,남,23세,상해없음,이륜,남,34세,부상신고
2021080400100251,2021년 8월 4일 13시,수요일,경상남도 거창군 거창읍,중상사고,0,1,0,0,차대차 - 추돌,직진우회전진행방해,건조,맑음,교차로 - 교차로안,승용,여,50세,상해없음,이륜,여,71세,중상
2021080400100285,2021년 8월 4일 14시,수요일,경상남도 창원시 마산회원구 합성동,경상사고,0,0,2,0,차대차 - 정면충돌,신호위반,건조,맑음,교차로 - 교차로안,승용,여,51세,상해없음,승용,여,43세,경상
2021080400100327,2021년 8월 4일 15시,수요일,경상남도 진주시 초전동,중상사고,0,1,0,0,차대사람 - 길가장자리구역통행중,안전운전불이행,건조,맑음,교차로 - 교차로부근,화물,남,81세,상해없음,보행자,여,51세,중상
2021080400100328,2021년 8월 4일 15시,수요일,경상남도 밀양시 산외면,경상사고,0,0,3,0,차대차 - 측면충돌,안전운전불이행,건조,맑음,단일로 - 교량,승용,남,58세,경상,승용,남,31세,경상
2021080400100365,2021년 8월 4일 16시,수요일,경상남도 창녕군 부곡면,경상사고,0,0,1,0,차대차 - 기타,안전거리미확보,건조,맑음,단일로 - 기타,화물,여,60세,상해없음,승용,여,25세,경상
2021080400100423,2021년 8월 4일 17시,수요일,경상남도 밀양시 무안면,경상사고,0,0,2,0,차대차 - 측면충돌,교차로운행방법위반,건조,맑음,교차로 - 교차로안,승용,여,61세,경상,승용,남,52세,상해없음
2021080400100424,2021년 8월 4일 17시,수요일,경상남도 밀양시 삼문동,경상사고,0,0,1,0,차대차 - 측면충돌,신호위반,건조,맑음,교차로 - 교차로안,승용,남,54세,상해없음,승용,남,62세,경상
2021080400100425,2021년 8월 4일 17시,수요일,경상남도 김해시 전하동,경상사고,0,0,2,1,차대차 - 측면충돌,안전운전불이행,건조,맑음,교차로 - 교차로안,승용,여,49세,부상신고,화물,남,68세,경상
2021080400100464,2021년 8월 4일 18시,수요일,경상남도 김해시 생림면,중상사고,0,1,0,0,차대차 - 기타,안전운전불이행,건조,맑음,단일로 - 기타,이륜,남,86세,중상,승용,남,35세,상해없음
2021080400100465,2021년 8월 4일 18시,수요일,경상남도 산청군 시천면,중상사고,0,2,0,1,차대차 - 측면충돌,중앙선침범,건조,맑음,단일로 - 기타,승용,여,57세,부상신고,승합,남,56세,중상
2021080400100466,2021년 8월 4일 18시,수요일,경상남도 의령군 대의면,경상사고,0,0,1,0,차대차 - 추돌,안전운전불이행,건조,맑음,교차로 - 교차로안,승용,남,75세,기타불명,승용,여,52세,경상
2021080400100467,2021년 8월 4일 18시,수요일,경상남도 김해시 흥동,중상사고,0,1,1,0,차대차 - 측면충돌,안전거리미확보,건조,맑음,단일로 - 기타,승용,여,19세,상해없음,승용,여,29세,경상
2021080400100498,2021년 8월 4일 19시,수요일,경상남도 김해시 삼정동,경상사고,0,0,1,0,차대차 - 기타,안전운전불이행,건조,맑음,단일로 - 기타,이륜,남,48세,경상,승용,남,50세,상해없음
2021080400100499,2021년 8월 4일 19시,수요일,경상남도 함안군 칠서면,중상사고,0,1,0,0,차대사람 - 기타,안전운전불이행,건조,맑음,단일로 - 기타,승용,남,43세,상해없음,보행자,여,66세,중상
2021080400100500,2021년 8월 4일 19시,수요일,경상남도 창원시 성산구 상남동,경상사고,0,0,2,0,차대사람 - 횡단중,보행자보호의무위반,건조,맑음,교차로 - 교차로안,승용,여,30세,상해없음,보행자,여,36세,경상
2021080400100530,2021년 8월 4일 20시,수요일,경상남도 양산시 물금읍,경상사고,0,0,2,0,차대차 - 추돌,안전운전불이행,건조,맑음,교차로 - 교차로부근,승용,남,26세,상해없음,승용,여,28세,경상
2021080400100531,2021년 8월 4일 20시,수요일,경상남도 거제시 상동동,경상사고,0,0,3,0,차대차 - 측면충돌,신호위반,건조,맑음,교차로 - 교차로안,이륜,남,50세,경상,승용,남,37세,경상
2021080400100548,2021년 8월 4일 21시,수요일,경상남도 거제시 일운면,경상사고,0,0,1,0,차대차 - 측면충돌,교차로운행방법위반,건조,맑음,교차로 - 교차로안,승용,남,22세,상해없음,승용,남,67세,경상
2021080400100578,2021년 8월 4일 22시,수요일,경상남도 김해시 불암동,경상사고,0,0,2,0,차대차 - 측면충돌,신호위반,건조,맑음,교차로 - 교차로안,승용,남,30세,상해없음,승용,남,27세,경상
2021080400100579,2021년 8월 4일 22시,수요일,경상남도 거창군 거창읍,경상사고,0,0,2,0,차대차 - 추돌,중앙선침범,건조,맑음,기타 - 기타,이륜,남,68세,경상,이륜,남,53세,경상
2021080400100580,2021년 8월 4일 22시,수요일,경상남도 거제시 동부면,사망사고,1,0,0,0,차량단독 - 공작물충돌,안전운전불이행,건조,맑음,교차로 - 교차로부근,승용,남,54세,사망,,,,
2021080400100581,2021년 8월 4일 22시,수요일,경상남도 산청군 신안면,경상사고,0,0,2,0,차대차 - 측면충돌,차로위반,건조,맑음,단일로 - 기타,승용,여,50세,상해없음,승용,여,52세,경상
2021080400100599,2021년 8월 4일 23시,수요일,경상남도 거제시 고현동,중상사고,0,1,0,0,차대차 - 추돌,안전운전불이행,건조,맑음,교차로 - 교차로부근,승용,남,54세,상해없음,승용,여,47세,중상
2021080500100004,2021년 8월 5일 00시,목요일,경상남도 김해시 한림면,경상사고,0,0,1,0,차대차 - 측면충돌,신호위반,건조,맑음,교차로 - 교차로안,승용,기타불명,미분류,기타불명,승용,여,46세,경상
2021080500100010,2021년 8월 5일 01시,목요일,경상남도 진주시 명석면,경상사고,0,0,1,0,차대차 - 측면충돌,중앙선침범,건조,맑음,단일로 - 기타,승용,여,51세,상해없음,승용,남,62세,상해없음
2021080500100051,2021년 8월 5일 07시,목요일,경상남도 창원시 마산합포구 신포동2가,경상사고,0,0,2,0,차대차 - 측면충돌,신호위반,건조,맑음,교차로 - 교차로안,승용,남,71세,상해없음,승용,남,48세,경상
2021080500100052,2021년 8월 5일 07시,목요일,경상남도 거창군 거창읍,경상사고,0,0,1,0,차대차 - 측면충돌,교차로운행방법위반,건조,맑음,교차로 - 교차로안,화물,남,58세,상해없음,화물,남,26세,경상
2021080500100088,2021년 8월 5일 08시,목요일,경상남도 통영시 광도면,경상사고,0,0,1,0,차대차 - 측면충돌,신호위반,건조,맑음,교차로 - 교차로횡단보도내,자전거,여,60세,경상,승용,남,44세,상해없음
2021080500100089,2021년 8월 5일 08시,목요일,경상남도 양산시 북부동,경상사고,0,0,1,0,차대차 - 측면충돌,안전운전불이행,건조,맑음,교차로 - 교차로안,승용,여,38세,상해없음,승용,여,27세,경상
2021080500100152,2021년 8월 5일 10시,목요일,경상남도 진주시 대곡면,중상사고,0,1,0,0,차대차 - 추돌,안전운전불이행,건조,맑음,교차로 - 교차로안,승용,여,67세,상해없음,이륜,남,82세,중상
2021080500100153,2021년 8월 5일 10시,목요일,경상남도 양산시 물금읍,경상사고,0,0,1,0,차대차 - 기타,신호위반,건조,맑음,교차로 - 교차로횡단보도내,승용,남,69세,상해없음,자전거,남,35세,경상
2021080500100154,2021년 8월 5일 10시,목요일,경상남도 함안군 칠서면,중상사고,0,1,0,0,차대차 - 기타,기타,건조,맑음,교차로 - 교차로안,화물,남,58세,상해없음,건설기계,남,55세,중상
2021080500100197,2021년 8월 5일 11시,목요일,경상남도 고성군 고성읍,중상사고,0,1,0,0,차대차 - 측면충돌,교차로운행방법위반,건조,맑음,교차로 - 교차로부근,승용,남,37세,상해없음,승용,남,50세,중상
2021080500100198,2021년 8월 5일 11시,목요일,경상남도 김해시 흥동,경상사고,0,0,3,0,차대차 - 측면충돌,안전운전불이행,건조,맑음,단일로 - 기타,화물,남,54세,경상,승용,여,66세,경상
2021080500100199,2021년 8월 5일 11시,목요일,경상남도 진주시 지수면,경상사고,0,0,1,0,차대차 - 기타,안전운전불이행,건조,맑음,단일로 - 기타,특수,남,51세,상해없음,특수,남,28세,경상
2021080500100227,2021년 8월 5일 12시,목요일,경상남도 통영시 정량동,경상사고,0,0,1,0,차대차 - 측면충돌,직진우회전진행방해,건조,맑음,교차로 - 교차로안,승합,남,35세,상해없음,이륜,남,78세,경상
2021080500100228,2021년 8월 5일 12시,목요일,경상남도 양산시 삼호동,중상사고,0,1,0,0,차대차 - 측면충돌,안전운전불이행,건조,맑음,교차로 - 교차로안,승용,여,58세,상해없음,이륜,남,33세,중상
2021080500100229,2021년 8월 5일 12시,목요일,경상남도 거제시 고현동,중상사고,0,1,0,0,차대차 - 추돌,안전운전불이행,건조,맑음,단일로 - 기타,승용,여,37세,상해없음,승용,남,56세,중상
2021080500100230,2021년 8월 5일 12시,목요일,경상남도 김해시 율하동,경상사고,0,0,1,0,차대차 - 측면충돌,신호위반,건조,맑음,교차로 - 교차로안,이륜,남,28세,경상,승용,남,54세,상해없음
2021080500100270,2021년 8월 5일 13시,목요일,경상남도 김해시 부원동,경상사고,0,0,3,0,차대차 - 측면충돌,신호위반,건조,맑음,교차로 - 교차로안,승용,남,28세,상해없음,승용,여,59세,경상
2021080500100271,2021년 8월 5일 13시,목요일,경상남도 합천군 초계면,부상신고사고,0,0,0,1,차대차 - 기타,안전운전불이행,건조,맑음,교차로 - 교차로안,승합,남,67세,상해없음,승용,남,56세,상해없음
2021080500100307,2021년 8월 5일 14시,목요일,경상남도 거제시 상동동,경상사고,0,0,2,0,차대차 - 추돌,안전운전불이행,건조,맑음,교차로 - 교차로부근,이륜,남,38세,상해없음,승용,여,37세,경상
2021080500100308,2021년 8월 5일 14시,목요일,경상남도 의령군 의령읍,경상사고,0,0,1,0,차대차 - 기타,교차로운행방법위반,건조,맑음,교차로 - 교차로부근,화물,남,79세,상해없음,승용,남,29세,경상
2021080500100339,2021년 8월 5일 15시,목요일,경상남도 창원시 진해구 안골동,중상사고,0,1,1,0,차대차 - 정면충돌,교차로운행방법위반,건조,맑음,교차로 - 교차로안,승용,남,52세,경상,특수,남,69세,중상
2021080500100340,2021년 8월 5일 15시,목요일,경상남도 양산시 남부동,중상사고,0,1,0,0,차대차 - 측면충돌,안전운전불이행,건조,맑음,단일로 - 기타,화물,남,53세,상해없음,승용,여,38세,중상
2021080500100341,2021년 8월 5일 15시,목요일,경상남도 창원시 마산회원구 두척동,경상사고,0,0,2,0,차대차 - 추돌,안전운전불이행,건조,맑음,단일로 - 기타,승용,남,60세,상해없음,승용,남,48세,경상
2021080500100375,2021년 8월 5일 16시,목요일,경상남도 창원시 진해구 용원동,경상사고,0,0,1,0,차대차 - 측면충돌,교차로운행방법위반,건조,맑음,교차로 - 교차로안,승용,여,64세,상해없음,이륜,남,27세,경상
2021080500100376,2021년 8월 5일 16시,목요일,경상남도 사천시 정동면,중상사고,0,1,0,0,차대차 - 측면충돌,직진우회전진행방해,건조,맑음,교차로 - 교차로안,개인형이동수단(PM),남,18세,중상,승용,남,75세,상해없음
2021080500100423,2021년 8월 5일 17시,목요일,경상남도 밀양시 내이동,경상사고,0,0,1,0,차대차 - 측면충돌,안전운전불이행,건조,맑음,단일로 - 기타,화물,남,60세,상해없음,승용,남,44세,경상
2021080500100465,2021년 8월 5일 18시,목요일,경상남도 산청군 단성면,중상사고,0,1,0,0,차대사람 - 횡단중,보행자보호의무위반,건조,맑음,교차로 - 교차로안,승용,남,66세,상해없음,보행자,남,77세,중상
2021080500100511,2021년 8월 5일 19시,목요일,경상남도 산청군 단성면,경상사고,0,0,1,0,차량단독 - 도로외이탈 - 추락,기타,건조,맑음,단일로 - 기타,사륜오토바이(ATV),여,66세,경상,,,,
2021080500100549,2021년 8월 5일 20시,목요일,경상남도 진주시 대안동,경상사고,0,0,1,0,차대사람 - 기타,안전운전불이행,건조,맑음,교차로 - 교차로부근,승용,남,23세,상해없음,보행자,남,45세,경상
2021080500100550,2021년 8월 5일 20시,목요일,경상남도 남해군 남면,중상사고,0,1,0,0,차대사람 - 횡단중,안전운전불이행,건조,맑음,단일로 - 기타,승용,남,62세,상해없음,보행자,남,52세,중상
2021080500100551,2021년 8월 5일 20시,목요일,경상남도 창원시 성산구 신월동,사망사고,1,0,0,0,차대사람 - 횡단중,보행자보호의무위반,건조,맑음,교차로 - 교차로안,승용,남,28세,상해없음,보행자,여,72세,사망
2021080500100552,2021년 8월 5일 20시,목요일,경상남도 창원시 성산구 중앙동,경상사고,0,0,1,0,차대사람 - 기타,안전운전불이행,건조,맑음,주차장 - 주차장,승용,남,53세,상해없음,보행자,남,24세,경상
2021080500100553,2021년 8월 5일 20시,목요일,경상남도 창원시 성산구 가음정동,경상사고,0,0,1,0,차대차 - 측면충돌,신호위반,건조,맑음,교차로 - 교차로안,승용,남,32세,상해없음,이륜,남,38세,경상
2021080500100577,2021년 8월 5일 21시,목요일,경상남도 김해시 구산동,경상사고,0,0,1,0,차대차 - 측면충돌,교차로운행방법위반,건조,맑음,교차로 - 교차로부근,이륜,여,21세,상해없음,승용,여,25세,경상
2021080500100601,2021년 8월 5일 22시,목요일,경상남도 창원시 진해구 통신동,경상사고,0,0,1,0,차대사람 - 기타,안전운전불이행,건조,맑음,교차로 - 교차로부근,승용,남,32세,상해없음,보행자,남,54세,경상
2021080500100602,2021년 8월 5일 22시,목요일,경상남도 창원시 마산회원구 합성동,중상사고,0,1,0,0,차대사람 - 기타,보행자보호의무위반,건조,맑음,교차로 - 교차로횡단보도내,승용,남,74세,상해없음,보행자,여,55세,중상
2021080600100010,2021년 8월 6일 02시,금요일,경상남도 창원시 진해구 남문동,사망사고,1,0,0,0,차대차 - 정면충돌,중앙선침범,건조,맑음,단일로 - 기타,승용,남,25세,사망,화물,남,57세,기타불명
2021080600100016,2021년 8월 6일 04시,금요일,경상남도 진주시 칠암동,경상사고,0,0,1,0,차대사람 - 기타,기타,건조,맑음,기타 - 기타,자전거,기타불명,미분류,기타불명,보행자,여,73세,경상
2021080600100085,2021년 8월 6일 08시,금요일,경상남도 김해시 부원동,경상사고,0,0,2,0,차대차 - 추돌,안전거리미확보,건조,맑음,단일로 - 기타,승용,남,28세,상해없음,화물,여,61세,상해없음
2021080600100086,2021년 8월 6일 08시,금요일,경상남도 양산시 용당동,경상사고,0,0,2,0,차대차 - 추돌,안전거리미확보,건조,맑음,교차로 - 교차로안,승합,남,45세,상해없음,승용,여,48세,경상
2021080600100127,2021년 8월 6일 09시,금요일,경상남도 양산시 중부동,중상사고,0,1,2,0,차대차 - 측면충돌,안전운전불이행,건조,기타,기타 - 기타,승용,여,55세,상해없음,승용,남,47세,중상
2021080600100128,2021년 8월 6일 09시,금요일,경상남도 창원시 의창구 명서동,경상사고,0,0,1,0,차대사람 - 횡단중,안전운전불이행,건조,맑음,교차로 - 교차로안,승용,여,53세,상해없음,보행자,남,59세,경상
2021080600100129,2021년 8월 6일 09시,금요일,경상남도 창원시 의창구 대산면,경상사고,0,0,1,0,차대사람 - 기타,기타,건조,맑음,단일로 - 기타,승합,여,62세,상해없음,보행자,여,60세,경상