사고번호,사고일시,요일,시군구,사고내용,사망자수,중상자수,경상자수,부상신고자수,사고유형,법규위반,노면상태,기상상태,도로형태,가해운전자 차종,가해운전자 성별,가해운전자 연령,가해운전자 상해정도,피해운전자 차종,피해운전자 성별,피해운전자 연령,피해운전자 상해정도
2021080600100130,2021년 8월 6일 09시,금요일,경상남도 김해시 진례면,경상사고,0,0,1,0,차대차 - 측면충돌,안전운전불이행,건조,맑음,교차로 - 교차로안,화물,남,60세,상해없음,건설기계,남,47세,경상
2021080600100152,2021년 8월 6일 10시,금요일,경상남도 창원시 진해구 충무동,중상사고,0,1,1,0,차대차 - 기타,안전운전불이행,건조,맑음,교차로 - 교차로안,이륜,여,71세,경상,승용,남,83세,상해없음
2021080600100153,2021년 8월 6일 10시,금요일,경상남도 창원시 성산구 반림동,중상사고,0,1,1,0,차대차 - 추돌,안전운전불이행,건조,맑음,교차로 - 교차로부근,승용,남,59세,상해없음,승용,남,55세,중상
2021080600100180,2021년 8월 6일 11시,금요일,경상남도 남해군 미조면,경상사고,0,0,1,0,차량단독 - 전도전복 - 전복,안전운전불이행,건조,맑음,단일로 - 기타,승용,남,40세,경상,,,,
2021080600100256,2021년 8월 6일 13시,금요일,경상남도 거제시 일운면,경상사고,0,0,1,4,차대차 - 측면충돌,중앙선침범,건조,맑음,단일로 - 기타,승용,남,72세,경상,승용,남,41세,부상신고
2021080600100295,2021년 8월 6일 14시,금요일,경상남도 양산시 평산동,중상사고,0,1,0,0,차대차 - 측면충돌,안전운전불이행,건조,맑음,교차로 - 교차로안,승용,남,42세,상해없음,이륜,남,43세,중상
2021080600100296,2021년 8월 6일 14시,금요일,경상남도 거제시 일운면,경상사고,0,0,3,0,차대차 - 추돌,안전운전불이행,건조,맑음,단일로 - 기타,승용,여,33세,상해없음,승용,남,31세,경상
2021080600100297,2021년 8월 6일 14시,금요일,경상남도 김해시 이동,경상사고,0,0,1,0,차대차 - 정면충돌,중앙선침범,건조,맑음,단일로 - 기타,이륜,남,60세,경상,승용,남,30세,상해없음
2021080600100341,2021년 8월 6일 15시,금요일,경상남도 거제시 문동동,경상사고,0,0,1,0,차대차 - 측면충돌,기타,건조,맑음,교차로 - 교차로안,승용,남,55세,상해없음,승용,여,56세,경상
2021080600100382,2021년 8월 6일 16시,금요일,경상남도 진주시 상대동,중상사고,0,1,0,0,차대차 - 측면충돌,신호위반,건조,맑음,교차로 - 교차로횡단보도내,승용,여,70세,상해없음,자전거,남,78세,중상
2021080600100383,2021년 8월 6일 16시,금요일,경상남도 진주시 충무공동,경상사고,0,0,1,0,차대차 - 측면충돌,신호위반,건조,맑음,교차로 - 교차로안,승용,남,49세,상해없음,승용,여,49세,경상
2021080600100384,2021년 8월 6일 16시,금요일,경상남도 밀양시 단장면,경상사고,0,0,2,0,차대차 - 추돌,안전운전불이행,건조,맑음,교차로 - 교차로부근,승용,여,61세,상해없음,승용,남,37세,경상
2021080600100385,2021년 8월 6일 16시,금요일,경상남도 하동군 진교면,부상신고사고,0,0,0,1,차량단독 - 도로외이탈 - 추락,안전운전불이행,건조,맑음,단일로 - 기타,이륜,남,74세,부상신고,,,,
2021080600100386,2021년 8월 6일 16시,금요일,경상남도 김해시 내덕동,경상사고,0,0,2,0,차대차 - 측면충돌,차로위반,건조,맑음,단일로 - 기타,승용,여,59세,상해없음,화물,남,43세,경상
2021080600100523,2021년 8월 6일 19시,금요일,경상남도 창원시 진해구 용원동,중상사고,0,2,0,0,차대사람 - 기타,기타,건조,맑음,단일로 - 기타,이륜,남,54세,중상,보행자,여,70세,중상
2021080600100524,2021년 8월 6일 19시,금요일,경상남도 김해시 삼계동,경상사고,0,0,3,0,차대차 - 기타,중앙선침범,건조,맑음,단일로 - 기타,승용,남,48세,상해없음,승용,남,25세,경상
2021080600100525,2021년 8월 6일 19시,금요일,경상남도 창원시 의창구 북면,경상사고,0,0,1,0,차량단독 - 공작물충돌,안전운전불이행,건조,맑음,교차로 - 교차로안,화물,남,70세,경상,,,,
2021080600100565,2021년 8월 6일 20시,금요일,경상남도 창원시 진해구 이동,중상사고,0,1,0,0,차대사람 - 횡단중,신호위반,건조,맑음,교차로 - 교차로부근,이륜,남,25세,상해없음,보행자,남,66세,중상
2021080600100566,2021년 8월 6일 20시,금요일,경상남도 함양군 수동면,경상사고,0,0,1,1,차대차 - 측면충돌,신호위반,건조,맑음,교차로 - 교차로안,승용,여,66세,부상신고,승합,남,61세,경상
2021080600100567,2021년 8월 6일 20시,금요일,경상남도 거제시 상동동,중상사고,0,1,0,0,차대차 - 측면충돌,안전운전불이행,건조,맑음,단일로 - 기타,화물,남,63세,상해없음,이륜,남,30세,중상
2021080600100568,2021년 8월 6일 20시,금요일,경상남도 의령군 의령읍,중상사고,0,1,0,0,차대차 - 기타,안전운전불이행,건조,맑음,단일로 - 기타,자전거,남,22세,중상,화물,남,66세,기타불명
2021080600100617,2021년 8월 6일 22시,금요일,경상남도 양산시 상북면,중상사고,0,1,0,0,차대차 - 추돌,안전운전불이행,건조,맑음,기타 - 기타,승용,여,52세,상해없음,승용,남,32세,중상
2021080700100031,2021년 8월 7일 05시,토요일,경상남도 밀양시 삼랑진읍,경상사고,0,0,1,0,차대차 - 측면충돌,안전운전불이행,건조,맑음,교차로 - 교차로안,승용,남,77세,상해없음,자전거,남,55세,경상
2021080700100052,2021년 8월 7일 07시,토요일,경상남도 사천시 사천읍,경상사고,0,0,2,0,차대차 - 측면충돌,기타,건조,맑음,교차로 - 교차로안,승용,남,37세,경상,화물,남,63세,경상
2021080700100053,2021년 8월 7일 07시,토요일,경상남도 밀양시 상남면,중상사고,0,2,0,0,차대차 - 추돌,기타,건조,맑음,단일로 - 기타,승용,남,30세,상해없음,원동기,남,21세,중상
2021080700100092,2021년 8월 7일 09시,토요일,경상남도 진주시 봉곡동,경상사고,0,0,2,0,차대차 - 추돌,안전운전불이행,건조,맑음,단일로 - 기타,승용,남,59세,상해없음,승용,여,24세,경상
2021080700100093,2021년 8월 7일 09시,토요일,경상남도 통영시 도산면,중상사고,0,1,2,0,차대차 - 측면충돌,신호위반,건조,맑음,교차로 - 교차로안,승용,남,43세,상해없음,승용,남,74세,상해없음
2021080700100094,2021년 8월 7일 09시,토요일,경상남도 김해시 진영읍,경상사고,0,0,1,0,차대차 - 측면충돌,기타,건조,맑음,교차로 - 교차로안,승용,여,58세,경상,화물,남,48세,상해없음
2021080700100115,2021년 8월 7일 10시,토요일,경상남도 밀양시 내이동,경상사고,0,0,3,0,차대차 - 측면충돌,안전운전불이행,건조,맑음,단일로 - 기타,화물,남,44세,경상,이륜,남,76세,경상
2021080700100116,2021년 8월 7일 10시,토요일,경상남도 김해시 전하동,경상사고,0,0,3,0,차대차 - 정면충돌,안전운전불이행,건조,맑음,교차로 - 교차로안,승용,남,52세,경상,승용,남,27세,경상
2021080700100117,2021년 8월 7일 10시,토요일,경상남도 양산시 원동면,중상사고,0,1,0,0,차대차 - 기타,안전운전불이행,건조,맑음,단일로 - 기타,승용,남,66세,상해없음,자전거,남,54세,중상
2021080700100159,2021년 8월 7일 11시,토요일,경상남도 김해시 외동,중상사고,0,1,1,0,차대차 - 정면충돌,안전운전불이행,건조,맑음,교차로 - 교차로안,화물,남,54세,중상,승용,여,59세,경상
2021080700100160,2021년 8월 7일 11시,토요일,경상남도 거제시 아주동,경상사고,0,0,1,0,차대차 - 정면충돌,교차로운행방법위반,건조,맑음,교차로 - 교차로안,이륜,남,51세,경상,승용,남,54세,상해없음
2021080700100161,2021년 8월 7일 11시,토요일,경상남도 함안군 칠원읍,중상사고,0,2,0,0,차대차 - 측면충돌,안전운전불이행,건조,맑음,교차로 - 교차로부근,자전거,남,71세,중상,원동기,남,21세,중상
2021080700100162,2021년 8월 7일 11시,토요일,경상남도 김해시 무계동,중상사고,0,2,0,0,차대차 - 측면충돌,신호위반,건조,맑음,교차로 - 교차로부근,이륜,남,35세,중상,승용,여,51세,중상
2021080700100198,2021년 8월 7일 12시,토요일,경상남도 양산시 상북면,경상사고,0,0,1,0,차대차 - 측면충돌,신호위반,건조,맑음,교차로 - 교차로안,화물,남,45세,상해없음,승용,여,47세,경상
2021080700100237,2021년 8월 7일 13시,토요일,경상남도 창녕군 대합면,경상사고,0,0,1,0,차대차 - 기타,안전운전불이행,건조,맑음,단일로 - 기타,화물,남,52세,상해없음,이륜,남,82세,경상
2021080700100238,2021년 8월 7일 13시,토요일,경상남도 김해시 진영읍,부상신고사고,0,0,0,1,차대차 - 측면충돌,안전운전불이행,건조,맑음,단일로 - 기타,이륜,남,69세,부상신고,승용,남,20세,상해없음
2021080700100303,2021년 8월 7일 15시,토요일,경상남도 사천시 향촌동,경상사고,0,0,1,0,차대차 - 측면충돌,안전운전불이행,건조,맑음,단일로 - 기타,원동기,남,57세,경상,승용,여,53세,상해없음
2021080700100331,2021년 8월 7일 16시,토요일,경상남도 통영시 정량동,중상사고,0,1,1,0,차대차 - 정면충돌,교차로운행방법위반,젖음/습기,맑음,교차로 - 교차로안,승용,남,45세,경상,승용,남,63세,중상
2021080700100332,2021년 8월 7일 16시,토요일,경상남도 사천시 정동면,경상사고,0,0,1,0,차대차 - 측면충돌,직진우회전진행방해,건조,맑음,교차로 - 교차로안,승용,남,61세,상해없음,승용,여,22세,경상
2021080700100366,2021년 8월 7일 17시,토요일,경상남도 창원시 의창구 중동,경상사고,0,0,1,0,차대차 - 정면충돌,신호위반,건조,맑음,교차로 - 교차로안,승용,여,64세,상해없음,원동기,남,21세,경상
2021080700100413,2021년 8월 7일 18시,토요일,경상남도 양산시 중부동,부상신고사고,0,0,0,1,차대사람 - 기타,안전운전불이행,건조,맑음,주차장 - 주차장,기타불명,기타불명,미분류,기타불명,보행자,남,76세,부상신고
2021080700100414,2021년 8월 7일 18시,토요일,경상남도 양산시 중부동,경상사고,0,0,1,0,차대차 - 기타,안전운전불이행,건조,맑음,단일로 - 기타,승용,여,55세,상해없음,승용,남,69세,경상
2021080700100415,2021년 8월 7일 18시,토요일,경상남도 거제시 고현동,경상사고,0,0,1,0,차대차 - 측면충돌,안전운전불이행,건조,맑음,교차로 - 교차로안,이륜,남,27세,경상,승용,여,40세,상해없음
2021080700100416,2021년 8월 7일 18시,토요일,경상남도 산청군 신등면,경상사고,0,0,1,0,차량단독 - 공작물충돌,안전운전불이행,건조,맑음,단일로 - 기타,승용,남,80세,상해없음,,,,
2021080700100417,2021년 8월 7일 18시,토요일,경상남도 함안군 가야읍,중상사고,0,1,0,0,차대차 - 측면충돌,신호위반,건조,맑음,교차로 - 교차로안,화물,남,45세,상해없음,이륜,남,25세,중상
2021080700100475,2021년 8월 7일 20시,토요일,경상남도 거제시 남부면,중상사고,0,2,1,0,차대차 - 추돌,중앙선침범,건조,맑음,단일로 - 기타,승용,남,46세,상해없음,승용,남,43세,경상
2021080700100476,2021년 8월 7일 20시,토요일,경상남도 창원시 의창구 팔용동,중상사고,0,1,0,0,차대사람 - 횡단중,보행자보호의무위반,건조,맑음,교차로 - 교차로횡단보도내,승용,남,65세,상해없음,보행자,남,41세,중상
2021080700100542,2021년 8월 7일 22시,토요일,경상남도 진주시 계동,경상사고,0,0,1,0,차대차 - 측면충돌,안전운전불이행,젖음/습기,비,단일로 - 기타,승용,여,53세,상해없음,승용,남,20세,경상
2021080700100557,2021년 8월 7일 23시,토요일,경상남도 양산시 동면,경상사고,0,0,3,0,차대차 - 후진중충돌,안전운전불이행,건조,맑음,교차로 - 교차로부근,승용,남,42세,상해없음,승용,남,28세,경상
2021080700100558,2021년 8월 7일 23시,토요일,경상남도 산청군 시천면,경상사고,0,0,2,0,차대차 - 기타,안전운전불이행,젖음/습기,비,단일로 - 기타,승용,남,50세,상해없음,승용,여,46세,경상
2021080800100024,2021년 8월 8일 01시,일요일,경상남도 창원시 의창구 북면,경상사고,0,0,1,0,차량단독 - 공작물충돌,안전운전불이행,젖음/습기,비,교차로 - 교차로안,승용,여,27세,상해없음,,,,
2021080800100047,2021년 8월 8일 06시,일요일,경상남도 사천시 용현면,경상사고,0,0,1,0,차대차 - 측면충돌,안전운전불이행,건조,맑음,단일로 - 기타,자전거,남,54세,경상,승합,남,47세,상해없음
2021080800100074,2021년 8월 8일 09시,일요일,경상남도 통영시 무전동,경상사고,0,0,1,0,차대사람 - 횡단중,보행자보호의무위반,건조,맑음,교차로 - 교차로횡단보도내,화물,남,61세,상해없음,보행자,여,65세,경상
2021080800100109,2021년 8월 8일 11시,일요일,경상남도 밀양시 하남읍,중상사고,0,2,1,0,차대차 - 측면충돌,교차로운행방법위반,건조,맑음,교차로 - 교차로안,화물,남,65세,상해없음,화물,남,62세,중상
2021080800100158,2021년 8월 8일 13시,일요일,경상남도 창원시 진해구 광화동,경상사고,0,0,2,0,차대차 - 측면충돌,안전운전불이행,건조,맑음,교차로 - 교차로부근,승용,남,66세,상해없음,승용,남,41세,경상
2021080800100159,2021년 8월 8일 13시,일요일,경상남도 김해시 대청동,중상사고,0,1,0,0,차대사람 - 횡단중,보행자보호의무위반,젖음/습기,흐림,교차로 - 교차로횡단보도내,이륜,남,50세,상해없음,보행자,여,25세,중상
2021080800100182,2021년 8월 8일 14시,일요일,경상남도 양산시 동면,경상사고,0,0,1,0,차대차 - 기타,교차로운행방법위반,젖음/습기,비,교차로 - 교차로안,화물,남,61세,상해없음,이륜,남,25세,경상
2021080800100183,2021년 8월 8일 14시,일요일,경상남도 창원시 의창구 북면,경상사고,0,0,1,0,차대차 - 측면충돌,안전운전불이행,건조,맑음,단일로 - 기타,승용,여,55세,상해없음,승용,여,54세,경상
2021080800100211,2021년 8월 8일 15시,일요일,경상남도 진주시 상평동,중상사고,0,1,0,0,차대차 - 측면충돌,신호위반,젖음/습기,흐림,교차로 - 교차로부근,승용,남,74세,상해없음,승합,남,25세,중상
2021080800100212,2021년 8월 8일 15시,일요일,경상남도 통영시 무전동,경상사고,0,0,2,0,차대차 - 기타,신호위반,젖음/습기,비,교차로 - 교차로안,화물,남,55세,상해없음,승용,남,65세,경상
2021080800100241,2021년 8월 8일 16시,일요일,경상남도 창원시 진해구 경화동,경상사고,0,0,1,0,차대차 - 측면충돌,안전운전불이행,젖음/습기,비,단일로 - 기타,화물,남,62세,기타불명,승용,여,52세,상해없음
2021080800100253,2021년 8월 8일 17시,일요일,경상남도 밀양시 상남면,경상사고,0,0,1,0,차대차 - 추돌,안전거리미확보,건조,맑음,단일로 - 기타,승용,여,25세,상해없음,승용,남,24세,경상
2021080800100273,2021년 8월 8일 17시,일요일,경상남도 창원시 진해구 용원동,경상사고,0,0,1,0,차대사람 - 기타,안전운전불이행,젖음/습기,비,단일로 - 기타,이륜,남,55세,경상,보행자,남,65세,상해없음
2021080800100341,2021년 8월 8일 19시,일요일,경상남도 양산시 동면,경상사고,0,0,1,0,차대차 - 측면충돌,교차로운행방법위반,젖음/습기,흐림,교차로 - 교차로안,승용,여,34세,상해없음,이륜,남,42세,경상
2021080800100342,2021년 8월 8일 19시,일요일,경상남도 양산시 물금읍,경상사고,0,0,1,0,차대차 - 측면충돌,신호위반,젖음/습기,비,교차로 - 교차로안,승용,남,38세,상해없음,승용,여,34세,경상
2021080800100397,2021년 8월 8일 21시,일요일,경상남도 사천시 노룡동,경상사고,0,0,2,0,차대차 - 측면충돌,안전거리미확보,건조,맑음,단일로 - 기타,승용,남,27세,경상,승용,여,46세,경상
2021080800100413,2021년 8월 8일 22시,일요일,경상남도 김해시 부곡동,사망사고,1,0,0,0,차대사람 - 횡단중,안전운전불이행,젖음/습기,비,교차로 - 교차로횡단보도내,승용,남,26세,상해없음,보행자,남,88세,사망
2021080900100009,2021년 8월 9일 00시,월요일,경상남도 진주시 정촌면,사망사고,1,0,1,0,차대차 - 추돌,안전운전불이행,건조,맑음,단일로 - 기타,화물,남,56세,상해없음,승용,여,66세,경상
2021080900100037,2021년 8월 9일 06시,월요일,경상남도 창원시 마산합포구 상남동,중상사고,0,1,0,0,차대사람 - 기타,안전운전불이행,건조,맑음,단일로 - 기타,승용,남,74세,상해없음,보행자,남,64세,중상
2021080900100038,2021년 8월 9일 06시,월요일,경상남도 창원시 진해구 마천동,중상사고,0,1,0,0,차대사람 - 기타,불법유턴,건조,맑음,단일로 - 기타,화물,남,34세,상해없음,보행자,여,84세,중상
2021080900100063,2021년 8월 9일 07시,월요일,경상남도 사천시 사천읍,경상사고,0,0,1,0,차대차 - 측면충돌,안전거리미확보,건조,맑음,교차로 - 교차로부근,승용,여,36세,상해없음,승용,남,40세,경상
2021080900100064,2021년 8월 9일 07시,월요일,경상남도 창원시 성산구 신촌동,경상사고,0,0,1,0,차대차 - 측면충돌,안전거리미확보,건조,맑음,단일로 - 기타,화물,남,64세,상해없음,승용,여,55세,경상
2021080900100102,2021년 8월 9일 08시,월요일,경상남도 거창군 거창읍,경상사고,0,0,1,0,차대차 - 추돌,안전운전불이행,건조,맑음,기타 - 기타,이륜,남,50세,경상,승용,여,51세,상해없음
2021080900100103,2021년 8월 9일 08시,월요일,경상남도 양산시 북부동,중상사고,0,1,0,0,차대차 - 정면충돌,신호위반,건조,맑음,교차로 - 교차로안,화물,남,62세,상해없음,승용,여,25세,중상
2021080900100142,2021년 8월 9일 09시,월요일,경상남도 통영시 용남면,경상사고,0,0,2,0,차대차 - 측면충돌,안전거리미확보,건조,맑음,기타 - 기타,화물,남,59세,상해없음,승용,남,54세,경상
2021080900100143,2021년 8월 9일 09시,월요일,경상남도 창원시 성산구 대방동,경상사고,0,0,1,0,차대차 - 측면충돌,안전운전불이행,건조,맑음,단일로 - 기타,승용,여,58세,상해없음,승용,남,68세,경상
2021080900100170,2021년 8월 9일 10시,월요일,경상남도 창원시 진해구 경화동,경상사고,0,0,1,0,차대차 - 측면충돌,직진우회전진행방해,건조,맑음,교차로 - 교차로안,이륜,남,61세,경상,승용,여,23세,상해없음
2021080900100171,2021년 8월 9일 10시,월요일,경상남도 거제시 고현동,경상사고,0,0,1,0,차대차 - 기타,교차로운행방법위반,건조,맑음,교차로 - 교차로안,화물,남,61세,상해없음,승용,여,49세,경상
2021080900100211,2021년 8월 9일 11시,월요일,경상남도 창원시 마산합포구 서성동,경상사고,0,0,1,0,차대차 - 추돌,안전운전불이행,건조,맑음,교차로 - 교차로안,승용,남,68세,상해없음,승용,남,34세,경상
2021080900100212,2021년 8월 9일 11시,월요일,경상남도 사천시 곤양면,부상신고사고,0,0,0,4,차대차 - 측면충돌,안전운전불이행,건조,맑음,단일로 - 기타,화물,남,40세,상해없음,승용,여,42세,부상신고
2021080900100213,2021년 8월 9일 11시,월요일,경상남도 밀양시 내이동,경상사고,0,0,1,0,차대차 - 측면충돌,신호위반,건조,맑음,교차로 - 교차로안,화물,남,58세,상해없음,승용,여,34세,경상
2021080900100249,2021년 8월 9일 12시,월요일,경상남도 김해시 대동면,경상사고,0,0,1,0,차대차 - 측면충돌,중앙선침범,건조,맑음,단일로 - 기타,화물,남,33세,상해없음,화물,남,63세,경상
2021080900100250,2021년 8월 9일 12시,월요일,경상남도 김해시 흥동,경상사고,0,0,1,0,차대차 - 측면충돌,안전거리미확보,건조,맑음,교차로 - 교차로부근,승용,남,65세,상해없음,이륜,남,29세,경상
2021080900100315,2021년 8월 9일 14시,월요일,경상남도 창원시 마산합포구 해운동,부상신고사고,0,0,0,1,차대차 - 측면충돌,안전운전불이행,건조,맑음,교차로 - 교차로안,승용,남,73세,상해없음,이륜,남,24세,부상신고
2021080900100316,2021년 8월 9일 14시,월요일,경상남도 김해시 동상동,중상사고,0,1,0,0,차대차 - 측면충돌,중앙선침범,건조,맑음,단일로 - 기타,이륜,남,30세,상해없음,이륜,남,43세,중상
2021080900100349,2021년 8월 9일 15시,월요일,경상남도 창원시 진해구 용원동,경상사고,0,0,1,0,차대차 - 측면충돌,교차로운행방법위반,건조,맑음,교차로 - 교차로안,특수,남,39세,상해없음,승용,남,43세,경상
2021080900100350,2021년 8월 9일 15시,월요일,경상남도 거제시 아주동,중상사고,0,1,0,0,차대사람 - 횡단중,보행자보호의무위반,건조,맑음,교차로 - 교차로횡단보도내,화물,남,75세,상해없음,보행자,남,41세,중상
2021080900100434,2021년 8월 9일 17시,월요일,경상남도 통영시 무전동,경상사고,0,0,2,0,차대차 - 측면충돌,안전운전불이행,건조,맑음,교차로 - 교차로안,승용,남,40세,상해없음,승용,여,43세,경상
2021080900100435,2021년 8월 9일 17시,월요일,경상남도 창원시 의창구 봉곡동,중상사고,0,1,0,0,차대차 - 측면충돌,안전운전불이행,건조,맑음,단일로 - 기타,승용,남,53세,상해없음,이륜,남,23세,중상
2021080900100479,2021년 8월 9일 18시,월요일,경상남도 밀양시 하남읍,중상사고,0,1,0,0,차대차 - 측면충돌,안전운전불이행,건조,흐림,교차로 - 교차로안,화물,남,54세,상해없음,자전거,남,71세,중상
2021080900100514,2021년 8월 9일 19시,월요일,경상남도 통영시 북신동,경상사고,0,0,1,0,차대사람 - 횡단중,안전운전불이행,건조,맑음,교차로 - 교차로안,승용,남,29세,기타불명,보행자,남,47세,경상
2021080900100515,2021년 8월 9일 19시,월요일,경상남도 김해시 관동동,중상사고,0,1,0,0,차대차 - 측면충돌,직진우회전진행방해,건조,맑음,교차로 - 교차로안,승용,여,68세,상해없음,이륜,남,48세,중상
2021080900100541,2021년 8월 9일 20시,월요일,경상남도 함양군 서상면,중상사고,0,1,1,0,차대차 - 기타,기타,건조,맑음,단일로 - 기타,특수,남,48세,상해없음,화물,남,55세,상해없음
2021080900100545,2021년 8월 9일 20시,월요일,경상남도 남해군 남해읍,부상신고사고,0,0,0,1,차대사람 - 차도통행중,안전운전불이행,건조,맑음,주차장 - 주차장,승용,여,24세,상해없음,보행자,남,51세,부상신고
2021080900100568,2021년 8월 9일 21시,월요일,경상남도 진주시 가좌동,중상사고,0,1,0,0,차대사람 - 기타,안전운전불이행,건조,맑음,단일로 - 기타,승용,남,22세,상해없음,보행자,남,37세,중상
2021080900100569,2021년 8월 9일 21시,월요일,경상남도 창원시 진해구 충무동,중상사고,0,1,0,0,차대사람 - 횡단중,신호위반,건조,맑음,교차로 - 교차로횡단보도내,이륜,남,30세,상해없음,보행자,남,54세,중상
2021081000100005,2021년 8월 10일 00시,화요일,경상남도 양산시 물금읍,부상신고사고,0,0,0,1,차대차 - 측면충돌,교차로운행방법위반,건조,맑음,교차로 - 교차로안,승용,남,18세,기타불명,승용,남,57세,부상신고
2021081000100017,2021년 8월 10일 04시,화요일,경상남도 밀양시 초동면,중상사고,0,1,0,0,차대차 - 추돌,안전운전불이행,건조,흐림,단일로 - 기타,화물,남,59세,상해없음,자전거,남,43세,중상
2021081000100048,2021년 8월 10일 07시,화요일,경상남도 양산시 덕계동,경상사고,0,0,1,0,차대차 - 측면충돌,중앙선침범,건조,맑음,교차로 - 교차로안,이륜,남,17세,상해없음,승용,남,53세,경상
2021081000100120,2021년 8월 10일 10시,화요일,경상남도 창원시 진해구 석동,경상사고,0,0,1,0,차대차 - 기타,신호위반,건조,맑음,교차로 - 교차로안,승용,여,73세,상해없음,승용,여,38세,경상
2021081000100162,2021년 8월 10일 11시,화요일,경상남도 김해시 부원동,중상사고,0,1,0,0,차대차 - 측면충돌,기타,건조,맑음,교차로 - 교차로안,승용,남,58세,상해없음,이륜,남,26세,중상
2021081000100163,2021년 8월 10일 11시,화요일,경상남도 양산시 중부동,중상사고,0,1,0,0,차대차 - 측면충돌,안전운전불이행,건조,맑음,교차로 - 교차로안,승용,여,46세,상해없음,이륜,남,20세,중상
2021081000100203,2021년 8월 10일 12시,화요일,경상남도 사천시 동금동,경상사고,0,0,1,0,차대차 - 기타,안전운전불이행,건조,맑음,교차로 - 교차로부근,화물,여,54세,상해없음,자전거,남,71세,경상
2021081000100240,2021년 8월 10일 13시,화요일,경상남도 통영시 도남동,중상사고,0,1,1,0,차대차 - 측면충돌,직진우회전진행방해,건조,맑음,교차로 - 교차로안,승용,남,33세,상해없음,승용,여,46세,중상
2021081000100241,2021년 8월 10일 13시,화요일,경상남도 거창군 거창읍,경상사고,0,0,1,1,차대차 - 측면충돌,직진우회전진행방해,건조,맑음,교차로 - 교차로안,승용,여,41세,부상신고,승용,남,39세,경상
2021081000100242,2021년 8월 10일 13시,화요일,경상남도 의령군 지정면,중상사고,0,1,0,0,차대차 - 측면충돌,신호위반,건조,맑음,교차로 - 교차로부근,승용,남,33세,상해없음,자전거,남,48세,중상
2021081000100269,2021년 8월 10일 14시,화요일,경상남도 통영시 북신동,경상사고,0,0,1,0,차대차 - 측면충돌,안전운전불이행,건조,맑음,교차로 - 교차로안,승용,남,33세,상해없음,화물,남,53세,경상
2021081000100270,2021년 8월 10일 14시,화요일,경상남도 함안군 산인면,경상사고,0,0,1,0,차대차 - 측면충돌,안전운전불이행,건조,맑음,단일로 - 기타,특수,남,51세,상해없음,승용,남,61세,경상
2021081000100301,2021년 8월 10일 15시,화요일,경상남도 김해시 대청동,경상사고,0,0,1,0,차대차 - 정면충돌,안전운전불이행,건조,맑음,교차로 - 교차로부근,승용,남,39세,상해없음,화물,남,42세,경상
2021081000100337,2021년 8월 10일 16시,화요일,경상남도 통영시 욕지면,경상사고,0,0,1,0,차대사람 - 기타,안전운전불이행,건조,맑음,교차로 - 교차로안,승용,남,59세,상해없음,보행자,남,56세,경상
2021081000100404,2021년 8월 10일 18시,화요일,경상남도 김해시 진영읍,중상사고,0,1,1,0,차대차 - 측면충돌,직진우회전진행방해,건조,맑음,교차로 - 교차로안,승용,여,31세,중상,승용,여,63세,경상
2021081000100451,2021년 8월 10일 19시,화요일,경상남도 통영시 용남면,중상사고,0,1,0,0,차대사람 - 차도통행중,안전운전불이행,건조,맑음,단일로 - 기타,승용,여,28세,상해없음,보행자,남,21세,중상
2021081000100485,2021년 8월 10일 20시,화요일,경상남도 진주시 내동면,중상사고,0,1,2,0,차대차 - 기타,중앙선침범,건조,맑음,단일로 - 기타,승용,여,49세,상해없음,이륜,남,35세,중상
2021081000100486,2021년 8월 10일 20시,화요일,경상남도 거제시 고현동,중상사고,0,1,0,0,차대차 - 기타,안전운전불이행,건조,맑음,교차로 - 교차로안,승용,여,24세,상해없음,이륜,남,38세,중상
2021081000100487,2021년 8월 10일 20시,화요일,경상남도 창원시 마산회원구 석전동,경상사고,0,0,1,0,차대차 - 측면충돌,중앙선침범,젖음/습기,비,교차로 - 교차로안,승용,남,44세,상해없음,승용,남,48세,경상
2021081000100488,2021년 8월 10일 20시,화요일,경상남도 창원시 의창구 도계동,중상사고,0,1,0,0,차대사람 - 기타,안전운전불이행,건조,맑음,교차로 - 교차로부근,승용,여,39세,상해없음,보행자,여,57세,중상
2021081000100514,2021년 8월 10일 21시,화요일,경상남도 사천시 벌리동,중상사고,0,1,0,0,차대차 - 기타,안전운전불이행,건조,맑음,단일로 - 기타,승용,남,54세,상해없음,기타불명,여,38세,중상
2021081000100537,2021년 8월 10일 22시,화요일,경상남도 창녕군 영산면,경상사고,0,0,3,0,차대차 - 추돌,안전운전불이행,건조,맑음,교차로 - 교차로안,화물,남,46세,상해없음,승용,남,36세,경상
2021081000100556,2021년 8월 10일 23시,화요일,경상남도 김해시 외동,경상사고,0,0,1,0,차대사람 - 기타,안전운전불이행,건조,맑음,단일로 - 기타,승용,여,34세,상해없음,보행자,남,50세,경상
2021081100100003,2021년 8월 11일 00시,수요일,경상남도 창원시 진해구 장천동,경상사고,0,0,6,0,차대차 - 기타,안전거리미확보,건조,맑음,단일로 - 기타,승용,여,29세,상해없음,승용,남,22세,경상
2021081100100009,2021년 8월 11일 02시,수요일,경상남도 김해시 봉황동,경상사고,0,0,2,0,차대차 - 추돌,안전운전불이행,건조,맑음,교차로 - 교차로부근,승용,남,35세,상해없음,승용,남,19세,경상
2021081100100035,2021년 8월 11일 06시,수요일,경상남도 창원시 진해구 석동,경상사고,0,0,1,0,차대차 - 기타,안전운전불이행,건조,맑음,교차로 - 교차로안,승용,남,41세,상해없음,승용,여,46세,경상