사고번호,사고일시,요일,시군구,사고내용,사망자수,중상자수,경상자수,부상신고자수,사고유형,법규위반,노면상태,기상상태,도로형태,가해운전자 차종,가해운전자 성별,가해운전자 연령,가해운전자 상해정도,피해운전자 차종,피해운전자 성별,피해운전자 연령,피해운전자 상해정도
2021081100100058,2021년 8월 11일 07시,수요일,경상남도 양산시 중부동,중상사고,0,1,1,0,차대차 - 측면충돌,신호위반,건조,맑음,교차로 - 교차로안,화물,남,67세,상해없음,승용,남,68세,경상
2021081100100059,2021년 8월 11일 07시,수요일,경상남도 양산시 소주동,경상사고,0,0,1,0,차대차 - 측면충돌,안전운전불이행,건조,맑음,교차로 - 교차로안,승용,남,57세,상해없음,승용,남,57세,상해없음
2021081100100082,2021년 8월 11일 08시,수요일,경상남도 김해시 내동,경상사고,0,0,1,0,차대차 - 추돌,안전운전불이행,건조,맑음,교차로 - 교차로안,이륜,남,30세,경상,승합,남,60세,상해없음
2021081100100083,2021년 8월 11일 08시,수요일,경상남도 거창군 가조면,경상사고,0,0,1,0,차대차 - 측면충돌,안전운전불이행,건조,맑음,교차로 - 교차로부근,사륜오토바이(ATV),여,66세,경상,화물,남,40세,상해없음
2021081100100084,2021년 8월 11일 08시,수요일,경상남도 창원시 성산구 용호동,중상사고,0,1,0,0,차대사람 - 횡단중,안전운전불이행,건조,맑음,교차로 - 교차로부근,승용,여,22세,상해없음,보행자,여,28세,중상
2021081100100112,2021년 8월 11일 09시,수요일,경상남도 김해시 서상동,중상사고,0,1,0,0,차대사람 - 횡단중,안전운전불이행,건조,맑음,단일로 - 기타,승용,남,68세,상해없음,보행자,남,63세,중상
2021081100100113,2021년 8월 11일 09시,수요일,경상남도 양산시 동면,경상사고,0,0,2,0,차대차 - 측면충돌,신호위반,건조,맑음,교차로 - 교차로안,화물,남,55세,경상,승용,여,31세,경상
2021081100100139,2021년 8월 11일 10시,수요일,경상남도 양산시 물금읍,중상사고,0,1,1,0,차대사람 - 횡단중,보행자보호의무위반,건조,맑음,교차로 - 교차로횡단보도내,건설기계,남,52세,상해없음,보행자,여,37세,중상
2021081100100170,2021년 8월 11일 11시,수요일,경상남도 진주시 금산면,중상사고,0,3,0,0,차대차 - 기타,안전운전불이행,건조,맑음,단일로 - 기타,승용,남,73세,상해없음,승용,남,47세,중상
2021081100100171,2021년 8월 11일 11시,수요일,경상남도 창원시 성산구 성주동,경상사고,0,0,3,0,차대차 - 측면충돌,안전운전불이행,건조,맑음,교차로 - 교차로부근,승용,남,43세,상해없음,승용,남,71세,경상
2021081100100213,2021년 8월 11일 12시,수요일,경상남도 밀양시 부북면,경상사고,0,0,2,0,차대차 - 측면충돌,안전운전불이행,건조,맑음,교차로 - 교차로안,승용,여,25세,상해없음,승용,남,33세,경상
2021081100100214,2021년 8월 11일 12시,수요일,경상남도 의령군 유곡면,중상사고,0,1,0,0,차대차 - 정면충돌,중앙선침범,건조,맑음,단일로 - 기타,승용,남,55세,상해없음,화물,남,49세,중상
2021081100100215,2021년 8월 11일 12시,수요일,경상남도 창원시 의창구 동읍,경상사고,0,0,3,0,차대차 - 측면충돌,안전운전불이행,건조,맑음,단일로 - 기타,승용,남,34세,기타불명,화물,남,54세,경상
2021081100100219,2021년 8월 11일 13시,수요일,경상남도 양산시 하북면,경상사고,0,0,1,0,차대차 - 측면충돌,차로위반,건조,맑음,단일로 - 기타,특수,남,59세,상해없음,승용,남,43세,경상
2021081100100232,2021년 8월 11일 13시,수요일,경상남도 김해시 상동면,경상사고,0,0,1,0,차대차 - 기타,안전운전불이행,건조,맑음,교차로 - 교차로안,건설기계,남,51세,상해없음,건설기계,남,39세,경상
2021081100100259,2021년 8월 11일 14시,수요일,경상남도 진주시 평거동,경상사고,0,0,1,0,차대차 - 기타,안전운전불이행,건조,맑음,단일로 - 기타,자전거,남,12세,경상,승용,남,31세,상해없음
2021081100100260,2021년 8월 11일 14시,수요일,경상남도 통영시 광도면,경상사고,0,0,1,0,차대사람 - 횡단중,안전운전불이행,건조,맑음,단일로 - 기타,화물,남,62세,상해없음,보행자,남,15세,경상
2021081100100296,2021년 8월 11일 15시,수요일,경상남도 김해시 내동,경상사고,0,0,2,0,차대차 - 기타,안전운전불이행,건조,맑음,단일로 - 기타,건설기계,남,45세,상해없음,승용,여,24세,경상
2021081100100297,2021년 8월 11일 15시,수요일,경상남도 함안군 군북면,중상사고,0,1,0,0,차량단독 - 공작물충돌,안전운전불이행,건조,맑음,단일로 - 기타,화물,남,67세,상해없음,,,,
2021081100100298,2021년 8월 11일 15시,수요일,경상남도 창원시 성산구 사파동,경상사고,0,0,1,0,차대차 - 측면충돌,안전운전불이행,건조,맑음,교차로 - 교차로부근,승용,남,74세,상해없음,승용,남,49세,경상
2021081100100360,2021년 8월 11일 17시,수요일,경상남도 거창군 거창읍,경상사고,0,0,1,0,차량단독 - 공작물충돌,안전운전불이행,건조,맑음,교차로 - 교차로안,승용,여,66세,경상,,,,
2021081100100396,2021년 8월 11일 18시,수요일,경상남도 양산시 물금읍,경상사고,0,0,1,0,차대차 - 기타,안전운전불이행,건조,맑음,단일로 - 기타,화물,남,63세,상해없음,특수,남,41세,기타불명
2021081100100433,2021년 8월 11일 19시,수요일,경상남도 사천시 사천읍,경상사고,0,0,1,0,차대차 - 기타,안전운전불이행,건조,맑음,교차로 - 교차로안,승용,남,38세,상해없음,승용,남,26세,경상
2021081100100434,2021년 8월 11일 19시,수요일,경상남도 합천군 가야면,중상사고,0,1,0,0,차대차 - 측면충돌,중앙선침범,건조,맑음,단일로 - 기타,승합,남,46세,상해없음,자전거,남,22세,중상
2021081100100473,2021년 8월 11일 20시,수요일,경상남도 진주시 인사동,경상사고,0,0,1,0,차대사람 - 차도통행중,안전운전불이행,건조,맑음,단일로 - 기타,승용,남,71세,상해없음,보행자,남,66세,경상
2021081100100474,2021년 8월 11일 20시,수요일,경상남도 김해시 동상동,경상사고,0,0,2,0,차대차 - 추돌,안전운전불이행,건조,맑음,단일로 - 기타,승용,남,40세,상해없음,승용,남,26세,경상
2021081100100475,2021년 8월 11일 20시,수요일,경상남도 김해시 진영읍,경상사고,0,0,1,0,차대차 - 측면충돌,교차로운행방법위반,건조,맑음,교차로 - 교차로안,승용,남,42세,상해없음,승용,남,42세,경상
2021081100100542,2021년 8월 11일 23시,수요일,경상남도 창원시 마산합포구 서성동,중상사고,0,1,0,0,차대차 - 측면충돌,신호위반,건조,맑음,교차로 - 교차로안,승용,남,29세,상해없음,승용,남,61세,중상
2021081100100543,2021년 8월 11일 23시,수요일,경상남도 김해시 외동,부상신고사고,0,0,0,2,차대차 - 추돌,안전운전불이행,건조,맑음,단일로 - 기타,이륜,남,31세,부상신고,승용,남,52세,부상신고
2021081200100026,2021년 8월 12일 05시,목요일,경상남도 김해시 삼정동,중상사고,0,1,0,0,차대사람 - 횡단중,안전운전불이행,건조,맑음,단일로 - 기타,승용,남,72세,상해없음,보행자,여,74세,중상
2021081200100036,2021년 8월 12일 06시,목요일,경상남도 거제시 장평동,중상사고,0,1,0,0,차대차 - 측면충돌,교차로운행방법위반,건조,맑음,교차로 - 교차로안,승용,남,26세,상해없음,이륜,남,52세,중상
2021081200100058,2021년 8월 12일 07시,목요일,경상남도 거제시 고현동,경상사고,0,0,1,0,차대차 - 기타,안전운전불이행,건조,맑음,교차로 - 교차로안,화물,남,60세,상해없음,자전거,남,32세,경상
2021081200100089,2021년 8월 12일 08시,목요일,경상남도 진주시 대곡면,사망사고,1,0,0,0,차대사람 - 차도통행중,중앙선침범,건조,맑음,단일로 - 기타,승용,남,50세,상해없음,보행자,여,78세,사망
2021081200100129,2021년 8월 12일 09시,목요일,경상남도 김해시 삼계동,경상사고,0,0,1,0,차대차 - 정면충돌,안전운전불이행,건조,맑음,교차로 - 교차로안,이륜,남,46세,경상,승용,여,47세,상해없음
2021081200100157,2021년 8월 12일 10시,목요일,경상남도 합천군 쌍백면,중상사고,0,2,0,0,차대차 - 기타,신호위반,건조,맑음,기타 - 기타,승용,남,54세,상해없음,승합,남,55세,상해없음
2021081200100158,2021년 8월 12일 10시,목요일,경상남도 함양군 함양읍,중상사고,0,1,0,0,차대사람 - 횡단중,안전운전불이행,건조,맑음,단일로 - 기타,승용,여,67세,상해없음,보행자,여,82세,중상
2021081200100159,2021년 8월 12일 10시,목요일,경상남도 양산시 북정동,경상사고,0,0,1,0,차대차 - 측면충돌,안전운전불이행,건조,맑음,단일로 - 기타,승합,남,53세,상해없음,승용,여,31세,경상
2021081200100160,2021년 8월 12일 10시,목요일,경상남도 고성군 고성읍,중상사고,0,1,0,0,차대사람 - 차도통행중,안전운전불이행,건조,맑음,단일로 - 기타,승용,남,78세,상해없음,보행자,여,74세,중상
2021081200100161,2021년 8월 12일 10시,목요일,경상남도 남해군 이동면,중상사고,0,3,1,0,차량단독 - 공작물충돌,안전운전불이행,건조,맑음,단일로 - 기타,승용,여,62세,경상,,,,
2021081200100224,2021년 8월 12일 12시,목요일,경상남도 진주시 호탄동,부상신고사고,0,0,0,1,차대차 - 측면충돌,안전운전불이행,건조,맑음,단일로 - 교량,화물,남,75세,부상신고,화물,남,40세,상해없음
2021081200100225,2021년 8월 12일 12시,목요일,경상남도 창녕군 남지읍,중상사고,0,1,0,0,차대사람 - 기타,안전운전불이행,건조,맑음,교차로 - 교차로부근,승용,남,58세,상해없음,보행자,여,78세,중상
2021081200100226,2021년 8월 12일 12시,목요일,경상남도 양산시 동면,중상사고,0,1,0,0,차대차 - 추돌,안전운전불이행,건조,맑음,단일로 - 기타,승용,여,51세,기타불명,승용,남,28세,중상
2021081200100257,2021년 8월 12일 13시,목요일,경상남도 거창군 거창읍,중상사고,0,1,0,0,차대차 - 추돌,안전운전불이행,건조,맑음,기타 - 기타,승용,여,61세,상해없음,자전거,남,39세,중상
2021081200100258,2021년 8월 12일 13시,목요일,경상남도 양산시 중부동,부상신고사고,0,0,0,1,차대차 - 기타,안전운전불이행,건조,맑음,단일로 - 기타,승용,남,64세,기타불명,승합,남,61세,상해없음
2021081200100284,2021년 8월 12일 14시,목요일,경상남도 함안군 대산면,경상사고,0,0,2,0,차대차 - 추돌,안전거리미확보,건조,맑음,단일로 - 기타,화물,남,39세,상해없음,승용,남,63세,경상
2021081200100317,2021년 8월 12일 15시,목요일,경상남도 양산시 명동,중상사고,0,1,0,0,차대차 - 측면충돌,안전운전불이행,건조,맑음,교차로 - 교차로부근,화물,남,65세,상해없음,승용,남,46세,중상
2021081200100318,2021년 8월 12일 15시,목요일,경상남도 함안군 함안면,중상사고,0,1,4,0,차량단독 - 공작물충돌,안전운전불이행,건조,맑음,교차로 - 교차로부근,승용,남,78세,경상,,,,
2021081200100319,2021년 8월 12일 15시,목요일,경상남도 창원시 의창구 팔용동,경상사고,0,0,1,0,차대차 - 측면충돌,교차로운행방법위반,건조,맑음,단일로 - 기타,승용,남,23세,상해없음,자전거,남,14세,경상
2021081200100356,2021년 8월 12일 16시,목요일,경상남도 양산시 북부동,중상사고,0,1,0,0,차대차 - 측면충돌,안전운전불이행,건조,맑음,단일로 - 교량,건설기계,남,39세,상해없음,승용,남,30세,중상
2021081200100387,2021년 8월 12일 17시,목요일,경상남도 양산시 덕계동,경상사고,0,0,2,0,차대차 - 측면충돌,신호위반,건조,맑음,교차로 - 교차로부근,승용,여,52세,상해없음,승용,여,33세,경상
2021081200100388,2021년 8월 12일 17시,목요일,경상남도 김해시 신문동,경상사고,0,0,1,0,차대차 - 추돌,안전운전불이행,건조,맑음,교차로 - 교차로안,화물,남,74세,상해없음,승용,남,55세,경상
2021081200100425,2021년 8월 12일 18시,목요일,경상남도 진주시 문산읍,중상사고,0,1,0,0,차대차 - 정면충돌,안전운전불이행,건조,맑음,교차로 - 교차로안,승용,여,40세,상해없음,승용,남,58세,중상
2021081200100426,2021년 8월 12일 18시,목요일,경상남도 김해시 대동면,경상사고,0,0,1,0,차대차 - 정면충돌,신호위반,건조,맑음,교차로 - 교차로안,승용,여,29세,경상,승용,남,42세,상해없음
2021081200100467,2021년 8월 12일 19시,목요일,경상남도 진주시 중안동,경상사고,0,0,1,0,차대사람 - 횡단중,보행자보호의무위반,젖음/습기,비,교차로 - 교차로횡단보도내,이륜,남,27세,상해없음,보행자,남,46세,경상
2021081200100468,2021년 8월 12일 19시,목요일,경상남도 사천시 좌룡동,경상사고,0,0,1,0,차대차 - 측면충돌,신호위반,건조,맑음,교차로 - 교차로부근,승용,남,64세,상해없음,화물,남,47세,경상
2021081200100494,2021년 8월 12일 20시,목요일,경상남도 거창군 마리면,경상사고,0,0,1,0,차대차 - 추돌,중앙선침범,건조,기타,기타 - 기타,승용,남,67세,상해없음,승용,여,62세,경상
2021081200100495,2021년 8월 12일 20시,목요일,경상남도 양산시 상북면,경상사고,0,0,2,0,차대차 - 측면충돌,안전운전불이행,건조,맑음,교차로 - 교차로부근,승용,남,25세,상해없음,승용,남,38세,경상
2021081200100496,2021년 8월 12일 20시,목요일,경상남도 거제시 고현동,경상사고,0,0,1,0,차대사람 - 횡단중,안전운전불이행,건조,맑음,교차로 - 교차로횡단보도내,승용,남,36세,상해없음,보행자,남,41세,경상
2021081200100497,2021년 8월 12일 20시,목요일,경상남도 창원시 의창구 북면,중상사고,0,1,0,0,차대사람 - 길가장자리구역통행중,안전운전불이행,젖음/습기,비,단일로 - 기타,승용,남,21세,상해없음,보행자,여,49세,중상
2021081200100552,2021년 8월 12일 22시,목요일,경상남도 김해시 진영읍,경상사고,0,0,2,0,차대차 - 추돌,안전운전불이행,건조,맑음,단일로 - 기타,승용,여,28세,상해없음,승용,남,24세,경상
2021081200100563,2021년 8월 12일 23시,목요일,경상남도 거제시 아주동,경상사고,0,0,1,0,차대차 - 측면충돌,기타,건조,맑음,단일로 - 기타,승용,남,54세,상해없음,이륜,남,39세,경상
2021081300100007,2021년 8월 13일 00시,금요일,경상남도 산청군 단성면,부상신고사고,0,0,0,1,차량단독 - 기타,안전운전불이행,건조,맑음,단일로 - 기타,이륜,남,48세,부상신고,,,,
2021081300100012,2021년 8월 13일 01시,금요일,경상남도 통영시 광도면,중상사고,0,1,0,0,차대차 - 후진중충돌,안전운전불이행,건조,맑음,교차로 - 교차로부근,승합,남,34세,상해없음,승용,남,42세,중상
2021081300100023,2021년 8월 13일 04시,금요일,경상남도 창원시 진해구 석동,중상사고,0,1,2,0,차대차 - 추돌,안전운전불이행,건조,맑음,교차로 - 교차로부근,승용,남,58세,상해없음,승용,남,27세,경상
2021081300100045,2021년 8월 13일 07시,금요일,경상남도 양산시 동면,경상사고,0,0,1,0,차대차 - 측면충돌,안전운전불이행,건조,맑음,단일로 - 기타,화물,남,48세,상해없음,승용,여,34세,경상
2021081300100074,2021년 8월 13일 08시,금요일,경상남도 김해시 생림면,경상사고,0,0,1,0,차대차 - 측면충돌,중앙선침범,건조,맑음,단일로 - 기타,승용,남,42세,상해없음,승용,남,56세,경상
2021081300100075,2021년 8월 13일 08시,금요일,경상남도 창원시 의창구 반계동,중상사고,0,1,0,0,차량단독 - 기타,안전운전불이행,건조,맑음,기타 - 기타,자전거,여,54세,중상,,,,
2021081300100127,2021년 8월 13일 10시,금요일,경상남도 밀양시 내이동,중상사고,0,1,0,0,차대사람 - 횡단중,안전운전불이행,건조,맑음,교차로 - 교차로부근,승용,남,70세,상해없음,보행자,여,79세,중상
2021081300100128,2021년 8월 13일 10시,금요일,경상남도 밀양시 가곡동,중상사고,0,1,0,0,차대차 - 측면충돌,교차로운행방법위반,건조,맑음,교차로 - 교차로안,이륜,남,84세,중상,승용,남,61세,상해없음
2021081300100129,2021년 8월 13일 10시,금요일,경상남도 양산시 원동면,경상사고,0,0,2,0,차대차 - 측면충돌,직진우회전진행방해,건조,맑음,교차로 - 교차로안,승용,남,42세,상해없음,승용,남,34세,경상
2021081300100130,2021년 8월 13일 10시,금요일,경상남도 창원시 의창구 팔용동,경상사고,0,0,1,0,차대차 - 후진중충돌,안전운전불이행,건조,맑음,교차로 - 교차로안,승용,여,49세,상해없음,승용,남,38세,경상
2021081300100153,2021년 8월 13일 11시,금요일,경상남도 사천시 송포동,경상사고,0,0,2,0,차대차 - 측면충돌,신호위반,건조,맑음,교차로 - 교차로안,승용,여,60세,경상,승용,남,85세,경상
2021081300100154,2021년 8월 13일 11시,금요일,경상남도 밀양시 청도면,중상사고,0,1,0,0,차대차 - 정면충돌,안전운전불이행,건조,맑음,단일로 - 기타,화물,남,66세,상해없음,이륜,남,74세,중상
2021081300100155,2021년 8월 13일 11시,금요일,경상남도 거창군 거창읍,경상사고,0,0,1,0,차대차 - 측면충돌,신호위반,건조,맑음,교차로 - 교차로안,승용,남,56세,상해없음,승용,남,44세,경상
2021081300100202,2021년 8월 13일 12시,금요일,경상남도 창원시 진해구 이동,중상사고,0,1,0,0,차대차 - 측면충돌,직진우회전진행방해,건조,맑음,교차로 - 교차로안,승용,여,35세,상해없음,이륜,남,60세,중상
2021081300100203,2021년 8월 13일 12시,금요일,경상남도 거제시 장평동,중상사고,0,1,0,0,차대차 - 기타,안전운전불이행,건조,맑음,교차로 - 교차로안,승용,남,38세,상해없음,이륜,남,41세,중상
2021081300100218,2021년 8월 13일 13시,금요일,경상남도 김해시 상동면,경상사고,0,0,2,0,차대차 - 추돌,안전거리미확보,건조,맑음,단일로 - 기타,승용,남,56세,상해없음,승용,남,40세,경상
2021081300100268,2021년 8월 13일 14시,금요일,경상남도 사천시 사천읍,경상사고,0,0,3,0,차대차 - 측면충돌,안전거리미확보,건조,맑음,교차로 - 교차로부근,화물,남,57세,상해없음,승용,여,36세,경상
2021081300100269,2021년 8월 13일 14시,금요일,경상남도 거제시 고현동,경상사고,0,0,1,0,차대차 - 추돌,안전거리미확보,건조,맑음,단일로 - 기타,건설기계,남,61세,상해없음,승용,남,58세,경상
2021081300100308,2021년 8월 13일 15시,금요일,경상남도 김해시 어방동,경상사고,0,0,1,0,차대차 - 측면충돌,안전운전불이행,건조,맑음,교차로 - 교차로안,승용,남,54세,상해없음,승용,남,76세,경상
2021081300100309,2021년 8월 13일 15시,금요일,경상남도 양산시 평산동,경상사고,0,0,1,0,차대차 - 후진중충돌,안전운전불이행,건조,맑음,교차로 - 교차로안,승용,남,74세,상해없음,승용,여,26세,경상
2021081300100341,2021년 8월 13일 16시,금요일,경상남도 사천시 곤명면,중상사고,0,1,0,0,차대사람 - 길가장자리구역통행중,안전운전불이행,건조,맑음,단일로 - 기타,원동기,남,57세,상해없음,보행자,여,83세,중상
2021081300100342,2021년 8월 13일 16시,금요일,경상남도 거창군 거창읍,중상사고,0,1,0,0,차대사람 - 차도통행중,안전운전불이행,건조,흐림,교차로 - 교차로안,화물,여,53세,상해없음,보행자,남,75세,중상
2021081300100343,2021년 8월 13일 16시,금요일,경상남도 의령군 의령읍,중상사고,0,1,0,0,차대차 - 측면충돌,신호위반,건조,맑음,단일로 - 교량,건설기계,남,42세,상해없음,승용,여,43세,중상
2021081300100344,2021년 8월 13일 16시,금요일,경상남도 창원시 의창구 동읍,경상사고,0,0,1,0,차대차 - 기타,안전운전불이행,건조,맑음,단일로 - 기타,승용,남,65세,상해없음,승용,남,69세,경상
2021081300100395,2021년 8월 13일 17시,금요일,경상남도 창원시 진해구 석동,경상사고,0,0,1,0,차대차 - 측면충돌,안전거리미확보,건조,맑음,단일로 - 기타,승용,여,70세,상해없음,승용,남,48세,경상
2021081300100396,2021년 8월 13일 17시,금요일,경상남도 김해시 봉황동,경상사고,0,0,2,0,차대차 - 정면충돌,안전운전불이행,건조,맑음,교차로 - 교차로부근,승용,남,40세,경상,승용,여,63세,경상
2021081300100397,2021년 8월 13일 17시,금요일,경상남도 산청군 시천면,경상사고,0,0,3,0,차대차 - 측면충돌,직진우회전진행방해,건조,맑음,교차로 - 교차로안,승용,남,36세,상해없음,승용,여,41세,경상
2021081300100398,2021년 8월 13일 17시,금요일,경상남도 창원시 의창구 팔용동,경상사고,0,0,2,0,차대차 - 추돌,안전운전불이행,건조,맑음,단일로 - 기타,승용,남,68세,상해없음,화물,남,51세,상해없음
2021081300100449,2021년 8월 13일 18시,금요일,경상남도 양산시 평산동,중상사고,0,1,0,0,차대차 - 추돌,안전운전불이행,건조,맑음,교차로 - 교차로안,승용,남,60세,상해없음,승용,여,70세,중상
2021081300100450,2021년 8월 13일 18시,금요일,경상남도 거제시 옥포동,중상사고,0,1,1,0,차대차 - 측면충돌,교차로운행방법위반,건조,맑음,교차로 - 교차로안,승용,남,35세,경상,이륜,남,25세,중상
2021081300100488,2021년 8월 13일 19시,금요일,경상남도 창원시 마산합포구 진동면,경상사고,0,0,1,0,차대차 - 측면충돌,안전거리미확보,건조,맑음,단일로 - 기타,특수,남,55세,상해없음,승용,남,42세,경상
2021081300100513,2021년 8월 13일 20시,금요일,경상남도 거제시 고현동,중상사고,0,1,0,0,차대사람 - 기타,보행자보호의무위반,건조,맑음,기타 - 기타,화물,남,71세,상해없음,보행자,여,62세,중상
2021081300100536,2021년 8월 13일 21시,금요일,경상남도 창원시 마산합포구 해운동,경상사고,0,0,1,0,차대차 - 기타,교차로운행방법위반,건조,맑음,교차로 - 교차로안,원동기,남,46세,상해없음,승합,남,30세,상해없음
2021081300100566,2021년 8월 13일 22시,금요일,경상남도 양산시 북정동,경상사고,0,0,1,0,차대차 - 추돌,안전운전불이행,건조,맑음,단일로 - 기타,승용,남,42세,상해없음,승용,남,35세,경상
2021081300100583,2021년 8월 13일 23시,금요일,경상남도 양산시 남부동,경상사고,0,0,2,0,차대차 - 추돌,안전운전불이행,건조,맑음,단일로 - 기타,승용,남,29세,상해없음,승용,남,50세,경상
2021081400100048,2021년 8월 14일 06시,토요일,경상남도 거제시 연초면,중상사고,0,1,0,0,차대차 - 측면충돌,안전운전불이행,젖음/습기,비,단일로 - 기타,승용,남,30세,상해없음,이륜,남,34세,중상
2021081400100056,2021년 8월 14일 07시,토요일,경상남도 김해시 부원동,경상사고,0,0,2,0,차대차 - 측면충돌,안전운전불이행,젖음/습기,비,교차로 - 교차로안,이륜,남,61세,경상,특수,남,49세,경상
2021081400100057,2021년 8월 14일 07시,토요일,경상남도 김해시 진영읍,경상사고,0,0,1,0,차대차 - 측면충돌,안전운전불이행,건조,맑음,교차로 - 교차로안,승용,여,32세,상해없음,이륜,남,34세,경상
2021081400100074,2021년 8월 14일 08시,토요일,경상남도 양산시 중부동,경상사고,0,0,1,0,차대차 - 기타,안전거리미확보,젖음/습기,비,단일로 - 기타,승용,남,61세,상해없음,승용,남,62세,경상
2021081400100075,2021년 8월 14일 08시,토요일,경상남도 양산시 하북면,경상사고,0,0,4,0,차대차 - 정면충돌,교차로운행방법위반,젖음/습기,비,교차로 - 교차로안,승용,여,51세,경상,승용,여,60세,경상
2021081400100112,2021년 8월 14일 10시,토요일,경상남도 산청군 산청읍,경상사고,0,0,1,0,차대차 - 측면충돌,신호위반,젖음/습기,비,교차로 - 교차로안,승용,남,60세,상해없음,승용,여,59세,경상
2021081400100147,2021년 8월 14일 11시,토요일,경상남도 창원시 진해구 경화동,경상사고,0,0,1,0,차대차 - 측면충돌,안전운전불이행,젖음/습기,비,단일로 - 기타,승용,여,56세,상해없음,승용,남,39세,상해없음
2021081400100148,2021년 8월 14일 11시,토요일,경상남도 밀양시 내이동,경상사고,0,0,1,0,차대차 - 측면충돌,안전운전불이행,건조,맑음,교차로 - 교차로안,승용,남,54세,상해없음,화물,남,60세,경상
2021081400100149,2021년 8월 14일 11시,토요일,경상남도 양산시 하북면,경상사고,0,0,1,0,차대차 - 정면충돌,중앙선침범,젖음/습기,흐림,단일로 - 기타,승용,남,64세,상해없음,승용,남,30세,경상
2021081400100176,2021년 8월 14일 12시,토요일,경상남도 밀양시 산외면,경상사고,0,0,2,0,차대차 - 측면충돌,중앙선침범,젖음/습기,비,단일로 - 기타,승용,남,57세,상해없음,승용,남,77세,경상
2021081400100177,2021년 8월 14일 12시,토요일,경상남도 거제시 옥포동,경상사고,0,0,2,0,차대차 - 측면충돌,교차로운행방법위반,건조,맑음,교차로 - 교차로안,승용,남,55세,상해없음,승용,여,49세,경상
2021081400100207,2021년 8월 14일 13시,토요일,경상남도 창원시 마산합포구 월영동,중상사고,0,2,0,0,차대차 - 추돌,안전운전불이행,젖음/습기,비,교차로 - 교차로부근,승용,남,68세,상해없음,승용,남,61세,상해없음
2021081400100208,2021년 8월 14일 13시,토요일,경상남도 진주시 정촌면,경상사고,0,0,3,0,차대차 - 측면충돌,안전운전불이행,건조,맑음,주차장 - 주차장,승용,남,29세,상해없음,승용,여,44세,경상
2021081400100209,2021년 8월 14일 13시,토요일,경상남도 김해시 외동,경상사고,0,0,1,0,차대차 - 측면충돌,신호위반,젖음/습기,비,교차로 - 교차로횡단보도내,이륜,남,33세,경상,승용,남,47세,상해없음
2021081400100210,2021년 8월 14일 13시,토요일,경상남도 창원시 성산구 중앙동,경상사고,0,0,1,0,차대차 - 측면충돌,신호위반,젖음/습기,흐림,교차로 - 교차로안,승용,여,47세,상해없음,승용,남,27세,경상
2021081400100244,2021년 8월 14일 14시,토요일,경상남도 통영시 도천동,중상사고,0,1,0,0,차대차 - 정면충돌,교차로운행방법위반,건조,맑음,교차로 - 교차로안,화물,남,58세,상해없음,이륜,남,53세,중상
2021081400100245,2021년 8월 14일 14시,토요일,경상남도 밀양시 내이동,경상사고,0,0,1,0,차대차 - 측면충돌,신호위반,건조,맑음,교차로 - 교차로안,화물,남,41세,상해없음,자전거,여,67세,경상
2021081400100246,2021년 8월 14일 14시,토요일,경상남도 거제시 고현동,중상사고,0,1,0,0,차대차 - 측면충돌,안전거리미확보,건조,맑음,단일로 - 기타,승용,남,67세,상해없음,이륜,남,35세,중상
2021081400100279,2021년 8월 14일 15시,토요일,경상남도 고성군 동해면,경상사고,0,0,1,0,차량단독 - 기타,안전운전불이행,건조,맑음,단일로 - 기타,승용,여,61세,상해없음,,,,
2021081400100306,2021년 8월 14일 16시,토요일,경상남도 김해시 대성동,경상사고,0,0,1,0,차대차 - 측면충돌,불법유턴,건조,맑음,교차로 - 교차로안,승용,남,69세,상해없음,이륜,남,27세,경상
2021081400100307,2021년 8월 14일 16시,토요일,경상남도 거제시 고현동,경상사고,0,0,3,0,차대차 - 측면충돌,교차로운행방법위반,건조,맑음,교차로 - 교차로안,승용,여,54세,경상,승용,여,43세,경상
2021081400100337,2021년 8월 14일 17시,토요일,경상남도 진주시 하대동,중상사고,0,1,0,0,차대사람 - 차도통행중,안전운전불이행,건조,맑음,단일로 - 기타,승용,여,47세,상해없음,보행자,여,71세,중상
2021081400100338,2021년 8월 14일 17시,토요일,경상남도 진주시 가좌동,중상사고,0,1,0,0,차대차 - 측면충돌,신호위반,건조,맑음,교차로 - 교차로안,화물,남,38세,상해없음,자전거,여,56세,중상
2021081400100339,2021년 8월 14일 17시,토요일,경상남도 거창군 거창읍,중상사고,0,1,1,0,차대사람 - 횡단중,보행자보호의무위반,건조,맑음,교차로 - 교차로횡단보도내,이륜,남,17세,경상,보행자,여,55세,중상
2021081400100378,2021년 8월 14일 18시,토요일,경상남도 창녕군 남지읍,경상사고,0,0,1,1,차대차 - 측면충돌,안전운전불이행,건조,맑음,단일로 - 기타,승용,여,51세,부상신고,승용,남,60세,경상
2021081400100379,2021년 8월 14일 18시,토요일,경상남도 거제시 고현동,중상사고,0,1,0,0,차대차 - 측면충돌,안전운전불이행,건조,맑음,교차로 - 교차로안,이륜,남,72세,중상,화물,남,69세,상해없음
2021081400100418,2021년 8월 14일 19시,토요일,경상남도 김해시 외동,경상사고,0,0,1,0,차대사람 - 보도통행중,안전운전불이행,건조,맑음,단일로 - 기타,승용,남,26세,상해없음,보행자,남,30세,경상