사고번호,사고일시,요일,시군구,사고내용,사망자수,중상자수,경상자수,부상신고자수,사고유형,법규위반,노면상태,기상상태,도로형태,가해운전자 차종,가해운전자 성별,가해운전자 연령,가해운전자 상해정도,피해운전자 차종,피해운전자 성별,피해운전자 연령,피해운전자 상해정도
2021081900100520,2021년 8월 19일 20시,목요일,경상남도 창원시 의창구 팔용동,경상사고,0,0,1,0,차대차 - 추돌,안전운전불이행,건조,맑음,단일로 - 기타,승용,남,29세,상해없음,승용,여,48세,경상
2021081900100547,2021년 8월 19일 21시,목요일,경상남도 창원시 의창구 명서동,경상사고,0,0,1,0,차대차 - 측면충돌,안전운전불이행,건조,맑음,교차로 - 교차로안,화물,남,38세,상해없음,승용,남,19세,경상
2021081900100548,2021년 8월 19일 21시,목요일,경상남도 김해시 관동동,경상사고,0,0,1,0,차량단독 - 기타,안전운전불이행,건조,맑음,단일로 - 기타,이륜,남,33세,경상,,,,
2021081900100570,2021년 8월 19일 22시,목요일,경상남도 양산시 물금읍,중상사고,0,1,0,0,차대차 - 측면충돌,안전운전불이행,젖음/습기,비,교차로 - 교차로안,승용,남,22세,상해없음,이륜,남,38세,중상
2021082000100011,2021년 8월 20일 02시,금요일,경상남도 거창군 거창읍,중상사고,0,1,0,0,차대사람 - 횡단중,보행자보호의무위반,건조,맑음,단일로 - 기타,승용,여,45세,상해없음,보행자,남,88세,중상
2021082000100053,2021년 8월 20일 07시,금요일,경상남도 양산시 물금읍,중상사고,0,1,0,0,차대사람 - 횡단중,안전운전불이행,건조,맑음,교차로 - 교차로부근,승용,여,34세,상해없음,보행자,여,18세,중상
2021082000100054,2021년 8월 20일 07시,금요일,경상남도 함안군 가야읍,경상사고,0,0,1,0,차대차 - 기타,안전운전불이행,젖음/습기,비,단일로 - 기타,기타불명,기타불명,미분류,기타불명,화물,남,28세,경상
2021082000100075,2021년 8월 20일 08시,금요일,경상남도 양산시 동면,경상사고,0,0,1,0,차대차 - 측면충돌,안전운전불이행,건조,맑음,단일로 - 기타,승용,남,41세,기타불명,승용,남,60세,경상
2021082000100103,2021년 8월 20일 09시,금요일,경상남도 함양군 유림면,부상신고사고,0,0,0,1,차대차 - 기타,안전운전불이행,건조,맑음,단일로 - 기타,농기계,남,78세,부상신고,화물,남,55세,상해없음
2021082000100128,2021년 8월 20일 10시,금요일,경상남도 양산시 하북면,경상사고,0,0,1,0,차대사람 - 차도통행중,안전운전불이행,건조,맑음,단일로 - 기타,화물,남,19세,상해없음,보행자,남,28세,경상
2021082000100129,2021년 8월 20일 10시,금요일,경상남도 거제시 거제면,중상사고,0,1,0,0,차대차 - 기타,중앙선침범,건조,맑음,단일로 - 기타,승용,여,52세,상해없음,이륜,남,56세,중상
2021082000100162,2021년 8월 20일 11시,금요일,경상남도 창원시 진해구 석동,경상사고,0,0,1,0,차대차 - 측면충돌,안전운전불이행,건조,맑음,교차로 - 교차로부근,화물,남,55세,상해없음,승용,남,29세,경상
2021082000100163,2021년 8월 20일 11시,금요일,경상남도 통영시 광도면,경상사고,0,0,1,0,차대차 - 측면충돌,직진우회전진행방해,건조,맑음,교차로 - 교차로부근,승용,남,42세,상해없음,승용,남,61세,상해없음
2021082000100164,2021년 8월 20일 11시,금요일,경상남도 의령군 의령읍,부상신고사고,0,0,0,1,차대차 - 기타,중앙선침범,건조,맑음,교차로 - 교차로안,자전거,남,61세,부상신고,승용,여,50세,상해없음
2021082000100206,2021년 8월 20일 12시,금요일,경상남도 진주시 문산읍,경상사고,0,0,1,0,차대차 - 측면충돌,직진우회전진행방해,건조,맑음,교차로 - 교차로안,화물,남,55세,상해없음,화물,남,73세,경상
2021082000100207,2021년 8월 20일 12시,금요일,경상남도 통영시 광도면,경상사고,0,0,1,0,차대사람 - 보도통행중,기타,건조,맑음,기타 - 기타,승용,남,39세,상해없음,보행자,여,39세,경상
2021082000100208,2021년 8월 20일 12시,금요일,경상남도 합천군 가야면,경상사고,0,0,4,0,차대차 - 측면충돌,직진우회전진행방해,건조,맑음,교차로 - 교차로안,화물,남,51세,경상,승용,남,38세,경상
2021082000100209,2021년 8월 20일 12시,금요일,경상남도 창녕군 대합면,중상사고,0,1,0,0,차대차 - 기타,직진우회전진행방해,건조,맑음,교차로 - 교차로안,승용,남,26세,상해없음,이륜,여,41세,중상
2021082000100210,2021년 8월 20일 12시,금요일,경상남도 하동군 화개면,경상사고,0,0,1,0,차대차 - 기타,차로위반,건조,맑음,단일로 - 기타,화물,남,50세,상해없음,승용,남,26세,경상
2021082000100248,2021년 8월 20일 13시,금요일,경상남도 진주시 가좌동,중상사고,0,1,0,0,차대차 - 측면충돌,직진우회전진행방해,건조,맑음,교차로 - 교차로안,화물,남,60세,상해없음,승용,여,28세,중상
2021082000100249,2021년 8월 20일 13시,금요일,경상남도 밀양시 상남면,중상사고,0,1,2,0,차대차 - 추돌,안전운전불이행,건조,맑음,단일로 - 기타,승용,여,73세,상해없음,승용,여,34세,경상
2021082000100326,2021년 8월 20일 15시,금요일,경상남도 창녕군 창녕읍,중상사고,0,1,1,0,차대차 - 기타,직진우회전진행방해,건조,맑음,교차로 - 교차로안,승용,여,61세,상해없음,이륜,남,55세,경상
2021082000100327,2021년 8월 20일 15시,금요일,경상남도 거제시 동부면,중상사고,0,1,0,0,차대차 - 측면충돌,교차로운행방법위반,건조,맑음,교차로 - 교차로안,농기계,남,83세,상해없음,자전거,남,33세,중상
2021082000100328,2021년 8월 20일 15시,금요일,경상남도 김해시 화목동,경상사고,0,0,1,0,차대차 - 추돌,안전운전불이행,건조,맑음,단일로 - 기타,승용,여,30세,상해없음,승용,남,27세,경상
2021082000100365,2021년 8월 20일 16시,금요일,경상남도 사천시 대방동,경상사고,0,0,1,0,차대차 - 측면충돌,안전운전불이행,건조,맑음,교차로 - 교차로안,화물,남,72세,상해없음,화물,남,52세,상해없음
2021082000100420,2021년 8월 20일 17시,금요일,경상남도 통영시 명정동,경상사고,0,0,1,0,차대차 - 측면충돌,중앙선침범,건조,맑음,교차로 - 교차로부근,특수,남,50세,상해없음,승용,남,28세,경상
2021082000100421,2021년 8월 20일 17시,금요일,경상남도 김해시 삼계동,중상사고,0,1,0,0,차대사람 - 보도통행중,안전운전불이행,건조,맑음,단일로 - 기타,자전거,남,53세,상해없음,보행자,여,79세,중상
2021082000100422,2021년 8월 20일 17시,금요일,경상남도 김해시 한림면,경상사고,0,0,2,0,차대차 - 기타,기타,건조,맑음,단일로 - 기타,화물,남,55세,상해없음,승용,남,32세,경상
2021082000100468,2021년 8월 20일 18시,금요일,경상남도 진주시 초전동,경상사고,0,0,1,0,차대사람 - 횡단중,보행자보호의무위반,건조,맑음,교차로 - 교차로횡단보도내,이륜,남,22세,상해없음,보행자,남,12세,경상
2021082000100469,2021년 8월 20일 18시,금요일,경상남도 밀양시 내이동,경상사고,0,0,1,0,차량단독 - 전도전복 - 전도,안전운전불이행,건조,맑음,교차로 - 교차로안,자전거,남,50세,경상,,,,
2021082000100470,2021년 8월 20일 18시,금요일,경상남도 김해시 대동면,중상사고,0,1,1,0,차대차 - 측면충돌,직진우회전진행방해,건조,맑음,교차로 - 교차로안,승용,남,31세,상해없음,화물,남,30세,경상
2021082000100511,2021년 8월 20일 19시,금요일,경상남도 진주시 신안동,경상사고,0,0,1,0,차대차 - 기타,안전운전불이행,건조,맑음,단일로 - 기타,승용,남,48세,상해없음,승합,남,35세,경상
2021082000100512,2021년 8월 20일 19시,금요일,경상남도 진주시 충무공동,중상사고,0,1,0,0,차대차 - 측면충돌,안전거리미확보,건조,맑음,교차로 - 교차로부근,승용,남,32세,상해없음,이륜,남,21세,중상
2021082000100513,2021년 8월 20일 19시,금요일,경상남도 거제시 고현동,경상사고,0,0,1,0,차대차 - 측면충돌,안전운전불이행,건조,맑음,교차로 - 교차로안,승용,남,52세,상해없음,이륜,남,45세,경상
2021082000100514,2021년 8월 20일 19시,금요일,경상남도 창원시 성산구 외동,경상사고,0,0,1,0,차대차 - 기타,안전운전불이행,건조,맑음,교차로 - 교차로부근,승용,여,27세,상해없음,승용,남,45세,경상
2021082000100515,2021년 8월 20일 19시,금요일,경상남도 창원시 마산회원구 석전동,사망사고,1,0,0,0,차대차 - 측면충돌,안전운전불이행,건조,맑음,교차로 - 교차로안,승용,여,59세,상해없음,원동기,남,54세,사망
2021082000100516,2021년 8월 20일 19시,금요일,경상남도 김해시 진영읍,부상신고사고,0,0,0,1,차대차 - 측면충돌,안전운전불이행,건조,맑음,교차로 - 교차로횡단보도내,승용,남,60세,상해없음,자전거,남,54세,부상신고
2021082000100547,2021년 8월 20일 20시,금요일,경상남도 김해시 서상동,경상사고,0,0,2,0,차대차 - 측면충돌,직진우회전진행방해,건조,맑음,교차로 - 교차로안,승용,남,61세,상해없음,승용,여,21세,경상
2021082000100548,2021년 8월 20일 20시,금요일,경상남도 창원시 의창구 서상동,중상사고,0,1,0,0,차대차 - 추돌,안전운전불이행,건조,맑음,교차로 - 교차로안,이륜,남,47세,상해없음,이륜,남,34세,중상
2021082000100586,2021년 8월 20일 21시,금요일,경상남도 진주시 상대동,중상사고,0,1,0,0,차대사람 - 기타,안전운전불이행,건조,맑음,기타 - 기타,승용,남,58세,상해없음,보행자,남,33세,중상
2021082000100587,2021년 8월 20일 21시,금요일,경상남도 창원시 마산합포구 산호동,중상사고,0,1,0,0,차대사람 - 기타,안전운전불이행,건조,맑음,단일로 - 기타,이륜,남,24세,상해없음,보행자,남,61세,중상
2021082000100588,2021년 8월 20일 21시,금요일,경상남도 김해시 명법동,사망사고,1,2,0,0,차대차 - 측면충돌,안전운전불이행,건조,맑음,교차로 - 교차로안,승용,남,40세,상해없음,승용,남,52세,상해없음
2021082100100039,2021년 8월 21일 06시,토요일,경상남도 창원시 마산합포구 진동면,경상사고,0,0,1,0,차대차 - 측면충돌,안전운전불이행,젖음/습기,비,단일로 - 기타,승용,남,43세,상해없음,승용,남,51세,경상
2021082100100061,2021년 8월 21일 08시,토요일,경상남도 창원시 마산합포구 구산면,사망사고,1,0,0,0,차량단독 - 공작물충돌,안전운전불이행,젖음/습기,비,단일로 - 기타,승용,여,62세,사망,,,,
2021082100100082,2021년 8월 21일 09시,토요일,경상남도 창원시 성산구 성주동,경상사고,0,0,1,0,차대차 - 추돌,안전운전불이행,젖음/습기,비,단일로 - 기타,승용,여,29세,상해없음,승용,여,32세,경상
2021082100100134,2021년 8월 21일 11시,토요일,경상남도 창원시 마산합포구 진전면,중상사고,0,2,0,1,차량단독 - 기타,안전운전불이행,젖음/습기,비,단일로 - 기타,승용,남,43세,중상,,,,
2021082100100135,2021년 8월 21일 11시,토요일,경상남도 진주시 진성면,사망사고,1,0,1,0,차량단독 - 전도전복 - 전복,기타,젖음/습기,비,단일로 - 기타,승용,남,30세,경상,,,,
2021082100100154,2021년 8월 21일 12시,토요일,경상남도 양산시 동면,중상사고,0,1,0,0,차대차 - 기타,안전운전불이행,젖음/습기,비,단일로 - 기타,승용,여,26세,상해없음,승용,남,67세,중상
2021082100100173,2021년 8월 21일 12시,토요일,경상남도 하동군 금남면,부상신고사고,0,0,0,1,차대차 - 기타,교차로운행방법위반,건조,맑음,교차로 - 교차로안,승용,남,42세,상해없음,승용,남,74세,상해없음
2021082100100219,2021년 8월 21일 13시,토요일,경상남도 창원시 성산구 중앙동,중상사고,0,1,0,0,차대사람 - 횡단중,신호위반,젖음/습기,비,단일로 - 기타,이륜,남,29세,상해없음,보행자,남,29세,중상
2021082100100261,2021년 8월 21일 14시,토요일,경상남도 통영시 산양읍,경상사고,0,0,4,0,차대차 - 측면충돌,중앙선침범,젖음/습기,비,단일로 - 기타,승용,남,30세,상해없음,승용,남,40세,경상
2021082100100292,2021년 8월 21일 15시,토요일,경상남도 산청군 신등면,경상사고,0,0,1,0,차량단독 - 공작물충돌,안전운전불이행,젖음/습기,비,단일로 - 기타,승용,남,63세,경상,,,,
2021082100100319,2021년 8월 21일 16시,토요일,경상남도 남해군 삼동면,부상신고사고,0,0,0,1,차량단독 - 공작물충돌,안전운전불이행,젖음/습기,흐림,교차로 - 교차로안,승용,여,58세,부상신고,,,,
2021082100100333,2021년 8월 21일 17시,토요일,경상남도 김해시 응달동,경상사고,0,0,2,0,차대차 - 측면충돌,안전운전불이행,젖음/습기,비,단일로 - 기타,승용,남,57세,상해없음,승용,남,56세,경상
2021082100100354,2021년 8월 21일 17시,토요일,경상남도 진주시 인사동,경상사고,0,0,1,0,차대차 - 측면충돌,중앙선침범,젖음/습기,맑음,단일로 - 기타,이륜,남,22세,상해없음,승용,여,45세,경상
2021082100100355,2021년 8월 21일 17시,토요일,경상남도 김해시 부곡동,중상사고,0,2,0,0,차대차 - 측면충돌,기타,젖음/습기,흐림,교차로 - 교차로안,이륜,남,22세,중상,승용,남,57세,상해없음
2021082100100380,2021년 8월 21일 18시,토요일,경상남도 진주시 신안동,경상사고,0,0,1,0,차대차 - 기타,안전운전불이행,건조,맑음,단일로 - 기타,이륜,남,32세,경상,승용,남,55세,상해없음
2021082100100381,2021년 8월 21일 18시,토요일,경상남도 밀양시 하남읍,부상신고사고,0,0,0,1,차대차 - 측면충돌,안전운전불이행,젖음/습기,흐림,교차로 - 교차로안,개인형이동수단(PM),남,41세,부상신고,승용,남,71세,상해없음
2021082100100382,2021년 8월 21일 18시,토요일,경상남도 김해시 부원동,경상사고,0,0,3,0,차대차 - 후진중충돌,안전운전불이행,젖음/습기,비,주차장 - 주차장,승용,남,31세,상해없음,승용,남,36세,경상
2021082100100406,2021년 8월 21일 19시,토요일,경상남도 김해시 삼계동,경상사고,0,0,2,0,차대사람 - 차도통행중,안전운전불이행,젖음/습기,비,단일로 - 기타,승용,남,72세,상해없음,보행자,여,43세,경상
2021082100100407,2021년 8월 21일 19시,토요일,경상남도 창원시 마산회원구 구암동,경상사고,0,0,1,0,차대사람 - 기타,안전운전불이행,젖음/습기,비,교차로 - 교차로안,원동기,남,24세,상해없음,보행자,여,28세,경상
2021082100100465,2021년 8월 21일 21시,토요일,경상남도 통영시 무전동,경상사고,0,0,1,0,차대차 - 추돌,안전운전불이행,건조,맑음,단일로 - 기타,승용,남,60세,상해없음,승용,남,40세,경상
2021082100100466,2021년 8월 21일 21시,토요일,경상남도 김해시 내동,경상사고,0,0,2,0,차대차 - 측면충돌,안전운전불이행,젖음/습기,비,교차로 - 교차로안,승용,여,52세,상해없음,승용,남,24세,경상
2021082100100467,2021년 8월 21일 21시,토요일,경상남도 양산시 신기동,경상사고,0,0,1,0,차대차 - 측면충돌,신호위반,젖음/습기,비,단일로 - 교량,승용,여,64세,상해없음,승용,남,54세,경상
2021082100100517,2021년 8월 21일 23시,토요일,경상남도 양산시 물금읍,경상사고,0,0,2,0,차대차 - 추돌,안전운전불이행,젖음/습기,비,교차로 - 교차로부근,승용,남,39세,상해없음,승용,여,44세,경상
2021082200100064,2021년 8월 22일 09시,일요일,경상남도 함안군 군북면,경상사고,0,0,3,0,차대차 - 측면충돌,안전운전불이행,건조,맑음,단일로 - 기타,승용,남,55세,상해없음,승용,남,33세,경상
2021082200100074,2021년 8월 22일 10시,일요일,경상남도 창녕군 창녕읍,부상신고사고,0,0,0,1,차량단독 - 기타,안전운전불이행,건조,맑음,단일로 - 기타,승용,여,52세,부상신고,,,,
2021082200100075,2021년 8월 22일 10시,일요일,경상남도 의령군 의령읍,경상사고,0,0,1,0,차대차 - 측면충돌,신호위반,건조,맑음,교차로 - 교차로부근,승용,여,72세,상해없음,승용,남,59세,경상
2021082200100076,2021년 8월 22일 10시,일요일,경상남도 창원시 의창구 동읍,중상사고,0,3,0,0,차대차 - 추돌,안전운전불이행,젖음/습기,비,단일로 - 기타,승용,남,55세,상해없음,승용,남,57세,중상
2021082200100096,2021년 8월 22일 11시,일요일,경상남도 통영시 북신동,경상사고,0,0,1,0,차대차 - 측면충돌,직진우회전진행방해,건조,맑음,교차로 - 교차로안,승용,남,63세,상해없음,자전거,여,55세,경상
2021082200100117,2021년 8월 22일 12시,일요일,경상남도 진주시 호탄동,경상사고,0,0,1,0,차대차 - 추돌,안전운전불이행,건조,맑음,단일로 - 기타,이륜,남,24세,상해없음,승용,남,49세,경상
2021082200100118,2021년 8월 22일 12시,일요일,경상남도 창원시 진해구 경화동,중상사고,0,1,0,0,차대차 - 추돌,안전운전불이행,젖음/습기,흐림,교차로 - 교차로부근,승용,남,80세,중상,화물,남,62세,기타불명
2021082200100119,2021년 8월 22일 12시,일요일,경상남도 남해군 서면,중상사고,0,1,0,0,차대사람 - 횡단중,보행자보호의무위반,건조,맑음,교차로 - 교차로부근,승용,여,39세,상해없음,보행자,남,8세,중상
2021082200100120,2021년 8월 22일 12시,일요일,경상남도 창원시 마산회원구 내서읍,중상사고,0,1,1,0,차대차 - 정면충돌,안전운전불이행,건조,맑음,교차로 - 교차로안,승용,여,58세,기타불명,승용,남,61세,경상
2021082200100121,2021년 8월 22일 12시,일요일,경상남도 김해시 삼문동,경상사고,0,0,1,0,차대차 - 측면충돌,안전운전불이행,건조,맑음,교차로 - 교차로안,승용,남,52세,상해없음,원동기,남,32세,경상
2021082200100151,2021년 8월 22일 13시,일요일,경상남도 창원시 진해구 석동,경상사고,0,0,2,0,차대차 - 추돌,안전운전불이행,건조,맑음,교차로 - 교차로부근,승용,남,24세,상해없음,승용,남,37세,경상
2021082200100152,2021년 8월 22일 13시,일요일,경상남도 밀양시 내이동,경상사고,0,0,1,0,차대차 - 측면충돌,안전운전불이행,건조,맑음,단일로 - 기타,이륜,남,81세,경상,화물,남,69세,상해없음
2021082200100153,2021년 8월 22일 13시,일요일,경상남도 양산시 물금읍,경상사고,0,0,2,0,차대차 - 측면충돌,신호위반,건조,맑음,교차로 - 교차로안,화물,남,32세,상해없음,승용,여,27세,경상
2021082200100185,2021년 8월 22일 14시,일요일,경상남도 함안군 법수면,경상사고,0,0,2,0,차대차 - 측면충돌,교차로운행방법위반,건조,맑음,교차로 - 교차로안,승용,남,69세,상해없음,화물,남,64세,경상
2021082200100197,2021년 8월 22일 15시,일요일,경상남도 양산시 하북면,경상사고,0,0,1,0,차대차 - 기타,안전거리미확보,건조,맑음,단일로 - 기타,승용,여,52세,상해없음,승용,남,33세,상해없음
2021082200100215,2021년 8월 22일 15시,일요일,경상남도 양산시 원동면,경상사고,0,0,3,0,차대차 - 정면충돌,중앙선침범,건조,맑음,단일로 - 기타,화물,남,52세,상해없음,승용,남,59세,경상
2021082200100216,2021년 8월 22일 15시,일요일,경상남도 양산시 동면,경상사고,0,0,1,0,차대차 - 추돌,안전운전불이행,건조,맑음,기타 - 기타,자전거,남,61세,경상,자전거,남,44세,상해없음
2021082200100249,2021년 8월 22일 16시,일요일,경상남도 창원시 마산합포구 진동면,중상사고,0,1,0,0,차대차 - 정면충돌,중앙선침범,건조,맑음,단일로 - 기타,화물,남,40세,상해없음,자전거,남,43세,중상
2021082200100250,2021년 8월 22일 16시,일요일,경상남도 산청군 신안면,경상사고,0,0,1,0,차량단독 - 공작물충돌,안전운전불이행,건조,맑음,단일로 - 기타,화물,남,65세,경상,,,,
2021082200100251,2021년 8월 22일 16시,일요일,경상남도 창원시 의창구 팔용동,경상사고,0,0,1,0,차대차 - 측면충돌,안전운전불이행,건조,맑음,교차로 - 교차로부근,승용,남,67세,상해없음,승용,남,60세,경상
2021082200100271,2021년 8월 22일 17시,일요일,경상남도 창원시 마산합포구 교방동,경상사고,0,0,2,0,차대사람 - 기타,안전운전불이행,건조,흐림,단일로 - 기타,자전거,남,41세,경상,보행자,남,35세,경상
2021082200100299,2021년 8월 22일 18시,일요일,경상남도 진주시 상봉동,경상사고,0,0,1,0,차대차 - 측면충돌,안전운전불이행,건조,맑음,단일로 - 기타,승용,여,41세,상해없음,이륜,남,44세,경상
2021082200100300,2021년 8월 22일 18시,일요일,경상남도 진주시 상대동,중상사고,0,1,0,0,차대차 - 측면충돌,안전운전불이행,건조,맑음,단일로 - 기타,승용,남,65세,상해없음,자전거,여,25세,중상
2021082200100301,2021년 8월 22일 18시,일요일,경상남도 창원시 성산구 상남동,경상사고,0,0,2,0,차대차 - 측면충돌,안전운전불이행,건조,맑음,교차로 - 교차로안,승합,남,67세,상해없음,승용,남,25세,경상
2021082200100319,2021년 8월 22일 19시,일요일,경상남도 창원시 의창구 팔용동,중상사고,0,1,0,0,차대차 - 정면충돌,중앙선침범,건조,맑음,교차로 - 교차로부근,승합,남,76세,상해없음,화물,남,52세,중상
2021082300100065,2021년 8월 23일 08시,월요일,경상남도 사천시 사천읍,경상사고,0,0,3,0,차대차 - 추돌,안전운전불이행,젖음/습기,흐림,단일로 - 기타,승용,남,28세,상해없음,승용,남,34세,경상
2021082300100094,2021년 8월 23일 09시,월요일,경상남도 창원시 마산합포구 신포동1가,경상사고,0,0,4,0,차대차 - 측면충돌,신호위반,젖음/습기,비,교차로 - 교차로안,승용,여,38세,상해없음,승합,남,26세,경상
2021082300100095,2021년 8월 23일 09시,월요일,경상남도 통영시 중앙동,중상사고,0,1,1,0,차대차 - 기타,교차로운행방법위반,건조,맑음,교차로 - 교차로안,승용,여,61세,중상,화물,남,39세,경상
2021082300100121,2021년 8월 23일 10시,월요일,경상남도 진주시 상봉동,중상사고,0,1,0,0,차대사람 - 횡단중,안전운전불이행,젖음/습기,비,교차로 - 교차로부근,승용,남,61세,상해없음,보행자,남,75세,중상
2021082300100122,2021년 8월 23일 10시,월요일,경상남도 창원시 의창구 팔용동,경상사고,0,0,1,0,차대차 - 측면충돌,안전운전불이행,젖음/습기,맑음,교차로 - 교차로안,승용,남,63세,상해없음,승용,여,49세,경상
2021082300100155,2021년 8월 23일 11시,월요일,경상남도 창원시 마산합포구 월영동,경상사고,0,0,1,0,차대차 - 측면충돌,안전거리미확보,젖음/습기,흐림,단일로 - 기타,승용,여,55세,상해없음,승용,여,21세,경상
2021082300100199,2021년 8월 23일 12시,월요일,경상남도 진주시 상대동,경상사고,0,0,1,0,차대사람 - 횡단중,안전운전불이행,젖음/습기,비,교차로 - 교차로안,화물,여,63세,상해없음,보행자,남,48세,경상
2021082300100200,2021년 8월 23일 12시,월요일,경상남도 김해시 외동,경상사고,0,0,1,0,차대차 - 측면충돌,안전운전불이행,건조,맑음,교차로 - 교차로안,자전거,남,77세,경상,승용,여,46세,상해없음
2021082300100201,2021년 8월 23일 12시,월요일,경상남도 양산시 동면,경상사고,0,0,2,0,차대차 - 추돌,안전운전불이행,건조,맑음,단일로 - 기타,승용,여,44세,상해없음,화물,남,41세,경상
2021082300100202,2021년 8월 23일 12시,월요일,경상남도 양산시 물금읍,경상사고,0,0,1,0,차대차 - 측면충돌,교차로운행방법위반,건조,맑음,교차로 - 교차로안,화물,남,51세,상해없음,승용,남,64세,경상
2021082300100203,2021년 8월 23일 12시,월요일,경상남도 함안군 가야읍,중상사고,0,1,0,0,차대차 - 측면충돌,직진우회전진행방해,젖음/습기,흐림,교차로 - 교차로안,이륜,남,80세,중상,화물,남,26세,상해없음
2021082300100204,2021년 8월 23일 12시,월요일,경상남도 김해시 대청동,경상사고,0,0,1,0,차대차 - 측면충돌,교차로운행방법위반,젖음/습기,비,교차로 - 교차로안,이륜,남,48세,경상,화물,남,50세,상해없음
2021082300100243,2021년 8월 23일 13시,월요일,경상남도 진주시 금산면,경상사고,0,0,1,0,차대차 - 측면충돌,안전운전불이행,젖음/습기,비,단일로 - 기타,화물,남,61세,상해없음,승용,여,45세,경상
2021082300100244,2021년 8월 23일 13시,월요일,경상남도 함양군 함양읍,경상사고,0,0,1,0,차대차 - 후진중충돌,안전운전불이행,건조,맑음,교차로 - 교차로부근,승용,여,46세,상해없음,승용,여,60세,경상
2021082300100264,2021년 8월 23일 14시,월요일,경상남도 김해시 주촌면,사망사고,1,0,0,0,차대차 - 추돌,안전운전불이행,젖음/습기,비,단일로 - 기타,특수,남,55세,사망,승용,남,22세,상해없음
2021082300100279,2021년 8월 23일 14시,월요일,경상남도 통영시 광도면,경상사고,0,0,1,0,차대차 - 정면충돌,직진우회전진행방해,젖음/습기,비,교차로 - 교차로안,승용,남,36세,상해없음,이륜,남,42세,경상
2021082300100280,2021년 8월 23일 14시,월요일,경상남도 함양군 함양읍,경상사고,0,0,1,0,차대차 - 측면충돌,안전운전불이행,젖음/습기,비,단일로 - 기타,승용,남,70세,경상,승용,여,44세,상해없음
2021082300100281,2021년 8월 23일 14시,월요일,경상남도 거제시 일운면,경상사고,0,0,1,0,차대차 - 기타,안전운전불이행,젖음/습기,비,주차장 - 주차장,승용,남,56세,상해없음,승용,남,37세,경상
2021082300100307,2021년 8월 23일 15시,월요일,경상남도 창원시 성산구 천선동,경상사고,0,0,1,0,차대사람 - 횡단중,안전운전불이행,젖음/습기,비,교차로 - 교차로안,승용,남,24세,상해없음,보행자,남,55세,경상
2021082300100338,2021년 8월 23일 16시,월요일,경상남도 창원시 진해구 석동,부상신고사고,0,0,0,1,차대차 - 기타,차로위반,건조,맑음,교차로 - 교차로안,승용,남,60세,상해없음,승용,남,51세,부상신고
2021082300100339,2021년 8월 23일 16시,월요일,경상남도 거제시 고현동,중상사고,0,1,0,0,차대차 - 기타,안전운전불이행,젖음/습기,흐림,단일로 - 기타,승용,남,56세,상해없음,이륜,남,28세,중상
2021082300100382,2021년 8월 23일 17시,월요일,경상남도 창원시 진해구 이동,부상신고사고,0,0,0,1,차대차 - 측면충돌,직진우회전진행방해,건조,맑음,교차로 - 교차로안,화물,남,50세,상해없음,승용,남,50세,부상신고
2021082300100383,2021년 8월 23일 17시,월요일,경상남도 김해시 삼계동,중상사고,0,1,1,0,차대차 - 측면충돌,안전거리미확보,젖음/습기,비,단일로 - 기타,승용,남,64세,경상,승용,남,36세,중상
2021082300100419,2021년 8월 23일 18시,월요일,경상남도 양산시 북부동,중상사고,0,1,0,0,차대차 - 추돌,안전운전불이행,젖음/습기,비,단일로 - 기타,승용,남,51세,상해없음,승용,남,71세,상해없음
2021082300100466,2021년 8월 23일 19시,월요일,경상남도 김해시 삼정동,경상사고,0,0,2,0,차대사람 - 횡단중,보행자보호의무위반,젖음/습기,흐림,교차로 - 교차로횡단보도내,화물,남,66세,상해없음,보행자,여,34세,경상
2021082300100509,2021년 8월 23일 20시,월요일,경상남도 창원시 마산합포구 월영동,경상사고,0,0,1,0,차대차 - 측면충돌,안전거리미확보,젖음/습기,비,교차로 - 교차로부근,승용,남,38세,상해없음,승용,남,54세,경상
2021082300100510,2021년 8월 23일 20시,월요일,경상남도 사천시 정동면,경상사고,0,0,1,0,차대사람 - 횡단중,보행자보호의무위반,젖음/습기,비,교차로 - 교차로횡단보도내,승용,남,52세,상해없음,보행자,남,50세,경상
2021082300100511,2021년 8월 23일 20시,월요일,경상남도 남해군 남해읍,부상신고사고,0,0,0,1,차대차 - 측면충돌,안전운전불이행,젖음/습기,비,교차로 - 교차로안,승용,남,51세,상해없음,이륜,남,44세,부상신고
2021082300100512,2021년 8월 23일 20시,월요일,경상남도 창원시 성산구 웅남동,경상사고,0,0,1,0,차대차 - 측면충돌,안전운전불이행,젖음/습기,비,단일로 - 기타,화물,남,48세,상해없음,승용,남,38세,경상
2021082300100550,2021년 8월 23일 21시,월요일,경상남도 통영시 광도면,중상사고,0,1,0,0,차량단독 - 공작물충돌,안전운전불이행,젖음/습기,비,단일로 - 기타,승용,여,50세,중상,,,,
2021082300100551,2021년 8월 23일 21시,월요일,경상남도 거제시 양정동,중상사고,0,1,0,0,차량단독 - 공작물충돌,안전운전불이행,젖음/습기,비,단일로 - 기타,승용,남,21세,중상,,,,
2021082300100598,2021년 8월 23일 23시,월요일,경상남도 양산시 중부동,경상사고,0,0,1,0,차대사람 - 기타,안전운전불이행,젖음/습기,비,단일로 - 기타,승용,남,32세,상해없음,보행자,남,37세,경상