사고번호,사고일시,요일,시군구,사고내용,사망자수,중상자수,경상자수,부상신고자수,사고유형,법규위반,노면상태,기상상태,도로형태,가해운전자 차종,가해운전자 성별,가해운전자 연령,가해운전자 상해정도,피해운전자 차종,피해운전자 성별,피해운전자 연령,피해운전자 상해정도
2021082800100258,2021년 8월 28일 14시,토요일,경상남도 남해군 삼동면,중상사고,0,1,1,0,차량단독 - 공작물충돌,안전운전불이행,건조,맑음,단일로 - 기타,승용,남,56세,상해없음,,,,
2021082800100295,2021년 8월 28일 15시,토요일,경상남도 창원시 진해구 청안동,경상사고,0,0,1,0,차대차 - 추돌,안전운전불이행,건조,맑음,단일로 - 기타,승용,여,47세,상해없음,승합,남,57세,경상
2021082800100296,2021년 8월 28일 15시,토요일,경상남도 통영시 인평동,중상사고,0,1,1,0,차대차 - 측면충돌,안전운전불이행,건조,맑음,기타 - 기타,자전거,남,35세,경상,이륜,남,41세,중상
2021082800100297,2021년 8월 28일 15시,토요일,경상남도 고성군 고성읍,경상사고,0,0,2,0,차대차 - 측면충돌,차로위반,건조,맑음,단일로 - 기타,승용,여,61세,상해없음,승용,남,52세,경상
2021082800100341,2021년 8월 28일 16시,토요일,경상남도 창원시 마산합포구 신흥동,중상사고,0,1,0,0,차대사람 - 횡단중,안전운전불이행,건조,맑음,교차로 - 교차로안,승용,남,63세,상해없음,보행자,남,72세,중상
2021082800100373,2021년 8월 28일 17시,토요일,경상남도 김해시 외동,경상사고,0,0,1,0,차대사람 - 횡단중,보행자보호의무위반,건조,맑음,단일로 - 기타,승용,남,53세,상해없음,보행자,여,67세,경상
2021082800100400,2021년 8월 28일 18시,토요일,경상남도 의령군 부림면,중상사고,0,1,0,0,차량단독 - 기타,안전운전불이행,건조,맑음,단일로 - 기타,농기계,남,75세,중상,,,,
2021082800100438,2021년 8월 28일 19시,토요일,경상남도 사천시 서동,부상신고사고,0,0,0,1,차대차 - 추돌,안전운전불이행,건조,맑음,단일로 - 기타,이륜,남,21세,부상신고,승용,남,69세,상해없음
2021082800100439,2021년 8월 28일 19시,토요일,경상남도 양산시 명동,경상사고,0,0,1,0,차대차 - 측면충돌,직진우회전진행방해,건조,맑음,교차로 - 교차로안,승용,남,69세,상해없음,승용,여,40세,경상
2021082800100525,2021년 8월 28일 22시,토요일,경상남도 창녕군 대지면,경상사고,0,0,1,0,차대차 - 추돌,안전운전불이행,건조,맑음,단일로 - 기타,승용,남,32세,상해없음,이륜,남,69세,경상
2021082900100011,2021년 8월 29일 01시,일요일,경상남도 사천시 향촌동,경상사고,0,0,1,0,차량단독 - 기타,안전운전불이행,건조,맑음,단일로 - 기타,개인형이동수단(PM),여,26세,경상,,,,
2021082900100019,2021년 8월 29일 04시,일요일,경상남도 고성군 거류면,중상사고,0,1,0,0,차대차 - 추돌,안전운전불이행,건조,맑음,단일로 - 기타,승용,남,38세,상해없음,농기계,남,74세,중상
2021082900100028,2021년 8월 29일 07시,일요일,경상남도 창원시 진해구 경화동,경상사고,0,0,1,0,차대사람 - 기타,안전운전불이행,건조,흐림,단일로 - 기타,승용,남,74세,상해없음,보행자,남,54세,경상
2021082900100075,2021년 8월 29일 11시,일요일,경상남도 양산시 물금읍,중상사고,0,1,0,0,차대차 - 측면충돌,신호위반,건조,맑음,교차로 - 교차로안,이륜,남,59세,중상,승용,남,48세,상해없음
2021082900100076,2021년 8월 29일 11시,일요일,경상남도 거제시 거제면,경상사고,0,0,1,0,차대차 - 측면충돌,안전운전불이행,건조,맑음,단일로 - 기타,화물,남,72세,상해없음,승용,남,24세,경상
2021082900100104,2021년 8월 29일 12시,일요일,경상남도 김해시 대성동,중상사고,0,1,0,0,차대차 - 측면충돌,신호위반,건조,맑음,단일로 - 기타,승용,여,55세,상해없음,이륜,남,64세,중상
2021082900100105,2021년 8월 29일 12시,일요일,경상남도 창원시 마산회원구 내서읍,중상사고,0,2,0,0,차대차 - 추돌,신호위반,건조,맑음,교차로 - 교차로안,승용,남,23세,상해없음,이륜,남,61세,중상
2021082900100129,2021년 8월 29일 13시,일요일,경상남도 창원시 마산합포구 덕동동,경상사고,0,0,4,0,차대차 - 측면충돌,안전운전불이행,건조,맑음,단일로 - 기타,승용,남,40세,상해없음,승용,남,46세,경상
2021082900100130,2021년 8월 29일 13시,일요일,경상남도 밀양시 교동,중상사고,0,2,1,0,차대차 - 측면충돌,중앙선침범,건조,맑음,단일로 - 기타,승용,여,58세,경상,승용,남,62세,중상
2021082900100131,2021년 8월 29일 13시,일요일,경상남도 창원시 의창구 도계동,경상사고,0,0,1,0,차대차 - 추돌,안전운전불이행,건조,맑음,교차로 - 교차로부근,승용,남,52세,상해없음,승용,남,64세,경상
2021082900100168,2021년 8월 29일 14시,일요일,경상남도 김해시 내동,부상신고사고,0,0,0,1,차대사람 - 기타,안전운전불이행,건조,맑음,단일로 - 기타,기타불명,기타불명,미분류,기타불명,보행자,여,4세,부상신고
2021082900100203,2021년 8월 29일 15시,일요일,경상남도 양산시 물금읍,중상사고,0,1,0,0,차대차 - 측면충돌,교차로운행방법위반,건조,맑음,교차로 - 교차로부근,승용,남,68세,상해없음,이륜,남,60세,중상
2021082900100269,2021년 8월 29일 17시,일요일,경상남도 창원시 진해구 경화동,경상사고,0,0,1,0,차대사람 - 기타,안전운전불이행,건조,맑음,단일로 - 기타,승용,남,62세,상해없음,보행자,남,68세,경상
2021082900100305,2021년 8월 29일 18시,일요일,경상남도 김해시 서상동,부상신고사고,0,0,0,1,차대차 - 기타,안전운전불이행,건조,맑음,단일로 - 기타,이륜,남,21세,부상신고,화물,남,64세,상해없음
2021082900100306,2021년 8월 29일 18시,일요일,경상남도 양산시 명동,부상신고사고,0,0,0,1,차대차 - 추돌,안전운전불이행,건조,맑음,단일로 - 기타,승용,남,56세,상해없음,승용,남,36세,부상신고
2021082900100307,2021년 8월 29일 18시,일요일,경상남도 양산시 덕계동,경상사고,0,0,1,0,차대차 - 측면충돌,안전운전불이행,건조,맑음,교차로 - 교차로부근,승용,남,41세,상해없음,승용,남,66세,경상
2021082900100308,2021년 8월 29일 18시,일요일,경상남도 거제시 아주동,중상사고,0,1,0,0,차대차 - 기타,교차로운행방법위반,건조,맑음,교차로 - 교차로안,승용,남,41세,상해없음,이륜,남,54세,중상
2021082900100330,2021년 8월 29일 19시,일요일,경상남도 통영시 북신동,경상사고,0,0,1,0,차대차 - 측면충돌,안전운전불이행,건조,맑음,교차로 - 교차로안,화물,남,51세,상해없음,이륜,남,76세,경상
2021082900100331,2021년 8월 29일 19시,일요일,경상남도 양산시 평산동,경상사고,0,0,2,0,차대차 - 측면충돌,신호위반,건조,맑음,교차로 - 교차로부근,승용,여,47세,상해없음,승용,남,31세,경상
2021082900100332,2021년 8월 29일 19시,일요일,경상남도 산청군 단성면,중상사고,0,1,0,0,차대사람 - 차도통행중,안전운전불이행,건조,맑음,교차로 - 교차로안,승용,남,70세,상해없음,보행자,여,68세,중상
2021082900100333,2021년 8월 29일 19시,일요일,경상남도 김해시 주촌면,경상사고,0,0,1,0,차대차 - 측면충돌,교차로운행방법위반,건조,맑음,교차로 - 교차로횡단보도내,승용,남,35세,상해없음,이륜,남,48세,경상
2021082900100397,2021년 8월 29일 21시,일요일,경상남도 창원시 마산합포구 장군동4가,중상사고,0,1,0,0,차대차 - 측면충돌,교차로운행방법위반,건조,맑음,교차로 - 교차로안,승용,여,26세,상해없음,이륜,남,27세,중상
2021082900100398,2021년 8월 29일 21시,일요일,경상남도 김해시 삼방동,경상사고,0,0,1,0,차대차 - 측면충돌,신호위반,건조,맑음,교차로 - 교차로안,승용,남,46세,상해없음,승용,남,25세,경상
2021082900100399,2021년 8월 29일 21시,일요일,경상남도 창원시 마산회원구 회성동,경상사고,0,0,1,0,차대사람 - 기타,안전운전불이행,건조,맑음,교차로 - 교차로안,승용,남,42세,상해없음,보행자,남,62세,경상
2021082900100424,2021년 8월 29일 23시,일요일,경상남도 창원시 진해구 석동,경상사고,0,0,1,0,차대차 - 정면충돌,신호위반,건조,맑음,교차로 - 교차로안,승용,여,28세,상해없음,승용,남,39세,경상
2021082900100425,2021년 8월 29일 23시,일요일,경상남도 창원시 성산구 상남동,경상사고,0,0,1,0,차대사람 - 기타,안전운전불이행,건조,맑음,교차로 - 교차로안,승합,남,33세,기타불명,보행자,남,26세,경상
2021083000100066,2021년 8월 30일 08시,월요일,경상남도 창원시 성산구 신월동,경상사고,0,0,1,0,차대사람 - 차도통행중,안전운전불이행,건조,맑음,단일로 - 기타,화물,남,56세,상해없음,보행자,여,17세,경상
2021083000100096,2021년 8월 30일 09시,월요일,경상남도 창원시 진해구 남문동,경상사고,0,0,1,0,차대차 - 측면충돌,신호위반,건조,맑음,교차로 - 교차로안,특수,남,66세,상해없음,화물,남,49세,경상
2021083000100097,2021년 8월 30일 09시,월요일,경상남도 김해시 외동,경상사고,0,0,2,0,차대차 - 후진중충돌,안전운전불이행,건조,맑음,단일로 - 기타,승용,남,63세,상해없음,승용,남,35세,경상
2021083000100098,2021년 8월 30일 09시,월요일,경상남도 거제시 양정동,경상사고,0,0,2,0,차대차 - 측면충돌,교차로운행방법위반,건조,맑음,교차로 - 교차로안,승용,여,60세,경상,승용,여,36세,경상
2021083000100099,2021년 8월 30일 09시,월요일,경상남도 거제시 상동동,경상사고,0,0,1,0,차대차 - 기타,교차로운행방법위반,건조,맑음,교차로 - 교차로안,승용,여,36세,기타불명,승용,남,60세,경상
2021083000100100,2021년 8월 30일 09시,월요일,경상남도 창원시 의창구 팔용동,경상사고,0,0,1,0,차대사람 - 기타,보행자보호의무위반,건조,맑음,기타 - 기타,승용,남,52세,상해없음,보행자,여,31세,경상
2021083000100135,2021년 8월 30일 10시,월요일,경상남도 통영시 광도면,경상사고,0,0,3,0,차대차 - 측면충돌,안전운전불이행,건조,맑음,교차로 - 교차로안,승용,남,59세,경상,승용,여,39세,경상
2021083000100136,2021년 8월 30일 10시,월요일,경상남도 김해시 구산동,경상사고,0,0,4,0,차대차 - 정면충돌,안전운전불이행,건조,맑음,단일로 - 기타,승용,여,37세,경상,승용,여,29세,경상
2021083000100137,2021년 8월 30일 10시,월요일,경상남도 양산시 중부동,경상사고,0,0,1,0,차대차 - 측면충돌,안전운전불이행,건조,맑음,단일로 - 기타,승용,여,66세,상해없음,승용,남,52세,경상
2021083000100175,2021년 8월 30일 11시,월요일,경상남도 창원시 진해구 남문동,경상사고,0,0,2,0,차대차 - 정면충돌,신호위반,건조,맑음,교차로 - 교차로안,화물,남,46세,경상,승용,남,46세,경상
2021083000100176,2021년 8월 30일 11시,월요일,경상남도 밀양시 내이동,중상사고,0,1,0,0,차대사람 - 횡단중,보행자보호의무위반,건조,맑음,교차로 - 교차로횡단보도내,화물,남,49세,상해없음,보행자,여,85세,중상
2021083000100177,2021년 8월 30일 11시,월요일,경상남도 창녕군 길곡면,부상신고사고,0,0,0,1,차량단독 - 기타,안전운전불이행,건조,기타,단일로 - 기타,화물,남,59세,부상신고,,,,
2021083000100215,2021년 8월 30일 12시,월요일,경상남도 통영시 당동,중상사고,0,1,0,0,차대차 - 기타,직진우회전진행방해,건조,맑음,교차로 - 교차로안,승용,여,70세,상해없음,이륜,남,44세,중상
2021083000100237,2021년 8월 30일 13시,월요일,경상남도 양산시 하북면,사망사고,1,0,0,0,차대차 - 추돌,안전운전불이행,건조,맑음,교차로 - 교차로부근,화물,남,60세,사망,화물,남,58세,상해없음
2021083000100264,2021년 8월 30일 14시,월요일,경상남도 진주시 호탄동,중상사고,0,1,0,0,차대차 - 측면충돌,직진우회전진행방해,건조,맑음,교차로 - 교차로안,화물,남,19세,상해없음,이륜,남,31세,중상
2021083000100304,2021년 8월 30일 15시,월요일,경상남도 김해시 삼계동,중상사고,0,1,2,0,차대차 - 기타,신호위반,건조,맑음,교차로 - 교차로안,화물,남,58세,경상,승용,여,35세,중상
2021083000100305,2021년 8월 30일 15시,월요일,경상남도 합천군 가회면,중상사고,0,1,0,0,차대차 - 측면충돌,교차로운행방법위반,건조,맑음,교차로 - 교차로안,화물,남,71세,상해없음,이륜,남,89세,중상
2021083000100338,2021년 8월 30일 16시,월요일,경상남도 진주시 초전동,경상사고,0,0,1,0,차대차 - 측면충돌,안전거리미확보,건조,맑음,교차로 - 교차로부근,이륜,남,69세,경상,승용,여,67세,상해없음
2021083000100339,2021년 8월 30일 16시,월요일,경상남도 진주시 강남동,중상사고,0,1,0,0,차대차 - 측면충돌,안전운전불이행,건조,흐림,교차로 - 교차로안,화물,여,47세,상해없음,승합,남,63세,중상
2021083000100340,2021년 8월 30일 16시,월요일,경상남도 거제시 상동동,중상사고,0,1,0,0,차대차 - 측면충돌,신호위반,건조,맑음,교차로 - 교차로안,승용,남,61세,상해없음,승용,여,52세,중상
2021083000100341,2021년 8월 30일 16시,월요일,경상남도 김해시 부곡동,중상사고,0,1,0,0,차대사람 - 횡단중,보행자보호의무위반,건조,맑음,단일로 - 기타,승용,남,66세,상해없음,보행자,여,45세,중상
2021083000100415,2021년 8월 30일 18시,월요일,경상남도 양산시 중부동,중상사고,0,1,0,0,차대차 - 측면충돌,안전운전불이행,건조,맑음,교차로 - 교차로안,승용,남,70세,상해없음,자전거,남,56세,중상
2021083000100416,2021년 8월 30일 18시,월요일,경상남도 산청군 산청읍,사망사고,1,0,0,0,차량단독 - 공작물충돌,안전운전불이행,건조,맑음,교차로 - 교차로안,사륜오토바이(ATV),남,85세,사망,,,,
2021083000100417,2021년 8월 30일 18시,월요일,경상남도 창원시 의창구 동정동,중상사고,0,1,1,0,차대차 - 측면충돌,안전운전불이행,건조,맑음,교차로 - 교차로안,기타불명,기타불명,미분류,기타불명,승용,여,23세,경상
2021083000100495,2021년 8월 30일 20시,월요일,경상남도 김해시 어방동,중상사고,0,1,1,0,차대차 - 측면충돌,교차로운행방법위반,건조,흐림,교차로 - 교차로안,승용,남,67세,상해없음,승합,남,39세,경상
2021083000100496,2021년 8월 30일 20시,월요일,경상남도 김해시 삼계동,경상사고,0,0,1,0,차대차 - 정면충돌,안전운전불이행,젖음/습기,비,교차로 - 교차로안,승합,남,65세,상해없음,이륜,남,39세,경상
2021083000100497,2021년 8월 30일 20시,월요일,경상남도 김해시 관동동,경상사고,0,0,1,0,차대차 - 정면충돌,안전운전불이행,건조,맑음,교차로 - 교차로안,승용,남,43세,상해없음,이륜,남,17세,경상
2021083000100524,2021년 8월 30일 21시,월요일,경상남도 김해시 무계동,경상사고,0,0,1,0,차대차 - 측면충돌,신호위반,건조,맑음,교차로 - 교차로안,승용,여,46세,상해없음,승용,여,28세,경상
2021083000100540,2021년 8월 30일 22시,월요일,경상남도 진주시 상대동,경상사고,0,0,3,0,차대차 - 추돌,안전운전불이행,젖음/습기,비,교차로 - 교차로부근,승용,남,42세,상해없음,승용,남,20세,경상
2021083100100018,2021년 8월 31일 02시,화요일,경상남도 김해시 내동,중상사고,0,1,0,0,차량단독 - 공작물충돌,안전운전불이행,건조,맑음,단일로 - 기타,원동기,남,50세,중상,,,,
2021083100100033,2021년 8월 31일 05시,화요일,경상남도 양산시 상북면,중상사고,0,1,0,0,차대사람 - 차도통행중,안전운전불이행,건조,맑음,단일로 - 기타,승용,남,20세,상해없음,보행자,여,76세,중상
2021083100100034,2021년 8월 31일 05시,화요일,경상남도 김해시 한림면,중상사고,0,1,1,0,차대차 - 추돌,안전운전불이행,건조,맑음,단일로 - 기타,승용,남,38세,중상,특수,남,43세,경상
2021083100100040,2021년 8월 31일 06시,화요일,경상남도 밀양시 삼문동,중상사고,0,1,0,0,차대사람 - 횡단중,안전운전불이행,건조,맑음,교차로 - 교차로부근,승용,남,59세,상해없음,보행자,여,72세,중상
2021083100100080,2021년 8월 31일 08시,화요일,경상남도 김해시 안동,경상사고,0,0,2,0,차대사람 - 횡단중,보행자보호의무위반,건조,맑음,교차로 - 교차로횡단보도내,원동기,남,36세,상해없음,보행자,남,61세,경상
2021083100100081,2021년 8월 31일 08시,화요일,경상남도 양산시 평산동,사망사고,1,0,0,0,차대사람 - 횡단중,안전운전불이행,건조,맑음,교차로 - 교차로안,승용,여,37세,상해없음,보행자,여,81세,사망
2021083100100082,2021년 8월 31일 08시,화요일,경상남도 양산시 덕계동,경상사고,0,0,1,0,차대차 - 측면충돌,안전거리미확보,건조,맑음,단일로 - 기타,건설기계,남,63세,상해없음,승용,남,33세,경상
2021083100100083,2021년 8월 31일 08시,화요일,경상남도 창원시 마산회원구 양덕동,경상사고,0,0,3,0,차대차 - 측면충돌,중앙선침범,건조,맑음,교차로 - 교차로부근,승용,남,53세,상해없음,승용,남,66세,경상
2021083100100123,2021년 8월 31일 09시,화요일,경상남도 창원시 의창구 팔용동,중상사고,0,1,0,0,차대차 - 추돌,안전운전불이행,건조,맑음,단일로 - 기타,승용,남,67세,상해없음,승용,여,35세,중상
2021083100100124,2021년 8월 31일 09시,화요일,경상남도 창원시 의창구 팔용동,경상사고,0,0,2,0,차대차 - 추돌,안전운전불이행,건조,맑음,단일로 - 기타,승용,남,67세,기타불명,승용,여,46세,경상
2021083100100182,2021년 8월 31일 11시,화요일,경상남도 진주시 상평동,경상사고,0,0,1,0,차대차 - 측면충돌,중앙선침범,건조,맑음,단일로 - 기타,승용,여,49세,상해없음,승용,남,29세,경상
2021083100100219,2021년 8월 31일 12시,화요일,경상남도 진주시 충무공동,경상사고,0,0,1,0,차대차 - 추돌,안전운전불이행,건조,맑음,단일로 - 기타,승합,남,58세,상해없음,승용,여,31세,경상
2021083100100220,2021년 8월 31일 12시,화요일,경상남도 김해시 주촌면,경상사고,0,0,1,0,차대차 - 측면충돌,안전운전불이행,건조,맑음,단일로 - 기타,화물,남,60세,상해없음,이륜,남,18세,경상
2021083100100221,2021년 8월 31일 12시,화요일,경상남도 김해시 한림면,중상사고,0,1,1,0,차대차 - 정면충돌,안전운전불이행,건조,맑음,교차로 - 교차로부근,승용,남,45세,경상,화물,남,53세,중상
2021083100100261,2021년 8월 31일 13시,화요일,경상남도 양산시 평산동,중상사고,0,1,0,0,차대사람 - 횡단중,보행자보호의무위반,건조,맑음,기타 - 기타,이륜,남,39세,상해없음,보행자,여,7세,중상
2021083100100299,2021년 8월 31일 14시,화요일,경상남도 진주시 망경동,경상사고,0,0,1,0,차대차 - 측면충돌,안전운전불이행,건조,맑음,단일로 - 기타,이륜,남,38세,상해없음,자전거,남,84세,경상
2021083100100300,2021년 8월 31일 14시,화요일,경상남도 사천시 동금동,중상사고,0,1,0,0,차대차 - 측면충돌,안전거리미확보,건조,맑음,교차로 - 교차로부근,승용,남,54세,상해없음,원동기,여,40세,중상
2021083100100349,2021년 8월 31일 15시,화요일,경상남도 통영시 정량동,경상사고,0,0,1,0,차대차 - 기타,교차로운행방법위반,건조,맑음,교차로 - 교차로안,이륜,남,53세,경상,화물,남,59세,상해없음
2021083100100350,2021년 8월 31일 15시,화요일,경상남도 함양군 함양읍,경상사고,0,0,1,1,차대차 - 측면충돌,안전운전불이행,건조,맑음,단일로 - 기타,승용,여,52세,상해없음,자전거,남,12세,경상
2021083100100351,2021년 8월 31일 15시,화요일,경상남도 거제시 고현동,부상신고사고,0,0,0,1,차대차 - 정면충돌,안전운전불이행,건조,맑음,교차로 - 교차로안,이륜,남,55세,부상신고,승용,남,68세,상해없음
2021083100100395,2021년 8월 31일 16시,화요일,경상남도 사천시 사천읍,경상사고,0,0,1,0,차대차 - 측면충돌,안전운전불이행,건조,맑음,단일로 - 기타,자전거,남,10세,경상,승용,남,55세,상해없음
2021083100100421,2021년 8월 31일 17시,화요일,경상남도 진주시 호탄동,경상사고,0,0,2,0,차대차 - 측면충돌,신호위반,건조,맑음,교차로 - 교차로안,승용,남,53세,상해없음,승용,남,21세,경상
2021083100100422,2021년 8월 31일 17시,화요일,경상남도 창원시 진해구 용원동,경상사고,0,0,1,0,차대차 - 기타,안전운전불이행,건조,맑음,교차로 - 교차로안,이륜,남,42세,경상,승용,남,30세,상해없음
2021083100100423,2021년 8월 31일 17시,화요일,경상남도 창원시 성산구 대방동,경상사고,0,0,1,0,차대사람 - 기타,안전운전불이행,건조,맑음,단일로 - 기타,승합,남,42세,상해없음,보행자,여,72세,경상
2021083100100424,2021년 8월 31일 17시,화요일,경상남도 김해시 진영읍,경상사고,0,0,1,0,차대차 - 정면충돌,안전운전불이행,건조,맑음,교차로 - 교차로안,승용,남,36세,상해없음,승용,남,39세,경상
2021083100100519,2021년 8월 31일 19시,화요일,경상남도 진주시 가좌동,경상사고,0,0,1,0,차대차 - 측면충돌,안전운전불이행,건조,맑음,교차로 - 교차로안,이륜,남,24세,상해없음,이륜,남,21세,경상
2021083100100520,2021년 8월 31일 19시,화요일,경상남도 창녕군 창녕읍,경상사고,0,0,1,0,차대차 - 기타,안전운전불이행,건조,맑음,교차로 - 교차로안,승용,남,55세,경상,화물,남,64세,상해없음
2021083100100521,2021년 8월 31일 19시,화요일,경상남도 함안군 칠서면,경상사고,0,0,1,0,차대차 - 측면충돌,안전운전불이행,건조,맑음,교차로 - 교차로부근,화물,남,71세,상해없음,자전거,남,77세,경상
2021083100100577,2021년 8월 31일 20시,화요일,경상남도 밀양시 무안면,부상신고사고,0,0,0,1,차량단독 - 공작물충돌,안전운전불이행,건조,맑음,교차로 - 교차로부근,원동기,남,65세,부상신고,,,,
2021083100100652,2021년 8월 31일 22시,화요일,경상남도 창원시 진해구 장천동,경상사고,0,0,1,0,차대차 - 추돌,안전운전불이행,건조,맑음,교차로 - 교차로부근,승용,남,72세,상해없음,승용,남,24세,경상
2021083100100653,2021년 8월 31일 22시,화요일,경상남도 산청군 금서면,경상사고,0,0,1,0,차대차 - 기타,중앙선침범,건조,맑음,단일로 - 기타,승용,남,61세,경상,승용,남,35세,기타불명
2021090100100010,2021년 9월 1일 01시,수요일,경상남도 거제시 고현동,경상사고,0,0,1,0,차대사람 - 기타,안전운전불이행,건조,맑음,교차로 - 교차로안,승용,남,51세,상해없음,보행자,남,44세,경상
2021090100100081,2021년 9월 1일 08시,수요일,경상남도 양산시 명동,경상사고,0,0,3,0,차대차 - 측면충돌,교차로운행방법위반,건조,맑음,교차로 - 교차로안,승합,여,48세,경상,승용,여,38세,경상
2021090100100099,2021년 9월 1일 09시,수요일,경상남도 통영시 무전동,경상사고,0,0,1,0,차대차 - 추돌,안전운전불이행,건조,맑음,단일로 - 기타,승용,남,41세,상해없음,화물,남,43세,경상
2021090100100100,2021년 9월 1일 09시,수요일,경상남도 함안군 가야읍,중상사고,0,1,0,0,차대차 - 기타,안전운전불이행,건조,맑음,교차로 - 교차로부근,승합,남,53세,상해없음,승용,여,36세,상해없음
2021090100100153,2021년 9월 1일 11시,수요일,경상남도 고성군 마암면,경상사고,0,0,2,0,차대차 - 측면충돌,안전운전불이행,젖음/습기,비,단일로 - 기타,건설기계,남,63세,상해없음,승용,남,28세,경상
2021090100100183,2021년 9월 1일 12시,수요일,경상남도 창원시 진해구 용원동,경상사고,0,0,1,0,차대차 - 측면충돌,신호위반,젖음/습기,비,교차로 - 교차로안,화물,남,47세,상해없음,승용,남,23세,경상
2021090100100263,2021년 9월 1일 14시,수요일,경상남도 진주시 내동면,중상사고,0,1,0,0,차대차 - 정면충돌,중앙선침범,건조,맑음,단일로 - 기타,이륜,남,64세,중상,승용,남,27세,상해없음
2021090100100264,2021년 9월 1일 14시,수요일,경상남도 거제시 거제면,중상사고,0,1,1,0,차대차 - 정면충돌,중앙선침범,건조,맑음,단일로 - 기타,승용,남,66세,상해없음,승합,남,53세,경상
2021090100100296,2021년 9월 1일 15시,수요일,경상남도 진주시 가좌동,경상사고,0,0,1,0,차대차 - 기타,안전운전불이행,건조,맑음,단일로 - 기타,승용,남,33세,상해없음,승용,남,37세,경상
2021090100100297,2021년 9월 1일 15시,수요일,경상남도 사천시 이금동,경상사고,0,0,2,0,차대차 - 측면충돌,교차로운행방법위반,건조,맑음,단일로 - 기타,승용,남,31세,경상,승용,남,27세,경상
2021090100100298,2021년 9월 1일 15시,수요일,경상남도 거제시 고현동,경상사고,0,0,1,0,차대차 - 기타,교차로운행방법위반,건조,흐림,교차로 - 교차로안,화물,남,36세,상해없음,이륜,남,19세,경상
2021090100100426,2021년 9월 1일 19시,수요일,경상남도 밀양시 산외면,경상사고,0,0,1,0,차대차 - 측면충돌,중앙선침범,젖음/습기,비,단일로 - 기타,승용,남,58세,상해없음,승용,여,58세,경상
2021090100100427,2021년 9월 1일 19시,수요일,경상남도 거제시 사등면,중상사고,0,1,0,0,차대사람 - 기타,안전운전불이행,젖음/습기,비,단일로 - 기타,승용,남,58세,상해없음,보행자,여,54세,중상
2021090100100461,2021년 9월 1일 20시,수요일,경상남도 진주시 장대동,경상사고,0,0,1,0,차대사람 - 기타,안전운전불이행,건조,흐림,단일로 - 기타,승용,남,65세,상해없음,보행자,남,60세,경상
2021090100100462,2021년 9월 1일 20시,수요일,경상남도 창녕군 영산면,중상사고,0,1,0,0,차대차 - 기타,안전운전불이행,젖음/습기,맑음,교차로 - 교차로부근,승용,남,23세,상해없음,이륜,남,62세,중상
2021090100100463,2021년 9월 1일 20시,수요일,경상남도 양산시 상북면,경상사고,0,0,1,0,차대차 - 추돌,안전운전불이행,젖음/습기,비,단일로 - 기타,승용,여,59세,상해없음,승용,남,54세,경상
2021090100100499,2021년 9월 1일 21시,수요일,경상남도 사천시 사천읍,경상사고,0,0,1,0,차대차 - 후진중충돌,안전운전불이행,건조,맑음,주차장 - 주차장,승용,여,21세,상해없음,승용,남,51세,상해없음
2021090100100528,2021년 9월 1일 22시,수요일,경상남도 양산시 동면,경상사고,0,0,2,0,차대차 - 정면충돌,안전운전불이행,건조,맑음,교차로 - 교차로안,승용,여,42세,기타불명,승용,남,50세,경상
2021090200100054,2021년 9월 2일 07시,목요일,경상남도 김해시 구산동,경상사고,0,0,2,0,차대차 - 추돌,안전거리미확보,젖음/습기,비,교차로 - 교차로부근,승용,남,33세,경상,승용,남,48세,상해없음
2021090200100055,2021년 9월 2일 07시,목요일,경상남도 거제시 장평동,경상사고,0,0,1,0,차대사람 - 횡단중,보행자보호의무위반,젖음/습기,비,교차로 - 교차로안,승용,남,25세,상해없음,보행자,여,29세,경상
2021090200100080,2021년 9월 2일 08시,목요일,경상남도 창원시 진해구 덕산동,중상사고,0,1,0,0,차대차 - 측면충돌,안전운전불이행,건조,맑음,교차로 - 교차로안,자전거,여,65세,중상,이륜,여,61세,상해없음
2021090200100106,2021년 9월 2일 09시,목요일,경상남도 김해시 외동,경상사고,0,0,1,0,차대차 - 후진중충돌,안전운전불이행,건조,맑음,기타 - 기타,승용,남,21세,상해없음,승용,남,57세,경상
2021090200100107,2021년 9월 2일 09시,목요일,경상남도 양산시 물금읍,경상사고,0,0,1,0,차대차 - 추돌,안전운전불이행,건조,맑음,단일로 - 기타,승용,여,32세,상해없음,승용,남,30세,경상
2021090200100147,2021년 9월 2일 10시,목요일,경상남도 창원시 마산합포구 월남동2가,경상사고,0,0,1,0,차량단독 - 기타,안전운전불이행,건조,흐림,교차로 - 교차로부근,승합,남,41세,상해없음,,,,
2021090200100164,2021년 9월 2일 11시,목요일,경상남도 진주시 내동면,경상사고,0,0,1,0,차대차 - 측면충돌,안전거리미확보,건조,맑음,교차로 - 교차로부근,승용,여,23세,상해없음,승용,남,60세,경상
2021090200100165,2021년 9월 2일 11시,목요일,경상남도 밀양시 용평동,경상사고,0,0,1,0,차량단독 - 전도전복 - 전도,안전운전불이행,건조,맑음,단일로 - 기타,이륜,여,62세,경상,,,,
2021090200100195,2021년 9월 2일 12시,목요일,경상남도 김해시 외동,중상사고,0,1,0,0,차대차 - 측면충돌,신호위반,건조,맑음,교차로 - 교차로부근,승용,여,33세,상해없음,승용,여,55세,중상