사고번호,사고일시,요일,시군구,사고내용,사망자수,중상자수,경상자수,부상신고자수,사고유형,법규위반,노면상태,기상상태,도로형태,가해운전자 차종,가해운전자 성별,가해운전자 연령,가해운전자 상해정도,피해운전자 차종,피해운전자 성별,피해운전자 연령,피해운전자 상해정도
2021090600100655,2021년 9월 6일 22시,월요일,경상남도 창원시 성산구 상남동,경상사고,0,0,1,0,차대사람 - 횡단중,보행자보호의무위반,건조,흐림,교차로 - 교차로횡단보도내,승용,남,22세,상해없음,보행자,남,57세,경상
2021090600100675,2021년 9월 6일 23시,월요일,경상남도 양산시 상북면,중상사고,0,2,0,0,차대차 - 정면충돌,교차로운행방법위반,건조,맑음,교차로 - 교차로안,화물,남,59세,중상,승용,남,50세,중상
2021090700100024,2021년 9월 7일 04시,화요일,경상남도 김해시 외동,중상사고,0,1,0,0,차대차 - 측면충돌,안전운전불이행,건조,맑음,교차로 - 교차로안,기타불명,기타불명,미분류,기타불명,자전거,남,52세,중상
2021090700100025,2021년 9월 7일 04시,화요일,경상남도 김해시 삼방동,경상사고,0,0,2,0,차대차 - 측면충돌,신호위반,건조,맑음,교차로 - 교차로안,승용,여,33세,상해없음,승용,남,52세,경상
2021090700100046,2021년 9월 7일 06시,화요일,경상남도 밀양시 부북면,경상사고,0,0,2,0,차대차 - 추돌,안전운전불이행,젖음/습기,흐림,교차로 - 교차로안,화물,남,38세,경상,화물,남,54세,경상
2021090700100047,2021년 9월 7일 06시,화요일,경상남도 밀양시 초동면,중상사고,0,2,0,0,차대차 - 측면충돌,직진우회전진행방해,건조,맑음,교차로 - 교차로안,승용,남,78세,중상,승용,남,44세,중상
2021090700100048,2021년 9월 7일 06시,화요일,경상남도 창녕군 대합면,중상사고,0,1,1,0,차대차 - 측면충돌,기타,건조,맑음,단일로 - 기타,특수,남,60세,경상,화물,남,58세,중상
2021090700100065,2021년 9월 7일 07시,화요일,경상남도 김해시 외동,중상사고,0,1,2,0,차대차 - 기타,안전운전불이행,건조,맑음,단일로 - 기타,승용,여,33세,경상,승용,남,66세,중상
2021090700100093,2021년 9월 7일 08시,화요일,경상남도 진주시 초전동,경상사고,0,0,1,0,차대사람 - 기타,안전운전불이행,건조,맑음,단일로 - 기타,승용,여,39세,상해없음,보행자,남,11세,경상
2021090700100094,2021년 9월 7일 08시,화요일,경상남도 밀양시 내이동,중상사고,0,1,0,0,차량단독 - 전도전복 - 전도,안전운전불이행,건조,맑음,단일로 - 기타,이륜,여,59세,중상,,,,
2021090700100095,2021년 9월 7일 08시,화요일,경상남도 김해시 부원동,경상사고,0,0,1,0,차대차 - 측면충돌,안전운전불이행,건조,맑음,단일로 - 기타,승용,여,51세,상해없음,이륜,남,22세,경상
2021090700100096,2021년 9월 7일 08시,화요일,경상남도 함안군 가야읍,경상사고,0,0,1,0,차대차 - 측면충돌,차로위반,건조,맑음,단일로 - 기타,승용,남,26세,상해없음,승용,남,38세,경상
2021090700100137,2021년 9월 7일 09시,화요일,경상남도 창원시 마산합포구 신포동2가,경상사고,0,0,1,0,차대사람 - 차도통행중,안전운전불이행,건조,흐림,교차로 - 교차로부근,승용,여,39세,상해없음,보행자,여,82세,경상
2021090700100138,2021년 9월 7일 09시,화요일,경상남도 거창군 거창읍,경상사고,0,0,1,0,차대차 - 측면충돌,직진우회전진행방해,젖음/습기,비,교차로 - 교차로안,승용,여,45세,상해없음,이륜,남,64세,경상
2021090700100139,2021년 9월 7일 09시,화요일,경상남도 양산시 북정동,중상사고,0,1,0,0,차대차 - 기타,중앙선침범,건조,맑음,단일로 - 기타,화물,남,58세,상해없음,승용,남,39세,중상
2021090700100172,2021년 9월 7일 10시,화요일,경상남도 창원시 마산합포구 신포동1가,중상사고,0,1,0,0,차대차 - 측면충돌,안전운전불이행,건조,흐림,교차로 - 교차로부근,승용,남,52세,상해없음,자전거,남,72세,중상
2021090700100173,2021년 9월 7일 10시,화요일,경상남도 거창군 웅양면,경상사고,0,0,1,0,차대차 - 측면충돌,안전운전불이행,건조,맑음,교차로 - 교차로안,화물,남,81세,상해없음,화물,남,59세,상해없음
2021090700100174,2021년 9월 7일 10시,화요일,경상남도 양산시 물금읍,경상사고,0,0,1,0,차대차 - 추돌,안전운전불이행,건조,맑음,단일로 - 기타,승용,남,81세,상해없음,승용,남,31세,경상
2021090700100175,2021년 9월 7일 10시,화요일,경상남도 산청군 단성면,경상사고,0,0,1,0,차대차 - 측면충돌,안전거리미확보,젖음/습기,비,교차로 - 교차로부근,화물,남,70세,상해없음,화물,남,62세,경상
2021090700100200,2021년 9월 7일 11시,화요일,경상남도 거제시 옥포동,경상사고,0,0,1,0,차대사람 - 기타,안전운전불이행,젖음/습기,흐림,단일로 - 기타,화물,남,46세,상해없음,보행자,남,10세,경상
2021090700100201,2021년 9월 7일 11시,화요일,경상남도 남해군 고현면,부상신고사고,0,0,0,1,차대차 - 기타,안전운전불이행,젖음/습기,비,단일로 - 기타,화물,남,47세,부상신고,승용,여,33세,상해없음
2021090700100202,2021년 9월 7일 11시,화요일,경상남도 창원시 성산구 가음동,경상사고,0,0,1,0,차대차 - 추돌,안전운전불이행,건조,맑음,교차로 - 교차로안,승합,남,29세,상해없음,승용,남,59세,경상
2021090700100233,2021년 9월 7일 12시,화요일,경상남도 창원시 성산구 내동,중상사고,0,1,0,0,차대차 - 추돌,안전운전불이행,건조,맑음,단일로 - 기타,승용,남,51세,상해없음,승용,남,48세,중상
2021090700100234,2021년 9월 7일 12시,화요일,경상남도 김해시 주촌면,경상사고,0,0,2,1,차대차 - 측면충돌,신호위반,건조,맑음,교차로 - 교차로안,이륜,남,32세,상해없음,승용,남,21세,경상
2021090700100293,2021년 9월 7일 14시,화요일,경상남도 밀양시 내이동,부상신고사고,0,0,0,1,차대차 - 측면충돌,교차로운행방법위반,건조,맑음,교차로 - 교차로안,원동기,남,75세,부상신고,승용,남,55세,상해없음
2021090700100294,2021년 9월 7일 14시,화요일,경상남도 김해시 대성동,경상사고,0,0,1,0,차대사람 - 기타,안전운전불이행,건조,맑음,단일로 - 기타,승합,남,27세,상해없음,보행자,여,73세,경상
2021090700100364,2021년 9월 7일 16시,화요일,경상남도 진주시 상대동,중상사고,0,1,0,0,차대차 - 측면충돌,신호위반,건조,맑음,교차로 - 교차로안,승용,남,56세,상해없음,승용,남,65세,중상
2021090700100365,2021년 9월 7일 16시,화요일,경상남도 창원시 진해구 용원동,중상사고,0,2,1,0,차대차 - 측면충돌,교차로운행방법위반,건조,맑음,교차로 - 교차로안,승용,남,51세,경상,승합,남,52세,중상
2021090700100389,2021년 9월 7일 17시,화요일,경상남도 창원시 마산합포구 화영동,경상사고,0,0,1,0,차대차 - 측면충돌,중앙선침범,건조,맑음,단일로 - 기타,승용,남,61세,상해없음,승용,남,20세,경상
2021090700100429,2021년 9월 7일 18시,화요일,경상남도 김해시 내동,경상사고,0,0,1,0,차대차 - 정면충돌,직진우회전진행방해,건조,흐림,교차로 - 교차로안,승용,여,49세,상해없음,이륜,남,30세,경상
2021090700100469,2021년 9월 7일 19시,화요일,경상남도 김해시 삼정동,경상사고,0,0,1,0,차대차 - 측면충돌,교차로운행방법위반,건조,맑음,교차로 - 교차로안,이륜,남,72세,기타불명,원동기,남,31세,경상
2021090700100470,2021년 9월 7일 19시,화요일,경상남도 양산시 평산동,경상사고,0,0,1,0,차대차 - 측면충돌,중앙선침범,건조,맑음,단일로 - 기타,이륜,남,63세,상해없음,승용,남,42세,경상
2021090700100471,2021년 9월 7일 19시,화요일,경상남도 창원시 마산회원구 내서읍,경상사고,0,0,1,0,차대사람 - 횡단중,보행자보호의무위반,건조,맑음,교차로 - 교차로안,승용,남,59세,상해없음,보행자,여,63세,경상
2021090800100042,2021년 9월 8일 06시,수요일,경상남도 양산시 물금읍,경상사고,0,0,1,0,차대차 - 측면충돌,중앙선침범,건조,맑음,단일로 - 기타,승용,남,35세,상해없음,이륜,남,45세,경상
2021090800100065,2021년 9월 8일 07시,수요일,경상남도 양산시 물금읍,부상신고사고,0,0,0,1,차대차 - 측면충돌,교차로운행방법위반,건조,맑음,교차로 - 교차로안,승용,여,30세,상해없음,개인형이동수단(PM),남,33세,부상신고
2021090800100066,2021년 9월 8일 07시,수요일,경상남도 거제시 두모동,경상사고,0,0,1,0,차대차 - 기타,교차로운행방법위반,건조,맑음,교차로 - 교차로안,승용,여,28세,상해없음,자전거,남,49세,경상
2021090800100150,2021년 9월 8일 09시,수요일,경상남도 창원시 진해구 자은동,중상사고,0,1,0,0,차대사람 - 횡단중,보행자보호의무위반,건조,맑음,교차로 - 교차로부근,승용,여,46세,상해없음,보행자,여,58세,중상
2021090800100180,2021년 9월 8일 10시,수요일,경상남도 밀양시 하남읍,경상사고,0,0,1,0,차대차 - 측면충돌,안전운전불이행,건조,맑음,단일로 - 기타,원동기,여,72세,경상,화물,남,84세,상해없음
2021090800100181,2021년 9월 8일 10시,수요일,경상남도 창원시 마산회원구 회원동,중상사고,0,1,0,0,차대사람 - 보도통행중,기타,건조,맑음,단일로 - 기타,화물,남,62세,상해없음,보행자,남,32세,중상
2021090800100287,2021년 9월 8일 13시,수요일,경상남도 산청군 신안면,중상사고,0,1,0,0,차대사람 - 기타,안전운전불이행,건조,맑음,단일로 - 기타,승용,남,62세,상해없음,보행자,남,70세,중상
2021090800100288,2021년 9월 8일 13시,수요일,경상남도 김해시 삼문동,중상사고,0,2,2,0,차대차 - 측면충돌,안전거리미확보,건조,맑음,단일로 - 기타,화물,남,58세,상해없음,화물,남,46세,경상
2021090800100328,2021년 9월 8일 14시,수요일,경상남도 사천시 벌리동,중상사고,0,1,0,0,차대차 - 측면충돌,교차로운행방법위반,건조,맑음,교차로 - 교차로안,승용,남,57세,상해없음,이륜,남,70세,중상
2021090800100329,2021년 9월 8일 14시,수요일,경상남도 밀양시 가곡동,경상사고,0,0,1,0,차대차 - 추돌,안전운전불이행,건조,맑음,교차로 - 교차로안,화물,남,61세,상해없음,승용,여,64세,경상
2021090800100368,2021년 9월 8일 15시,수요일,경상남도 진주시 정촌면,중상사고,0,1,2,0,차대차 - 추돌,안전운전불이행,건조,맑음,단일로 - 기타,승용,남,31세,상해없음,승용,남,31세,중상
2021090800100369,2021년 9월 8일 15시,수요일,경상남도 양산시 평산동,경상사고,0,0,2,0,차대차 - 측면충돌,신호위반,건조,맑음,교차로 - 교차로안,승용,여,53세,상해없음,승용,남,28세,경상
2021090800100370,2021년 9월 8일 15시,수요일,경상남도 거제시 장평동,경상사고,0,0,1,0,차대사람 - 횡단중,보행자보호의무위반,건조,맑음,교차로 - 교차로횡단보도내,개인형이동수단(PM),남,35세,상해없음,보행자,남,7세,경상
2021090800100371,2021년 9월 8일 15시,수요일,경상남도 창원시 마산회원구 봉암동,경상사고,0,0,1,0,차대차 - 정면충돌,신호위반,건조,맑음,교차로 - 교차로안,화물,남,65세,상해없음,승용,남,28세,경상
2021090800100419,2021년 9월 8일 16시,수요일,경상남도 창원시 마산합포구 진북면,중상사고,0,1,4,0,차대차 - 추돌,안전거리미확보,건조,맑음,단일로 - 터널,승용,남,44세,중상,화물,남,53세,경상
2021090800100420,2021년 9월 8일 16시,수요일,경상남도 창원시 의창구 동읍,경상사고,0,0,2,0,차대차 - 측면충돌,안전운전불이행,건조,맑음,단일로 - 기타,화물,남,62세,상해없음,화물,남,58세,상해없음
2021090800100474,2021년 9월 8일 17시,수요일,경상남도 양산시 남부동,경상사고,0,0,1,0,차대사람 - 횡단중,안전운전불이행,건조,맑음,교차로 - 교차로안,승용,남,55세,상해없음,보행자,남,24세,경상
2021090800100476,2021년 9월 8일 17시,수요일,경상남도 김해시 관동동,중상사고,0,1,0,0,차대차 - 측면충돌,직진우회전진행방해,건조,맑음,교차로 - 교차로안,승용,남,34세,상해없음,이륜,남,48세,중상
2021090800100519,2021년 9월 8일 18시,수요일,경상남도 하동군 진교면,부상신고사고,0,0,0,1,차대차 - 측면충돌,안전운전불이행,젖음/습기,맑음,단일로 - 기타,승용,남,54세,상해없음,승용,남,38세,부상신고
2021090800100520,2021년 9월 8일 18시,수요일,경상남도 김해시 삼문동,부상신고사고,0,0,0,1,차대차 - 추돌,안전운전불이행,건조,맑음,단일로 - 기타,원동기,남,18세,부상신고,승용,남,31세,기타불명
2021090800100562,2021년 9월 8일 19시,수요일,경상남도 양산시 평산동,경상사고,0,0,1,1,차량단독 - 기타,안전운전불이행,건조,맑음,교차로 - 교차로안,승용,여,69세,경상,,,,
2021090800100563,2021년 9월 8일 19시,수요일,경상남도 양산시 북정동,경상사고,0,0,1,0,차대차 - 측면충돌,신호위반,건조,맑음,교차로 - 교차로안,승용,남,49세,상해없음,승용,남,46세,경상
2021090800100564,2021년 9월 8일 19시,수요일,경상남도 창원시 의창구 소답동,경상사고,0,0,1,0,차대차 - 추돌,안전거리미확보,건조,맑음,교차로 - 교차로안,승용,여,53세,상해없음,승용,남,73세,경상
2021090800100591,2021년 9월 8일 20시,수요일,경상남도 김해시 삼방동,중상사고,0,1,0,0,차대사람 - 횡단중,신호위반,건조,맑음,교차로 - 교차로안,이륜,남,57세,상해없음,보행자,여,43세,중상
2021090800100643,2021년 9월 8일 22시,수요일,경상남도 창원시 성산구 대원동,경상사고,0,0,1,0,차대차 - 추돌,안전운전불이행,건조,맑음,단일로 - 기타,승용,남,55세,상해없음,화물,남,42세,경상
2021090900100007,2021년 9월 9일 00시,목요일,경상남도 진주시 하대동,경상사고,0,0,3,0,차대차 - 기타,신호위반,건조,맑음,교차로 - 교차로안,승용,남,30세,상해없음,승용,남,74세,경상
2021090900100022,2021년 9월 9일 04시,목요일,경상남도 진주시 호탄동,경상사고,0,0,1,0,차대차 - 기타,안전운전불이행,건조,맑음,단일로 - 기타,승용,남,73세,상해없음,승용,남,50세,경상
2021090900100058,2021년 9월 9일 07시,목요일,경상남도 함안군 칠서면,경상사고,0,0,1,0,차대차 - 측면충돌,중앙선침범,건조,맑음,단일로 - 기타,승용,남,47세,상해없음,승용,남,30세,경상
2021090900100059,2021년 9월 9일 07시,목요일,경상남도 김해시 내덕동,경상사고,0,0,2,0,차대차 - 측면충돌,안전거리미확보,건조,맑음,교차로 - 교차로부근,화물,남,48세,경상,승용,남,30세,경상
2021090900100163,2021년 9월 9일 10시,목요일,경상남도 통영시 무전동,경상사고,0,0,1,0,차대사람 - 차도통행중,기타,건조,맑음,기타 - 기타,건설기계,남,52세,상해없음,보행자,남,78세,경상
2021090900100164,2021년 9월 9일 10시,목요일,경상남도 함양군 함양읍,경상사고,0,0,1,0,차대차 - 기타,안전거리미확보,건조,맑음,단일로 - 기타,화물,남,70세,상해없음,승용,남,69세,상해없음
2021090900100165,2021년 9월 9일 10시,목요일,경상남도 양산시 소주동,경상사고,0,0,1,0,차대차 - 측면충돌,안전운전불이행,건조,맑음,교차로 - 교차로안,화물,남,52세,상해없음,승용,여,62세,경상
2021090900100197,2021년 9월 9일 11시,목요일,경상남도 김해시 진례면,경상사고,0,0,2,0,차대차 - 추돌,안전운전불이행,건조,맑음,단일로 - 기타,승합,남,30세,상해없음,승용,남,28세,경상
2021090900100232,2021년 9월 9일 12시,목요일,경상남도 창원시 마산합포구 진동면,경상사고,0,0,2,0,차대차 - 정면충돌,중앙선침범,건조,맑음,단일로 - 기타,승용,남,62세,상해없음,승용,남,62세,경상
2021090900100270,2021년 9월 9일 13시,목요일,경상남도 김해시 부곡동,중상사고,0,1,0,0,차대차 - 측면충돌,신호위반,건조,맑음,교차로 - 교차로안,화물,남,41세,상해없음,원동기,여,80세,중상
2021090900100306,2021년 9월 9일 14시,목요일,경상남도 남해군 남면,중상사고,0,1,0,0,차대사람 - 기타,안전운전불이행,건조,맑음,단일로 - 기타,승용,여,60세,상해없음,보행자,여,77세,중상
2021090900100344,2021년 9월 9일 15시,목요일,경상남도 양산시 북정동,중상사고,0,1,0,0,차대사람 - 횡단중,신호위반,건조,맑음,교차로 - 교차로횡단보도내,승합,남,49세,상해없음,보행자,남,58세,중상
2021090900100345,2021년 9월 9일 15시,목요일,경상남도 함안군 칠원읍,경상사고,0,0,1,0,차대차 - 정면충돌,안전운전불이행,건조,맑음,단일로 - 기타,승용,여,55세,상해없음,이륜,남,66세,경상
2021090900100381,2021년 9월 9일 16시,목요일,경상남도 진주시 내동면,중상사고,0,1,0,0,차대사람 - 횡단중,안전운전불이행,건조,맑음,교차로 - 교차로횡단보도내,화물,남,46세,상해없음,보행자,남,55세,중상
2021090900100382,2021년 9월 9일 16시,목요일,경상남도 김해시 삼문동,경상사고,0,0,1,0,차대차 - 측면충돌,안전운전불이행,건조,맑음,교차로 - 교차로부근,승용,여,45세,상해없음,승합,여,34세,경상
2021090900100383,2021년 9월 9일 16시,목요일,경상남도 함안군 칠원읍,경상사고,0,0,2,0,차대차 - 추돌,안전운전불이행,건조,맑음,단일로 - 기타,화물,남,69세,상해없음,승용,남,63세,경상
2021090900100414,2021년 9월 9일 17시,목요일,경상남도 창원시 마산합포구 진전면,중상사고,0,1,0,0,차대사람 - 기타,안전운전불이행,건조,맑음,단일로 - 기타,화물,남,42세,상해없음,보행자,여,65세,중상
2021090900100415,2021년 9월 9일 17시,목요일,경상남도 진주시 정촌면,경상사고,0,0,1,0,차대차 - 측면충돌,중앙선침범,건조,맑음,교차로 - 교차로부근,화물,남,60세,상해없음,이륜,남,43세,경상
2021090900100416,2021년 9월 9일 17시,목요일,경상남도 사천시 사천읍,경상사고,0,0,3,0,차대차 - 추돌,안전운전불이행,건조,맑음,단일로 - 기타,승용,여,40세,상해없음,승용,남,39세,경상
2021090900100417,2021년 9월 9일 17시,목요일,경상남도 김해시 삼방동,경상사고,0,0,1,0,차대사람 - 길가장자리구역통행중,안전운전불이행,건조,맑음,단일로 - 기타,이륜,남,41세,상해없음,보행자,여,42세,경상
2021090900100459,2021년 9월 9일 18시,목요일,경상남도 진주시 사봉면,경상사고,0,0,1,0,차대사람 - 횡단중,안전운전불이행,건조,맑음,단일로 - 기타,승용,남,50세,상해없음,보행자,여,86세,경상
2021090900100460,2021년 9월 9일 18시,목요일,경상남도 진주시 남성동,경상사고,0,0,1,0,차대사람 - 기타,안전운전불이행,건조,맑음,단일로 - 기타,승용,남,60세,상해없음,보행자,여,68세,경상
2021090900100461,2021년 9월 9일 18시,목요일,경상남도 양산시 북부동,경상사고,0,0,1,0,차대차 - 측면충돌,안전운전불이행,건조,맑음,단일로 - 기타,승용,여,50세,상해없음,승용,남,58세,경상
2021090900100462,2021년 9월 9일 18시,목요일,경상남도 창원시 성산구 상남동,경상사고,0,0,1,0,차대차 - 기타,안전운전불이행,건조,맑음,교차로 - 교차로횡단보도내,승용,남,61세,상해없음,자전거,여,29세,경상
2021090900100497,2021년 9월 9일 19시,목요일,경상남도 양산시 물금읍,경상사고,0,0,2,0,차대차 - 측면충돌,신호위반,건조,맑음,교차로 - 교차로안,이륜,남,27세,경상,이륜,남,21세,경상
2021090900100498,2021년 9월 9일 19시,목요일,경상남도 창원시 성산구 상남동,중상사고,0,1,0,0,차대사람 - 기타,신호위반,건조,맑음,교차로 - 교차로횡단보도내,이륜,남,33세,상해없음,보행자,여,23세,중상
2021090900100499,2021년 9월 9일 19시,목요일,경상남도 창원시 의창구 동읍,중상사고,0,1,0,0,차대차 - 추돌,안전운전불이행,건조,맑음,단일로 - 기타,승용,남,54세,상해없음,원동기,여,54세,중상
2021090900100550,2021년 9월 9일 21시,목요일,경상남도 함안군 칠원읍,사망사고,1,0,0,0,차대차 - 추돌,안전운전불이행,건조,맑음,단일로 - 기타,승용,남,56세,상해없음,자전거,남,50세,사망
2021090900100551,2021년 9월 9일 21시,목요일,경상남도 김해시 진영읍,부상신고사고,0,0,0,1,차량단독 - 공작물충돌,안전운전불이행,건조,맑음,교차로 - 교차로부근,승합,남,27세,부상신고,,,,
2021090900100574,2021년 9월 9일 22시,목요일,경상남도 통영시 광도면,경상사고,0,0,1,0,차대차 - 기타,신호위반,건조,맑음,교차로 - 교차로안,승용,남,22세,기타불명,승용,여,44세,경상
2021091000100008,2021년 9월 10일 00시,금요일,경상남도 양산시 북부동,경상사고,0,0,4,0,차대차 - 측면충돌,안전운전불이행,건조,맑음,교차로 - 교차로안,승용,남,34세,상해없음,승용,남,59세,경상
2021091000100024,2021년 9월 10일 04시,금요일,경상남도 김해시 외동,경상사고,0,0,1,0,차대차 - 측면충돌,안전운전불이행,건조,맑음,교차로 - 교차로안,자전거,남,80세,경상,화물,남,46세,상해없음
2021091000100039,2021년 9월 10일 05시,금요일,경상남도 창원시 의창구 서상동,중상사고,0,1,1,0,차대차 - 측면충돌,직진우회전진행방해,건조,맑음,교차로 - 교차로안,승용,남,49세,경상,승용,여,62세,중상
2021091000100066,2021년 9월 10일 07시,금요일,경상남도 진주시 상대동,경상사고,0,0,3,0,차대차 - 측면충돌,신호위반,건조,맑음,단일로 - 지하차도(도로)내,승용,남,53세,상해없음,승용,남,67세,경상
2021091000100067,2021년 9월 10일 07시,금요일,경상남도 고성군 회화면,경상사고,0,0,3,0,차대차 - 측면충돌,교차로운행방법위반,젖음/습기,비,교차로 - 교차로안,승용,여,55세,상해없음,승용,여,48세,경상
2021091000100068,2021년 9월 10일 07시,금요일,경상남도 거제시 사등면,중상사고,0,1,0,0,차량단독 - 공작물충돌,안전운전불이행,건조,맑음,단일로 - 기타,승용,여,58세,중상,,,,
2021091000100096,2021년 9월 10일 08시,금요일,경상남도 김해시 불암동,중상사고,0,1,0,0,차대차 - 기타,안전운전불이행,건조,맑음,교차로 - 교차로안,화물,남,56세,상해없음,자전거,남,66세,중상
2021091000100097,2021년 9월 10일 08시,금요일,경상남도 함양군 함양읍,중상사고,0,1,0,0,차대사람 - 횡단중,보행자보호의무위반,건조,맑음,교차로 - 교차로횡단보도내,화물,여,71세,상해없음,보행자,남,9세,중상
2021091000100099,2021년 9월 10일 08시,금요일,경상남도 김해시 무계동,중상사고,0,1,0,0,차대사람 - 횡단중,보행자보호의무위반,건조,맑음,단일로 - 기타,승용,여,38세,상해없음,보행자,여,87세,중상
2021091000100100,2021년 9월 10일 08시,금요일,경상남도 김해시 무계동,중상사고,0,1,0,0,차대차 - 정면충돌,신호위반,건조,맑음,교차로 - 교차로안,화물,남,50세,상해없음,승용,여,31세,중상
2021091000100129,2021년 9월 10일 09시,금요일,경상남도 거창군 가조면,중상사고,0,1,0,0,차대차 - 측면충돌,안전운전불이행,건조,맑음,교차로 - 교차로안,승용,여,34세,상해없음,농기계,남,83세,중상
2021091000100130,2021년 9월 10일 09시,금요일,경상남도 산청군 시천면,경상사고,0,0,1,0,차대차 - 추돌,안전운전불이행,건조,맑음,교차로 - 교차로안,화물,남,67세,경상,건설기계,남,60세,상해없음
2021091000100168,2021년 9월 10일 10시,금요일,경상남도 남해군 미조면,중상사고,0,1,1,0,차대차 - 정면충돌,직진우회전진행방해,젖음/습기,비,교차로 - 교차로안,승용,남,60세,경상,승용,남,27세,중상
2021091000100201,2021년 9월 10일 11시,금요일,경상남도 거제시 동부면,중상사고,0,1,1,0,차대차 - 기타,안전운전불이행,건조,맑음,기타 - 기타,화물,남,69세,중상,화물,남,50세,기타불명
2021091000100259,2021년 9월 10일 13시,금요일,경상남도 거제시 아주동,중상사고,0,1,0,0,차대사람 - 기타,기타,젖음/습기,비,단일로 - 기타,승합,남,63세,상해없음,보행자,여,88세,중상
2021091000100288,2021년 9월 10일 14시,금요일,경상남도 창원시 진해구 석동,중상사고,0,1,0,0,차대사람 - 차도통행중,안전운전불이행,건조,흐림,단일로 - 기타,화물,남,33세,상해없음,보행자,남,81세,중상
2021091000100289,2021년 9월 10일 14시,금요일,경상남도 의령군 화정면,중상사고,0,1,0,0,차대차 - 측면충돌,안전운전불이행,건조,맑음,교차로 - 교차로안,건설기계,남,53세,상해없음,이륜,여,72세,중상
2021091000100329,2021년 9월 10일 15시,금요일,경상남도 밀양시 삼문동,중상사고,0,1,0,0,차대차 - 측면충돌,안전운전불이행,건조,맑음,단일로 - 기타,자전거,여,74세,중상,승용,여,78세,상해없음
2021091000100330,2021년 9월 10일 15시,금요일,경상남도 거제시 고현동,경상사고,0,0,1,0,차대차 - 측면충돌,안전거리미확보,건조,맑음,단일로 - 기타,이륜,여,70세,경상,승용,남,65세,상해없음
2021091000100370,2021년 9월 10일 16시,금요일,경상남도 진주시 가좌동,경상사고,0,0,1,0,차대사람 - 기타,안전운전불이행,건조,맑음,단일로 - 기타,승용,여,41세,상해없음,보행자,남,5세,경상
2021091000100371,2021년 9월 10일 16시,금요일,경상남도 창원시 진해구 익선동,경상사고,0,0,1,0,차대차 - 측면충돌,안전운전불이행,건조,맑음,교차로 - 교차로안,자전거,남,76세,경상,승용,여,63세,상해없음
2021091000100372,2021년 9월 10일 16시,금요일,경상남도 창원시 진해구 용원동,중상사고,0,2,1,0,차대차 - 측면충돌,중앙선침범,건조,흐림,단일로 - 기타,승용,여,38세,기타불명,승용,남,34세,중상
2021091000100373,2021년 9월 10일 16시,금요일,경상남도 밀양시 내일동,중상사고,0,1,0,0,차대사람 - 기타,안전운전불이행,건조,맑음,단일로 - 기타,승용,여,49세,상해없음,보행자,남,62세,중상
2021091000100374,2021년 9월 10일 16시,금요일,경상남도 밀양시 삼문동,중상사고,0,1,0,0,차대차 - 추돌,안전운전불이행,건조,맑음,단일로 - 기타,화물,남,41세,상해없음,화물,남,59세,중상
2021091000100375,2021년 9월 10일 16시,금요일,경상남도 거제시 아주동,경상사고,0,0,1,0,차대차 - 기타,안전거리미확보,건조,맑음,단일로 - 기타,승용,남,42세,상해없음,승용,여,35세,경상
2021091000100428,2021년 9월 10일 17시,금요일,경상남도 창원시 진해구 풍호동,중상사고,0,1,0,0,차대사람 - 기타,안전운전불이행,건조,맑음,단일로 - 기타,승용,남,32세,상해없음,보행자,여,53세,중상
2021091000100429,2021년 9월 10일 17시,금요일,경상남도 김해시 진영읍,경상사고,0,0,2,0,차대차 - 기타,안전운전불이행,건조,맑음,교차로 - 교차로안,승용,남,54세,기타불명,승용,남,32세,경상
2021091000100485,2021년 9월 10일 18시,금요일,경상남도 함양군 함양읍,경상사고,0,0,4,0,차대차 - 측면충돌,교차로운행방법위반,건조,맑음,교차로 - 교차로안,승용,남,21세,상해없음,승용,여,54세,경상
2021091000100486,2021년 9월 10일 18시,금요일,경상남도 거제시 고현동,경상사고,0,0,1,0,차대차 - 후진중충돌,안전운전불이행,건조,맑음,단일로 - 기타,승용,여,70세,상해없음,승용,여,31세,경상
2021091000100535,2021년 9월 10일 19시,금요일,경상남도 사천시 사천읍,중상사고,0,1,0,0,차대차 - 기타,중앙선침범,건조,맑음,단일로 - 기타,승용,여,44세,상해없음,이륜,남,41세,중상
2021091000100605,2021년 9월 10일 21시,금요일,경상남도 양산시 동면,부상신고사고,0,0,0,1,차대차 - 추돌,안전운전불이행,건조,맑음,단일로 - 교량,이륜,남,55세,부상신고,승용,남,45세,기타불명
2021091000100639,2021년 9월 10일 22시,금요일,경상남도 김해시 삼방동,사망사고,1,0,0,0,차대차 - 기타,안전운전불이행,건조,맑음,교차로 - 교차로안,승용,여,65세,상해없음,이륜,남,43세,사망
2021091000100640,2021년 9월 10일 22시,금요일,경상남도 창원시 성산구 남산동,경상사고,0,0,2,0,차대차 - 추돌,안전운전불이행,건조,맑음,단일로 - 기타,이륜,남,34세,상해없음,승용,남,62세,상해없음
2021091000100641,2021년 9월 10일 22시,금요일,경상남도 김해시 진영읍,경상사고,0,0,1,0,차량단독 - 전도전복 - 전도,안전운전불이행,건조,맑음,단일로 - 기타,개인형이동수단(PM),남,18세,경상,,,,
2021091000100660,2021년 9월 10일 23시,금요일,경상남도 김해시 응달동,중상사고,0,1,0,0,차대차 - 기타,안전운전불이행,건조,맑음,단일로 - 기타,승용,남,26세,상해없음,승용,남,28세,중상
2021091000100673,2021년 9월 10일 23시,금요일,경상남도 창원시 마산합포구 월남동2가,경상사고,0,0,2,0,차대차 - 측면충돌,기타,건조,맑음,단일로 - 기타,승용,남,31세,상해없음,화물,남,54세,기타불명