사고번호,사고일시,요일,시군구,사고내용,사망자수,중상자수,경상자수,부상신고자수,사고유형,법규위반,노면상태,기상상태,도로형태,가해운전자 차종,가해운전자 성별,가해운전자 연령,가해운전자 상해정도,피해운전자 차종,피해운전자 성별,피해운전자 연령,피해운전자 상해정도
2021091100100025,2021년 9월 11일 02시,토요일,경상남도 양산시 중부동,중상사고,0,1,2,1,차대차 - 추돌,안전운전불이행,건조,맑음,단일로 - 기타,승용,남,56세,부상신고,승용,여,50세,경상
2021091100100032,2021년 9월 11일 04시,토요일,경상남도 양산시 동면,중상사고,0,1,0,0,차대사람 - 기타,안전운전불이행,건조,맑음,단일로 - 기타,이륜,남,14세,상해없음,보행자,여,77세,중상
2021091100100065,2021년 9월 11일 07시,토요일,경상남도 진주시 대안동,경상사고,0,0,1,0,차대차 - 추돌,안전운전불이행,건조,맑음,단일로 - 기타,승용,남,62세,상해없음,승용,여,74세,경상
2021091100100066,2021년 9월 11일 07시,토요일,경상남도 진주시 내동면,중상사고,0,1,0,0,차대차 - 측면충돌,신호위반,건조,맑음,교차로 - 교차로안,승용,남,32세,상해없음,승용,남,46세,중상
2021091100100084,2021년 9월 11일 08시,토요일,경상남도 하동군 악양면,경상사고,0,0,1,0,차대사람 - 차도통행중,안전운전불이행,건조,맑음,단일로 - 기타,건설기계,남,54세,상해없음,보행자,여,85세,경상
2021091100100111,2021년 9월 11일 09시,토요일,경상남도 거창군 거창읍,경상사고,0,0,1,0,차대사람 - 횡단중,보행자보호의무위반,건조,맑음,교차로 - 교차로부근,승용,남,79세,상해없음,보행자,여,19세,경상
2021091100100112,2021년 9월 11일 09시,토요일,경상남도 양산시 삼호동,경상사고,0,0,1,0,차대차 - 기타,안전운전불이행,건조,맑음,교차로 - 교차로부근,화물,남,65세,상해없음,이륜,남,76세,경상
2021091100100113,2021년 9월 11일 09시,토요일,경상남도 김해시 진영읍,경상사고,0,0,1,0,차대차 - 추돌,안전운전불이행,건조,맑음,단일로 - 기타,화물,남,33세,상해없음,승용,여,40세,경상
2021091100100141,2021년 9월 11일 10시,토요일,경상남도 진주시 이반성면,중상사고,0,1,0,0,차대사람 - 보도통행중,안전운전불이행,건조,맑음,단일로 - 기타,승용,남,43세,상해없음,보행자,남,5세,중상
2021091100100142,2021년 9월 11일 10시,토요일,경상남도 진주시 초전동,경상사고,0,0,2,0,차대차 - 측면충돌,안전운전불이행,건조,맑음,교차로 - 교차로안,승용,여,56세,상해없음,승용,여,42세,경상
2021091100100143,2021년 9월 11일 10시,토요일,경상남도 양산시 상북면,중상사고,0,1,0,0,차대차 - 측면충돌,교차로운행방법위반,건조,맑음,교차로 - 교차로안,화물,남,50세,기타불명,화물,남,71세,중상
2021091100100192,2021년 9월 11일 11시,토요일,경상남도 진주시 이현동,중상사고,0,2,1,0,차대차 - 정면충돌,신호위반,건조,맑음,교차로 - 교차로안,승용,여,54세,상해없음,승용,남,63세,경상
2021091100100193,2021년 9월 11일 11시,토요일,경상남도 사천시 축동면,중상사고,0,1,0,0,차대차 - 측면충돌,안전운전불이행,건조,맑음,단일로 - 기타,화물,남,49세,상해없음,승용,남,44세,중상
2021091100100194,2021년 9월 11일 11시,토요일,경상남도 김해시 어방동,경상사고,0,0,1,0,차대차 - 측면충돌,신호위반,건조,맑음,교차로 - 교차로안,승용,남,29세,상해없음,이륜,남,37세,경상
2021091100100195,2021년 9월 11일 11시,토요일,경상남도 고성군 회화면,경상사고,0,0,4,0,차대차 - 기타,안전운전불이행,건조,맑음,단일로 - 기타,이륜,남,81세,상해없음,승용,남,39세,경상
2021091100100247,2021년 9월 11일 12시,토요일,경상남도 하동군 금남면,중상사고,0,1,0,0,차대차 - 추돌,안전운전불이행,건조,맑음,교차로 - 교차로부근,이륜,남,48세,상해없음,이륜,남,54세,중상
2021091100100301,2021년 9월 11일 13시,토요일,경상남도 통영시 무전동,중상사고,0,1,0,0,차대차 - 측면충돌,직진우회전진행방해,건조,맑음,교차로 - 교차로안,승용,여,54세,상해없음,이륜,남,45세,중상
2021091100100302,2021년 9월 11일 13시,토요일,경상남도 통영시 사량면,중상사고,0,1,0,0,차량단독 - 공작물충돌,안전운전불이행,건조,맑음,단일로 - 기타,승용,남,53세,상해없음,,,,
2021091100100303,2021년 9월 11일 13시,토요일,경상남도 창원시 마산회원구 합성동,중상사고,0,1,0,0,차대사람 - 길가장자리구역통행중,안전운전불이행,건조,맑음,단일로 - 기타,승용,여,58세,상해없음,보행자,남,86세,중상
2021091100100349,2021년 9월 11일 14시,토요일,경상남도 통영시 용남면,경상사고,0,0,1,0,차대차 - 추돌,안전운전불이행,건조,맑음,단일로 - 기타,자전거,남,57세,경상,승용,남,65세,상해없음
2021091100100350,2021년 9월 11일 14시,토요일,경상남도 사천시 사천읍,경상사고,0,0,3,0,차대차 - 측면충돌,교차로운행방법위반,건조,맑음,교차로 - 교차로안,승용,여,44세,경상,승용,남,47세,경상
2021091100100351,2021년 9월 11일 14시,토요일,경상남도 양산시 북부동,경상사고,0,0,1,0,차대사람 - 횡단중,안전운전불이행,건조,맑음,교차로 - 교차로부근,화물,남,43세,상해없음,보행자,여,54세,경상
2021091100100442,2021년 9월 11일 16시,토요일,경상남도 사천시 곤명면,중상사고,0,2,0,0,차대차 - 측면충돌,안전운전불이행,건조,맑음,단일로 - 기타,승용,남,76세,중상,화물,남,67세,중상
2021091100100443,2021년 9월 11일 16시,토요일,경상남도 창원시 성산구 가음정동,중상사고,0,1,0,0,차량단독 - 기타,안전운전불이행,건조,맑음,단일로 - 기타,승합,남,31세,상해없음,,,,
2021091100100487,2021년 9월 11일 17시,토요일,경상남도 창원시 진해구 용원동,부상신고사고,0,0,0,1,차대차 - 측면충돌,교차로운행방법위반,건조,맑음,교차로 - 교차로안,승용,여,51세,부상신고,승용,남,26세,기타불명
2021091100100488,2021년 9월 11일 17시,토요일,경상남도 창녕군 성산면,중상사고,0,1,0,0,차대차 - 측면충돌,안전운전불이행,건조,맑음,단일로 - 기타,승용,여,49세,상해없음,이륜,남,68세,중상
2021091100100489,2021년 9월 11일 17시,토요일,경상남도 거제시 장평동,경상사고,0,0,1,0,차대사람 - 차도통행중,안전운전불이행,건조,맑음,기타 - 기타,승용,남,32세,상해없음,보행자,여,10세,경상
2021091100100524,2021년 9월 11일 18시,토요일,경상남도 양산시 물금읍,경상사고,0,0,1,0,차대사람 - 횡단중,안전운전불이행,건조,맑음,교차로 - 교차로부근,승합,남,49세,상해없음,보행자,남,36세,경상
2021091100100525,2021년 9월 11일 18시,토요일,경상남도 김해시 신문동,경상사고,0,0,2,0,차대차 - 추돌,안전운전불이행,건조,맑음,단일로 - 기타,화물,남,25세,상해없음,승용,여,50세,경상
2021091100100573,2021년 9월 11일 19시,토요일,경상남도 창원시 진해구 여좌동,부상신고사고,0,0,0,1,차대차 - 기타,신호위반,건조,맑음,교차로 - 교차로안,이륜,남,25세,부상신고,승용,남,20세,상해없음
2021091100100574,2021년 9월 11일 19시,토요일,경상남도 김해시 외동,중상사고,0,1,0,0,차대차 - 측면충돌,신호위반,건조,맑음,교차로 - 교차로횡단보도내,이륜,여,21세,상해없음,자전거,남,55세,중상
2021091100100575,2021년 9월 11일 19시,토요일,경상남도 창원시 마산회원구 양덕동,경상사고,0,0,1,0,차대사람 - 횡단중,보행자보호의무위반,건조,맑음,교차로 - 교차로부근,승용,남,38세,상해없음,보행자,여,7세,경상
2021091100100609,2021년 9월 11일 20시,토요일,경상남도 양산시 명동,경상사고,0,0,1,0,차대차 - 기타,신호위반,건조,맑음,교차로 - 교차로안,이륜,남,51세,상해없음,이륜,남,28세,경상
2021091100100641,2021년 9월 11일 21시,토요일,경상남도 김해시 어방동,중상사고,0,1,0,0,차대차 - 추돌,안전운전불이행,건조,맑음,단일로 - 기타,승용,여,57세,상해없음,이륜,남,37세,중상
2021091100100679,2021년 9월 11일 22시,토요일,경상남도 거창군 거창읍,부상신고사고,0,0,0,1,차량단독 - 전도전복 - 전도,안전운전불이행,건조,맑음,단일로 - 기타,이륜,남,19세,부상신고,,,,
2021091100100680,2021년 9월 11일 22시,토요일,경상남도 창원시 성산구 사파동,경상사고,0,0,1,0,차대차 - 측면충돌,차로위반,건조,맑음,단일로 - 지하차도(도로)내,승용,남,50세,상해없음,승용,남,36세,경상
2021091100100681,2021년 9월 11일 22시,토요일,경상남도 김해시 대청동,경상사고,0,0,1,0,차대차 - 측면충돌,안전운전불이행,건조,맑음,교차로 - 교차로안,승용,여,54세,상해없음,이륜,남,22세,경상
2021091100100682,2021년 9월 11일 22시,토요일,경상남도 김해시 부곡동,중상사고,0,1,0,0,차대차 - 정면충돌,신호위반,건조,맑음,교차로 - 교차로안,승용,여,52세,상해없음,원동기,남,64세,중상
2021091200100026,2021년 9월 12일 05시,일요일,경상남도 진주시 상평동,중상사고,0,1,0,0,차대차 - 측면충돌,안전운전불이행,건조,맑음,교차로 - 교차로안,승용,여,45세,상해없음,화물,여,67세,중상
2021091200100044,2021년 9월 12일 08시,일요일,경상남도 거창군 마리면,경상사고,0,0,1,0,차대차 - 추돌,안전거리미확보,건조,맑음,교차로 - 교차로부근,건설기계,남,49세,상해없음,승용,남,26세,경상
2021091200100045,2021년 9월 12일 08시,일요일,경상남도 고성군 고성읍,중상사고,0,1,0,0,차대사람 - 기타,안전운전불이행,건조,맑음,단일로 - 기타,화물,남,35세,상해없음,보행자,여,66세,중상
2021091200100096,2021년 9월 12일 11시,일요일,경상남도 창원시 진해구 경화동,중상사고,0,1,4,0,차대차 - 추돌,안전거리미확보,건조,맑음,단일로 - 고가도로위,승용,남,41세,경상,승용,여,52세,경상
2021091200100097,2021년 9월 12일 11시,일요일,경상남도 통영시 용남면,경상사고,0,0,1,0,차대차 - 측면충돌,직진우회전진행방해,건조,맑음,교차로 - 교차로안,승용,남,60세,상해없음,승용,여,50세,경상
2021091200100098,2021년 9월 12일 11시,일요일,경상남도 거제시 고현동,중상사고,0,1,0,0,차대사람 - 횡단중,보행자보호의무위반,건조,맑음,기타 - 기타,승용,여,58세,상해없음,보행자,여,28세,중상
2021091200100118,2021년 9월 12일 12시,일요일,경상남도 밀양시 삼랑진읍,중상사고,0,1,2,0,차대차 - 측면충돌,중앙선침범,건조,맑음,단일로 - 기타,이륜,남,40세,경상,승용,남,34세,경상
2021091200100119,2021년 9월 12일 12시,일요일,경상남도 김해시 전하동,경상사고,0,0,1,0,차대차 - 측면충돌,신호위반,건조,맑음,교차로 - 교차로안,승용,여,22세,상해없음,승용,남,32세,경상
2021091200100163,2021년 9월 12일 13시,일요일,경상남도 김해시 삼정동,경상사고,0,0,2,0,차대차 - 측면충돌,직진우회전진행방해,건조,맑음,교차로 - 교차로안,승용,여,61세,상해없음,승용,남,57세,경상
2021091200100164,2021년 9월 12일 13시,일요일,경상남도 함양군 함양읍,경상사고,0,0,1,0,차대차 - 측면충돌,안전운전불이행,건조,맑음,단일로 - 기타,이륜,남,77세,경상,승합,남,53세,상해없음
2021091200100199,2021년 9월 12일 14시,일요일,경상남도 김해시 부원동,경상사고,0,0,1,0,차대사람 - 횡단중,안전운전불이행,건조,맑음,교차로 - 교차로안,승용,남,44세,상해없음,보행자,남,69세,경상
2021091200100200,2021년 9월 12일 14시,일요일,경상남도 함양군 함양읍,부상신고사고,0,0,0,1,차대차 - 측면충돌,교차로운행방법위반,건조,맑음,교차로 - 교차로안,화물,남,54세,부상신고,승합,남,68세,상해없음
2021091200100201,2021년 9월 12일 14시,일요일,경상남도 창녕군 영산면,경상사고,0,0,3,0,차대차 - 측면충돌,안전운전불이행,건조,맑음,단일로 - 기타,화물,남,72세,상해없음,승용,남,35세,경상
2021091200100233,2021년 9월 12일 15시,일요일,경상남도 창원시 성산구 성주동,경상사고,0,0,1,0,차대차 - 정면충돌,안전운전불이행,건조,맑음,교차로 - 교차로안,승용,남,63세,상해없음,승용,여,49세,경상
2021091200100265,2021년 9월 12일 16시,일요일,경상남도 창원시 진해구 태평동,경상사고,0,0,2,0,차대차 - 추돌,안전운전불이행,건조,맑음,교차로 - 교차로부근,원동기,남,35세,상해없음,승용,남,46세,상해없음
2021091200100266,2021년 9월 12일 16시,일요일,경상남도 남해군 남면,부상신고사고,0,0,0,1,차량단독 - 전도전복 - 전도,안전운전불이행,건조,맑음,단일로 - 기타,화물,남,71세,부상신고,,,,
2021091200100310,2021년 9월 12일 17시,일요일,경상남도 사천시 송포동,경상사고,0,0,4,0,차대차 - 기타,안전운전불이행,건조,맑음,단일로 - 기타,승용,남,53세,상해없음,승용,여,35세,경상
2021091200100311,2021년 9월 12일 17시,일요일,경상남도 김해시 삼계동,경상사고,0,0,1,0,차대차 - 정면충돌,안전거리미확보,건조,맑음,단일로 - 기타,승용,남,40세,기타불명,이륜,남,27세,경상
2021091200100312,2021년 9월 12일 17시,일요일,경상남도 양산시 덕계동,경상사고,0,0,1,0,차대차 - 측면충돌,안전거리미확보,건조,맑음,교차로 - 교차로안,승용,여,38세,상해없음,승용,남,64세,경상
2021091200100313,2021년 9월 12일 17시,일요일,경상남도 함안군 법수면,경상사고,0,0,2,0,차대차 - 측면충돌,기타,건조,맑음,교차로 - 교차로안,승용,남,60세,상해없음,화물,남,41세,경상
2021091200100345,2021년 9월 12일 18시,일요일,경상남도 사천시 곤명면,중상사고,0,1,0,0,차대차 - 정면충돌,교차로운행방법위반,건조,맑음,교차로 - 교차로안,화물,남,28세,상해없음,원동기,남,79세,중상
2021091200100346,2021년 9월 12일 18시,일요일,경상남도 창녕군 창녕읍,경상사고,0,0,1,0,차량단독 - 공작물충돌,안전운전불이행,건조,맑음,단일로 - 기타,승용,남,40세,경상,,,,
2021091200100347,2021년 9월 12일 18시,일요일,경상남도 양산시 삼호동,부상신고사고,0,0,0,1,차대차 - 측면충돌,신호위반,건조,맑음,교차로 - 교차로안,이륜,남,43세,부상신고,승용,남,43세,상해없음
2021091200100380,2021년 9월 12일 19시,일요일,경상남도 김해시 신문동,중상사고,0,1,0,0,차대차 - 추돌,안전운전불이행,건조,맑음,교차로 - 교차로부근,승용,남,48세,상해없음,이륜,남,57세,중상
2021091200100408,2021년 9월 12일 20시,일요일,경상남도 함안군 칠원읍,경상사고,0,0,1,0,차대차 - 추돌,안전운전불이행,건조,맑음,단일로 - 터널,승용,남,32세,상해없음,승용,남,37세,경상
2021091200100424,2021년 9월 12일 21시,일요일,경상남도 창녕군 창녕읍,경상사고,0,0,1,0,차대차 - 기타,중앙선침범,건조,맑음,단일로 - 기타,승용,남,76세,상해없음,승용,남,38세,경상
2021091200100445,2021년 9월 12일 22시,일요일,경상남도 김해시 부원동,경상사고,0,0,1,0,차대사람 - 기타,안전운전불이행,건조,맑음,단일로 - 기타,승합,남,62세,상해없음,보행자,여,62세,경상
2021091300100014,2021년 9월 13일 03시,월요일,경상남도 고성군 거류면,중상사고,0,1,1,0,차대차 - 측면충돌,신호위반,건조,맑음,교차로 - 교차로안,승용,남,60세,상해없음,승용,남,80세,경상
2021091300100021,2021년 9월 13일 04시,월요일,경상남도 진주시 초전동,중상사고,0,2,0,0,차대차 - 측면충돌,안전거리미확보,건조,맑음,기타 - 기타,승용,남,78세,상해없음,화물,남,74세,중상
2021091300100063,2021년 9월 13일 07시,월요일,경상남도 양산시 상북면,경상사고,0,0,1,0,차대차 - 추돌,안전운전불이행,건조,맑음,교차로 - 교차로부근,승용,남,66세,상해없음,승용,남,30세,경상
2021091300100064,2021년 9월 13일 07시,월요일,경상남도 창원시 의창구 봉곡동,경상사고,0,0,1,0,차대차 - 측면충돌,안전운전불이행,건조,맑음,단일로 - 기타,승용,여,57세,상해없음,승용,여,39세,경상
2021091300100094,2021년 9월 13일 08시,월요일,경상남도 창원시 성산구 사파동,경상사고,0,0,1,0,차대차 - 추돌,안전운전불이행,건조,맑음,단일로 - 기타,화물,남,50세,상해없음,승용,남,34세,경상
2021091300100134,2021년 9월 13일 09시,월요일,경상남도 사천시 서포면,중상사고,0,1,0,0,차대차 - 측면충돌,교차로운행방법위반,건조,맑음,교차로 - 교차로안,농기계,남,79세,중상,특수,남,50세,상해없음
2021091300100169,2021년 9월 13일 10시,월요일,경상남도 창원시 마산합포구 상남동,중상사고,0,1,0,0,차대사람 - 기타,안전운전불이행,건조,맑음,단일로 - 기타,승용,여,39세,상해없음,보행자,남,82세,중상
2021091300100170,2021년 9월 13일 10시,월요일,경상남도 합천군 율곡면,중상사고,0,1,0,1,차대차 - 추돌,안전운전불이행,건조,맑음,교차로 - 교차로부근,이륜,남,86세,부상신고,화물,남,59세,상해없음
2021091300100171,2021년 9월 13일 10시,월요일,경상남도 거제시 고현동,경상사고,0,0,1,0,차대차 - 측면충돌,신호위반,건조,맑음,교차로 - 교차로안,승용,여,76세,상해없음,승용,남,65세,경상
2021091300100208,2021년 9월 13일 11시,월요일,경상남도 사천시 사천읍,중상사고,0,1,1,0,차대차 - 측면충돌,안전운전불이행,건조,맑음,단일로 - 기타,승용,남,64세,상해없음,승용,여,55세,경상
2021091300100209,2021년 9월 13일 11시,월요일,경상남도 합천군 삼가면,경상사고,0,0,1,0,차대차 - 측면충돌,안전운전불이행,건조,맑음,교차로 - 교차로부근,원동기,여,73세,경상,승합,남,59세,상해없음
2021091300100210,2021년 9월 13일 11시,월요일,경상남도 함양군 함양읍,중상사고,0,1,0,0,차대사람 - 횡단중,안전운전불이행,건조,맑음,단일로 - 기타,승용,여,54세,상해없음,보행자,남,38세,중상
2021091300100247,2021년 9월 13일 12시,월요일,경상남도 창원시 마산합포구 부림동,경상사고,0,0,1,0,차대사람 - 기타,안전운전불이행,건조,맑음,교차로 - 교차로부근,승용,여,49세,상해없음,보행자,남,61세,경상
2021091300100248,2021년 9월 13일 12시,월요일,경상남도 양산시 삼호동,경상사고,0,0,1,0,차대차 - 추돌,안전운전불이행,건조,맑음,교차로 - 교차로부근,승용,남,53세,상해없음,승용,남,44세,경상
2021091300100249,2021년 9월 13일 12시,월요일,경상남도 고성군 거류면,경상사고,0,0,1,0,차대차 - 측면충돌,안전운전불이행,건조,맑음,단일로 - 기타,승용,남,68세,상해없음,승용,남,61세,경상
2021091300100347,2021년 9월 13일 14시,월요일,경상남도 진주시 정촌면,경상사고,0,0,2,0,차대차 - 기타,안전운전불이행,건조,맑음,교차로 - 교차로부근,승용,여,62세,경상,화물,남,38세,경상
2021091300100348,2021년 9월 13일 14시,월요일,경상남도 밀양시 산내면,중상사고,0,1,0,0,차대차 - 측면충돌,교차로운행방법위반,건조,맑음,교차로 - 교차로안,이륜,남,88세,중상,승용,여,61세,상해없음
2021091300100349,2021년 9월 13일 14시,월요일,경상남도 양산시 물금읍,경상사고,0,0,1,0,차대차 - 측면충돌,교차로운행방법위반,건조,맑음,교차로 - 교차로안,승용,여,61세,상해없음,승용,여,31세,경상
2021091300100381,2021년 9월 13일 15시,월요일,경상남도 사천시 사천읍,중상사고,0,1,0,0,차대차 - 측면충돌,안전운전불이행,건조,맑음,단일로 - 기타,화물,남,56세,상해없음,이륜,남,46세,중상
2021091300100382,2021년 9월 13일 15시,월요일,경상남도 김해시 동상동,경상사고,0,0,3,0,차대차 - 측면충돌,안전운전불이행,건조,흐림,교차로 - 교차로안,승합,여,43세,경상,승용,남,61세,경상
2021091300100383,2021년 9월 13일 15시,월요일,경상남도 거제시 상동동,경상사고,0,0,1,0,차대차 - 측면충돌,신호위반,건조,맑음,교차로 - 교차로안,승용,여,65세,상해없음,승용,여,42세,경상
2021091300100422,2021년 9월 13일 16시,월요일,경상남도 창원시 성산구 불모산동,경상사고,0,0,1,0,차대차 - 측면충돌,신호위반,건조,맑음,단일로 - 기타,승용,남,52세,상해없음,승용,남,53세,경상
2021091300100463,2021년 9월 13일 17시,월요일,경상남도 진주시 초전동,중상사고,0,1,0,0,차대사람 - 기타,안전운전불이행,건조,맑음,기타 - 기타,건설기계,남,58세,상해없음,보행자,여,51세,중상
2021091300100515,2021년 9월 13일 18시,월요일,경상남도 양산시 북정동,경상사고,0,0,1,0,차대차 - 측면충돌,교차로운행방법위반,건조,맑음,교차로 - 교차로안,승합,여,56세,상해없음,승용,여,51세,경상
2021091300100516,2021년 9월 13일 18시,월요일,경상남도 고성군 하이면,부상신고사고,0,0,0,1,차량단독 - 도로외이탈 - 추락,안전운전불이행,건조,맑음,단일로 - 기타,사륜오토바이(ATV),여,79세,부상신고,,,,
2021091300100517,2021년 9월 13일 18시,월요일,경상남도 김해시 부곡동,중상사고,0,1,0,0,차대차 - 측면충돌,신호위반,건조,맑음,교차로 - 교차로안,승용,여,44세,상해없음,이륜,남,21세,중상
2021091300100561,2021년 9월 13일 19시,월요일,경상남도 김해시 대성동,경상사고,0,0,1,0,차대차 - 추돌,안전운전불이행,건조,맑음,단일로 - 기타,승용,남,37세,상해없음,승용,남,33세,경상
2021091300100562,2021년 9월 13일 19시,월요일,경상남도 김해시 구산동,경상사고,0,0,1,0,차대사람 - 기타,안전운전불이행,건조,맑음,주차장 - 주차장,이륜,남,60세,상해없음,보행자,여,40세,경상
2021091300100563,2021년 9월 13일 19시,월요일,경상남도 김해시 삼문동,경상사고,0,0,1,0,차대사람 - 횡단중,안전운전불이행,건조,맑음,교차로 - 교차로횡단보도내,승용,여,58세,상해없음,보행자,남,13세,경상
2021091300100596,2021년 9월 13일 20시,월요일,경상남도 통영시 미수동,경상사고,0,0,1,0,차대사람 - 차도통행중,안전운전불이행,건조,맑음,교차로 - 교차로부근,승용,남,33세,상해없음,보행자,남,49세,경상
2021091300100597,2021년 9월 13일 20시,월요일,경상남도 창원시 의창구 서상동,중상사고,0,1,1,0,차대차 - 정면충돌,신호위반,건조,맑음,교차로 - 교차로안,승용,남,33세,경상,승용,남,26세,중상
2021091300100620,2021년 9월 13일 21시,월요일,경상남도 창원시 진해구 장천동,경상사고,0,0,1,0,차대차 - 측면충돌,안전운전불이행,건조,맑음,단일로 - 기타,승용,남,72세,상해없음,이륜,남,20세,경상
2021091300100621,2021년 9월 13일 21시,월요일,경상남도 창원시 진해구 용원동,중상사고,0,1,0,0,차대차 - 기타,안전운전불이행,건조,맑음,교차로 - 교차로안,승용,남,57세,상해없음,이륜,남,27세,중상
2021091400100033,2021년 9월 14일 05시,화요일,경상남도 사천시 서포면,경상사고,0,0,1,0,차대사람 - 길가장자리구역통행중,안전운전불이행,젖음/습기,비,단일로 - 기타,화물,여,57세,상해없음,보행자,여,64세,경상
2021091400100040,2021년 9월 14일 06시,화요일,경상남도 진주시 하대동,경상사고,0,0,1,0,차대차 - 추돌,직진우회전진행방해,건조,맑음,교차로 - 교차로횡단보도내,승용,남,68세,상해없음,자전거,남,74세,경상
2021091400100041,2021년 9월 14일 06시,화요일,경상남도 함양군 안의면,중상사고,0,2,0,0,차대차 - 측면충돌,신호위반,건조,맑음,교차로 - 교차로안,화물,남,71세,중상,화물,남,42세,중상
2021091400100042,2021년 9월 14일 06시,화요일,경상남도 거제시 사등면,중상사고,0,1,0,0,차량단독 - 기타,안전운전불이행,젖음/습기,비,단일로 - 기타,승합,남,43세,상해없음,,,,
2021091400100074,2021년 9월 14일 07시,화요일,경상남도 김해시 부곡동,중상사고,0,1,0,0,차대차 - 측면충돌,안전운전불이행,젖음/습기,맑음,교차로 - 교차로부근,승용,남,46세,상해없음,승용,남,60세,중상
2021091400100075,2021년 9월 14일 07시,화요일,경상남도 김해시 대청동,경상사고,0,0,1,0,차대차 - 측면충돌,안전운전불이행,건조,맑음,단일로 - 기타,특수,남,53세,상해없음,특수,남,57세,경상
2021091400100110,2021년 9월 14일 08시,화요일,경상남도 김해시 삼계동,경상사고,0,0,1,0,차대차 - 정면충돌,중앙선침범,건조,맑음,교차로 - 교차로안,승용,여,49세,상해없음,이륜,남,56세,경상
2021091400100111,2021년 9월 14일 08시,화요일,경상남도 하동군 북천면,경상사고,0,0,1,0,차대차 - 측면충돌,안전운전불이행,건조,맑음,단일로 - 기타,승용,여,59세,상해없음,화물,남,77세,경상
2021091400100112,2021년 9월 14일 08시,화요일,경상남도 창원시 마산회원구 양덕동,경상사고,0,0,1,0,차대차 - 측면충돌,안전운전불이행,건조,맑음,단일로 - 기타,승합,남,57세,상해없음,승용,남,30세,경상
2021091400100113,2021년 9월 14일 08시,화요일,경상남도 창원시 의창구 도계동,중상사고,0,1,0,0,차대사람 - 기타,안전운전불이행,젖음/습기,비,교차로 - 교차로안,승용,여,46세,상해없음,보행자,남,60세,중상
2021091400100114,2021년 9월 14일 08시,화요일,경상남도 창원시 의창구 도계동,경상사고,0,0,1,0,차대차 - 기타,안전운전불이행,건조,맑음,교차로 - 교차로안,승용,남,77세,상해없음,승용,여,40세,경상
2021091400100115,2021년 9월 14일 08시,화요일,경상남도 김해시 진영읍,경상사고,0,0,2,0,차대차 - 측면충돌,신호위반,건조,흐림,교차로 - 교차로안,특수,남,66세,경상,건설기계,남,43세,경상
2021091400100116,2021년 9월 14일 08시,화요일,경상남도 김해시 한림면,경상사고,0,0,1,0,차대차 - 측면충돌,안전거리미확보,건조,맑음,단일로 - 기타,화물,여,43세,상해없음,승용,여,39세,경상
2021091400100161,2021년 9월 14일 09시,화요일,경상남도 사천시 사남면,경상사고,0,0,1,0,차대차 - 측면충돌,신호위반,건조,흐림,교차로 - 교차로안,화물,남,49세,상해없음,승용,여,51세,경상
2021091400100199,2021년 9월 14일 10시,화요일,경상남도 창원시 마산합포구 월영동,경상사고,0,0,1,0,차대차 - 측면충돌,안전운전불이행,건조,맑음,교차로 - 교차로안,승용,여,70세,상해없음,승합,남,56세,경상
2021091400100200,2021년 9월 14일 10시,화요일,경상남도 창녕군 영산면,경상사고,0,0,1,0,차대차 - 기타,신호위반,건조,맑음,교차로 - 교차로부근,이륜,남,83세,경상,승용,남,56세,상해없음
2021091400100201,2021년 9월 14일 10시,화요일,경상남도 함안군 가야읍,경상사고,0,0,1,0,차대차 - 기타,안전운전불이행,건조,맑음,교차로 - 교차로안,승용,남,73세,상해없음,승용,여,36세,경상
2021091400100241,2021년 9월 14일 11시,화요일,경상남도 창원시 마산합포구 진전면,중상사고,0,1,0,0,차대차 - 측면충돌,안전거리미확보,젖음/습기,흐림,단일로 - 기타,승용,남,48세,상해없음,승용,여,47세,중상
2021091400100242,2021년 9월 14일 11시,화요일,경상남도 김해시 어방동,경상사고,0,0,2,0,차대차 - 정면충돌,신호위반,건조,맑음,교차로 - 교차로안,승용,남,78세,상해없음,승용,남,61세,경상
2021091400100243,2021년 9월 14일 11시,화요일,경상남도 양산시 물금읍,경상사고,0,0,1,0,차대차 - 측면충돌,안전운전불이행,건조,맑음,교차로 - 교차로안,승용,남,82세,상해없음,승용,남,34세,경상
2021091400100289,2021년 9월 14일 12시,화요일,경상남도 밀양시 삼랑진읍,경상사고,0,0,1,0,차대차 - 측면충돌,안전운전불이행,건조,맑음,교차로 - 교차로부근,화물,남,61세,상해없음,화물,남,37세,경상
2021091400100290,2021년 9월 14일 12시,화요일,경상남도 양산시 동면,경상사고,0,0,2,0,차대차 - 측면충돌,안전운전불이행,건조,맑음,교차로 - 교차로안,승용,여,72세,상해없음,승용,남,26세,경상
2021091400100291,2021년 9월 14일 12시,화요일,경상남도 창원시 마산회원구 양덕동,경상사고,0,0,2,0,차대차 - 추돌,안전운전불이행,건조,맑음,단일로 - 기타,승용,남,57세,상해없음,승용,남,47세,경상
2021091400100325,2021년 9월 14일 13시,화요일,경상남도 통영시 무전동,경상사고,0,0,1,0,차대차 - 후진중충돌,불법유턴,젖음/습기,비,교차로 - 교차로부근,승용,남,78세,상해없음,승용,남,50세,경상
2021091400100326,2021년 9월 14일 13시,화요일,경상남도 양산시 상북면,중상사고,0,1,0,0,차대차 - 측면충돌,중앙선침범,젖음/습기,비,단일로 - 기타,승용,남,64세,상해없음,승용,여,51세,중상