사고번호,사고일시,요일,시군구,사고내용,사망자수,중상자수,경상자수,부상신고자수,사고유형,법규위반,노면상태,기상상태,도로형태,가해운전자 차종,가해운전자 성별,가해운전자 연령,가해운전자 상해정도,피해운전자 차종,피해운전자 성별,피해운전자 연령,피해운전자 상해정도
2021101100100206,2021년 10월 11일 13시,월요일,경상남도 통영시 광도면,경상사고,0,0,1,0,차대사람 - 횡단중,안전운전불이행,건조,맑음,주차장 - 주차장,승용,남,60세,상해없음,보행자,여,40세,경상
2021101100100228,2021년 10월 11일 14시,월요일,경상남도 양산시 물금읍,경상사고,0,0,1,0,차대차 - 추돌,신호위반,젖음/습기,비,교차로 - 교차로안,승용,남,69세,상해없음,이륜,남,53세,경상
2021101100100303,2021년 10월 11일 16시,월요일,경상남도 김해시 상동면,경상사고,0,0,2,0,차대차 - 측면충돌,직진우회전진행방해,건조,맑음,교차로 - 교차로안,건설기계,남,44세,경상,화물,남,55세,경상
2021101100100341,2021년 10월 11일 17시,월요일,경상남도 사천시 정동면,경상사고,0,0,4,0,차대차 - 측면충돌,교차로운행방법위반,젖음/습기,비,교차로 - 교차로안,승용,남,43세,경상,승용,남,52세,상해없음
2021101100100388,2021년 10월 11일 18시,월요일,경상남도 김해시 삼계동,경상사고,0,0,1,0,차대차 - 기타,신호위반,젖음/습기,비,교차로 - 교차로안,승용,남,39세,상해없음,이륜,남,39세,경상
2021101100100389,2021년 10월 11일 18시,월요일,경상남도 거제시 수월동,경상사고,0,0,1,0,차대차 - 측면충돌,신호위반,젖음/습기,흐림,교차로 - 교차로안,승용,남,47세,상해없음,승용,남,67세,경상
2021101100100390,2021년 10월 11일 18시,월요일,경상남도 창원시 의창구 서상동,경상사고,0,0,1,0,차대차 - 측면충돌,안전운전불이행,젖음/습기,비,단일로 - 기타,이륜,남,68세,경상,승용,남,25세,상해없음
2021101100100433,2021년 10월 11일 19시,월요일,경상남도 김해시 삼계동,경상사고,0,0,1,0,차대차 - 정면충돌,안전운전불이행,젖음/습기,비,교차로 - 교차로안,승용,남,21세,상해없음,이륜,남,39세,경상
2021101100100434,2021년 10월 11일 19시,월요일,경상남도 양산시 평산동,경상사고,0,0,1,0,차대차 - 기타,교차로운행방법위반,건조,맑음,교차로 - 교차로안,승용,남,68세,상해없음,이륜,남,24세,경상
2021101100100435,2021년 10월 11일 19시,월요일,경상남도 고성군 고성읍,경상사고,0,0,2,0,차대차 - 추돌,안전운전불이행,젖음/습기,비,단일로 - 기타,승용,여,64세,상해없음,승용,남,38세,경상
2021101100100436,2021년 10월 11일 19시,월요일,경상남도 거제시 옥포동,경상사고,0,0,3,0,차대차 - 측면충돌,안전운전불이행,건조,맑음,기타 - 기타,승용,남,64세,상해없음,승용,여,33세,경상
2021101100100472,2021년 10월 11일 20시,월요일,경상남도 창원시 마산합포구 월남동1가,중상사고,0,1,0,0,차대사람 - 횡단중,보행자보호의무위반,젖음/습기,비,교차로 - 교차로횡단보도내,승용,남,64세,상해없음,보행자,여,87세,중상
2021101100100473,2021년 10월 11일 20시,월요일,경상남도 거제시 고현동,경상사고,0,0,1,0,차대차 - 측면충돌,안전운전불이행,건조,맑음,교차로 - 교차로안,이륜,남,47세,상해없음,승용,남,36세,경상
2021101100100474,2021년 10월 11일 20시,월요일,경상남도 남해군 남해읍,중상사고,0,1,0,0,차대사람 - 길가장자리구역통행중,안전운전불이행,젖음/습기,비,단일로 - 기타,승용,남,41세,상해없음,보행자,남,52세,중상
2021101100100497,2021년 10월 11일 21시,월요일,경상남도 함양군 함양읍,경상사고,0,0,2,0,차대차 - 측면충돌,교차로운행방법위반,건조,맑음,교차로 - 교차로안,승용,여,47세,상해없음,승용,남,54세,경상
2021101100100526,2021년 10월 11일 22시,월요일,경상남도 사천시 사천읍,경상사고,0,0,2,0,차대차 - 측면충돌,차로위반,건조,맑음,교차로 - 교차로부근,승용,남,60세,상해없음,승용,남,42세,경상
2021101100100545,2021년 10월 11일 23시,월요일,경상남도 김해시 대청동,경상사고,0,0,1,0,차대차 - 측면충돌,안전운전불이행,젖음/습기,비,교차로 - 교차로안,승용,여,43세,상해없음,이륜,남,38세,경상
2021101200100038,2021년 10월 12일 06시,화요일,경상남도 거창군 거창읍,경상사고,0,0,1,0,차대차 - 측면충돌,안전운전불이행,젖음/습기,비,기타 - 기타,이륜,남,78세,경상,화물,남,55세,상해없음
2021101200100039,2021년 10월 12일 06시,화요일,경상남도 김해시 진례면,부상신고사고,0,0,0,1,차량단독 - 기타,안전운전불이행,건조,맑음,교차로 - 교차로부근,승용,남,30세,부상신고,,,,
2021101200100062,2021년 10월 12일 07시,화요일,경상남도 창원시 마산합포구 예곡동,경상사고,0,0,1,0,차대차 - 측면충돌,안전거리미확보,젖음/습기,비,교차로 - 교차로부근,승용,남,68세,상해없음,승용,남,33세,경상
2021101200100063,2021년 10월 12일 07시,화요일,경상남도 창원시 진해구 이동,경상사고,0,0,1,0,차대차 - 기타,교차로운행방법위반,젖음/습기,비,교차로 - 교차로안,화물,남,64세,상해없음,승용,남,37세,경상
2021101200100102,2021년 10월 12일 08시,화요일,경상남도 산청군 산청읍,경상사고,0,0,1,0,차대사람 - 횡단중,신호위반,젖음/습기,비,교차로 - 교차로안,승용,남,39세,상해없음,보행자,여,73세,경상
2021101200100103,2021년 10월 12일 08시,화요일,경상남도 창원시 성산구 가음동,경상사고,0,0,1,0,차대차 - 추돌,안전운전불이행,건조,맑음,단일로 - 기타,승합,남,29세,상해없음,승용,남,31세,경상
2021101200100104,2021년 10월 12일 08시,화요일,경상남도 창원시 성산구 외동,경상사고,0,0,1,0,차대차 - 측면충돌,안전운전불이행,건조,맑음,단일로 - 기타,승용,남,72세,상해없음,화물,남,49세,경상
2021101200100139,2021년 10월 12일 09시,화요일,경상남도 합천군 대양면,경상사고,0,0,1,0,차대사람 - 차도통행중,안전운전불이행,젖음/습기,비,교차로 - 교차로안,화물,남,66세,상해없음,보행자,남,78세,경상
2021101200100140,2021년 10월 12일 09시,화요일,경상남도 양산시 물금읍,중상사고,0,1,0,0,차대차 - 측면충돌,직진우회전진행방해,건조,맑음,교차로 - 교차로안,승용,여,53세,상해없음,자전거,남,77세,중상
2021101200100141,2021년 10월 12일 09시,화요일,경상남도 양산시 중부동,중상사고,0,1,0,0,차대차 - 측면충돌,안전운전불이행,건조,맑음,단일로 - 기타,승용,남,63세,상해없음,이륜,남,26세,중상
2021101200100176,2021년 10월 12일 10시,화요일,경상남도 통영시 서호동,경상사고,0,0,1,0,차대차 - 측면충돌,안전운전불이행,건조,맑음,기타 - 기타,승용,여,73세,상해없음,승용,남,43세,경상
2021101200100177,2021년 10월 12일 10시,화요일,경상남도 사천시 사천읍,경상사고,0,0,1,0,차대차 - 측면충돌,신호위반,건조,맑음,교차로 - 교차로안,승용,남,67세,상해없음,승용,여,31세,경상
2021101200100178,2021년 10월 12일 10시,화요일,경상남도 진주시 호탄동,중상사고,0,2,0,0,차대차 - 기타,안전거리미확보,건조,맑음,단일로 - 기타,승용,남,74세,상해없음,승용,여,53세,중상
2021101200100205,2021년 10월 12일 11시,화요일,경상남도 거창군 거창읍,경상사고,0,0,1,0,차대사람 - 차도통행중,안전운전불이행,건조,맑음,교차로 - 교차로안,화물,남,67세,상해없음,보행자,여,79세,경상
2021101200100206,2021년 10월 12일 11시,화요일,경상남도 의령군 대의면,경상사고,0,0,1,0,차대차 - 추돌,안전운전불이행,젖음/습기,비,단일로 - 기타,화물,남,45세,경상,화물,남,59세,상해없음
2021101200100232,2021년 10월 12일 12시,화요일,경상남도 사천시 용현면,경상사고,0,0,2,0,차대차 - 기타,신호위반,건조,맑음,교차로 - 교차로안,화물,남,65세,상해없음,승합,남,55세,상해없음
2021101200100233,2021년 10월 12일 12시,화요일,경상남도 거창군 거창읍,경상사고,0,0,1,0,차대차 - 기타,기타,건조,맑음,단일로 - 터널,화물,남,70세,상해없음,승용,남,52세,경상
2021101200100257,2021년 10월 12일 13시,화요일,경상남도 사천시 벌리동,경상사고,0,0,1,1,차대차 - 측면충돌,신호위반,건조,맑음,교차로 - 교차로안,화물,남,59세,상해없음,특수,남,30세,경상
2021101200100286,2021년 10월 12일 14시,화요일,경상남도 김해시 진례면,경상사고,0,0,1,0,차대차 - 측면충돌,안전운전불이행,건조,맑음,단일로 - 기타,화물,남,47세,상해없음,승용,여,40세,경상
2021101200100310,2021년 10월 12일 15시,화요일,경상남도 진주시 대곡면,중상사고,0,1,0,0,차대차 - 측면충돌,교차로운행방법위반,건조,맑음,교차로 - 교차로안,화물,남,71세,상해없음,이륜,남,56세,중상
2021101200100311,2021년 10월 12일 15시,화요일,경상남도 창녕군 유어면,중상사고,0,1,0,0,차대차 - 측면충돌,안전운전불이행,건조,맑음,교차로 - 교차로안,이륜,남,79세,중상,화물,남,66세,상해없음
2021101200100312,2021년 10월 12일 15시,화요일,경상남도 고성군 고성읍,중상사고,0,1,0,0,차대차 - 측면충돌,신호위반,건조,맑음,교차로 - 교차로안,승용,남,75세,상해없음,승합,남,68세,중상
2021101200100313,2021년 10월 12일 15시,화요일,경상남도 창원시 성산구 신월동,경상사고,0,0,1,0,차대차 - 후진중충돌,안전운전불이행,건조,맑음,단일로 - 기타,화물,남,57세,경상,승용,여,29세,상해없음
2021101200100384,2021년 10월 12일 17시,화요일,경상남도 함안군 칠서면,경상사고,0,0,1,0,차량단독 - 공작물충돌,안전운전불이행,건조,맑음,단일로 - 기타,승용,남,48세,경상,,,,
2021101200100385,2021년 10월 12일 17시,화요일,경상남도 창원시 마산회원구 봉암동,경상사고,0,0,1,0,차대차 - 측면충돌,안전운전불이행,건조,맑음,교차로 - 교차로안,승용,남,36세,상해없음,승용,남,36세,경상
2021101200100386,2021년 10월 12일 17시,화요일,경상남도 창원시 의창구 봉곡동,경상사고,0,0,2,0,차대차 - 측면충돌,안전운전불이행,건조,맑음,단일로 - 기타,승용,여,36세,상해없음,승용,남,69세,경상
2021101200100439,2021년 10월 12일 18시,화요일,경상남도 창원시 마산합포구 교방동,경상사고,0,0,1,0,차대사람 - 횡단중,안전운전불이행,건조,맑음,교차로 - 교차로횡단보도내,승용,남,60세,상해없음,보행자,남,5세,경상
2021101200100440,2021년 10월 12일 18시,화요일,경상남도 김해시 구산동,경상사고,0,0,2,0,차대차 - 측면충돌,안전운전불이행,건조,맑음,교차로 - 교차로부근,승용,남,39세,상해없음,승용,남,24세,경상
2021101200100441,2021년 10월 12일 18시,화요일,경상남도 창원시 성산구 상남동,중상사고,0,1,0,0,차대차 - 정면충돌,신호위반,건조,흐림,교차로 - 교차로안,승용,남,32세,상해없음,승용,남,25세,중상
2021101200100442,2021년 10월 12일 18시,화요일,경상남도 창원시 마산회원구 봉암동,경상사고,0,0,1,0,차대차 - 추돌,안전운전불이행,건조,맑음,단일로 - 기타,승용,여,50세,상해없음,승용,여,43세,경상
2021101200100443,2021년 10월 12일 18시,화요일,경상남도 창원시 의창구 팔용동,경상사고,0,0,1,0,차대차 - 추돌,안전운전불이행,건조,맑음,단일로 - 기타,승용,여,50세,상해없음,승용,여,43세,경상
2021101200100481,2021년 10월 12일 19시,화요일,경상남도 통영시 북신동,경상사고,0,0,1,0,차대차 - 기타,신호위반,건조,맑음,기타 - 기타,이륜,남,25세,상해없음,이륜,남,22세,경상
2021101200100482,2021년 10월 12일 19시,화요일,경상남도 김해시 삼정동,중상사고,0,1,0,0,차대차 - 기타,신호위반,건조,맑음,교차로 - 교차로안,승용,남,32세,상해없음,승합,남,65세,상해없음
2021101200100483,2021년 10월 12일 19시,화요일,경상남도 창원시 성산구 대방동,경상사고,0,0,1,0,차대사람 - 횡단중,보행자보호의무위반,건조,맑음,교차로 - 교차로횡단보도내,승용,여,45세,상해없음,보행자,남,50세,경상
2021101200100516,2021년 10월 12일 20시,화요일,경상남도 김해시 대청동,경상사고,0,0,1,0,차량단독 - 주/정차차량 충돌,안전운전불이행,건조,맑음,단일로 - 기타,승용,남,46세,상해없음,,,,
2021101200100541,2021년 10월 12일 21시,화요일,경상남도 김해시 삼방동,부상신고사고,0,0,0,1,차대차 - 추돌,안전운전불이행,건조,맑음,교차로 - 교차로부근,승합,남,50세,상해없음,승합,남,60세,부상신고
2021101200100542,2021년 10월 12일 21시,화요일,경상남도 창원시 의창구 사화동,경상사고,0,0,1,0,차대차 - 추돌,안전운전불이행,건조,맑음,단일로 - 기타,승용,여,50세,상해없음,승용,남,54세,경상
2021101300100004,2021년 10월 13일 00시,수요일,경상남도 거제시 동부면,사망사고,1,0,0,0,차량단독 - 공작물충돌,안전운전불이행,건조,맑음,기타 - 기타,승용,남,29세,사망,,,,
2021101300100055,2021년 10월 13일 07시,수요일,경상남도 진주시 명석면,경상사고,0,0,1,0,차대차 - 추돌,안전거리미확보,건조,맑음,교차로 - 교차로안,화물,남,60세,상해없음,승용,남,23세,경상
2021101300100056,2021년 10월 13일 07시,수요일,경상남도 창녕군 계성면,경상사고,0,0,2,0,차대차 - 측면충돌,중앙선침범,건조,맑음,교차로 - 교차로안,이륜,남,17세,경상,승용,남,43세,경상
2021101300100088,2021년 10월 13일 08시,수요일,경상남도 진주시 초전동,경상사고,0,0,1,0,차대차 - 추돌,안전운전불이행,건조,맑음,교차로 - 교차로부근,승용,남,38세,상해없음,승용,남,55세,경상
2021101300100089,2021년 10월 13일 08시,수요일,경상남도 양산시 북정동,중상사고,0,1,0,0,차대차 - 측면충돌,안전운전불이행,건조,맑음,교차로 - 교차로안,승용,남,32세,상해없음,원동기,남,35세,중상
2021101300100090,2021년 10월 13일 08시,수요일,경상남도 함안군 칠서면,경상사고,0,0,2,0,차대차 - 기타,신호위반,건조,맑음,교차로 - 교차로안,승용,여,61세,경상,승용,여,33세,경상
2021101300100130,2021년 10월 13일 09시,수요일,경상남도 거창군 거창읍,중상사고,0,1,0,0,차대차 - 측면충돌,신호위반,건조,맑음,교차로 - 교차로안,이륜,여,83세,중상,승용,남,48세,상해없음
2021101300100131,2021년 10월 13일 09시,수요일,경상남도 거창군 거창읍,경상사고,0,0,1,0,차량단독 - 공작물충돌,안전운전불이행,건조,맑음,단일로 - 기타,승용,남,32세,경상,,,,
2021101300100168,2021년 10월 13일 10시,수요일,경상남도 함양군 안의면,경상사고,0,0,1,0,차대차 - 측면충돌,교차로운행방법위반,건조,맑음,교차로 - 교차로안,승용,남,64세,상해없음,원동기,남,85세,상해없음
2021101300100195,2021년 10월 13일 11시,수요일,경상남도 거제시 거제면,경상사고,0,0,1,0,차대차 - 정면충돌,교차로운행방법위반,건조,맑음,교차로 - 교차로안,승용,남,37세,상해없음,이륜,남,56세,경상
2021101300100196,2021년 10월 13일 11시,수요일,경상남도 창원시 마산회원구 양덕동,중상사고,0,1,0,0,차대차 - 정면충돌,신호위반,건조,맑음,교차로 - 교차로안,승용,남,49세,상해없음,승용,남,50세,중상
2021101300100197,2021년 10월 13일 11시,수요일,경상남도 창원시 의창구 봉곡동,중상사고,0,1,0,0,차대사람 - 횡단중,안전운전불이행,건조,맑음,교차로 - 교차로안,승용,남,51세,상해없음,보행자,여,75세,중상
2021101300100219,2021년 10월 13일 12시,수요일,경상남도 진주시 일반성면,중상사고,0,1,1,0,차대차 - 측면충돌,교차로운행방법위반,건조,맑음,교차로 - 교차로안,승합,남,59세,상해없음,이륜,남,75세,경상
2021101300100220,2021년 10월 13일 12시,수요일,경상남도 창원시 성산구 상남동,경상사고,0,0,1,0,차대차 - 기타,교차로운행방법위반,건조,맑음,교차로 - 교차로부근,특수,남,37세,상해없음,승용,남,58세,경상
2021101300100260,2021년 10월 13일 13시,수요일,경상남도 김해시 부원동,경상사고,0,0,2,0,차대차 - 측면충돌,중앙선침범,건조,맑음,기타 - 기타,이륜,여,79세,경상,승용,여,64세,경상
2021101300100292,2021년 10월 13일 14시,수요일,경상남도 통영시 광도면,사망사고,1,0,0,0,차량단독 - 공작물충돌,안전운전불이행,건조,맑음,단일로 - 기타,이륜,남,72세,사망,,,,
2021101300100341,2021년 10월 13일 15시,수요일,경상남도 양산시 어곡동,중상사고,0,1,2,2,차량단독 - 기타,안전운전불이행,건조,맑음,주차장 - 주차장,승용,여,60세,경상,,,,
2021101300100421,2021년 10월 13일 17시,수요일,경상남도 창원시 진해구 남양동,경상사고,0,0,1,0,차대차 - 측면충돌,안전운전불이행,건조,맑음,교차로 - 교차로안,화물,남,77세,상해없음,승용,남,38세,경상
2021101300100422,2021년 10월 13일 17시,수요일,경상남도 함양군 수동면,중상사고,0,1,0,0,차대차 - 추돌,안전운전불이행,건조,맑음,단일로 - 기타,승용,남,45세,상해없음,승용,여,76세,중상
2021101300100423,2021년 10월 13일 17시,수요일,경상남도 창원시 의창구 도계동,경상사고,0,0,1,0,차대사람 - 기타,안전운전불이행,건조,맑음,교차로 - 교차로부근,승용,여,52세,상해없음,보행자,남,56세,경상
2021101300100424,2021년 10월 13일 17시,수요일,경상남도 김해시 진영읍,중상사고,0,1,0,0,차대사람 - 횡단중,보행자보호의무위반,건조,맑음,교차로 - 교차로횡단보도내,화물,남,65세,상해없음,보행자,남,67세,중상
2021101300100479,2021년 10월 13일 18시,수요일,경상남도 밀양시 가곡동,경상사고,0,0,1,0,차대사람 - 횡단중,안전운전불이행,건조,맑음,교차로 - 교차로안,승용,여,61세,상해없음,보행자,남,22세,경상
2021101300100480,2021년 10월 13일 18시,수요일,경상남도 양산시 물금읍,경상사고,0,0,2,0,차대차 - 추돌,안전운전불이행,건조,맑음,단일로 - 기타,이륜,남,23세,경상,승용,남,34세,경상
2021101300100523,2021년 10월 13일 19시,수요일,경상남도 진주시 초전동,경상사고,0,0,1,0,차대차 - 기타,중앙선침범,건조,맑음,기타 - 기타,승용,남,65세,상해없음,이륜,남,45세,경상
2021101300100553,2021년 10월 13일 20시,수요일,경상남도 김해시 삼계동,경상사고,0,0,1,0,차대사람 - 횡단중,안전운전불이행,건조,맑음,교차로 - 교차로안,화물,남,45세,상해없음,보행자,남,32세,경상
2021101300100554,2021년 10월 13일 20시,수요일,경상남도 김해시 삼정동,중상사고,0,2,0,1,차대차 - 기타,신호위반,건조,맑음,교차로 - 교차로안,이륜,남,20세,중상,승용,남,57세,부상신고
2021101300100555,2021년 10월 13일 20시,수요일,경상남도 창녕군 영산면,경상사고,0,0,1,0,차대차 - 기타,안전운전불이행,건조,맑음,주차장 - 주차장,특수,남,57세,상해없음,특수,남,45세,경상
2021101300100585,2021년 10월 13일 21시,수요일,경상남도 창원시 진해구 풍호동,중상사고,0,1,1,0,차대차 - 측면충돌,교차로운행방법위반,건조,맑음,교차로 - 교차로안,화물,남,76세,중상,승용,여,54세,경상
2021101300100608,2021년 10월 13일 22시,수요일,경상남도 사천시 정동면,경상사고,0,0,1,0,차량단독 - 공작물충돌,안전운전불이행,건조,맑음,교차로 - 교차로부근,승용,여,29세,경상,,,,
2021101400100065,2021년 10월 14일 07시,목요일,경상남도 김해시 부원동,경상사고,0,0,4,0,차대차 - 추돌,안전거리미확보,건조,맑음,단일로 - 기타,승용,남,33세,경상,승용,남,30세,상해없음
2021101400100075,2021년 10월 14일 07시,목요일,경상남도 사천시 축동면,경상사고,0,0,1,0,차대차 - 추돌,안전운전불이행,건조,맑음,단일로 - 기타,승용,남,50세,상해없음,승용,남,36세,경상
2021101400100076,2021년 10월 14일 07시,목요일,경상남도 양산시 유산동,경상사고,0,0,1,0,차대차 - 측면충돌,교차로운행방법위반,건조,맑음,교차로 - 교차로부근,화물,남,46세,기타불명,승용,여,33세,경상
2021101400100077,2021년 10월 14일 07시,목요일,경상남도 고성군 영현면,중상사고,0,1,0,0,차대사람 - 길가장자리구역통행중,안전운전불이행,건조,흐림,단일로 - 기타,승용,남,53세,상해없음,보행자,여,87세,중상
2021101400100078,2021년 10월 14일 07시,목요일,경상남도 창원시 성산구 내동,경상사고,0,0,1,0,차대사람 - 횡단중,신호위반,건조,맑음,교차로 - 교차로부근,승용,남,30세,상해없음,보행자,남,36세,경상
2021101400100120,2021년 10월 14일 08시,목요일,경상남도 창원시 진해구 두동,중상사고,0,2,0,0,차대차 - 측면충돌,중앙선침범,건조,맑음,단일로 - 기타,승용,여,32세,상해없음,승용,여,34세,중상
2021101400100121,2021년 10월 14일 08시,목요일,경상남도 사천시 곤명면,경상사고,0,0,1,0,차대사람 - 길가장자리구역통행중,안전운전불이행,건조,맑음,단일로 - 기타,기타불명,기타불명,미분류,기타불명,보행자,여,70세,경상
2021101400100122,2021년 10월 14일 08시,목요일,경상남도 밀양시 부북면,중상사고,0,1,1,0,차대차 - 추돌,안전운전불이행,건조,맑음,교차로 - 교차로부근,승용,여,46세,상해없음,승용,남,72세,경상
2021101400100123,2021년 10월 14일 08시,목요일,경상남도 의령군 의령읍,중상사고,0,1,0,0,차대차 - 측면충돌,직진우회전진행방해,건조,맑음,교차로 - 교차로안,화물,남,50세,상해없음,기타불명,여,77세,중상
2021101400100163,2021년 10월 14일 09시,목요일,경상남도 양산시 하북면,경상사고,0,0,1,0,차대사람 - 횡단중,보행자보호의무위반,건조,맑음,교차로 - 교차로안,승용,여,66세,상해없음,보행자,여,69세,경상
2021101400100193,2021년 10월 14일 10시,목요일,경상남도 사천시 서포면,중상사고,0,1,0,0,차대사람 - 기타,보행자보호의무위반,건조,맑음,단일로 - 기타,화물,남,56세,상해없음,보행자,남,76세,중상
2021101400100194,2021년 10월 14일 10시,목요일,경상남도 김해시 대청동,경상사고,0,0,1,0,차대차 - 추돌,안전운전불이행,건조,맑음,단일로 - 기타,승용,남,29세,상해없음,승용,여,29세,경상
2021101400100231,2021년 10월 14일 11시,목요일,경상남도 김해시 진영읍,경상사고,0,0,1,0,차대차 - 측면충돌,안전운전불이행,건조,맑음,단일로 - 기타,승용,여,62세,상해없음,원동기,남,63세,경상
2021101400100268,2021년 10월 14일 12시,목요일,경상남도 합천군 쌍백면,사망사고,1,0,0,0,차대차 - 추돌,안전운전불이행,건조,맑음,단일로 - 기타,화물,남,26세,상해없음,사륜오토바이(ATV),남,70세,사망
2021101400100302,2021년 10월 14일 13시,목요일,경상남도 양산시 하북면,부상신고사고,0,0,0,1,차대사람 - 기타,안전운전불이행,건조,맑음,단일로 - 기타,이륜,남,58세,상해없음,보행자,여,78세,부상신고
2021101400100303,2021년 10월 14일 13시,목요일,경상남도 고성군 거류면,중상사고,0,2,0,0,차량단독 - 공작물충돌,안전운전불이행,건조,맑음,단일로 - 기타,화물,남,66세,상해없음,,,,
2021101400100341,2021년 10월 14일 14시,목요일,경상남도 창원시 진해구 자은동,경상사고,0,0,4,0,차대차 - 기타,안전운전불이행,건조,맑음,교차로 - 교차로부근,승용,여,63세,상해없음,승용,남,57세,경상
2021101400100342,2021년 10월 14일 14시,목요일,경상남도 사천시 사남면,경상사고,0,0,1,0,차대사람 - 기타,안전운전불이행,건조,맑음,단일로 - 기타,승용,남,37세,상해없음,보행자,여,35세,경상
2021101400100343,2021년 10월 14일 14시,목요일,경상남도 양산시 물금읍,경상사고,0,0,1,0,차대차 - 측면충돌,신호위반,건조,맑음,교차로 - 교차로부근,승용,여,56세,상해없음,승용,남,52세,경상
2021101400100381,2021년 10월 14일 15시,목요일,경상남도 함안군 칠북면,부상신고사고,0,0,0,2,차대차 - 추돌,안전운전불이행,건조,맑음,단일로 - 기타,화물,남,64세,상해없음,승용,남,54세,부상신고
2021101400100454,2021년 10월 14일 17시,목요일,경상남도 창원시 진해구 장천동,사망사고,1,0,0,0,차량단독 - 전도전복 - 전도,안전운전불이행,건조,맑음,단일로 - 기타,이륜,남,82세,사망,,,,
2021101400100455,2021년 10월 14일 17시,목요일,경상남도 사천시 정동면,경상사고,0,0,1,0,차대차 - 기타,안전운전불이행,건조,맑음,단일로 - 기타,승용,남,40세,경상,승용,남,39세,상해없음
2021101400100456,2021년 10월 14일 17시,목요일,경상남도 김해시 한림면,경상사고,0,0,1,0,차대차 - 측면충돌,안전운전불이행,건조,맑음,단일로 - 기타,승용,여,35세,상해없음,승용,남,40세,경상
2021101400100512,2021년 10월 14일 18시,목요일,경상남도 김해시 외동,중상사고,0,3,1,0,차대차 - 추돌,안전운전불이행,건조,맑음,단일로 - 기타,승용,남,65세,상해없음,승합,남,23세,중상
2021101400100513,2021년 10월 14일 18시,목요일,경상남도 양산시 중부동,경상사고,0,0,1,0,차대사람 - 횡단중,보행자보호의무위반,건조,맑음,단일로 - 기타,승용,여,66세,상해없음,보행자,여,18세,경상
2021101400100514,2021년 10월 14일 18시,목요일,경상남도 의령군 지정면,경상사고,0,0,1,0,차대차 - 측면충돌,신호위반,건조,맑음,교차로 - 교차로안,승용,여,68세,경상,승용,남,58세,상해없음
2021101400100553,2021년 10월 14일 19시,목요일,경상남도 진주시 하대동,중상사고,0,1,0,0,차대사람 - 보도통행중,보행자보호의무위반,건조,맑음,교차로 - 교차로횡단보도내,화물,남,46세,상해없음,보행자,남,25세,중상
2021101400100554,2021년 10월 14일 19시,목요일,경상남도 통영시 도산면,중상사고,0,2,3,0,차대차 - 추돌,안전운전불이행,건조,맑음,단일로 - 기타,승용,여,41세,상해없음,승용,여,40세,중상
2021101400100555,2021년 10월 14일 19시,목요일,경상남도 김해시 삼계동,경상사고,0,0,1,0,차대차 - 측면충돌,안전운전불이행,건조,맑음,단일로 - 기타,승용,남,66세,상해없음,승용,여,40세,경상
2021101400100556,2021년 10월 14일 19시,목요일,경상남도 창원시 의창구 도계동,경상사고,0,0,1,0,차대사람 - 횡단중,보행자보호의무위반,건조,맑음,교차로 - 교차로안,이륜,남,38세,상해없음,보행자,남,60세,경상
2021101400100590,2021년 10월 14일 20시,목요일,경상남도 진주시 평거동,경상사고,0,0,1,0,차대사람 - 보도통행중,보행자보호의무위반,건조,맑음,교차로 - 교차로횡단보도내,이륜,남,20세,상해없음,보행자,여,11세,경상
2021101400100606,2021년 10월 14일 21시,목요일,경상남도 통영시 봉평동,경상사고,0,0,1,0,차대사람 - 기타,안전운전불이행,건조,맑음,단일로 - 기타,이륜,남,55세,상해없음,보행자,남,36세,경상
2021101400100635,2021년 10월 14일 22시,목요일,경상남도 창원시 진해구 풍호동,경상사고,0,0,1,0,차대차 - 측면충돌,중앙선침범,건조,맑음,교차로 - 교차로부근,승용,남,61세,상해없음,승용,남,45세,경상
2021101400100649,2021년 10월 14일 23시,목요일,경상남도 진주시 초전동,중상사고,0,1,0,0,차대사람 - 횡단중,보행자보호의무위반,건조,맑음,교차로 - 교차로횡단보도내,승용,남,32세,상해없음,보행자,남,58세,중상
2021101400100650,2021년 10월 14일 23시,목요일,경상남도 창원시 진해구 용원동,중상사고,0,2,0,0,차대차 - 후진중충돌,안전운전불이행,건조,맑음,기타 - 기타,승용,남,56세,상해없음,승용,남,22세,중상
2021101400100651,2021년 10월 14일 23시,목요일,경상남도 김해시 진영읍,부상신고사고,0,0,0,1,차대차 - 추돌,안전거리미확보,건조,맑음,단일로 - 기타,승용,남,26세,상해없음,승용,남,37세,부상신고
2021101500100094,2021년 10월 15일 08시,금요일,경상남도 진주시 이현동,중상사고,0,1,0,0,차대사람 - 차도통행중,안전운전불이행,건조,맑음,교차로 - 교차로부근,승용,남,79세,상해없음,보행자,남,15세,중상
2021101500100095,2021년 10월 15일 08시,금요일,경상남도 거창군 거창읍,중상사고,0,1,0,0,차대차 - 측면충돌,신호위반,건조,맑음,교차로 - 교차로안,화물,남,55세,상해없음,이륜,여,66세,중상