사고번호,사고일시,요일,시군구,사고내용,사망자수,중상자수,경상자수,부상신고자수,사고유형,법규위반,노면상태,기상상태,도로형태,가해운전자 차종,가해운전자 성별,가해운전자 연령,가해운전자 상해정도,피해운전자 차종,피해운전자 성별,피해운전자 연령,피해운전자 상해정도
2021101500100096,2021년 10월 15일 08시,금요일,경상남도 창녕군 고암면,경상사고,0,0,1,0,차대차 - 측면충돌,직진우회전진행방해,건조,맑음,교차로 - 교차로안,화물,남,72세,상해없음,승용,남,40세,경상
2021101500100097,2021년 10월 15일 08시,금요일,경상남도 거제시 고현동,경상사고,0,0,1,0,차대사람 - 횡단중,안전운전불이행,건조,맑음,교차로 - 교차로안,승용,여,32세,상해없음,보행자,여,18세,경상
2021101500100134,2021년 10월 15일 09시,금요일,경상남도 통영시 광도면,경상사고,0,0,1,0,차대차 - 측면충돌,신호위반,건조,맑음,교차로 - 교차로안,승용,여,62세,상해없음,승용,남,73세,경상
2021101500100135,2021년 10월 15일 09시,금요일,경상남도 김해시 봉황동,경상사고,0,0,1,0,차대차 - 기타,안전운전불이행,건조,맑음,교차로 - 교차로안,승용,여,63세,상해없음,승용,남,40세,경상
2021101500100136,2021년 10월 15일 09시,금요일,경상남도 김해시 내동,중상사고,0,1,0,0,차대차 - 기타,안전운전불이행,건조,맑음,단일로 - 기타,승용,여,66세,상해없음,자전거,남,80세,중상
2021101500100137,2021년 10월 15일 09시,금요일,경상남도 의령군 의령읍,중상사고,0,1,1,0,차대차 - 추돌,안전운전불이행,건조,맑음,단일로 - 기타,이륜,남,78세,경상,자전거,남,82세,중상
2021101500100138,2021년 10월 15일 09시,금요일,경상남도 창원시 성산구 가음동,경상사고,0,0,1,0,차대차 - 추돌,안전운전불이행,건조,맑음,교차로 - 교차로부근,승용,여,46세,상해없음,승용,여,48세,경상
2021101500100176,2021년 10월 15일 10시,금요일,경상남도 김해시 부원동,경상사고,0,0,1,0,차대차 - 기타,안전운전불이행,건조,맑음,단일로 - 기타,승용,여,58세,상해없음,자전거,남,61세,경상
2021101500100219,2021년 10월 15일 11시,금요일,경상남도 창녕군 영산면,부상신고사고,0,0,0,1,차대사람 - 기타,안전운전불이행,건조,맑음,단일로 - 기타,승용,여,63세,상해없음,보행자,남,73세,부상신고
2021101500100220,2021년 10월 15일 11시,금요일,경상남도 김해시 진영읍,중상사고,0,2,0,0,차대차 - 추돌,안전운전불이행,건조,맑음,교차로 - 교차로부근,화물,남,43세,상해없음,승용,여,55세,중상
2021101500100256,2021년 10월 15일 12시,금요일,경상남도 진주시 평거동,중상사고,0,1,0,0,차대사람 - 횡단중,보행자보호의무위반,건조,맑음,교차로 - 교차로안,승용,남,22세,상해없음,보행자,여,42세,중상
2021101500100317,2021년 10월 15일 14시,금요일,경상남도 통영시 항남동,경상사고,0,0,1,0,차대차 - 측면충돌,안전거리미확보,건조,맑음,단일로 - 기타,승용,여,37세,상해없음,승용,남,56세,경상
2021101500100318,2021년 10월 15일 14시,금요일,경상남도 통영시 산양읍,중상사고,0,1,0,0,차대차 - 측면충돌,안전운전불이행,건조,맑음,단일로 - 기타,화물,남,64세,상해없음,승용,남,74세,중상
2021101500100319,2021년 10월 15일 14시,금요일,경상남도 통영시 항남동,중상사고,0,1,0,0,차대차 - 측면충돌,안전운전불이행,건조,맑음,단일로 - 기타,건설기계,남,55세,상해없음,자전거,남,79세,중상
2021101500100346,2021년 10월 15일 15시,금요일,경상남도 밀양시 삼문동,경상사고,0,0,1,0,차대차 - 측면충돌,안전운전불이행,건조,맑음,교차로 - 교차로안,승용,남,79세,상해없음,승용,여,43세,경상
2021101500100386,2021년 10월 15일 16시,금요일,경상남도 창원시 진해구 용원동,경상사고,0,0,1,0,차대차 - 측면충돌,교차로운행방법위반,건조,맑음,교차로 - 교차로부근,특수,남,48세,상해없음,승용,여,47세,경상
2021101500100422,2021년 10월 15일 17시,금요일,경상남도 거창군 거창읍,경상사고,0,0,1,0,차대차 - 추돌,안전운전불이행,젖음/습기,비,교차로 - 교차로안,이륜,남,17세,경상,승용,남,31세,상해없음
2021101500100485,2021년 10월 15일 18시,금요일,경상남도 양산시 용당동,중상사고,0,1,0,0,차대차 - 측면충돌,중앙선침범,젖음/습기,비,단일로 - 기타,승용,여,43세,상해없음,자전거,남,26세,중상
2021101500100537,2021년 10월 15일 19시,금요일,경상남도 김해시 외동,경상사고,0,0,1,0,차대차 - 측면충돌,교차로운행방법위반,건조,맑음,교차로 - 교차로부근,승용,여,31세,상해없음,이륜,남,32세,경상
2021101500100580,2021년 10월 15일 20시,금요일,경상남도 김해시 어방동,경상사고,0,0,1,0,차대차 - 측면충돌,중앙선침범,건조,맑음,교차로 - 교차로횡단보도내,이륜,남,18세,상해없음,승용,남,61세,경상
2021101500100612,2021년 10월 15일 21시,금요일,경상남도 양산시 물금읍,중상사고,0,2,0,0,차대사람 - 횡단중,보행자보호의무위반,건조,맑음,기타 - 기타,승용,남,63세,상해없음,보행자,여,42세,중상
2021101500100646,2021년 10월 15일 22시,금요일,경상남도 진주시 인사동,경상사고,0,0,1,0,차대차 - 기타,안전운전불이행,건조,맑음,교차로 - 교차로안,승용,남,51세,상해없음,승용,남,27세,경상
2021101500100647,2021년 10월 15일 22시,금요일,경상남도 양산시 물금읍,중상사고,0,1,0,0,차대차 - 측면충돌,직진우회전진행방해,건조,맑음,교차로 - 교차로안,승용,남,48세,상해없음,이륜,남,29세,중상
2021101500100677,2021년 10월 15일 23시,금요일,경상남도 창원시 진해구 자은동,경상사고,0,0,1,0,차대차 - 측면충돌,안전운전불이행,젖음/습기,흐림,단일로 - 기타,승용,남,29세,상해없음,이륜,남,50세,경상
2021101500100678,2021년 10월 15일 23시,금요일,경상남도 김해시 외동,중상사고,0,1,0,0,차대차 - 추돌,안전거리미확보,건조,맑음,단일로 - 기타,승용,남,18세,상해없음,이륜,남,31세,중상
2021101600100018,2021년 10월 16일 00시,토요일,경상남도 김해시 진영읍,경상사고,0,0,1,0,차대사람 - 횡단중,신호위반,건조,맑음,교차로 - 교차로안,승용,남,39세,상해없음,보행자,남,24세,경상
2021101600100042,2021년 10월 16일 04시,토요일,경상남도 창원시 성산구 내동,경상사고,0,0,1,0,차대차 - 추돌,안전운전불이행,건조,맑음,교차로 - 교차로안,원동기,남,31세,상해없음,승용,남,66세,경상
2021101600100055,2021년 10월 16일 05시,토요일,경상남도 김해시 부원동,중상사고,0,1,0,0,차대사람 - 횡단중,안전운전불이행,젖음/습기,비,단일로 - 기타,승용,남,37세,상해없음,보행자,남,77세,중상
2021101600100056,2021년 10월 16일 05시,토요일,경상남도 창원시 성산구 상남동,경상사고,0,0,1,0,차대차 - 측면충돌,기타,건조,맑음,교차로 - 교차로안,승용,남,26세,상해없음,승용,남,60세,경상
2021101600100091,2021년 10월 16일 08시,토요일,경상남도 함양군 마천면,부상신고사고,0,0,0,1,차대차 - 정면충돌,안전운전불이행,젖음/습기,비,단일로 - 기타,화물,남,64세,상해없음,승용,남,22세,부상신고
2021101600100092,2021년 10월 16일 08시,토요일,경상남도 거제시 일운면,중상사고,0,2,0,0,차대차 - 기타,중앙선침범,젖음/습기,비,기타 - 기타,승합,남,48세,상해없음,화물,여,63세,중상
2021101600100093,2021년 10월 16일 08시,토요일,경상남도 남해군 남해읍,중상사고,0,1,0,0,차대차 - 측면충돌,안전운전불이행,젖음/습기,비,단일로 - 기타,승용,남,64세,상해없음,승용,여,64세,중상
2021101600100094,2021년 10월 16일 08시,토요일,경상남도 창원시 마산회원구 내서읍,경상사고,0,0,2,0,차대차 - 측면충돌,신호위반,건조,맑음,교차로 - 교차로안,승용,남,30세,상해없음,승용,여,62세,경상
2021101600100120,2021년 10월 16일 09시,토요일,경상남도 사천시 죽림동,경상사고,0,0,1,0,차대차 - 측면충돌,안전운전불이행,젖음/습기,비,단일로 - 기타,승용,남,63세,상해없음,승용,남,70세,상해없음
2021101600100121,2021년 10월 16일 09시,토요일,경상남도 하동군 옥종면,중상사고,0,1,0,0,차량단독 - 도로외이탈 - 기타,안전운전불이행,젖음/습기,비,단일로 - 기타,화물,남,61세,중상,,,,
2021101600100168,2021년 10월 16일 11시,토요일,경상남도 김해시 구산동,경상사고,0,0,4,0,차대차 - 측면충돌,신호위반,건조,맑음,교차로 - 교차로안,승용,남,71세,상해없음,승용,남,39세,경상
2021101600100169,2021년 10월 16일 11시,토요일,경상남도 김해시 어방동,경상사고,0,0,1,0,차대차 - 측면충돌,안전운전불이행,젖음/습기,비,교차로 - 교차로안,화물,남,64세,상해없음,승용,여,36세,경상
2021101600100170,2021년 10월 16일 11시,토요일,경상남도 김해시 흥동,중상사고,0,2,0,0,차량단독 - 공작물충돌,안전운전불이행,젖음/습기,비,단일로 - 기타,승용,남,76세,중상,,,,
2021101600100208,2021년 10월 16일 12시,토요일,경상남도 양산시 물금읍,경상사고,0,0,1,0,차대차 - 측면충돌,교차로운행방법위반,건조,맑음,교차로 - 교차로안,승용,남,63세,상해없음,승용,여,55세,경상
2021101600100240,2021년 10월 16일 13시,토요일,경상남도 진주시 신안동,경상사고,0,0,1,0,차대차 - 추돌,안전운전불이행,건조,흐림,단일로 - 기타,이륜,남,38세,경상,승용,남,62세,상해없음
2021101600100287,2021년 10월 16일 14시,토요일,경상남도 양산시 북정동,경상사고,0,0,1,0,차대차 - 측면충돌,교차로운행방법위반,건조,맑음,교차로 - 교차로안,승용,남,65세,상해없음,승용,남,58세,경상
2021101600100312,2021년 10월 16일 15시,토요일,경상남도 창녕군 창녕읍,경상사고,0,0,2,0,차대차 - 추돌,안전운전불이행,건조,맑음,교차로 - 교차로부근,승용,남,56세,상해없음,승용,남,37세,경상
2021101600100313,2021년 10월 16일 15시,토요일,경상남도 양산시 물금읍,경상사고,0,0,1,0,차대차 - 측면충돌,중앙선침범,건조,맑음,교차로 - 교차로부근,승용,여,49세,상해없음,화물,남,31세,경상
2021101600100341,2021년 10월 16일 16시,토요일,경상남도 창원시 진해구 용원동,경상사고,0,0,2,0,차대차 - 기타,직진우회전진행방해,건조,맑음,교차로 - 교차로안,승용,남,37세,경상,승용,남,36세,경상
2021101600100365,2021년 10월 16일 17시,토요일,경상남도 진주시 대안동,중상사고,0,1,0,0,차대차 - 측면충돌,안전거리미확보,건조,맑음,단일로 - 기타,승용,남,70세,상해없음,이륜,남,18세,중상
2021101600100406,2021년 10월 16일 18시,토요일,경상남도 김해시 삼방동,경상사고,0,0,1,0,차대차 - 기타,직진우회전진행방해,건조,맑음,교차로 - 교차로안,승용,여,55세,상해없음,이륜,남,36세,경상
2021101600100407,2021년 10월 16일 18시,토요일,경상남도 김해시 외동,중상사고,0,1,0,0,차대차 - 측면충돌,기타,건조,맑음,교차로 - 교차로안,이륜,남,47세,중상,승용,남,65세,상해없음
2021101600100408,2021년 10월 16일 18시,토요일,경상남도 양산시 남부동,경상사고,0,0,2,0,차대차 - 기타,안전운전불이행,건조,맑음,교차로 - 교차로안,화물,남,27세,상해없음,승용,남,49세,경상
2021101600100409,2021년 10월 16일 18시,토요일,경상남도 거제시 상동동,경상사고,0,0,1,0,차대차 - 측면충돌,안전운전불이행,건조,맑음,교차로 - 교차로안,승용,여,44세,상해없음,자전거,남,18세,경상
2021101600100445,2021년 10월 16일 19시,토요일,경상남도 통영시 광도면,중상사고,0,1,1,0,차대차 - 측면충돌,교차로운행방법위반,건조,맑음,교차로 - 교차로안,승용,남,64세,상해없음,이륜,남,25세,중상
2021101600100459,2021년 10월 16일 20시,토요일,경상남도 김해시 무계동,중상사고,0,1,0,0,차대사람 - 횡단중,신호위반,건조,맑음,교차로 - 교차로부근,승용,남,66세,상해없음,보행자,남,29세,중상
2021101600100481,2021년 10월 16일 21시,토요일,경상남도 김해시 대청동,중상사고,0,2,0,0,차대차 - 측면충돌,신호위반,건조,맑음,교차로 - 교차로안,승용,여,59세,상해없음,승용,남,35세,중상
2021101600100517,2021년 10월 16일 22시,토요일,경상남도 창원시 진해구 여좌동,경상사고,0,0,1,0,차대차 - 추돌,안전운전불이행,건조,맑음,교차로 - 교차로부근,승용,남,23세,상해없음,승용,남,23세,경상
2021101600100518,2021년 10월 16일 22시,토요일,경상남도 고성군 회화면,경상사고,0,0,1,0,차대차 - 추돌,안전운전불이행,건조,맑음,교차로 - 교차로부근,승용,남,63세,상해없음,승용,남,56세,경상
2021101600100519,2021년 10월 16일 22시,토요일,경상남도 거제시 상동동,중상사고,0,1,0,0,차대차 - 기타,안전운전불이행,건조,맑음,교차로 - 교차로안,승용,여,51세,상해없음,이륜,남,39세,중상
2021101600100520,2021년 10월 16일 22시,토요일,경상남도 창원시 성산구 사파동,경상사고,0,0,1,0,차대사람 - 기타,안전운전불이행,건조,맑음,단일로 - 기타,승용,남,26세,상해없음,보행자,남,39세,경상
2021101600100543,2021년 10월 16일 23시,토요일,경상남도 김해시 부원동,경상사고,0,0,1,0,차대차 - 측면충돌,신호위반,건조,맑음,교차로 - 교차로안,승용,남,25세,상해없음,승용,여,30세,경상
2021101600100544,2021년 10월 16일 23시,토요일,경상남도 창원시 성산구 상남동,경상사고,0,0,2,0,차대차 - 측면충돌,안전운전불이행,건조,맑음,교차로 - 교차로횡단보도내,승용,남,23세,상해없음,승용,남,52세,경상
2021101700100012,2021년 10월 17일 00시,일요일,경상남도 진주시 내동면,경상사고,0,0,1,0,차대차 - 측면충돌,안전거리미확보,건조,맑음,교차로 - 교차로부근,승용,남,62세,상해없음,승용,여,28세,경상
2021101700100027,2021년 10월 17일 03시,일요일,경상남도 창원시 성산구 상남동,경상사고,0,0,2,0,차대차 - 추돌,안전운전불이행,건조,맑음,교차로 - 교차로안,승용,남,19세,상해없음,승용,남,50세,경상
2021101700100040,2021년 10월 17일 06시,일요일,경상남도 창원시 진해구 현동,중상사고,0,1,1,0,차대차 - 추돌,기타,건조,맑음,단일로 - 기타,승용,남,32세,중상,건설기계,남,63세,경상
2021101700100041,2021년 10월 17일 06시,일요일,경상남도 함안군 함안면,중상사고,0,1,0,0,차대차 - 추돌,중앙선침범,건조,맑음,단일로 - 기타,농기계,남,76세,중상,승용,남,57세,상해없음
2021101700100049,2021년 10월 17일 07시,일요일,경상남도 창원시 마산합포구 창포동3가,중상사고,0,1,0,0,차대사람 - 기타,안전운전불이행,건조,맑음,단일로 - 기타,승용,여,62세,상해없음,보행자,여,79세,중상
2021101700100050,2021년 10월 17일 07시,일요일,경상남도 거제시 고현동,사망사고,1,1,0,0,차대차 - 기타,안전운전불이행,건조,맑음,단일로 - 기타,이륜,남,21세,중상,화물,남,61세,상해없음
2021101700100081,2021년 10월 17일 10시,일요일,경상남도 밀양시 산외면,중상사고,0,1,1,0,차대차 - 추돌,안전운전불이행,건조,맑음,단일로 - 기타,승용,남,47세,상해없음,승용,여,34세,경상
2021101700100087,2021년 10월 17일 10시,일요일,경상남도 창녕군 영산면,중상사고,0,2,1,1,차대차 - 측면충돌,안전운전불이행,건조,맑음,교차로 - 교차로안,승용,여,59세,부상신고,승용,여,31세,중상
2021101700100115,2021년 10월 17일 11시,일요일,경상남도 창원시 성산구 사파동,부상신고사고,0,0,0,1,차대사람 - 기타,안전운전불이행,건조,맑음,단일로 - 기타,승용,남,42세,상해없음,보행자,남,61세,부상신고
2021101700100139,2021년 10월 17일 12시,일요일,경상남도 산청군 차황면,사망사고,1,0,0,0,차대차 - 측면충돌,중앙선침범,건조,맑음,단일로 - 기타,자전거,남,55세,사망,화물,남,55세,상해없음
2021101700100163,2021년 10월 17일 13시,일요일,경상남도 함안군 가야읍,경상사고,0,0,3,0,차대차 - 기타,안전운전불이행,건조,맑음,교차로 - 교차로안,승용,남,80세,경상,승용,남,52세,경상
2021101700100195,2021년 10월 17일 14시,일요일,경상남도 김해시 내동,중상사고,0,1,0,0,차대사람 - 횡단중,보행자보호의무위반,건조,맑음,교차로 - 교차로횡단보도내,승용,남,37세,상해없음,보행자,여,64세,중상
2021101700100196,2021년 10월 17일 14시,일요일,경상남도 함양군 수동면,중상사고,0,1,0,0,차대차 - 측면충돌,안전운전불이행,건조,맑음,단일로 - 지하차도(도로)내,이륜,여,75세,중상,승용,여,45세,상해없음
2021101700100197,2021년 10월 17일 14시,일요일,경상남도 창원시 의창구 동읍,중상사고,0,2,1,0,차대차 - 정면충돌,중앙선침범,건조,맑음,단일로 - 기타,승용,여,41세,경상,승용,남,27세,중상
2021101700100221,2021년 10월 17일 15시,일요일,경상남도 밀양시 상동면,경상사고,0,0,3,0,차대차 - 추돌,안전운전불이행,건조,맑음,단일로 - 기타,승용,남,36세,상해없음,승용,남,43세,경상
2021101700100222,2021년 10월 17일 15시,일요일,경상남도 김해시 부원동,경상사고,0,0,3,0,차대차 - 측면충돌,신호위반,건조,맑음,교차로 - 교차로안,승용,여,28세,경상,승합,남,34세,경상
2021101700100223,2021년 10월 17일 15시,일요일,경상남도 김해시 무계동,중상사고,0,1,0,0,차대사람 - 횡단중,안전운전불이행,건조,맑음,단일로 - 기타,승용,남,33세,상해없음,보행자,여,10세,중상
2021101700100238,2021년 10월 17일 16시,일요일,경상남도 양산시 하북면,경상사고,0,0,2,0,차대차 - 추돌,안전거리미확보,건조,맑음,단일로 - 기타,승용,남,32세,상해없음,승용,여,51세,경상
2021101700100287,2021년 10월 17일 17시,일요일,경상남도 함안군 법수면,경상사고,0,0,1,0,차대차 - 추돌,안전운전불이행,건조,기타,교차로 - 교차로안,승용,남,76세,상해없음,승용,남,62세,경상
2021101700100288,2021년 10월 17일 17시,일요일,경상남도 김해시 한림면,중상사고,0,1,0,0,차대사람 - 횡단중,안전운전불이행,건조,맑음,단일로 - 기타,화물,여,56세,상해없음,보행자,남,64세,중상
2021101700100332,2021년 10월 17일 18시,일요일,경상남도 밀양시 삼문동,경상사고,0,0,1,0,차대사람 - 기타,안전운전불이행,건조,맑음,단일로 - 기타,이륜,여,46세,상해없음,보행자,여,13세,경상
2021101700100364,2021년 10월 17일 19시,일요일,경상남도 사천시 사남면,경상사고,0,0,1,0,차대차 - 기타,기타,건조,맑음,기타 - 기타,건설기계,남,45세,상해없음,승용,여,49세,경상
2021101700100365,2021년 10월 17일 19시,일요일,경상남도 창원시 마산회원구 구암동,경상사고,0,0,1,0,차대차 - 측면충돌,신호위반,건조,맑음,교차로 - 교차로안,승용,여,51세,상해없음,승용,남,27세,경상
2021101700100436,2021년 10월 17일 22시,일요일,경상남도 진주시 상대동,경상사고,0,0,1,0,차대차 - 측면충돌,신호위반,건조,맑음,교차로 - 교차로안,승용,여,26세,상해없음,승용,여,49세,경상
2021101700100437,2021년 10월 17일 22시,일요일,경상남도 양산시 중부동,부상신고사고,0,0,0,1,차량단독 - 공작물충돌,안전운전불이행,건조,맑음,교차로 - 교차로안,승용,여,51세,부상신고,,,,
2021101700100438,2021년 10월 17일 22시,일요일,경상남도 양산시 물금읍,경상사고,0,0,1,0,차대차 - 측면충돌,안전운전불이행,건조,맑음,교차로 - 교차로안,승용,남,20세,상해없음,승용,여,50세,경상
2021101700100439,2021년 10월 17일 22시,일요일,경상남도 창원시 성산구 중앙동,경상사고,0,0,1,0,차대차 - 추돌,안전운전불이행,건조,맑음,단일로 - 기타,승용,남,26세,상해없음,승용,남,30세,경상
2021101700100458,2021년 10월 17일 23시,일요일,경상남도 통영시 태평동,경상사고,0,0,1,0,차대차 - 추돌,안전운전불이행,건조,맑음,단일로 - 기타,이륜,남,25세,경상,승용,남,57세,상해없음
2021101800100005,2021년 10월 18일 00시,월요일,경상남도 창녕군 도천면,경상사고,0,0,1,0,차대차 - 추돌,안전운전불이행,건조,맑음,단일로 - 기타,승용,남,59세,상해없음,승용,남,40세,경상
2021101800100040,2021년 10월 18일 06시,월요일,경상남도 함양군 함양읍,중상사고,0,1,0,1,차대차 - 측면충돌,교차로운행방법위반,건조,맑음,교차로 - 교차로안,승용,남,62세,부상신고,승용,남,53세,중상
2021101800100041,2021년 10월 18일 06시,월요일,경상남도 사천시 곤양면,경상사고,0,0,1,0,차대차 - 측면충돌,안전운전불이행,건조,맑음,단일로 - 기타,승용,여,45세,상해없음,승용,남,42세,경상
2021101800100072,2021년 10월 18일 07시,월요일,경상남도 창녕군 창녕읍,중상사고,0,1,0,0,차대차 - 기타,안전운전불이행,건조,맑음,교차로 - 교차로부근,자전거,남,80세,중상,승용,여,67세,상해없음
2021101800100125,2021년 10월 18일 08시,월요일,경상남도 창녕군 부곡면,중상사고,0,1,0,0,차량단독 - 공작물충돌,안전운전불이행,건조,맑음,단일로 - 기타,승용,남,72세,중상,,,,
2021101800100126,2021년 10월 18일 08시,월요일,경상남도 남해군 창선면,중상사고,0,1,0,0,차량단독 - 공작물충돌,안전운전불이행,건조,맑음,교차로 - 교차로안,이륜,남,81세,중상,,,,
2021101800100170,2021년 10월 18일 09시,월요일,경상남도 통영시 광도면,경상사고,0,0,3,0,차대차 - 추돌,안전운전불이행,건조,맑음,단일로 - 기타,승용,남,23세,상해없음,승용,여,38세,경상
2021101800100206,2021년 10월 18일 10시,월요일,경상남도 창원시 마산합포구 창포동3가,경상사고,0,0,2,0,차대차 - 측면충돌,교차로운행방법위반,건조,맑음,교차로 - 교차로안,승용,여,38세,상해없음,승용,남,30세,경상
2021101800100240,2021년 10월 18일 11시,월요일,경상남도 진주시 주약동,중상사고,0,1,0,0,차대사람 - 기타,안전운전불이행,건조,맑음,교차로 - 교차로안,승용,남,66세,상해없음,보행자,여,88세,중상
2021101800100241,2021년 10월 18일 11시,월요일,경상남도 거창군 거창읍,중상사고,0,1,0,0,차대차 - 측면충돌,직진우회전진행방해,건조,맑음,교차로 - 교차로안,화물,남,65세,상해없음,이륜,남,82세,중상
2021101800100242,2021년 10월 18일 11시,월요일,경상남도 합천군 용주면,중상사고,0,1,0,0,차대차 - 측면충돌,신호위반,건조,맑음,교차로 - 교차로안,승합,남,60세,상해없음,사륜오토바이(ATV),여,75세,중상
2021101800100243,2021년 10월 18일 11시,월요일,경상남도 양산시 삼호동,중상사고,0,1,0,0,차대차 - 측면충돌,안전운전불이행,건조,맑음,교차로 - 교차로안,승용,남,58세,상해없음,승용,여,70세,중상
2021101800100274,2021년 10월 18일 12시,월요일,경상남도 산청군 신안면,사망사고,1,0,0,0,차량단독 - 공작물충돌,안전운전불이행,건조,맑음,교차로 - 교차로안,승용,남,66세,사망,,,,
2021101800100275,2021년 10월 18일 12시,월요일,경상남도 함안군 군북면,경상사고,0,0,1,0,차대차 - 추돌,안전거리미확보,건조,맑음,단일로 - 기타,화물,남,54세,상해없음,승용,여,52세,경상
2021101800100310,2021년 10월 18일 13시,월요일,경상남도 사천시 봉남동,중상사고,0,1,0,0,차대차 - 측면충돌,안전운전불이행,건조,맑음,단일로 - 기타,승용,여,39세,상해없음,자전거,남,73세,중상
2021101800100311,2021년 10월 18일 13시,월요일,경상남도 양산시 동면,경상사고,0,0,1,0,차대차 - 추돌,안전운전불이행,건조,맑음,단일로 - 기타,승용,여,60세,상해없음,화물,남,44세,경상
2021101800100349,2021년 10월 18일 14시,월요일,경상남도 진주시 중안동,경상사고,0,0,1,0,차대차 - 추돌,안전운전불이행,건조,맑음,단일로 - 기타,이륜,남,49세,상해없음,승용,여,23세,경상
2021101800100350,2021년 10월 18일 14시,월요일,경상남도 창원시 성산구 상남동,경상사고,0,0,1,0,차대차 - 후진중충돌,안전운전불이행,건조,맑음,단일로 - 기타,승용,여,56세,상해없음,승용,남,27세,경상
2021101800100419,2021년 10월 18일 16시,월요일,경상남도 진주시 계동,중상사고,0,1,0,0,차대사람 - 기타,보행자보호의무위반,건조,맑음,교차로 - 교차로횡단보도내,승용,남,66세,상해없음,보행자,여,82세,중상
2021101800100420,2021년 10월 18일 16시,월요일,경상남도 사천시 사천읍,경상사고,0,0,1,0,차대차 - 측면충돌,교차로운행방법위반,건조,맑음,교차로 - 교차로안,승용,여,48세,상해없음,화물,남,49세,경상
2021101800100464,2021년 10월 18일 17시,월요일,경상남도 양산시 유산동,중상사고,0,1,0,0,차대차 - 측면충돌,안전운전불이행,건조,기타,교차로 - 교차로부근,승용,남,53세,상해없음,승용,여,60세,중상
2021101800100465,2021년 10월 18일 17시,월요일,경상남도 거제시 상동동,경상사고,0,0,1,0,차대차 - 추돌,안전거리미확보,건조,맑음,단일로 - 기타,승용,남,49세,상해없음,승용,여,27세,경상
2021101800100494,2021년 10월 18일 18시,월요일,경상남도 김해시 대동면,경상사고,0,0,4,0,차대차 - 추돌,안전거리미확보,건조,맑음,단일로 - 기타,화물,남,29세,상해없음,승합,남,63세,경상
2021101800100534,2021년 10월 18일 18시,월요일,경상남도 합천군 대양면,경상사고,0,0,1,0,차대차 - 추돌,안전운전불이행,건조,맑음,단일로 - 기타,승용,여,48세,상해없음,승용,남,52세,경상
2021101800100535,2021년 10월 18일 18시,월요일,경상남도 양산시 물금읍,중상사고,0,1,0,0,차대차 - 측면충돌,신호위반,건조,기타,교차로 - 교차로부근,승용,남,61세,상해없음,이륜,남,33세,중상
2021101800100536,2021년 10월 18일 18시,월요일,경상남도 거제시 고현동,중상사고,0,1,1,0,차대사람 - 횡단중,보행자보호의무위반,건조,맑음,교차로 - 교차로부근,이륜,남,30세,경상,보행자,여,14세,중상
2021101800100581,2021년 10월 18일 19시,월요일,경상남도 양산시 북부동,경상사고,0,0,1,0,차대차 - 추돌,안전운전불이행,건조,맑음,교차로 - 교차로안,화물,기타불명,미분류,기타불명,승용,여,44세,경상
2021101800100582,2021년 10월 18일 19시,월요일,경상남도 양산시 북정동,경상사고,0,0,1,0,차대차 - 추돌,신호위반,건조,맑음,교차로 - 교차로안,화물,남,30세,기타불명,승용,남,35세,경상
2021101800100583,2021년 10월 18일 19시,월요일,경상남도 산청군 단성면,경상사고,0,0,2,1,차대차 - 측면충돌,교차로운행방법위반,건조,맑음,교차로 - 교차로안,화물,여,53세,부상신고,승용,남,48세,경상
2021101800100584,2021년 10월 18일 19시,월요일,경상남도 함안군 군북면,중상사고,0,1,0,0,차대사람 - 횡단중,안전운전불이행,건조,맑음,단일로 - 기타,승용,남,48세,상해없음,보행자,여,69세,중상
2021101800100585,2021년 10월 18일 19시,월요일,경상남도 창원시 성산구 대원동,경상사고,0,0,1,0,차대차 - 추돌,안전운전불이행,건조,맑음,단일로 - 교량,승용,남,32세,상해없음,승용,남,55세,경상
2021101800100616,2021년 10월 18일 20시,월요일,경상남도 거제시 사등면,중상사고,0,1,0,0,차대사람 - 횡단중,안전운전불이행,건조,맑음,단일로 - 기타,승용,여,31세,상해없음,보행자,남,49세,중상
2021101800100665,2021년 10월 18일 22시,월요일,경상남도 김해시 불암동,경상사고,0,0,1,0,차대차 - 추돌,안전운전불이행,건조,맑음,단일로 - 기타,승용,남,66세,상해없음,승용,여,39세,경상
2021101800100678,2021년 10월 18일 22시,월요일,경상남도 김해시 구산동,경상사고,0,0,1,0,차대차 - 추돌,안전운전불이행,건조,맑음,교차로 - 교차로부근,승용,남,51세,상해없음,이륜,남,41세,경상
2021101900100007,2021년 10월 19일 00시,화요일,경상남도 통영시 산양읍,경상사고,0,0,1,0,차량단독 - 도로외이탈 - 추락,안전운전불이행,건조,맑음,단일로 - 기타,승용,남,26세,경상,,,,
2021101900100017,2021년 10월 19일 01시,화요일,경상남도 사천시 축동면,중상사고,0,1,0,0,차대차 - 측면충돌,신호위반,건조,맑음,교차로 - 교차로안,이륜,남,29세,중상,승합,남,60세,상해없음
2021101900100032,2021년 10월 19일 05시,화요일,경상남도 양산시 물금읍,경상사고,0,0,2,0,차대차 - 측면충돌,기타,건조,맑음,교차로 - 교차로안,승용,남,24세,기타불명,승용,남,21세,경상