사고번호,사고일시,요일,시군구,사고내용,사망자수,중상자수,경상자수,부상신고자수,사고유형,법규위반,노면상태,기상상태,도로형태,가해운전자 차종,가해운전자 성별,가해운전자 연령,가해운전자 상해정도,피해운전자 차종,피해운전자 성별,피해운전자 연령,피해운전자 상해정도
2021102200100482,2021년 10월 22일 17시,금요일,경상남도 진주시 내동면,경상사고,0,0,1,0,차대차 - 측면충돌,안전운전불이행,건조,맑음,교차로 - 교차로안,승용,남,67세,상해없음,승용,남,40세,경상
2021102200100483,2021년 10월 22일 17시,금요일,경상남도 통영시 광도면,중상사고,0,1,0,0,차대사람 - 기타,안전운전불이행,건조,맑음,교차로 - 교차로횡단보도내,승용,남,34세,상해없음,보행자,여,21세,중상
2021102200100484,2021년 10월 22일 17시,금요일,경상남도 거제시 옥포동,중상사고,0,1,0,0,차대차 - 기타,불법유턴,건조,맑음,교차로 - 교차로안,승용,남,61세,상해없음,승용,남,65세,중상
2021102200100485,2021년 10월 22일 17시,금요일,경상남도 김해시 신문동,경상사고,0,0,1,0,차량단독 - 전도전복 - 전도,안전운전불이행,건조,맑음,단일로 - 기타,이륜,남,73세,경상,,,,
2021102200100552,2021년 10월 22일 18시,금요일,경상남도 통영시 도천동,경상사고,0,0,1,0,차대차 - 추돌,안전운전불이행,건조,맑음,단일로 - 기타,승합,남,62세,상해없음,화물,남,47세,경상
2021102200100553,2021년 10월 22일 18시,금요일,경상남도 김해시 삼방동,중상사고,0,1,0,0,차대차 - 측면충돌,안전운전불이행,건조,맑음,단일로 - 기타,승용,여,57세,상해없음,이륜,남,35세,중상
2021102200100554,2021년 10월 22일 18시,금요일,경상남도 거창군 거창읍,중상사고,0,1,0,0,차량단독 - 기타,기타,건조,맑음,단일로 - 기타,승합,남,64세,상해없음,,,,
2021102200100555,2021년 10월 22일 18시,금요일,경상남도 함양군 안의면,중상사고,0,1,0,0,차대차 - 추돌,안전운전불이행,건조,맑음,단일로 - 기타,승용,남,74세,상해없음,농기계,남,77세,중상
2021102200100556,2021년 10월 22일 18시,금요일,경상남도 고성군 하이면,경상사고,0,0,1,0,차대차 - 측면충돌,안전운전불이행,건조,맑음,단일로 - 기타,화물,남,65세,상해없음,승용,남,40세,경상
2021102200100614,2021년 10월 22일 19시,금요일,경상남도 양산시 평산동,경상사고,0,0,1,0,차대차 - 측면충돌,교차로운행방법위반,건조,맑음,교차로 - 교차로안,승용,남,37세,상해없음,이륜,남,46세,경상
2021102200100615,2021년 10월 22일 19시,금요일,경상남도 창원시 의창구 북면,중상사고,0,1,0,0,차대차 - 측면충돌,신호위반,건조,맑음,교차로 - 교차로안,승용,남,59세,상해없음,이륜,남,38세,중상
2021102200100645,2021년 10월 22일 20시,금요일,경상남도 김해시 서상동,중상사고,0,1,1,0,차대차 - 정면충돌,안전운전불이행,건조,맑음,교차로 - 교차로안,이륜,남,19세,중상,승용,여,35세,경상
2021102200100646,2021년 10월 22일 20시,금요일,경상남도 양산시 용당동,경상사고,0,0,1,0,차대차 - 측면충돌,안전운전불이행,건조,맑음,단일로 - 기타,화물,남,57세,상해없음,승용,남,63세,경상
2021102200100712,2021년 10월 22일 22시,금요일,경상남도 창원시 진해구 덕산동,경상사고,0,0,2,0,차대차 - 기타,안전운전불이행,건조,맑음,기타 - 기타,승용,여,56세,상해없음,승용,남,58세,경상
2021102200100713,2021년 10월 22일 22시,금요일,경상남도 양산시 물금읍,경상사고,0,0,4,0,차대차 - 측면충돌,신호위반,건조,맑음,교차로 - 교차로안,승합,남,36세,상해없음,승용,남,31세,경상
2021102200100714,2021년 10월 22일 22시,금요일,경상남도 양산시 물금읍,중상사고,0,1,0,0,차대사람 - 횡단중,신호위반,건조,맑음,교차로 - 교차로횡단보도내,개인형이동수단(PM),남,15세,상해없음,보행자,여,49세,중상
2021102300100051,2021년 10월 23일 06시,토요일,경상남도 함양군 백전면,사망사고,1,0,0,0,차대사람 - 차도통행중,안전운전불이행,건조,맑음,단일로 - 기타,승용,여,66세,상해없음,보행자,여,64세,사망
2021102300100094,2021년 10월 23일 09시,토요일,경상남도 양산시 물금읍,경상사고,0,0,1,0,차대차 - 추돌,안전운전불이행,건조,맑음,단일로 - 기타,승용,남,40세,상해없음,승용,남,29세,경상
2021102300100129,2021년 10월 23일 10시,토요일,경상남도 창원시 마산회원구 합성동,경상사고,0,0,1,0,차대차 - 측면충돌,안전운전불이행,건조,맑음,단일로 - 기타,승용,여,52세,상해없음,화물,남,58세,경상
2021102300100148,2021년 10월 23일 11시,토요일,경상남도 양산시 상북면,중상사고,0,5,8,1,차대차 - 추돌,안전운전불이행,건조,맑음,단일로 - 기타,승합,남,44세,상해없음,승용,남,32세,중상
2021102300100162,2021년 10월 23일 11시,토요일,경상남도 거제시 능포동,중상사고,0,1,0,0,차대차 - 기타,안전운전불이행,건조,맑음,단일로 - 기타,승용,남,59세,상해없음,이륜,남,78세,중상
2021102300100261,2021년 10월 23일 13시,토요일,경상남도 통영시 광도면,경상사고,0,0,2,0,차대차 - 정면충돌,직진우회전진행방해,건조,맑음,교차로 - 교차로안,이륜,남,38세,경상,승용,여,30세,경상
2021102300100262,2021년 10월 23일 13시,토요일,경상남도 김해시 봉황동,경상사고,0,0,2,0,차대차 - 측면충돌,안전운전불이행,건조,맑음,교차로 - 교차로부근,화물,남,35세,상해없음,승용,여,31세,경상
2021102300100309,2021년 10월 23일 14시,토요일,경상남도 창원시 진해구 석동,경상사고,0,0,1,0,차대차 - 측면충돌,안전운전불이행,건조,맑음,단일로 - 기타,승용,여,67세,상해없음,승용,남,43세,경상
2021102300100310,2021년 10월 23일 14시,토요일,경상남도 사천시 용현면,경상사고,0,0,1,0,차대차 - 추돌,안전운전불이행,건조,맑음,단일로 - 기타,승용,여,60세,상해없음,승용,남,45세,경상
2021102300100354,2021년 10월 23일 15시,토요일,경상남도 거제시 일운면,경상사고,0,0,1,0,차대사람 - 차도통행중,안전운전불이행,건조,맑음,기타 - 기타,승용,남,32세,상해없음,보행자,남,8세,경상
2021102300100407,2021년 10월 23일 16시,토요일,경상남도 남해군 상주면,중상사고,0,1,0,0,차대차 - 측면충돌,교차로운행방법위반,건조,맑음,교차로 - 교차로안,승용,여,39세,상해없음,자전거,남,44세,중상
2021102300100434,2021년 10월 23일 17시,토요일,경상남도 창원시 마산합포구 진전면,중상사고,0,2,1,2,차대차 - 추돌,안전운전불이행,건조,맑음,단일로 - 기타,화물,남,69세,상해없음,승용,남,52세,중상
2021102300100435,2021년 10월 23일 17시,토요일,경상남도 진주시 충무공동,중상사고,0,1,0,0,차량단독 - 기타,안전운전불이행,건조,맑음,단일로 - 기타,승합,남,48세,상해없음,,,,
2021102300100436,2021년 10월 23일 17시,토요일,경상남도 김해시 삼계동,중상사고,0,1,0,0,차대사람 - 횡단중,신호위반,건조,맑음,교차로 - 교차로안,승용,여,56세,상해없음,보행자,여,18세,중상
2021102300100437,2021년 10월 23일 17시,토요일,경상남도 양산시 교동,부상신고사고,0,0,0,2,차대차 - 측면충돌,교차로운행방법위반,건조,맑음,교차로 - 교차로안,승용,남,24세,상해없음,화물,남,25세,상해없음
2021102300100438,2021년 10월 23일 17시,토요일,경상남도 창원시 성산구 가음정동,경상사고,0,0,1,0,차대차 - 측면충돌,안전운전불이행,건조,맑음,단일로 - 기타,승용,여,58세,상해없음,승용,여,46세,경상
2021102300100475,2021년 10월 23일 18시,토요일,경상남도 거창군 거창읍,중상사고,0,1,2,0,차대차 - 추돌,안전운전불이행,건조,맑음,기타 - 기타,화물,남,80세,상해없음,승용,남,72세,경상
2021102300100476,2021년 10월 23일 18시,토요일,경상남도 고성군 고성읍,사망사고,1,0,0,0,차대사람 - 횡단중,보행자보호의무위반,건조,맑음,단일로 - 기타,승용,여,44세,상해없음,보행자,여,73세,사망
2021102300100525,2021년 10월 23일 19시,토요일,경상남도 양산시 중부동,경상사고,0,0,1,0,차대차 - 추돌,안전운전불이행,건조,맑음,단일로 - 기타,승용,여,59세,상해없음,승용,남,47세,경상
2021102300100526,2021년 10월 23일 19시,토요일,경상남도 김해시 진영읍,중상사고,0,2,0,0,차대차 - 측면충돌,차로위반,건조,맑음,단일로 - 기타,화물,남,50세,상해없음,승용,여,55세,중상
2021102300100565,2021년 10월 23일 21시,토요일,경상남도 창원시 마산회원구 양덕동,중상사고,0,1,0,0,차대사람 - 기타,신호위반,건조,맑음,단일로 - 기타,승용,여,51세,상해없음,보행자,남,54세,중상
2021102300100600,2021년 10월 23일 22시,토요일,경상남도 거창군 거창읍,경상사고,0,0,1,0,차대차 - 추돌,안전운전불이행,건조,기타,교차로 - 교차로안,이륜,남,16세,경상,승용,남,36세,기타불명
2021102300100601,2021년 10월 23일 22시,토요일,경상남도 김해시 진영읍,사망사고,1,0,0,0,차량단독 - 기타,안전운전불이행,건조,맑음,교차로 - 교차로안,승용,남,43세,사망,,,,
2021102400100013,2021년 10월 24일 00시,일요일,경상남도 김해시 구산동,중상사고,0,1,0,0,차량단독 - 공작물충돌,안전운전불이행,건조,맑음,단일로 - 기타,원동기,남,19세,중상,,,,
2021102400100051,2021년 10월 24일 06시,일요일,경상남도 진주시 상대동,중상사고,0,1,0,0,차대사람 - 횡단중,안전운전불이행,건조,맑음,교차로 - 교차로횡단보도내,화물,남,30세,상해없음,보행자,여,80세,중상
2021102400100060,2021년 10월 24일 07시,일요일,경상남도 사천시 용현면,경상사고,0,0,1,0,차대차 - 추돌,안전운전불이행,건조,맑음,교차로 - 교차로부근,승용,남,82세,상해없음,승용,여,46세,경상
2021102400100070,2021년 10월 24일 08시,일요일,경상남도 통영시 태평동,중상사고,0,1,0,0,차대차 - 기타,안전운전불이행,건조,맑음,단일로 - 기타,이륜,남,73세,중상,승용,남,42세,상해없음
2021102400100107,2021년 10월 24일 10시,일요일,경상남도 양산시 주남동,경상사고,0,0,3,0,차대차 - 측면충돌,안전운전불이행,건조,맑음,단일로 - 기타,승용,남,62세,상해없음,승용,여,56세,경상
2021102400100135,2021년 10월 24일 11시,일요일,경상남도 밀양시 삼랑진읍,경상사고,0,0,1,0,차대차 - 추돌,안전거리미확보,기타,맑음,단일로 - 기타,자전거,남,63세,경상,자전거,남,34세,상해없음
2021102400100136,2021년 10월 24일 11시,일요일,경상남도 창녕군 유어면,경상사고,0,0,1,0,차대차 - 기타,직진우회전진행방해,건조,맑음,교차로 - 교차로안,승용,남,71세,상해없음,승용,남,45세,경상
2021102400100137,2021년 10월 24일 11시,일요일,경상남도 양산시 동면,중상사고,0,1,0,0,차대차 - 측면충돌,신호위반,건조,맑음,교차로 - 교차로안,승용,남,25세,상해없음,이륜,남,60세,중상
2021102400100171,2021년 10월 24일 12시,일요일,경상남도 진주시 상평동,중상사고,0,1,0,0,차대사람 - 횡단중,안전운전불이행,건조,맑음,교차로 - 교차로횡단보도내,승용,남,26세,상해없음,보행자,여,56세,중상
2021102400100172,2021년 10월 24일 12시,일요일,경상남도 김해시 삼정동,중상사고,0,1,0,0,차대차 - 측면충돌,안전운전불이행,건조,맑음,단일로 - 기타,승용,여,41세,상해없음,이륜,남,58세,중상
2021102400100205,2021년 10월 24일 13시,일요일,경상남도 사천시 송포동,중상사고,0,1,2,0,차대차 - 추돌,안전운전불이행,건조,맑음,단일로 - 기타,승용,남,77세,상해없음,승용,남,51세,경상
2021102400100206,2021년 10월 24일 13시,일요일,경상남도 김해시 부원동,경상사고,0,0,1,0,차대차 - 측면충돌,안전운전불이행,건조,맑음,교차로 - 교차로안,승용,여,33세,상해없음,이륜,남,44세,경상
2021102400100241,2021년 10월 24일 14시,일요일,경상남도 사천시 용현면,중상사고,0,1,0,0,차대차 - 정면충돌,중앙선침범,건조,맑음,단일로 - 기타,승용,남,74세,상해없음,자전거,남,54세,중상
2021102400100242,2021년 10월 24일 14시,일요일,경상남도 밀양시 단장면,중상사고,0,2,0,0,차량단독 - 공작물충돌,안전운전불이행,건조,맑음,단일로 - 기타,승용,남,81세,중상,,,,
2021102400100243,2021년 10월 24일 14시,일요일,경상남도 산청군 신등면,중상사고,0,1,0,0,차량단독 - 도로외이탈 - 추락,안전운전불이행,건조,맑음,단일로 - 기타,화물,여,52세,중상,,,,
2021102400100341,2021년 10월 24일 17시,일요일,경상남도 합천군 합천읍,경상사고,0,0,1,0,차대차 - 측면충돌,직진우회전진행방해,건조,맑음,교차로 - 교차로안,이륜,남,60세,경상,승용,남,66세,상해없음
2021102400100342,2021년 10월 24일 17시,일요일,경상남도 함안군 가야읍,경상사고,0,0,1,0,차대차 - 측면충돌,교차로운행방법위반,건조,맑음,교차로 - 교차로안,화물,남,67세,상해없음,화물,여,68세,경상
2021102400100343,2021년 10월 24일 17시,일요일,경상남도 창원시 마산회원구 석전동,중상사고,0,2,7,2,차대차 - 측면충돌,안전운전불이행,건조,맑음,교차로 - 교차로안,승용,남,79세,상해없음,승합,남,36세,경상
2021102400100386,2021년 10월 24일 18시,일요일,경상남도 사천시 곤명면,경상사고,0,0,1,0,차대차 - 측면충돌,안전거리미확보,건조,맑음,단일로 - 기타,승용,남,75세,상해없음,승용,남,58세,경상
2021102400100387,2021년 10월 24일 18시,일요일,경상남도 밀양시 내이동,사망사고,1,0,0,0,차대사람 - 횡단중,기타,건조,흐림,교차로 - 교차로안,승용,남,33세,상해없음,보행자,여,85세,사망
2021102400100388,2021년 10월 24일 18시,일요일,경상남도 거창군 거창읍,중상사고,0,1,2,0,차대차 - 측면충돌,직진우회전진행방해,건조,맑음,교차로 - 교차로안,승용,여,63세,경상,화물,남,35세,경상
2021102400100389,2021년 10월 24일 18시,일요일,경상남도 김해시 풍유동,경상사고,0,0,2,0,차대차 - 추돌,안전운전불이행,건조,맑음,교차로 - 교차로부근,승용,남,30세,상해없음,승용,남,31세,경상
2021102400100422,2021년 10월 24일 19시,일요일,경상남도 김해시 진영읍,중상사고,0,1,0,0,차대사람 - 횡단중,신호위반,건조,맑음,교차로 - 교차로횡단보도내,이륜,남,37세,상해없음,보행자,여,63세,중상
2021102400100445,2021년 10월 24일 20시,일요일,경상남도 거제시 연초면,경상사고,0,0,1,0,차대차 - 기타,신호위반,건조,맑음,교차로 - 교차로안,승용,남,80세,상해없음,이륜,남,24세,경상
2021102400100446,2021년 10월 24일 20시,일요일,경상남도 창원시 성산구 사파동,경상사고,0,0,2,0,차대차 - 기타,기타,건조,맑음,단일로 - 기타,화물,남,58세,상해없음,승용,남,34세,경상
2021102400100464,2021년 10월 24일 21시,일요일,경상남도 거제시 고현동,중상사고,0,1,1,0,차대사람 - 기타,안전운전불이행,건조,맑음,교차로 - 교차로횡단보도내,이륜,남,45세,경상,보행자,남,51세,중상
2021102500100034,2021년 10월 25일 06시,월요일,경상남도 진주시 옥봉동,중상사고,0,1,0,0,차대사람 - 횡단중,신호위반,건조,맑음,교차로 - 교차로횡단보도내,승용,남,43세,상해없음,보행자,여,58세,중상
2021102500100035,2021년 10월 25일 06시,월요일,경상남도 통영시 문화동,중상사고,0,1,0,0,차대사람 - 횡단중,신호위반,건조,맑음,단일로 - 기타,승용,남,69세,상해없음,보행자,여,78세,중상
2021102500100054,2021년 10월 25일 07시,월요일,경상남도 진주시 주약동,경상사고,0,0,2,0,차대차 - 측면충돌,신호위반,건조,맑음,교차로 - 교차로안,승용,남,53세,상해없음,승용,남,78세,경상
2021102500100055,2021년 10월 25일 07시,월요일,경상남도 밀양시 내이동,경상사고,0,0,1,0,차대차 - 측면충돌,교차로운행방법위반,건조,맑음,교차로 - 교차로안,화물,남,53세,상해없음,승용,여,68세,경상
2021102500100056,2021년 10월 25일 07시,월요일,경상남도 김해시 삼방동,경상사고,0,0,2,1,차대차 - 추돌,안전운전불이행,건조,맑음,단일로 - 기타,화물,남,72세,상해없음,승용,여,58세,상해없음
2021102500100057,2021년 10월 25일 07시,월요일,경상남도 거제시 사등면,경상사고,0,0,1,0,차대차 - 측면충돌,안전거리미확보,건조,맑음,단일로 - 기타,승용,여,53세,상해없음,승용,여,34세,경상
2021102500100091,2021년 10월 25일 08시,월요일,경상남도 진주시 초전동,중상사고,0,1,2,0,차대차 - 측면충돌,신호위반,건조,맑음,교차로 - 교차로안,승용,여,42세,상해없음,승용,여,53세,경상
2021102500100092,2021년 10월 25일 08시,월요일,경상남도 통영시 도천동,부상신고사고,0,0,0,2,차대차 - 추돌,교차로운행방법위반,건조,맑음,교차로 - 교차로안,승용,남,58세,상해없음,승용,여,51세,상해없음
2021102500100174,2021년 10월 25일 10시,월요일,경상남도 사천시 대방동,중상사고,0,1,3,0,차대차 - 추돌,안전운전불이행,건조,맑음,단일로 - 기타,화물,남,70세,경상,승용,남,43세,중상
2021102500100204,2021년 10월 25일 11시,월요일,경상남도 밀양시 삼랑진읍,중상사고,0,1,0,0,차대차 - 측면충돌,교차로운행방법위반,건조,맑음,교차로 - 교차로안,화물,남,61세,상해없음,화물,남,77세,중상
2021102500100216,2021년 10월 25일 12시,월요일,경상남도 김해시 흥동,경상사고,0,0,1,0,차대차 - 후진중충돌,차로위반,건조,맑음,단일로 - 기타,기타불명,기타불명,미분류,기타불명,승용,여,34세,경상
2021102500100234,2021년 10월 25일 12시,월요일,경상남도 창원시 의창구 도계동,경상사고,0,0,2,0,차대차 - 측면충돌,안전운전불이행,건조,맑음,교차로 - 교차로부근,승용,남,55세,경상,승용,남,47세,경상
2021102500100267,2021년 10월 25일 13시,월요일,경상남도 창녕군 도천면,중상사고,0,1,1,0,차대차 - 정면충돌,중앙선침범,건조,맑음,단일로 - 기타,승용,남,74세,상해없음,화물,남,43세,경상
2021102500100268,2021년 10월 25일 13시,월요일,경상남도 양산시 동면,경상사고,0,0,2,0,차대차 - 기타,안전운전불이행,건조,기타,기타 - 기타,화물,남,61세,상해없음,승용,여,48세,경상
2021102500100269,2021년 10월 25일 13시,월요일,경상남도 창원시 의창구 봉곡동,경상사고,0,0,2,0,차대차 - 측면충돌,안전운전불이행,건조,맑음,교차로 - 교차로안,화물,남,50세,경상,승용,남,62세,경상
2021102500100310,2021년 10월 25일 14시,월요일,경상남도 남해군 삼동면,중상사고,0,1,0,0,차량단독 - 전도전복 - 전도,안전운전불이행,건조,맑음,단일로 - 기타,원동기,남,65세,중상,,,,
2021102500100311,2021년 10월 25일 14시,월요일,경상남도 함안군 군북면,경상사고,0,0,1,0,차대차 - 측면충돌,안전운전불이행,건조,맑음,교차로 - 교차로안,승용,여,56세,상해없음,자전거,여,72세,경상
2021102500100357,2021년 10월 25일 15시,월요일,경상남도 양산시 주진동,중상사고,0,1,0,0,차대차 - 측면충돌,안전운전불이행,건조,맑음,교차로 - 교차로부근,건설기계,남,46세,상해없음,자전거,남,78세,중상
2021102500100403,2021년 10월 25일 16시,월요일,경상남도 합천군 가야면,부상신고사고,0,0,0,1,차량단독 - 기타,안전운전불이행,건조,맑음,기타 - 기타,이륜,남,65세,부상신고,,,,
2021102500100404,2021년 10월 25일 16시,월요일,경상남도 산청군 삼장면,중상사고,0,2,0,0,차대차 - 기타,안전운전불이행,건조,맑음,단일로 - 기타,화물,남,71세,상해없음,승용,남,60세,중상
2021102500100450,2021년 10월 25일 17시,월요일,경상남도 창원시 마산합포구 진전면,경상사고,0,0,1,0,차량단독 - 도로외이탈 - 추락,안전운전불이행,건조,맑음,단일로 - 기타,승용,여,71세,경상,,,,
2021102500100451,2021년 10월 25일 17시,월요일,경상남도 창원시 진해구 용원동,경상사고,0,0,1,0,차대차 - 측면충돌,안전운전불이행,건조,맑음,단일로 - 기타,승용,남,34세,상해없음,이륜,남,49세,경상
2021102500100494,2021년 10월 25일 18시,월요일,경상남도 창원시 마산합포구 신창동,부상신고사고,0,0,0,1,차대차 - 측면충돌,안전운전불이행,건조,맑음,교차로 - 교차로안,이륜,남,18세,부상신고,승용,남,63세,상해없음
2021102500100495,2021년 10월 25일 18시,월요일,경상남도 진주시 주약동,중상사고,0,1,0,0,차대차 - 추돌,기타,건조,맑음,교차로 - 교차로부근,승용,여,59세,상해없음,이륜,남,40세,중상
2021102500100496,2021년 10월 25일 18시,월요일,경상남도 사천시 죽림동,경상사고,0,0,2,0,차대차 - 추돌,안전운전불이행,건조,맑음,단일로 - 기타,화물,남,33세,상해없음,승용,남,48세,경상
2021102500100497,2021년 10월 25일 18시,월요일,경상남도 거창군 거창읍,중상사고,0,1,2,0,차대차 - 측면충돌,안전거리미확보,건조,맑음,단일로 - 기타,승용,여,58세,경상,이륜,여,66세,중상
2021102500100498,2021년 10월 25일 18시,월요일,경상남도 창원시 성산구 사파동,중상사고,0,1,1,0,차대차 - 측면충돌,안전운전불이행,건조,맑음,교차로 - 교차로부근,승용,남,27세,상해없음,승용,남,52세,중상
2021102500100499,2021년 10월 25일 18시,월요일,경상남도 김해시 삼문동,중상사고,0,1,0,0,차대차 - 기타,신호위반,건조,맑음,교차로 - 교차로안,승용,남,53세,상해없음,원동기,남,40세,중상
2021102500100549,2021년 10월 25일 19시,월요일,경상남도 밀양시 하남읍,중상사고,0,1,0,0,차대차 - 측면충돌,안전운전불이행,건조,맑음,단일로 - 교량,승용,남,32세,상해없음,자전거,남,49세,중상
2021102500100589,2021년 10월 25일 20시,월요일,경상남도 진주시 금곡면,중상사고,0,1,0,0,차대차 - 추돌,안전운전불이행,건조,맑음,단일로 - 기타,승용,남,31세,상해없음,자전거,남,56세,중상
2021102500100590,2021년 10월 25일 20시,월요일,경상남도 김해시 어방동,경상사고,0,0,1,0,차대차 - 추돌,안전운전불이행,건조,맑음,교차로 - 교차로부근,이륜,남,53세,상해없음,승용,여,32세,경상
2021102500100622,2021년 10월 25일 21시,월요일,경상남도 김해시 어방동,경상사고,0,0,2,0,차대차 - 측면충돌,안전거리미확보,건조,맑음,단일로 - 기타,승용,남,63세,경상,승용,남,32세,경상
2021102500100641,2021년 10월 25일 22시,월요일,경상남도 진주시 충무공동,경상사고,0,0,2,0,차대차 - 측면충돌,중앙선침범,건조,맑음,교차로 - 교차로부근,승용,여,23세,상해없음,승용,남,53세,경상
2021102600100014,2021년 10월 26일 01시,화요일,경상남도 함안군 칠원읍,중상사고,0,2,0,0,차대차 - 추돌,안전운전불이행,건조,맑음,교차로 - 교차로부근,승용,여,59세,상해없음,승용,남,80세,중상
2021102600100030,2021년 10월 26일 05시,화요일,경상남도 함양군 안의면,경상사고,0,0,2,0,차대차 - 추돌,안전운전불이행,건조,맑음,교차로 - 교차로부근,화물,남,62세,상해없음,승용,남,49세,경상
2021102600100040,2021년 10월 26일 06시,화요일,경상남도 창원시 성산구 신촌동,경상사고,0,0,1,0,차대차 - 측면충돌,안전운전불이행,건조,맑음,교차로 - 교차로안,화물,남,67세,상해없음,승용,남,35세,경상
2021102600100084,2021년 10월 26일 08시,화요일,경상남도 김해시 대성동,경상사고,0,0,2,0,차대차 - 기타,안전운전불이행,건조,맑음,교차로 - 교차로안,이륜,남,70세,경상,승용,여,46세,경상
2021102600100085,2021년 10월 26일 08시,화요일,경상남도 거창군 거창읍,중상사고,0,1,0,0,차대사람 - 횡단중,보행자보호의무위반,건조,맑음,교차로 - 교차로부근,승용,남,79세,상해없음,보행자,여,77세,중상
2021102600100086,2021년 10월 26일 08시,화요일,경상남도 함양군 함양읍,중상사고,0,1,0,0,차대차 - 추돌,안전운전불이행,건조,맑음,단일로 - 지하차도(도로)내,승용,남,65세,상해없음,자전거,남,14세,중상
2021102600100087,2021년 10월 26일 08시,화요일,경상남도 고성군 상리면,경상사고,0,0,1,0,차대차 - 추돌,안전거리미확보,건조,맑음,단일로 - 기타,승용,남,69세,상해없음,승용,여,55세,상해없음
2021102600100123,2021년 10월 26일 09시,화요일,경상남도 합천군 합천읍,중상사고,0,1,0,0,차대차 - 측면충돌,신호위반,건조,맑음,교차로 - 교차로안,화물,남,55세,상해없음,원동기,남,78세,중상
2021102600100223,2021년 10월 26일 12시,화요일,경상남도 통영시 무전동,경상사고,0,0,1,0,차대차 - 추돌,안전거리미확보,건조,맑음,교차로 - 교차로안,화물,남,38세,상해없음,승용,여,38세,경상
2021102600100252,2021년 10월 26일 13시,화요일,경상남도 거제시 능포동,중상사고,0,1,0,0,차대사람 - 기타,안전운전불이행,건조,맑음,기타 - 기타,화물,남,35세,상해없음,보행자,여,88세,중상
2021102600100253,2021년 10월 26일 13시,화요일,경상남도 남해군 남해읍,중상사고,0,1,0,0,차대차 - 측면충돌,안전운전불이행,건조,맑음,단일로 - 기타,이륜,남,77세,상해없음,화물,남,50세,상해없음
2021102600100299,2021년 10월 26일 14시,화요일,경상남도 창원시 진해구 장천동,경상사고,0,0,1,0,차대차 - 추돌,안전운전불이행,건조,맑음,교차로 - 교차로부근,승용,여,30세,상해없음,화물,남,40세,경상
2021102600100300,2021년 10월 26일 14시,화요일,경상남도 창원시 진해구 통신동,경상사고,0,0,2,0,차대차 - 측면충돌,안전운전불이행,건조,맑음,기타 - 기타,승용,여,76세,상해없음,승용,남,68세,경상
2021102600100301,2021년 10월 26일 14시,화요일,경상남도 창원시 진해구 자은동,경상사고,0,0,2,0,차대차 - 측면충돌,안전운전불이행,건조,맑음,교차로 - 교차로안,승용,여,37세,기타불명,승용,남,36세,경상
2021102600100302,2021년 10월 26일 14시,화요일,경상남도 함안군 칠원읍,경상사고,0,0,1,0,차대차 - 측면충돌,불법유턴,건조,맑음,단일로 - 기타,승용,여,61세,상해없음,승용,여,49세,경상
2021102600100330,2021년 10월 26일 15시,화요일,경상남도 창원시 마산합포구 대성동1가,경상사고,0,0,1,0,차대차 - 측면충돌,신호위반,건조,맑음,교차로 - 교차로안,승용,남,72세,상해없음,승용,여,35세,경상
2021102600100331,2021년 10월 26일 15시,화요일,경상남도 김해시 상동면,경상사고,0,0,1,0,차대차 - 기타,안전운전불이행,건조,맑음,교차로 - 교차로안,승용,남,55세,상해없음,승용,여,32세,경상
2021102600100370,2021년 10월 26일 16시,화요일,경상남도 창원시 마산합포구 월영동,경상사고,0,0,1,0,차대차 - 측면충돌,안전운전불이행,건조,맑음,교차로 - 교차로부근,승용,여,67세,상해없음,자전거,남,10세,경상
2021102600100371,2021년 10월 26일 16시,화요일,경상남도 통영시 인평동,중상사고,0,1,1,0,차대차 - 측면충돌,중앙선침범,건조,맑음,교차로 - 교차로부근,승합,남,49세,상해없음,승용,여,61세,경상
2021102600100372,2021년 10월 26일 16시,화요일,경상남도 밀양시 내이동,경상사고,0,0,2,0,차대차 - 측면충돌,신호위반,건조,맑음,교차로 - 교차로안,화물,남,75세,경상,승용,여,55세,경상
2021102600100373,2021년 10월 26일 16시,화요일,경상남도 의령군 의령읍,경상사고,0,0,1,0,차대차 - 측면충돌,직진우회전진행방해,건조,맑음,교차로 - 교차로안,승용,여,53세,상해없음,이륜,남,18세,경상
2021102600100411,2021년 10월 26일 17시,화요일,경상남도 거제시 아주동,부상신고사고,0,0,0,1,차대차 - 측면충돌,안전운전불이행,건조,맑음,교차로 - 교차로안,승용,남,46세,상해없음,이륜,남,36세,부상신고
2021102600100412,2021년 10월 26일 17시,화요일,경상남도 거제시 사등면,경상사고,0,0,1,0,차대차 - 측면충돌,안전운전불이행,건조,맑음,단일로 - 기타,화물,남,66세,상해없음,화물,남,64세,경상
2021102600100413,2021년 10월 26일 17시,화요일,경상남도 산청군 차황면,경상사고,0,0,1,0,차대차 - 정면충돌,중앙선침범,건조,맑음,단일로 - 기타,화물,남,56세,상해없음,화물,여,64세,경상
2021102600100414,2021년 10월 26일 17시,화요일,경상남도 창원시 마산합포구 산호동,경상사고,0,0,1,0,차대차 - 측면충돌,신호위반,건조,맑음,교차로 - 교차로안,승합,남,61세,상해없음,승용,남,27세,경상