사고번호,사고일시,요일,시군구,사고내용,사망자수,중상자수,경상자수,부상신고자수,사고유형,법규위반,노면상태,기상상태,도로형태,가해운전자 차종,가해운전자 성별,가해운전자 연령,가해운전자 상해정도,피해운전자 차종,피해운전자 성별,피해운전자 연령,피해운전자 상해정도
2021102600100415,2021년 10월 26일 17시,화요일,경상남도 창원시 의창구 서상동,경상사고,0,0,3,0,차대차 - 측면충돌,안전운전불이행,건조,맑음,교차로 - 교차로안,승용,여,67세,상해없음,승합,남,49세,상해없음
2021102600100465,2021년 10월 26일 18시,화요일,경상남도 김해시 안동,중상사고,0,1,0,0,차대차 - 추돌,안전운전불이행,건조,맑음,단일로 - 기타,이륜,여,51세,중상,승용,남,50세,상해없음
2021102600100466,2021년 10월 26일 18시,화요일,경상남도 양산시 동면,중상사고,0,1,0,0,차대사람 - 기타,신호위반,건조,맑음,교차로 - 교차로횡단보도내,승용,여,44세,상해없음,보행자,남,49세,중상
2021102600100467,2021년 10월 26일 18시,화요일,경상남도 거제시 고현동,중상사고,0,1,0,0,차대차 - 측면충돌,중앙선침범,건조,맑음,교차로 - 교차로안,승용,남,43세,상해없음,이륜,남,41세,중상
2021102600100514,2021년 10월 26일 19시,화요일,경상남도 함양군 서하면,중상사고,0,1,0,0,차대사람 - 차도통행중,안전운전불이행,건조,맑음,단일로 - 기타,승용,여,39세,상해없음,보행자,남,43세,중상
2021102600100515,2021년 10월 26일 19시,화요일,경상남도 거제시 문동동,중상사고,0,1,0,0,차대차 - 기타,안전운전불이행,건조,맑음,교차로 - 교차로안,승용,남,47세,상해없음,이륜,남,41세,중상
2021102600100539,2021년 10월 26일 20시,화요일,경상남도 밀양시 부북면,경상사고,0,0,2,0,차대차 - 측면충돌,안전운전불이행,건조,맑음,단일로 - 기타,승용,남,51세,상해없음,승합,남,60세,경상
2021102600100540,2021년 10월 26일 20시,화요일,경상남도 양산시 물금읍,중상사고,0,1,0,0,차대차 - 기타,안전운전불이행,건조,맑음,교차로 - 교차로안,승용,남,39세,상해없음,이륜,남,33세,중상
2021102600100541,2021년 10월 26일 20시,화요일,경상남도 창원시 성산구 남양동,경상사고,0,0,1,0,차대차 - 후진중충돌,안전운전불이행,건조,맑음,교차로 - 교차로부근,승용,남,51세,상해없음,승용,남,40세,경상
2021102600100554,2021년 10월 26일 21시,화요일,경상남도 김해시 삼정동,경상사고,0,0,1,0,차대차 - 측면충돌,안전운전불이행,건조,맑음,단일로 - 기타,승용,남,63세,상해없음,화물,남,45세,경상
2021102700100061,2021년 10월 27일 07시,수요일,경상남도 창원시 성산구 성산동,중상사고,0,1,2,0,차대차 - 추돌,안전운전불이행,건조,맑음,단일로 - 기타,승용,남,35세,상해없음,승용,여,46세,중상
2021102700100091,2021년 10월 27일 08시,수요일,경상남도 창원시 마산합포구 교원동,부상신고사고,0,0,0,1,차대차 - 측면충돌,안전운전불이행,건조,맑음,단일로 - 기타,승용,남,66세,상해없음,승용,여,31세,부상신고
2021102700100118,2021년 10월 27일 09시,수요일,경상남도 함안군 칠북면,중상사고,0,2,0,0,차대차 - 측면충돌,안전운전불이행,건조,맑음,교차로 - 교차로안,화물,남,68세,중상,화물,남,77세,중상
2021102700100152,2021년 10월 27일 10시,수요일,경상남도 양산시 중부동,부상신고사고,0,0,0,2,차대차 - 측면충돌,안전운전불이행,건조,맑음,단일로 - 기타,승용,여,22세,상해없음,이륜,남,25세,부상신고
2021102700100153,2021년 10월 27일 10시,수요일,경상남도 거제시 고현동,중상사고,0,1,0,0,차대사람 - 횡단중,보행자보호의무위반,건조,맑음,교차로 - 교차로횡단보도내,승용,여,58세,상해없음,보행자,여,64세,중상
2021102700100199,2021년 10월 27일 12시,수요일,경상남도 진주시 평거동,부상신고사고,0,0,0,1,차대차 - 정면충돌,중앙선침범,건조,맑음,단일로 - 기타,이륜,남,42세,부상신고,승용,여,36세,상해없음
2021102700100230,2021년 10월 27일 13시,수요일,경상남도 창원시 진해구 이동,경상사고,0,0,2,0,차대차 - 측면충돌,교차로운행방법위반,건조,맑음,교차로 - 교차로안,승용,남,82세,경상,승용,여,46세,경상
2021102700100231,2021년 10월 27일 13시,수요일,경상남도 밀양시 삼랑진읍,중상사고,0,1,0,0,차대차 - 측면충돌,신호위반,건조,맑음,교차로 - 교차로안,승용,여,55세,상해없음,승용,여,56세,중상
2021102700100265,2021년 10월 27일 14시,수요일,경상남도 거창군 마리면,사망사고,1,0,0,0,차대사람 - 횡단중,안전운전불이행,건조,맑음,기타 - 기타,화물,남,72세,상해없음,보행자,여,81세,사망
2021102700100266,2021년 10월 27일 14시,수요일,경상남도 양산시 북부동,중상사고,0,1,0,0,차대차 - 추돌,안전운전불이행,건조,맑음,교차로 - 교차로안,화물,남,70세,상해없음,화물,남,59세,중상
2021102700100302,2021년 10월 27일 15시,수요일,경상남도 김해시 내동,중상사고,0,1,0,0,차대차 - 추돌,안전운전불이행,건조,맑음,교차로 - 교차로부근,승용,여,37세,상해없음,승용,여,43세,중상
2021102700100403,2021년 10월 27일 17시,수요일,경상남도 김해시 안동,경상사고,0,0,1,0,차대차 - 측면충돌,기타,건조,맑음,교차로 - 교차로안,화물,여,55세,상해없음,승용,남,71세,경상
2021102700100404,2021년 10월 27일 17시,수요일,경상남도 거제시 고현동,경상사고,0,0,1,0,차대사람 - 차도통행중,안전운전불이행,건조,맑음,단일로 - 기타,승용,남,63세,상해없음,보행자,남,43세,경상
2021102700100405,2021년 10월 27일 17시,수요일,경상남도 창원시 성산구 상남동,경상사고,0,0,2,0,차대차 - 측면충돌,안전운전불이행,건조,맑음,교차로 - 교차로부근,승용,여,68세,경상,승용,남,28세,경상
2021102700100456,2021년 10월 27일 18시,수요일,경상남도 함안군 가야읍,경상사고,0,0,1,0,차대사람 - 횡단중,보행자보호의무위반,건조,기타,단일로 - 기타,화물,남,60세,상해없음,보행자,남,13세,경상
2021102700100457,2021년 10월 27일 18시,수요일,경상남도 김해시 진영읍,경상사고,0,0,1,0,차대차 - 측면충돌,신호위반,건조,맑음,교차로 - 교차로안,원동기,남,48세,상해없음,승용,남,67세,경상
2021102700100506,2021년 10월 27일 19시,수요일,경상남도 김해시 구산동,경상사고,0,0,1,0,차대차 - 측면충돌,신호위반,건조,맑음,교차로 - 교차로안,이륜,남,21세,상해없음,승용,남,26세,상해없음
2021102700100507,2021년 10월 27일 19시,수요일,경상남도 창원시 마산회원구 양덕동,경상사고,0,0,1,0,차대사람 - 횡단중,안전운전불이행,건조,맑음,단일로 - 기타,이륜,남,24세,상해없음,보행자,남,23세,경상
2021102700100537,2021년 10월 27일 20시,수요일,경상남도 통영시 북신동,중상사고,0,1,0,0,차대차 - 기타,안전운전불이행,건조,맑음,단일로 - 기타,승용,남,45세,상해없음,승용,기타불명,미분류,기타불명
2021102700100602,2021년 10월 27일 22시,수요일,경상남도 사천시 벌리동,경상사고,0,0,1,0,차대사람 - 길가장자리구역통행중,안전운전불이행,건조,맑음,단일로 - 기타,승용,남,31세,상해없음,보행자,여,71세,경상
2021102700100619,2021년 10월 27일 23시,수요일,경상남도 의령군 부림면,경상사고,0,0,1,0,차대차 - 기타,안전운전불이행,건조,맑음,교차로 - 교차로부근,개인형이동수단(PM),남,48세,경상,승용,여,58세,상해없음
2021102800100024,2021년 10월 28일 04시,목요일,경상남도 밀양시 삼문동,중상사고,0,1,1,1,차량단독 - 공작물충돌,안전운전불이행,건조,맑음,주차장 - 주차장,승합,남,62세,부상신고,,,,
2021102800100126,2021년 10월 28일 08시,목요일,경상남도 창원시 마산합포구 해운동,중상사고,0,1,0,0,차대차 - 측면충돌,안전운전불이행,건조,맑음,단일로 - 기타,승용,여,48세,상해없음,승용,남,60세,중상
2021102800100127,2021년 10월 28일 08시,목요일,경상남도 진주시 평거동,중상사고,0,1,0,0,차대사람 - 횡단중,신호위반,건조,맑음,교차로 - 교차로횡단보도내,승용,여,57세,상해없음,보행자,남,82세,중상
2021102800100128,2021년 10월 28일 08시,목요일,경상남도 사천시 사천읍,경상사고,0,0,1,0,차대차 - 추돌,안전운전불이행,건조,맑음,교차로 - 교차로부근,이륜,남,85세,경상,승용,여,51세,상해없음
2021102800100130,2021년 10월 28일 08시,목요일,경상남도 남해군 이동면,경상사고,0,0,2,0,차대차 - 측면충돌,중앙선침범,건조,맑음,단일로 - 기타,승용,여,31세,상해없음,건설기계,남,53세,경상
2021102800100131,2021년 10월 28일 08시,목요일,경상남도 산청군 삼장면,중상사고,0,1,1,1,차대차 - 기타,신호위반,건조,맑음,교차로 - 교차로안,승용,여,40세,경상,화물,남,62세,중상
2021102800100132,2021년 10월 28일 08시,목요일,경상남도 김해시 흥동,중상사고,0,1,1,0,차대차 - 추돌,안전운전불이행,건조,맑음,교차로 - 교차로부근,승용,남,64세,상해없음,승용,여,50세,중상
2021102800100169,2021년 10월 28일 09시,목요일,경상남도 양산시 물금읍,부상신고사고,0,0,0,1,차대차 - 추돌,안전운전불이행,건조,맑음,교차로 - 교차로안,승용,여,30세,상해없음,승용,여,33세,부상신고
2021102800100206,2021년 10월 28일 10시,목요일,경상남도 함양군 마천면,중상사고,0,1,2,0,차량단독 - 도로외이탈 - 추락,안전운전불이행,건조,맑음,기타 - 기타,승용,여,62세,상해없음,,,,
2021102800100207,2021년 10월 28일 10시,목요일,경상남도 의령군 의령읍,중상사고,0,1,1,0,차대차 - 측면충돌,중앙선침범,건조,맑음,교차로 - 교차로부근,이륜,남,20세,중상,승용,남,26세,경상
2021102800100237,2021년 10월 28일 11시,목요일,경상남도 통영시 도천동,중상사고,0,1,0,0,차대사람 - 횡단중,안전운전불이행,건조,맑음,기타 - 기타,승용,남,64세,상해없음,보행자,남,64세,중상
2021102800100238,2021년 10월 28일 11시,목요일,경상남도 김해시 불암동,경상사고,0,0,1,0,차대사람 - 기타,안전운전불이행,건조,맑음,교차로 - 교차로안,기타불명,기타불명,미분류,기타불명,보행자,여,51세,경상
2021102800100239,2021년 10월 28일 11시,목요일,경상남도 창원시 성산구 상남동,경상사고,0,0,1,0,차대차 - 측면충돌,안전운전불이행,건조,맑음,교차로 - 교차로안,승용,여,65세,상해없음,승용,남,25세,경상
2021102800100299,2021년 10월 28일 13시,목요일,경상남도 통영시 무전동,경상사고,0,0,1,0,차대차 - 추돌,안전운전불이행,건조,맑음,기타 - 기타,승용,남,43세,상해없음,승용,여,38세,경상
2021102800100376,2021년 10월 28일 15시,목요일,경상남도 창원시 마산합포구 가포동,경상사고,0,0,4,0,차대차 - 측면충돌,안전거리미확보,건조,맑음,단일로 - 기타,승용,남,55세,상해없음,승용,여,58세,경상
2021102800100377,2021년 10월 28일 15시,목요일,경상남도 고성군 고성읍,중상사고,0,2,0,0,차대사람 - 기타,안전운전불이행,건조,맑음,교차로 - 교차로부근,화물,남,35세,상해없음,보행자,남,52세,중상
2021102800100409,2021년 10월 28일 16시,목요일,경상남도 김해시 진영읍,중상사고,0,1,0,0,차대사람 - 횡단중,안전운전불이행,건조,맑음,교차로 - 교차로부근,화물,남,44세,상해없음,보행자,남,87세,중상
2021102800100460,2021년 10월 28일 17시,목요일,경상남도 양산시 덕계동,중상사고,0,1,0,0,차대사람 - 기타,안전운전불이행,건조,맑음,주차장 - 주차장,승용,여,55세,상해없음,보행자,여,63세,중상
2021102800100461,2021년 10월 28일 17시,목요일,경상남도 산청군 생초면,중상사고,0,1,0,0,차대차 - 측면충돌,기타,건조,맑음,교차로 - 교차로안,화물,남,74세,상해없음,승용,여,58세,중상
2021102800100462,2021년 10월 28일 17시,목요일,경상남도 김해시 무계동,중상사고,0,1,0,0,차대사람 - 횡단중,보행자보호의무위반,건조,맑음,교차로 - 교차로횡단보도내,승용,남,38세,상해없음,보행자,여,75세,중상
2021102800100514,2021년 10월 28일 18시,목요일,경상남도 창원시 마산합포구 진동면,사망사고,1,0,0,0,차대사람 - 횡단중,안전운전불이행,건조,맑음,교차로 - 교차로부근,승용,남,25세,상해없음,보행자,남,76세,사망
2021102800100515,2021년 10월 28일 18시,목요일,경상남도 통영시 무전동,경상사고,0,0,1,0,차대차 - 후진중충돌,안전운전불이행,건조,맑음,기타 - 기타,승용,여,39세,상해없음,승용,여,43세,경상
2021102800100516,2021년 10월 28일 18시,목요일,경상남도 사천시 사천읍,중상사고,0,1,0,0,차대차 - 기타,중앙선침범,건조,맑음,단일로 - 교량,자전거,남,49세,중상,승용,여,63세,상해없음
2021102800100517,2021년 10월 28일 18시,목요일,경상남도 김해시 생림면,경상사고,0,0,1,0,차대차 - 측면충돌,중앙선침범,건조,맑음,기타 - 기타,승용,남,71세,상해없음,승용,남,52세,경상
2021102800100518,2021년 10월 28일 18시,목요일,경상남도 함안군 대산면,사망사고,1,0,0,0,차대사람 - 횡단중,안전운전불이행,건조,맑음,교차로 - 교차로안,승용,여,23세,상해없음,보행자,남,74세,사망
2021102800100519,2021년 10월 28일 18시,목요일,경상남도 의령군 화정면,중상사고,0,1,0,0,차대차 - 추돌,안전운전불이행,건조,맑음,단일로 - 기타,승용,남,24세,상해없음,자전거,남,81세,중상
2021102800100575,2021년 10월 28일 19시,목요일,경상남도 진주시 신안동,경상사고,0,0,2,0,차대차 - 기타,안전운전불이행,건조,맑음,단일로 - 기타,원동기,남,31세,경상,승용,남,50세,경상
2021102800100610,2021년 10월 28일 20시,목요일,경상남도 창원시 의창구 소답동,경상사고,0,0,1,0,차대차 - 측면충돌,안전운전불이행,건조,맑음,교차로 - 교차로부근,승합,남,44세,상해없음,승용,남,44세,경상
2021102800100641,2021년 10월 28일 21시,목요일,경상남도 양산시 상북면,중상사고,0,1,1,0,차대차 - 측면충돌,교차로운행방법위반,건조,맑음,교차로 - 교차로안,화물,남,35세,경상,승용,남,60세,중상
2021102800100678,2021년 10월 28일 23시,목요일,경상남도 통영시 광도면,경상사고,0,0,1,0,차대사람 - 차도통행중,안전운전불이행,건조,맑음,기타 - 기타,승용,여,54세,상해없음,보행자,남,50세,경상
2021102800100679,2021년 10월 28일 23시,목요일,경상남도 창원시 성산구 성주동,경상사고,0,0,1,0,차대차 - 추돌,안전운전불이행,건조,맑음,교차로 - 교차로부근,승용,남,42세,상해없음,승합,남,42세,경상
2021102900100017,2021년 10월 29일 04시,금요일,경상남도 밀양시 부북면,경상사고,0,0,1,0,차대차 - 측면충돌,신호위반,건조,흐림,교차로 - 교차로안,승용,남,64세,상해없음,승용,남,56세,경상
2021102900100018,2021년 10월 29일 04시,금요일,경상남도 창원시 마산회원구 두척동,중상사고,0,1,1,0,차대차 - 추돌,안전운전불이행,건조,맑음,교차로 - 교차로부근,이륜,남,33세,중상,승용,남,48세,경상
2021102900100023,2021년 10월 29일 05시,금요일,경상남도 양산시 동면,중상사고,0,1,0,0,차대차 - 정면충돌,중앙선침범,건조,맑음,교차로 - 교차로부근,승용,여,60세,중상,승용,남,36세,상해없음
2021102900100028,2021년 10월 29일 06시,금요일,경상남도 진주시 충무공동,중상사고,0,1,0,0,차대차 - 기타,안전운전불이행,건조,맑음,단일로 - 기타,승용,남,56세,상해없음,자전거,여,61세,중상
2021102900100029,2021년 10월 29일 06시,금요일,경상남도 김해시 화목동,경상사고,0,0,1,0,차대사람 - 기타,안전운전불이행,건조,맑음,단일로 - 기타,승용,여,64세,상해없음,보행자,여,83세,경상
2021102900100051,2021년 10월 29일 07시,금요일,경상남도 밀양시 상남면,경상사고,0,0,4,0,차대차 - 측면충돌,직진우회전진행방해,건조,맑음,교차로 - 교차로안,화물,남,71세,경상,승용,여,51세,경상
2021102900100080,2021년 10월 29일 08시,금요일,경상남도 통영시 광도면,중상사고,0,1,0,0,차대차 - 추돌,안전거리미확보,건조,맑음,교차로 - 교차로부근,승용,남,46세,상해없음,승용,여,36세,중상
2021102900100081,2021년 10월 29일 08시,금요일,경상남도 김해시 주촌면,경상사고,0,0,1,0,차대차 - 측면충돌,안전운전불이행,건조,맑음,교차로 - 교차로안,화물,남,20세,상해없음,화물,남,61세,경상
2021102900100116,2021년 10월 29일 09시,금요일,경상남도 함양군 병곡면,중상사고,0,1,0,0,차대차 - 측면충돌,안전운전불이행,건조,맑음,단일로 - 지하차도(도로)내,화물,여,51세,상해없음,원동기,남,81세,중상
2021102900100117,2021년 10월 29일 09시,금요일,경상남도 거제시 고현동,경상사고,0,0,1,0,차대차 - 측면충돌,안전운전불이행,건조,맑음,교차로 - 교차로안,화물,남,27세,상해없음,승용,여,50세,경상
2021102900100118,2021년 10월 29일 09시,금요일,경상남도 창원시 성산구 대방동,경상사고,0,0,1,0,차대차 - 기타,신호위반,건조,맑음,교차로 - 교차로안,승용,남,21세,기타불명,승합,남,62세,경상
2021102900100156,2021년 10월 29일 10시,금요일,경상남도 창원시 진해구 태백동,경상사고,0,0,1,0,차대차 - 추돌,안전운전불이행,건조,맑음,단일로 - 기타,승용,여,38세,상해없음,승용,남,64세,경상
2021102900100157,2021년 10월 29일 10시,금요일,경상남도 통영시 미수동,경상사고,0,0,1,0,차대차 - 측면충돌,신호위반,건조,맑음,교차로 - 교차로안,승용,여,36세,상해없음,승용,남,45세,경상
2021102900100158,2021년 10월 29일 10시,금요일,경상남도 창원시 의창구 동읍,경상사고,0,0,3,0,차대차 - 측면충돌,안전운전불이행,건조,맑음,단일로 - 기타,승용,여,41세,경상,승용,남,75세,경상
2021102900100189,2021년 10월 29일 11시,금요일,경상남도 창원시 마산합포구 신포동2가,경상사고,0,0,1,0,차대차 - 측면충돌,안전거리미확보,건조,맑음,단일로 - 기타,승용,남,42세,상해없음,승용,남,49세,경상
2021102900100190,2021년 10월 29일 11시,금요일,경상남도 창원시 진해구 태평동,경상사고,0,0,2,0,차대차 - 측면충돌,안전운전불이행,건조,맑음,단일로 - 기타,이륜,남,40세,경상,승용,여,53세,경상
2021102900100191,2021년 10월 29일 11시,금요일,경상남도 사천시 벌리동,경상사고,0,0,1,0,차대차 - 측면충돌,교차로운행방법위반,건조,맑음,교차로 - 교차로안,승용,남,56세,상해없음,화물,남,27세,경상
2021102900100192,2021년 10월 29일 11시,금요일,경상남도 사천시 사천읍,중상사고,0,1,0,0,차대차 - 측면충돌,교차로운행방법위반,건조,맑음,교차로 - 교차로안,화물,남,70세,상해없음,이륜,여,79세,중상
2021102900100254,2021년 10월 29일 13시,금요일,경상남도 양산시 평산동,경상사고,0,0,1,0,차대차 - 측면충돌,안전운전불이행,건조,맑음,교차로 - 교차로안,승용,남,58세,상해없음,이륜,남,43세,경상
2021102900100255,2021년 10월 29일 13시,금요일,경상남도 김해시 무계동,중상사고,0,1,0,0,차대차 - 측면충돌,안전운전불이행,건조,맑음,교차로 - 교차로안,승용,남,68세,상해없음,승용,여,55세,중상
2021102900100297,2021년 10월 29일 14시,금요일,경상남도 김해시 삼방동,중상사고,0,2,1,1,차대차 - 측면충돌,안전운전불이행,건조,맑음,단일로 - 기타,승용,남,55세,상해없음,승용,남,53세,부상신고
2021102900100298,2021년 10월 29일 14시,금요일,경상남도 합천군 청덕면,중상사고,0,1,0,0,차대차 - 정면충돌,안전운전불이행,건조,맑음,기타 - 기타,화물,남,79세,상해없음,승용,남,48세,상해없음
2021102900100351,2021년 10월 29일 15시,금요일,경상남도 창원시 의창구 북면,경상사고,0,0,1,0,차대차 - 측면충돌,안전운전불이행,건조,맑음,기타 - 기타,이륜,남,59세,상해없음,자전거,여,70세,경상
2021102900100352,2021년 10월 29일 15시,금요일,경상남도 김해시 삼문동,중상사고,0,1,0,0,차대차 - 측면충돌,안전운전불이행,건조,맑음,교차로 - 교차로안,승용,여,54세,상해없음,이륜,남,18세,중상
2021102900100353,2021년 10월 29일 15시,금요일,경상남도 김해시 주촌면,경상사고,0,0,1,0,차대차 - 측면충돌,중앙선침범,건조,맑음,단일로 - 기타,승용,남,62세,상해없음,승용,남,22세,경상
2021102900100394,2021년 10월 29일 16시,금요일,경상남도 밀양시 청도면,경상사고,0,0,1,0,차대차 - 측면충돌,중앙선침범,건조,맑음,단일로 - 기타,화물,남,47세,상해없음,농기계,남,55세,경상
2021102900100442,2021년 10월 29일 17시,금요일,경상남도 하동군 하동읍,중상사고,0,1,0,0,차대차 - 기타,중앙선침범,건조,맑음,단일로 - 기타,화물,남,63세,상해없음,이륜,남,44세,중상
2021102900100443,2021년 10월 29일 17시,금요일,경상남도 거제시 고현동,중상사고,0,1,0,0,차대차 - 측면충돌,안전운전불이행,건조,맑음,교차로 - 교차로안,화물,남,71세,상해없음,이륜,남,58세,중상
2021102900100505,2021년 10월 29일 18시,금요일,경상남도 창원시 마산합포구 상남동,중상사고,0,1,0,0,차대사람 - 횡단중,안전운전불이행,건조,맑음,단일로 - 기타,승용,남,56세,상해없음,보행자,여,48세,중상
2021102900100506,2021년 10월 29일 18시,금요일,경상남도 창원시 진해구 남양동,부상신고사고,0,0,0,1,차량단독 - 전도전복 - 전도,안전운전불이행,건조,맑음,단일로 - 기타,승용,여,62세,부상신고,,,,
2021102900100507,2021년 10월 29일 18시,금요일,경상남도 김해시 불암동,경상사고,0,0,1,0,차대차 - 측면충돌,안전운전불이행,건조,맑음,단일로 - 기타,승용,남,58세,상해없음,승용,남,38세,경상
2021102900100508,2021년 10월 29일 18시,금요일,경상남도 양산시 물금읍,경상사고,0,0,1,0,차대차 - 측면충돌,중앙선침범,건조,맑음,단일로 - 기타,원동기,남,42세,상해없음,승용,여,27세,경상
2021102900100509,2021년 10월 29일 18시,금요일,경상남도 창원시 의창구 북면,중상사고,0,1,0,0,차대사람 - 횡단중,보행자보호의무위반,건조,맑음,교차로 - 교차로부근,승용,남,25세,상해없음,보행자,여,62세,중상
2021102900100561,2021년 10월 29일 19시,금요일,경상남도 김해시 어방동,경상사고,0,0,1,0,차대차 - 측면충돌,안전운전불이행,건조,맑음,단일로 - 기타,승용,남,48세,상해없음,승용,여,43세,경상
2021102900100562,2021년 10월 29일 19시,금요일,경상남도 거창군 거창읍,중상사고,0,1,0,0,차대차 - 측면충돌,직진우회전진행방해,건조,맑음,교차로 - 교차로안,승용,남,61세,상해없음,이륜,여,52세,중상
2021102900100563,2021년 10월 29일 19시,금요일,경상남도 함안군 군북면,중상사고,0,1,0,0,차대사람 - 길가장자리구역통행중,안전운전불이행,건조,맑음,단일로 - 기타,승용,남,62세,상해없음,보행자,남,54세,중상
2021102900100602,2021년 10월 29일 20시,금요일,경상남도 밀양시 내이동,경상사고,0,0,3,0,차대차 - 추돌,안전운전불이행,건조,맑음,교차로 - 교차로부근,승용,남,53세,상해없음,승용,여,29세,경상
2021102900100623,2021년 10월 29일 21시,금요일,경상남도 창원시 진해구 여좌동,경상사고,0,0,1,0,차대차 - 측면충돌,중앙선침범,건조,맑음,단일로 - 기타,이륜,여,66세,상해없음,승용,남,62세,경상
2021102900100681,2021년 10월 29일 23시,금요일,경상남도 창원시 마산합포구 교방동,경상사고,0,0,2,0,차대차 - 추돌,안전운전불이행,건조,맑음,교차로 - 교차로부근,승용,여,38세,상해없음,승용,남,41세,경상
2021103000100039,2021년 10월 30일 03시,토요일,경상남도 창원시 진해구 용원동,중상사고,0,1,0,0,차량단독 - 전도전복 - 전도,안전운전불이행,건조,맑음,교차로 - 교차로부근,이륜,남,39세,중상,,,,
2021103000100061,2021년 10월 30일 06시,토요일,경상남도 진주시 상봉동,중상사고,0,1,0,0,차대사람 - 횡단중,보행자보호의무위반,건조,맑음,교차로 - 교차로횡단보도내,승용,남,53세,상해없음,보행자,남,82세,중상
2021103000100062,2021년 10월 30일 06시,토요일,경상남도 창원시 의창구 북면,사망사고,1,0,0,0,차량단독 - 기타,안전운전불이행,건조,맑음,단일로 - 기타,승용,여,69세,사망,,,,
2021103000100070,2021년 10월 30일 07시,토요일,경상남도 밀양시 삼랑진읍,중상사고,0,1,0,0,차대차 - 측면충돌,신호위반,건조,맑음,교차로 - 교차로안,승용,여,64세,상해없음,승용,남,55세,중상
2021103000100071,2021년 10월 30일 07시,토요일,경상남도 창녕군 유어면,중상사고,0,1,0,0,차대사람 - 기타,안전운전불이행,건조,맑음,교차로 - 교차로부근,승합,여,64세,상해없음,보행자,남,72세,중상
2021103000100085,2021년 10월 30일 08시,토요일,경상남도 거제시 고현동,중상사고,0,2,0,0,차대차 - 정면충돌,안전운전불이행,건조,맑음,단일로 - 기타,건설기계,남,25세,상해없음,승용,여,52세,중상
2021103000100128,2021년 10월 30일 10시,토요일,경상남도 김해시 부원동,경상사고,0,0,1,0,차대차 - 측면충돌,신호위반,건조,맑음,교차로 - 교차로안,화물,남,59세,상해없음,승용,남,44세,경상
2021103000100129,2021년 10월 30일 10시,토요일,경상남도 김해시 동상동,중상사고,0,2,3,0,차대차 - 측면충돌,안전운전불이행,건조,맑음,교차로 - 교차로안,승용,여,63세,경상,승용,남,53세,중상
2021103000100130,2021년 10월 30일 10시,토요일,경상남도 함안군 군북면,중상사고,0,2,2,0,차대사람 - 기타,안전운전불이행,건조,맑음,단일로 - 기타,승용,여,57세,상해없음,보행자,남,59세,중상
2021103000100169,2021년 10월 30일 11시,토요일,경상남도 창원시 진해구 충무동,경상사고,0,0,1,0,차대사람 - 기타,안전운전불이행,건조,맑음,단일로 - 기타,화물,남,65세,상해없음,보행자,남,50세,경상
2021103000100197,2021년 10월 30일 12시,토요일,경상남도 창원시 마산합포구 월영동,경상사고,0,0,1,0,차대차 - 기타,안전거리미확보,건조,맑음,단일로 - 기타,승용,여,50세,상해없음,승합,남,43세,상해없음
2021103000100198,2021년 10월 30일 12시,토요일,경상남도 창원시 성산구 대원동,경상사고,0,0,1,0,차대차 - 후진중충돌,안전운전불이행,건조,맑음,주차장 - 주차장,승용,여,42세,상해없음,승용,남,31세,경상
2021103000100239,2021년 10월 30일 13시,토요일,경상남도 양산시 물금읍,중상사고,0,1,0,0,차대사람 - 횡단중,안전운전불이행,건조,맑음,교차로 - 교차로안,화물,남,59세,상해없음,보행자,남,63세,중상
2021103000100240,2021년 10월 30일 13시,토요일,경상남도 창원시 성산구 대방동,중상사고,0,1,0,0,차대차 - 측면충돌,안전운전불이행,건조,맑음,교차로 - 교차로횡단보도내,승용,남,46세,상해없음,자전거,여,16세,중상
2021103000100241,2021년 10월 30일 13시,토요일,경상남도 김해시 부곡동,중상사고,0,1,0,0,차대차 - 측면충돌,안전운전불이행,건조,맑음,단일로 - 기타,이륜,남,48세,중상,승용,여,57세,상해없음
2021103000100295,2021년 10월 30일 15시,토요일,경상남도 양산시 물금읍,경상사고,0,0,1,0,차대차 - 측면충돌,안전운전불이행,건조,맑음,단일로 - 기타,승용,남,59세,상해없음,승용,여,34세,경상
2021103000100334,2021년 10월 30일 16시,토요일,경상남도 통영시 무전동,경상사고,0,0,1,0,차대차 - 측면충돌,안전운전불이행,건조,맑음,교차로 - 교차로안,이륜,남,30세,상해없음,이륜,남,44세,경상
2021103000100335,2021년 10월 30일 16시,토요일,경상남도 양산시 북부동,경상사고,0,0,1,0,차대차 - 추돌,안전운전불이행,건조,맑음,단일로 - 기타,이륜,남,22세,경상,승합,남,52세,상해없음
2021103000100336,2021년 10월 30일 16시,토요일,경상남도 양산시 물금읍,경상사고,0,0,1,0,차대사람 - 기타,기타,건조,맑음,단일로 - 기타,개인형이동수단(PM),남,22세,상해없음,보행자,남,43세,경상
2021103000100375,2021년 10월 30일 17시,토요일,경상남도 창원시 성산구 귀현동,사망사고,1,0,0,0,차대차 - 측면충돌,안전운전불이행,건조,맑음,교차로 - 교차로안,승합,남,60세,상해없음,이륜,남,33세,사망