사고번호,사고일시,요일,시군구,사고내용,사망자수,중상자수,경상자수,부상신고자수,사고유형,법규위반,노면상태,기상상태,도로형태,가해운전자 차종,가해운전자 성별,가해운전자 연령,가해운전자 상해정도,피해운전자 차종,피해운전자 성별,피해운전자 연령,피해운전자 상해정도
2021110300100593,2021년 11월 3일 21시,수요일,경상남도 창원시 마산합포구 월영동,경상사고,0,0,1,0,차대차 - 추돌,안전운전불이행,건조,맑음,교차로 - 교차로부근,이륜,남,38세,상해없음,승용,여,42세,경상
2021110300100594,2021년 11월 3일 21시,수요일,경상남도 양산시 중부동,경상사고,0,0,1,0,차대차 - 측면충돌,중앙선침범,건조,맑음,교차로 - 교차로안,승용,남,62세,상해없음,이륜,남,27세,경상
2021110300100595,2021년 11월 3일 21시,수요일,경상남도 창원시 의창구 북면,중상사고,0,1,0,0,차대차 - 측면충돌,신호위반,건조,맑음,교차로 - 교차로안,이륜,남,19세,중상,승용,여,34세,상해없음
2021110300100636,2021년 11월 3일 23시,수요일,경상남도 창원시 성산구 상남동,중상사고,0,3,0,0,차대차 - 측면충돌,신호위반,건조,맑음,교차로 - 교차로안,승용,남,46세,상해없음,승용,남,67세,중상
2021110400100005,2021년 11월 4일 00시,목요일,경상남도 사천시 사천읍,경상사고,0,0,1,0,차대차 - 측면충돌,안전운전불이행,건조,맑음,단일로 - 기타,승용,남,18세,상해없음,승용,남,38세,경상
2021110400100006,2021년 11월 4일 00시,목요일,경상남도 양산시 물금읍,중상사고,0,1,0,0,차대차 - 추돌,안전운전불이행,건조,맑음,교차로 - 교차로부근,승용,남,61세,상해없음,자전거,남,28세,중상
2021110400100007,2021년 11월 4일 00시,목요일,경상남도 거제시 고현동,중상사고,0,1,0,0,차대차 - 추돌,안전운전불이행,건조,맑음,단일로 - 기타,승용,남,37세,중상,화물,남,57세,상해없음
2021110400100030,2021년 11월 4일 02시,목요일,경상남도 김해시 구산동,중상사고,0,1,0,0,차대차 - 측면충돌,신호위반,건조,맑음,교차로 - 교차로안,승용,남,63세,상해없음,이륜,남,19세,중상
2021110400100047,2021년 11월 4일 05시,목요일,경상남도 의령군 가례면,사망사고,1,0,0,0,차대사람 - 기타,기타,건조,맑음,단일로 - 기타,승용,남,60세,기타불명,보행자,여,63세,사망
2021110400100048,2021년 11월 4일 05시,목요일,경상남도 창원시 성산구 남산동,경상사고,0,0,1,0,차대차 - 추돌,신호위반,건조,맑음,교차로 - 교차로안,승용,남,60세,상해없음,승용,남,60세,경상
2021110400100066,2021년 11월 4일 06시,목요일,경상남도 김해시 내덕동,경상사고,0,0,1,0,차대차 - 추돌,안전거리미확보,건조,맑음,단일로 - 기타,화물,남,46세,상해없음,승용,남,78세,경상
2021110400100080,2021년 11월 4일 07시,목요일,경상남도 양산시 북정동,경상사고,0,0,1,0,차대차 - 측면충돌,안전운전불이행,건조,맑음,교차로 - 교차로안,승합,남,53세,상해없음,승용,여,34세,경상
2021110400100082,2021년 11월 4일 07시,목요일,경상남도 창원시 의창구 북면,중상사고,0,1,0,0,차대사람 - 횡단중,안전운전불이행,건조,맑음,단일로 - 기타,승용,여,54세,상해없음,보행자,남,82세,중상
2021110400100156,2021년 11월 4일 09시,목요일,경상남도 산청군 금서면,경상사고,0,0,1,0,차대차 - 측면충돌,안전운전불이행,건조,맑음,교차로 - 교차로안,승합,여,56세,상해없음,화물,남,50세,경상
2021110400100178,2021년 11월 4일 10시,목요일,경상남도 진주시 인사동,사망사고,1,0,0,0,차대사람 - 차도통행중,안전운전불이행,건조,맑음,교차로 - 교차로안,승용,남,65세,상해없음,보행자,남,69세,사망
2021110400100179,2021년 11월 4일 10시,목요일,경상남도 고성군 고성읍,중상사고,0,1,0,0,차대차 - 측면충돌,안전운전불이행,건조,맑음,교차로 - 교차로안,승용,남,25세,상해없음,이륜,남,78세,중상
2021110400100180,2021년 11월 4일 10시,목요일,경상남도 함안군 가야읍,중상사고,0,1,0,0,차대차 - 측면충돌,교차로운행방법위반,건조,맑음,교차로 - 교차로안,승용,남,54세,상해없음,승용,남,43세,중상
2021110400100181,2021년 11월 4일 10시,목요일,경상남도 함안군 가야읍,경상사고,0,0,1,0,차대차 - 측면충돌,교차로운행방법위반,건조,맑음,교차로 - 교차로안,승용,여,29세,상해없음,건설기계,남,52세,경상
2021110400100210,2021년 11월 4일 11시,목요일,경상남도 산청군 신안면,경상사고,0,0,1,0,차대차 - 측면충돌,차로위반,건조,맑음,단일로 - 기타,이륜,남,71세,경상,승용,남,77세,상해없음
2021110400100236,2021년 11월 4일 12시,목요일,경상남도 창원시 진해구 태백동,중상사고,0,1,0,0,차대차 - 정면충돌,중앙선침범,건조,맑음,단일로 - 기타,건설기계,남,61세,상해없음,자전거,남,56세,중상
2021110400100277,2021년 11월 4일 13시,목요일,경상남도 밀양시 산외면,중상사고,0,1,0,0,차대차 - 측면충돌,안전운전불이행,건조,맑음,단일로 - 기타,승합,남,25세,상해없음,이륜,남,79세,중상
2021110400100305,2021년 11월 4일 14시,목요일,경상남도 통영시 한산면,사망사고,1,0,0,0,차량단독 - 공작물충돌,안전운전불이행,건조,맑음,교차로 - 교차로안,이륜,여,53세,사망,,,,
2021110400100306,2021년 11월 4일 14시,목요일,경상남도 거창군 거창읍,중상사고,0,1,0,0,차대차 - 추돌,신호위반,건조,맑음,교차로 - 교차로안,승용,여,34세,상해없음,개인형이동수단(PM),남,79세,중상
2021110400100307,2021년 11월 4일 14시,목요일,경상남도 거제시 수월동,경상사고,0,0,2,0,차대차 - 측면충돌,안전운전불이행,건조,맑음,단일로 - 기타,이륜,남,22세,상해없음,승용,남,74세,경상
2021110400100335,2021년 11월 4일 15시,목요일,경상남도 김해시 삼정동,경상사고,0,0,1,0,차대사람 - 기타,안전운전불이행,건조,맑음,단일로 - 기타,승용,여,48세,상해없음,보행자,여,37세,경상
2021110400100336,2021년 11월 4일 15시,목요일,경상남도 김해시 구산동,경상사고,0,0,4,0,차대차 - 추돌,안전운전불이행,건조,맑음,교차로 - 교차로안,승용,남,23세,상해없음,승용,남,23세,경상
2021110400100337,2021년 11월 4일 15시,목요일,경상남도 김해시 관동동,경상사고,0,0,1,0,차대차 - 측면충돌,차로위반,건조,맑음,단일로 - 기타,승용,남,36세,상해없음,승용,남,65세,경상
2021110400100371,2021년 11월 4일 16시,목요일,경상남도 함안군 산인면,중상사고,0,1,0,0,차대차 - 측면충돌,신호위반,건조,맑음,교차로 - 교차로안,승용,여,53세,상해없음,승용,여,42세,중상
2021110400100431,2021년 11월 4일 17시,목요일,경상남도 창원시 마산합포구 진동면,경상사고,0,0,1,0,차대사람 - 횡단중,안전운전불이행,건조,맑음,단일로 - 기타,화물,남,67세,상해없음,보행자,여,79세,경상
2021110400100432,2021년 11월 4일 17시,목요일,경상남도 사천시 대방동,경상사고,0,0,3,0,차대차 - 측면충돌,직진우회전진행방해,건조,맑음,교차로 - 교차로안,승용,남,59세,경상,승용,남,39세,경상
2021110400100433,2021년 11월 4일 17시,목요일,경상남도 사천시 벌리동,경상사고,0,0,1,0,차대차 - 측면충돌,중앙선침범,건조,맑음,교차로 - 교차로안,이륜,남,70세,경상,승용,여,40세,상해없음
2021110400100434,2021년 11월 4일 17시,목요일,경상남도 거창군 거창읍,경상사고,0,0,2,0,차대차 - 추돌,안전운전불이행,건조,맑음,교차로 - 교차로안,승용,남,70세,상해없음,화물,남,46세,경상
2021110400100490,2021년 11월 4일 18시,목요일,경상남도 창원시 마산합포구 진전면,경상사고,0,0,1,0,차대차 - 추돌,안전운전불이행,건조,맑음,단일로 - 기타,화물,남,61세,상해없음,화물,남,54세,경상
2021110400100491,2021년 11월 4일 18시,목요일,경상남도 창원시 진해구 경화동,중상사고,0,1,0,0,차대사람 - 기타,안전운전불이행,건조,맑음,단일로 - 기타,승용,남,83세,상해없음,보행자,여,53세,중상
2021110400100492,2021년 11월 4일 18시,목요일,경상남도 거창군 거창읍,경상사고,0,0,1,0,차대차 - 추돌,안전운전불이행,건조,기타,교차로 - 교차로안,승용,여,49세,상해없음,자전거,남,13세,경상
2021110400100493,2021년 11월 4일 18시,목요일,경상남도 김해시 진영읍,경상사고,0,0,1,0,차대차 - 추돌,안전운전불이행,건조,맑음,교차로 - 교차로안,승용,남,40세,상해없음,승용,남,57세,상해없음
2021110400100546,2021년 11월 4일 19시,목요일,경상남도 창원시 진해구 자은동,부상신고사고,0,0,0,1,차량단독 - 전도전복 - 전도,안전운전불이행,건조,맑음,교차로 - 교차로부근,이륜,남,47세,부상신고,,,,
2021110400100547,2021년 11월 4일 19시,목요일,경상남도 김해시 대청동,중상사고,0,1,0,1,차대차 - 측면충돌,차로위반,건조,맑음,단일로 - 기타,승용,남,29세,부상신고,이륜,남,20세,중상
2021110400100548,2021년 11월 4일 19시,목요일,경상남도 김해시 부곡동,경상사고,0,0,1,0,차대차 - 측면충돌,안전운전불이행,건조,맑음,교차로 - 교차로부근,승용,남,61세,상해없음,이륜,남,46세,경상
2021110400100588,2021년 11월 4일 21시,목요일,경상남도 김해시 구산동,중상사고,0,1,1,0,차대사람 - 길가장자리구역통행중,안전운전불이행,건조,맑음,기타 - 기타,자전거,남,43세,경상,보행자,여,61세,중상
2021110400100610,2021년 11월 4일 22시,목요일,경상남도 창원시 마산합포구 중성동,경상사고,0,0,1,0,차대사람 - 횡단중,안전운전불이행,건조,맑음,단일로 - 기타,승용,남,72세,상해없음,보행자,남,66세,경상
2021110500100010,2021년 11월 5일 00시,금요일,경상남도 거제시 장평동,경상사고,0,0,1,0,차대차 - 추돌,안전운전불이행,건조,맑음,교차로 - 교차로부근,화물,남,44세,상해없음,승용,남,41세,경상
2021110500100084,2021년 11월 5일 07시,금요일,경상남도 거창군 거창읍,중상사고,0,2,0,0,차대차 - 기타,신호위반,건조,맑음,교차로 - 교차로안,승용,남,31세,상해없음,승용,여,68세,중상
2021110500100118,2021년 11월 5일 08시,금요일,경상남도 합천군 대양면,부상신고사고,0,0,0,1,차량단독 - 도로외이탈 - 추락,안전운전불이행,건조,맑음,단일로 - 기타,화물,남,55세,부상신고,,,,
2021110500100119,2021년 11월 5일 08시,금요일,경상남도 함양군 함양읍,중상사고,0,2,0,0,차대차 - 측면충돌,신호위반,건조,맑음,교차로 - 교차로안,승용,여,50세,상해없음,이륜,남,80세,중상
2021110500100120,2021년 11월 5일 08시,금요일,경상남도 남해군 남해읍,중상사고,0,1,0,0,차대사람 - 기타,안전운전불이행,건조,맑음,주차장 - 주차장,승용,남,25세,상해없음,보행자,남,64세,중상
2021110500100121,2021년 11월 5일 08시,금요일,경상남도 창원시 의창구 도계동,중상사고,0,1,0,0,차대사람 - 기타,안전운전불이행,건조,맑음,교차로 - 교차로안,승용,여,53세,상해없음,보행자,남,79세,중상
2021110500100159,2021년 11월 5일 09시,금요일,경상남도 통영시 용남면,중상사고,0,1,0,0,차대사람 - 횡단중,안전운전불이행,건조,맑음,기타 - 기타,승용,남,67세,상해없음,보행자,여,70세,중상
2021110500100160,2021년 11월 5일 09시,금요일,경상남도 밀양시 부북면,중상사고,0,1,0,0,차대차 - 정면충돌,안전운전불이행,건조,맑음,교차로 - 교차로안,화물,남,49세,상해없음,승용,여,58세,중상
2021110500100161,2021년 11월 5일 09시,금요일,경상남도 거창군 거창읍,경상사고,0,0,3,0,차대차 - 측면충돌,신호위반,건조,맑음,교차로 - 교차로안,화물,남,69세,상해없음,승용,여,39세,경상
2021110500100162,2021년 11월 5일 09시,금요일,경상남도 거제시 장평동,경상사고,0,0,1,0,차대차 - 기타,안전운전불이행,건조,맑음,단일로 - 기타,승용,남,40세,상해없음,승용,여,43세,경상
2021110500100163,2021년 11월 5일 09시,금요일,경상남도 창원시 마산합포구 산호동,경상사고,0,0,1,0,차대차 - 측면충돌,안전운전불이행,건조,맑음,교차로 - 교차로부근,승용,여,68세,상해없음,승용,남,50세,경상
2021110500100186,2021년 11월 5일 10시,금요일,경상남도 통영시 미수동,중상사고,0,2,0,0,차대차 - 측면충돌,안전운전불이행,건조,맑음,교차로 - 교차로안,승용,여,70세,상해없음,이륜,남,16세,중상
2021110500100187,2021년 11월 5일 10시,금요일,경상남도 김해시 한림면,사망사고,1,0,0,0,차량단독 - 전도전복 - 전도,안전운전불이행,건조,맑음,단일로 - 기타,이륜,남,76세,사망,,,,
2021110500100246,2021년 11월 5일 12시,금요일,경상남도 진주시 강남동,중상사고,0,1,0,0,차대사람 - 횡단중,안전운전불이행,건조,맑음,교차로 - 교차로안,승용,남,48세,상해없음,보행자,남,80세,중상
2021110500100286,2021년 11월 5일 13시,금요일,경상남도 진주시 주약동,경상사고,0,0,1,0,차량단독 - 기타,안전운전불이행,건조,맑음,단일로 - 기타,승용,남,60세,상해없음,,,,
2021110500100287,2021년 11월 5일 13시,금요일,경상남도 밀양시 삼문동,중상사고,0,1,0,0,차대차 - 측면충돌,안전운전불이행,건조,맑음,교차로 - 교차로안,승용,여,59세,상해없음,이륜,남,30세,중상
2021110500100288,2021년 11월 5일 13시,금요일,경상남도 하동군 옥종면,중상사고,0,1,0,0,차대차 - 추돌,안전운전불이행,건조,맑음,단일로 - 기타,승용,남,77세,중상,화물,남,46세,기타불명
2021110500100325,2021년 11월 5일 14시,금요일,경상남도 김해시 내동,경상사고,0,0,1,0,차대차 - 측면충돌,안전운전불이행,건조,맑음,교차로 - 교차로안,화물,남,61세,상해없음,승용,남,50세,경상
2021110500100326,2021년 11월 5일 14시,금요일,경상남도 함양군 함양읍,중상사고,0,1,0,0,차대차 - 추돌,안전운전불이행,건조,맑음,교차로 - 교차로안,승용,남,72세,상해없음,이륜,여,66세,중상
2021110500100448,2021년 11월 5일 17시,금요일,경상남도 거창군 거창읍,중상사고,0,1,0,0,차대차 - 측면충돌,직진우회전진행방해,건조,맑음,교차로 - 교차로안,승용,여,37세,상해없음,이륜,여,78세,중상
2021110500100450,2021년 11월 5일 17시,금요일,경상남도 양산시 하북면,중상사고,0,1,0,0,차대차 - 기타,안전운전불이행,건조,맑음,교차로 - 교차로안,승용,여,64세,상해없음,화물,남,58세,중상
2021110500100451,2021년 11월 5일 17시,금요일,경상남도 의령군 의령읍,중상사고,0,1,0,0,차대차 - 정면충돌,교차로운행방법위반,건조,맑음,교차로 - 교차로부근,화물,남,48세,상해없음,이륜,남,60세,중상
2021110500100524,2021년 11월 5일 18시,금요일,경상남도 통영시 미수동,경상사고,0,0,1,0,차대차 - 측면충돌,신호위반,건조,맑음,교차로 - 교차로안,승합,남,60세,상해없음,승용,남,29세,경상
2021110500100525,2021년 11월 5일 18시,금요일,경상남도 창원시 의창구 도계동,중상사고,0,1,0,0,차대사람 - 기타,안전운전불이행,건조,맑음,단일로 - 기타,이륜,남,25세,상해없음,보행자,여,39세,중상
2021110500100574,2021년 11월 5일 19시,금요일,경상남도 양산시 북부동,경상사고,0,0,2,0,차대차 - 기타,안전운전불이행,건조,맑음,단일로 - 기타,승용,남,61세,상해없음,화물,남,54세,경상
2021110500100609,2021년 11월 5일 20시,금요일,경상남도 양산시 물금읍,경상사고,0,0,3,0,차대차 - 기타,교차로운행방법위반,건조,맑음,교차로 - 교차로안,승용,남,56세,경상,승용,남,56세,경상
2021110500100645,2021년 11월 5일 21시,금요일,경상남도 사천시 사천읍,중상사고,0,1,0,0,차대사람 - 차도통행중,안전운전불이행,건조,맑음,단일로 - 기타,승용,남,51세,상해없음,보행자,남,40세,중상
2021110500100676,2021년 11월 5일 22시,금요일,경상남도 진주시 하대동,경상사고,0,0,1,0,차대차 - 측면충돌,안전거리미확보,건조,맑음,단일로 - 기타,승용,여,62세,상해없음,승용,여,65세,경상
2021110500100697,2021년 11월 5일 23시,금요일,경상남도 창원시 마산회원구 석전동,사망사고,1,0,0,0,차대사람 - 차도통행중,안전운전불이행,건조,맑음,단일로 - 기타,승용,남,65세,상해없음,보행자,남,47세,사망
2021110600100007,2021년 11월 6일 00시,토요일,경상남도 김해시 풍유동,중상사고,0,1,2,0,차대차 - 추돌,안전운전불이행,건조,맑음,단일로 - 기타,승용,남,40세,상해없음,승용,남,56세,경상
2021110600100041,2021년 11월 6일 02시,토요일,경상남도 김해시 부원동,경상사고,0,0,1,0,차대차 - 측면충돌,신호위반,건조,맑음,교차로 - 교차로안,화물,남,55세,상해없음,승용,남,28세,경상
2021110600100095,2021년 11월 6일 08시,토요일,경상남도 창원시 진해구 용원동,경상사고,0,0,1,0,차대차 - 기타,안전운전불이행,건조,맑음,교차로 - 교차로안,승합,남,55세,상해없음,승용,남,48세,상해없음
2021110600100141,2021년 11월 6일 10시,토요일,경상남도 김해시 어방동,경상사고,0,0,1,0,차대차 - 추돌,안전운전불이행,건조,맑음,교차로 - 교차로부근,이륜,남,47세,상해없음,승용,여,33세,경상
2021110600100174,2021년 11월 6일 11시,토요일,경상남도 김해시 외동,중상사고,0,1,0,0,차대차 - 추돌,안전운전불이행,건조,맑음,교차로 - 교차로부근,승용,여,37세,상해없음,승용,여,44세,중상
2021110600100175,2021년 11월 6일 11시,토요일,경상남도 합천군 합천읍,경상사고,0,0,1,0,차대차 - 측면충돌,안전운전불이행,건조,맑음,교차로 - 교차로안,자전거,남,83세,경상,승용,여,58세,상해없음
2021110600100176,2021년 11월 6일 11시,토요일,경상남도 양산시 물금읍,경상사고,0,0,2,0,차대차 - 측면충돌,중앙선침범,건조,맑음,단일로 - 기타,승용,여,40세,경상,승용,여,52세,경상
2021110600100219,2021년 11월 6일 12시,토요일,경상남도 창원시 진해구 용원동,경상사고,0,0,1,0,차대차 - 정면충돌,중앙선침범,건조,맑음,단일로 - 기타,승용,여,49세,상해없음,승용,여,23세,경상
2021110600100220,2021년 11월 6일 12시,토요일,경상남도 양산시 물금읍,중상사고,0,1,0,0,차대사람 - 기타,기타,건조,맑음,단일로 - 기타,승합,남,57세,상해없음,보행자,여,71세,중상
2021110600100253,2021년 11월 6일 13시,토요일,경상남도 진주시 수정동,중상사고,0,1,0,0,차대사람 - 횡단중,보행자보호의무위반,건조,맑음,단일로 - 기타,화물,여,53세,상해없음,보행자,여,71세,중상
2021110600100254,2021년 11월 6일 13시,토요일,경상남도 밀양시 하남읍,중상사고,0,2,0,0,차대차 - 측면충돌,신호위반,건조,맑음,교차로 - 교차로안,승용,남,48세,중상,승용,여,38세,중상
2021110600100255,2021년 11월 6일 13시,토요일,경상남도 함양군 함양읍,경상사고,0,0,1,0,차대차 - 측면충돌,안전운전불이행,건조,맑음,단일로 - 기타,승용,남,41세,상해없음,이륜,여,49세,경상
2021110600100256,2021년 11월 6일 13시,토요일,경상남도 남해군 창선면,중상사고,0,1,0,0,차대사람 - 차도통행중,안전운전불이행,건조,맑음,단일로 - 기타,화물,남,38세,상해없음,보행자,남,47세,중상
2021110600100295,2021년 11월 6일 14시,토요일,경상남도 산청군 신안면,중상사고,0,1,1,0,차대차 - 측면충돌,교차로운행방법위반,건조,맑음,교차로 - 교차로안,승용,여,63세,경상,승용,남,43세,중상
2021110600100296,2021년 11월 6일 14시,토요일,경상남도 산청군 시천면,중상사고,0,1,3,0,차대차 - 측면충돌,교차로운행방법위반,건조,맑음,교차로 - 교차로안,화물,남,75세,경상,승용,남,44세,경상
2021110600100297,2021년 11월 6일 14시,토요일,경상남도 창원시 의창구 팔용동,경상사고,0,0,1,0,차대차 - 측면충돌,안전운전불이행,건조,맑음,단일로 - 기타,승용,남,59세,상해없음,승용,남,53세,경상
2021110600100334,2021년 11월 6일 15시,토요일,경상남도 진주시 초전동,중상사고,0,1,0,0,차대차 - 추돌,안전거리미확보,건조,맑음,단일로 - 기타,이륜,남,17세,중상,승용,남,45세,상해없음
2021110600100335,2021년 11월 6일 15시,토요일,경상남도 양산시 중부동,부상신고사고,0,0,0,1,차대차 - 추돌,안전거리미확보,건조,맑음,교차로 - 교차로안,승용,남,71세,상해없음,승용,여,24세,부상신고
2021110600100336,2021년 11월 6일 15시,토요일,경상남도 남해군 이동면,경상사고,0,0,1,0,차대사람 - 기타,안전운전불이행,건조,맑음,주차장 - 주차장,승용,남,54세,상해없음,보행자,남,5세,경상
2021110600100337,2021년 11월 6일 15시,토요일,경상남도 의령군 의령읍,경상사고,0,0,1,0,차대차 - 후진중충돌,안전운전불이행,건조,맑음,주차장 - 주차장,승용,남,53세,상해없음,승용,남,65세,경상
2021110600100380,2021년 11월 6일 16시,토요일,경상남도 김해시 어방동,경상사고,0,0,2,0,차대차 - 추돌,안전운전불이행,건조,맑음,교차로 - 교차로부근,승용,남,29세,상해없음,승용,남,47세,경상
2021110600100381,2021년 11월 6일 16시,토요일,경상남도 하동군 하동읍,경상사고,0,0,1,0,차대차 - 기타,교차로운행방법위반,건조,맑음,교차로 - 교차로안,승용,여,53세,상해없음,이륜,여,58세,경상
2021110600100423,2021년 11월 6일 17시,토요일,경상남도 창원시 마산합포구 현동,경상사고,0,0,3,0,차대차 - 측면충돌,안전운전불이행,건조,맑음,교차로 - 교차로안,승용,남,54세,상해없음,승용,여,32세,경상
2021110600100424,2021년 11월 6일 17시,토요일,경상남도 김해시 구산동,경상사고,0,0,1,0,차대차 - 측면충돌,직진우회전진행방해,건조,맑음,교차로 - 교차로안,승용,여,63세,상해없음,이륜,남,65세,경상
2021110600100425,2021년 11월 6일 17시,토요일,경상남도 창녕군 성산면,경상사고,0,0,1,1,차대차 - 측면충돌,직진우회전진행방해,건조,맑음,교차로 - 교차로안,승용,여,51세,부상신고,화물,남,53세,경상
2021110600100426,2021년 11월 6일 17시,토요일,경상남도 양산시 소주동,중상사고,0,1,0,0,차대사람 - 횡단중,보행자보호의무위반,건조,맑음,단일로 - 기타,승용,여,63세,상해없음,보행자,여,71세,중상
2021110600100471,2021년 11월 6일 18시,토요일,경상남도 양산시 용당동,중상사고,0,1,0,0,차대차 - 측면충돌,교차로운행방법위반,건조,맑음,교차로 - 교차로안,승용,남,54세,상해없음,승용,남,77세,중상
2021110600100514,2021년 11월 6일 19시,토요일,경상남도 산청군 신안면,중상사고,0,5,5,0,차대차 - 정면충돌,기타,건조,맑음,단일로 - 기타,화물,남,63세,경상,승용,남,55세,경상
2021110600100548,2021년 11월 6일 20시,토요일,경상남도 진주시 상대동,경상사고,0,0,2,0,차대차 - 측면충돌,중앙선침범,건조,맑음,단일로 - 기타,승용,여,27세,상해없음,승용,남,24세,경상
2021110600100578,2021년 11월 6일 21시,토요일,경상남도 창원시 마산합포구 오동동,경상사고,0,0,1,0,차대사람 - 횡단중,안전운전불이행,건조,맑음,교차로 - 교차로안,승용,여,40세,상해없음,보행자,남,59세,경상
2021110600100579,2021년 11월 6일 21시,토요일,경상남도 함양군 함양읍,중상사고,0,1,0,0,차대차 - 측면충돌,안전운전불이행,건조,맑음,단일로 - 기타,승용,남,29세,상해없음,이륜,남,48세,중상
2021110600100580,2021년 11월 6일 21시,토요일,경상남도 창원시 마산회원구 합성동,경상사고,0,0,1,0,차대사람 - 기타,안전운전불이행,건조,맑음,단일로 - 기타,승용,남,65세,상해없음,보행자,남,3세,경상
2021110600100612,2021년 11월 6일 22시,토요일,경상남도 남해군 남해읍,중상사고,0,1,0,0,차량단독 - 공작물충돌,안전운전불이행,건조,맑음,단일로 - 기타,개인형이동수단(PM),남,27세,중상,,,,
2021110600100632,2021년 11월 6일 23시,토요일,경상남도 거제시 두모동,사망사고,1,0,0,0,차대사람 - 차도통행중,안전운전불이행,건조,맑음,단일로 - 기타,승용,남,54세,상해없음,보행자,남,85세,사망
2021110700100012,2021년 11월 7일 00시,일요일,경상남도 김해시 외동,중상사고,0,1,0,0,차대사람 - 횡단중,보행자보호의무위반,건조,맑음,단일로 - 기타,승용,남,30세,상해없음,보행자,여,24세,중상
2021110700100013,2021년 11월 7일 00시,일요일,경상남도 양산시 물금읍,부상신고사고,0,0,0,1,차대차 - 측면충돌,중앙선침범,건조,맑음,단일로 - 기타,자전거,남,26세,부상신고,승용,남,38세,상해없음
2021110700100045,2021년 11월 7일 03시,일요일,경상남도 밀양시 가곡동,경상사고,0,0,2,0,차대차 - 정면충돌,기타,건조,맑음,단일로 - 기타,원동기,남,23세,경상,원동기,남,19세,경상
2021110700100061,2021년 11월 7일 07시,일요일,경상남도 창원시 의창구 북면,중상사고,0,1,0,0,차대차 - 추돌,안전운전불이행,건조,맑음,단일로 - 기타,화물,남,59세,상해없음,농기계,남,65세,중상
2021110700100102,2021년 11월 7일 10시,일요일,경상남도 양산시 북부동,경상사고,0,0,1,0,차대차 - 측면충돌,신호위반,건조,맑음,교차로 - 교차로안,승용,남,63세,상해없음,자전거,남,58세,경상
2021110700100134,2021년 11월 7일 11시,일요일,경상남도 창원시 진해구 석동,경상사고,0,0,3,0,차대차 - 추돌,안전운전불이행,건조,맑음,단일로 - 기타,승용,남,19세,상해없음,승용,여,52세,경상
2021110700100135,2021년 11월 7일 11시,일요일,경상남도 남해군 이동면,사망사고,1,0,0,0,차대차 - 측면충돌,교차로운행방법위반,건조,맑음,교차로 - 교차로안,승용,남,50세,상해없음,이륜,남,32세,사망
2021110700100161,2021년 11월 7일 12시,일요일,경상남도 통영시 인평동,경상사고,0,0,3,0,차대차 - 측면충돌,안전운전불이행,건조,맑음,교차로 - 교차로안,승합,남,49세,상해없음,승용,여,61세,경상
2021110700100162,2021년 11월 7일 12시,일요일,경상남도 사천시 동금동,경상사고,0,0,1,0,차대차 - 측면충돌,안전운전불이행,건조,맑음,단일로 - 기타,승용,남,47세,상해없음,원동기,남,64세,경상
2021110700100190,2021년 11월 7일 13시,일요일,경상남도 통영시 항남동,부상신고사고,0,0,0,1,차대차 - 후진중충돌,직진우회전진행방해,건조,맑음,교차로 - 교차로안,이륜,남,46세,부상신고,승용,남,53세,상해없음
2021110700100191,2021년 11월 7일 13시,일요일,경상남도 김해시 부원동,중상사고,0,1,0,0,차대차 - 기타,신호위반,건조,맑음,교차로 - 교차로안,승용,남,53세,상해없음,원동기,남,45세,중상
2021110700100192,2021년 11월 7일 13시,일요일,경상남도 창녕군 대합면,경상사고,0,0,3,0,차대차 - 추돌,안전운전불이행,건조,맑음,교차로 - 교차로부근,승용,남,26세,경상,승용,남,29세,경상
2021110700100193,2021년 11월 7일 13시,일요일,경상남도 양산시 상북면,경상사고,0,0,1,0,차대차 - 측면충돌,안전운전불이행,건조,맑음,교차로 - 교차로부근,승용,남,55세,상해없음,승용,여,50세,경상
2021110700100194,2021년 11월 7일 13시,일요일,경상남도 남해군 남해읍,경상사고,0,0,1,0,차대차 - 측면충돌,안전운전불이행,건조,맑음,교차로 - 교차로안,화물,여,64세,상해없음,승용,여,28세,경상
2021110700100195,2021년 11월 7일 13시,일요일,경상남도 함안군 칠서면,중상사고,0,1,0,0,차대사람 - 기타,안전운전불이행,건조,맑음,기타 - 기타,건설기계,남,63세,상해없음,보행자,남,41세,중상
2021110700100226,2021년 11월 7일 14시,일요일,경상남도 창원시 진해구 장천동,경상사고,0,0,1,0,차대사람 - 기타,안전운전불이행,건조,맑음,주차장 - 주차장,승용,남,69세,상해없음,보행자,남,35세,경상
2021110700100227,2021년 11월 7일 14시,일요일,경상남도 하동군 진교면,중상사고,0,1,0,0,차대차 - 추돌,안전운전불이행,건조,맑음,교차로 - 교차로안,승용,남,61세,상해없음,화물,남,30세,상해없음
2021110700100271,2021년 11월 7일 15시,일요일,경상남도 진주시 하대동,중상사고,0,1,0,0,차대차 - 기타,신호위반,건조,맑음,단일로 - 기타,이륜,남,22세,상해없음,자전거,남,60세,중상
2021110700100272,2021년 11월 7일 15시,일요일,경상남도 진주시 동성동,경상사고,0,0,1,0,차대차 - 추돌,안전운전불이행,건조,맑음,교차로 - 교차로부근,승용,여,50세,상해없음,이륜,남,53세,경상