사고번호,사고일시,요일,시군구,사고내용,사망자수,중상자수,경상자수,부상신고자수,사고유형,법규위반,노면상태,기상상태,도로형태,가해운전자 차종,가해운전자 성별,가해운전자 연령,가해운전자 상해정도,피해운전자 차종,피해운전자 성별,피해운전자 연령,피해운전자 상해정도
2021111100100172,2021년 11월 11일 09시,목요일,경상남도 양산시 중부동,부상신고사고,0,0,0,1,차대차 - 측면충돌,기타,건조,맑음,교차로 - 교차로안,승용,여,42세,부상신고,승용,남,49세,상해없음
2021111100100173,2021년 11월 11일 09시,목요일,경상남도 양산시 중부동,중상사고,0,1,2,1,차대차 - 측면충돌,안전거리미확보,건조,맑음,단일로 - 기타,승용,여,44세,상해없음,승합,남,53세,중상
2021111100100174,2021년 11월 11일 09시,목요일,경상남도 창원시 마산회원구 구암동,중상사고,0,1,0,0,차대사람 - 횡단중,보행자보호의무위반,건조,맑음,단일로 - 기타,승용,여,26세,상해없음,보행자,여,64세,중상
2021111100100197,2021년 11월 11일 10시,목요일,경상남도 양산시 남부동,경상사고,0,0,1,0,차대차 - 측면충돌,안전거리미확보,건조,맑음,단일로 - 기타,화물,남,48세,상해없음,승용,남,53세,경상
2021111100100198,2021년 11월 11일 10시,목요일,경상남도 의령군 의령읍,경상사고,0,0,2,0,차대차 - 측면충돌,안전운전불이행,건조,맑음,단일로 - 기타,건설기계,남,59세,상해없음,승용,여,60세,경상
2021111100100199,2021년 11월 11일 10시,목요일,경상남도 창원시 의창구 북면,경상사고,0,0,2,0,차대차 - 측면충돌,안전운전불이행,건조,맑음,교차로 - 교차로안,승용,여,42세,경상,승용,여,44세,경상
2021111100100239,2021년 11월 11일 11시,목요일,경상남도 양산시 다방동,경상사고,0,0,2,0,차대차 - 측면충돌,신호위반,건조,맑음,교차로 - 교차로안,승용,남,71세,상해없음,승용,남,33세,경상
2021111100100265,2021년 11월 11일 12시,목요일,경상남도 진주시 내동면,경상사고,0,0,1,0,차대차 - 측면충돌,신호위반,건조,맑음,교차로 - 교차로안,화물,남,34세,상해없음,승용,여,41세,경상
2021111100100266,2021년 11월 11일 12시,목요일,경상남도 거제시 거제면,중상사고,0,1,0,0,차량단독 - 도로외이탈 - 추락,안전운전불이행,건조,맑음,단일로 - 기타,화물,남,66세,중상,,,,
2021111100100267,2021년 11월 11일 12시,목요일,경상남도 창원시 의창구 동읍,경상사고,0,0,2,0,차대차 - 추돌,안전운전불이행,건조,맑음,단일로 - 기타,승용,남,67세,상해없음,승용,남,40세,경상
2021111100100268,2021년 11월 11일 12시,목요일,경상남도 김해시 주촌면,중상사고,0,3,1,0,차대차 - 측면충돌,신호위반,건조,맑음,교차로 - 교차로안,승용,여,47세,상해없음,승용,남,46세,중상
2021111100100285,2021년 11월 11일 13시,목요일,경상남도 밀양시 상동면,중상사고,0,1,0,0,차대차 - 추돌,안전거리미확보,건조,맑음,단일로 - 기타,화물,남,48세,상해없음,화물,남,59세,중상
2021111100100357,2021년 11월 11일 15시,목요일,경상남도 거창군 남하면,경상사고,0,0,1,0,차대차 - 측면충돌,직진우회전진행방해,젖음/습기,비,교차로 - 교차로안,사륜오토바이(ATV),남,63세,경상,승용,여,64세,상해없음
2021111100100358,2021년 11월 11일 15시,목요일,경상남도 양산시 물금읍,경상사고,0,0,1,0,차대차 - 측면충돌,직진우회전진행방해,건조,맑음,교차로 - 교차로안,승용,남,72세,상해없음,승용,남,56세,경상
2021111100100359,2021년 11월 11일 15시,목요일,경상남도 함안군 군북면,경상사고,0,0,1,0,차대사람 - 길가장자리구역통행중,안전운전불이행,건조,기타,교차로 - 교차로안,승용,여,53세,상해없음,보행자,여,65세,경상
2021111100100395,2021년 11월 11일 16시,목요일,경상남도 통영시 용남면,중상사고,0,1,2,0,차대차 - 추돌,안전거리미확보,건조,맑음,단일로 - 기타,승용,여,72세,경상,승용,여,46세,경상
2021111100100446,2021년 11월 11일 17시,목요일,경상남도 통영시 광도면,중상사고,0,1,0,0,차대차 - 기타,안전운전불이행,건조,맑음,단일로 - 기타,화물,남,54세,상해없음,자전거,남,63세,중상
2021111100100447,2021년 11월 11일 17시,목요일,경상남도 사천시 사천읍,경상사고,0,0,1,0,차대사람 - 기타,안전운전불이행,건조,맑음,단일로 - 기타,승용,남,56세,상해없음,보행자,여,71세,경상
2021111100100448,2021년 11월 11일 17시,목요일,경상남도 밀양시 삼문동,경상사고,0,0,1,0,차대차 - 측면충돌,교차로운행방법위반,건조,맑음,교차로 - 교차로안,승용,여,50세,상해없음,이륜,남,36세,경상
2021111100100449,2021년 11월 11일 17시,목요일,경상남도 양산시 물금읍,부상신고사고,0,0,0,1,차대차 - 기타,안전운전불이행,건조,맑음,교차로 - 교차로부근,이륜,남,41세,부상신고,화물,남,39세,상해없음
2021111100100450,2021년 11월 11일 17시,목요일,경상남도 거제시 장목면,중상사고,0,2,0,0,차량단독 - 공작물충돌,안전운전불이행,건조,맑음,단일로 - 기타,승용,여,24세,중상,,,,
2021111100100451,2021년 11월 11일 17시,목요일,경상남도 창원시 성산구 가음동,경상사고,0,0,1,0,차대차 - 기타,신호위반,건조,맑음,교차로 - 교차로안,승용,여,28세,상해없음,이륜,남,47세,경상
2021111100100502,2021년 11월 11일 18시,목요일,경상남도 사천시 사천읍,경상사고,0,0,1,0,차대사람 - 기타,교차로운행방법위반,건조,맑음,교차로 - 교차로안,승합,남,48세,상해없음,보행자,남,63세,경상
2021111100100503,2021년 11월 11일 18시,목요일,경상남도 김해시 내동,경상사고,0,0,1,0,차대사람 - 길가장자리구역통행중,안전운전불이행,건조,맑음,단일로 - 기타,이륜,남,45세,상해없음,보행자,여,58세,경상
2021111100100504,2021년 11월 11일 18시,목요일,경상남도 거제시 상동동,중상사고,0,1,0,0,차대차 - 정면충돌,중앙선침범,건조,맑음,단일로 - 기타,이륜,남,50세,중상,승용,남,35세,상해없음
2021111100100505,2021년 11월 11일 18시,목요일,경상남도 남해군 고현면,경상사고,0,0,1,0,차대차 - 측면충돌,직진우회전진행방해,건조,맑음,교차로 - 교차로안,승용,여,23세,상해없음,승용,남,44세,경상
2021111100100506,2021년 11월 11일 18시,목요일,경상남도 창원시 성산구 중앙동,경상사고,0,0,1,0,차대사람 - 횡단중,보행자보호의무위반,건조,맑음,교차로 - 교차로횡단보도내,승용,남,37세,상해없음,보행자,남,30세,경상
2021111100100507,2021년 11월 11일 18시,목요일,경상남도 김해시 주촌면,경상사고,0,0,1,0,차대차 - 추돌,안전운전불이행,건조,맑음,단일로 - 기타,이륜,남,35세,경상,승용,남,42세,상해없음
2021111100100553,2021년 11월 11일 19시,목요일,경상남도 김해시 내동,경상사고,0,0,1,0,차대사람 - 보도통행중,기타,건조,맑음,단일로 - 기타,승용,남,55세,상해없음,보행자,여,16세,경상
2021111100100554,2021년 11월 11일 19시,목요일,경상남도 거제시 옥포동,경상사고,0,0,1,0,차대사람 - 기타,안전운전불이행,건조,맑음,기타 - 기타,승용,여,55세,상해없음,보행자,여,51세,경상
2021111100100581,2021년 11월 11일 20시,목요일,경상남도 창녕군 대지면,경상사고,0,0,1,0,차대차 - 기타,안전운전불이행,건조,맑음,교차로 - 교차로부근,승용,남,56세,상해없음,승용,기타불명,미분류,기타불명
2021111100100582,2021년 11월 11일 20시,목요일,경상남도 창녕군 창녕읍,중상사고,0,2,3,0,차대차 - 기타,안전운전불이행,건조,맑음,교차로 - 교차로안,승용,남,22세,상해없음,승용,여,30세,중상
2021111100100605,2021년 11월 11일 21시,목요일,경상남도 김해시 내동,중상사고,0,1,2,0,차대차 - 추돌,안전운전불이행,건조,맑음,교차로 - 교차로부근,이륜,남,23세,중상,승용,남,71세,경상
2021111200100025,2021년 11월 12일 02시,금요일,경상남도 김해시 내동,경상사고,0,0,1,0,차대차 - 기타,안전운전불이행,건조,맑음,단일로 - 기타,승용,남,34세,상해없음,승용,남,23세,경상
2021111200100062,2021년 11월 12일 06시,금요일,경상남도 진주시 장재동,경상사고,0,0,1,0,차대차 - 측면충돌,안전운전불이행,건조,맑음,교차로 - 교차로안,화물,남,65세,상해없음,승용,여,57세,경상
2021111200100080,2021년 11월 12일 07시,금요일,경상남도 창원시 의창구 북면,경상사고,0,0,1,0,차대사람 - 기타,안전운전불이행,건조,맑음,단일로 - 기타,승용,여,30세,상해없음,보행자,남,80세,경상
2021111200100114,2021년 11월 12일 08시,금요일,경상남도 창원시 진해구 중평동,중상사고,0,1,0,0,차대사람 - 횡단중,보행자보호의무위반,건조,맑음,교차로 - 교차로부근,승용,남,27세,상해없음,보행자,여,27세,중상
2021111200100115,2021년 11월 12일 08시,금요일,경상남도 김해시 안동,경상사고,0,0,2,0,차대차 - 측면충돌,안전운전불이행,건조,맑음,교차로 - 교차로부근,승용,남,29세,상해없음,건설기계,남,46세,경상
2021111200100152,2021년 11월 12일 09시,금요일,경상남도 합천군 합천읍,중상사고,0,1,0,0,차대차 - 측면충돌,직진우회전진행방해,건조,맑음,교차로 - 교차로안,승용,여,39세,상해없음,자전거,여,72세,중상
2021111200100153,2021년 11월 12일 09시,금요일,경상남도 양산시 상북면,경상사고,0,0,2,1,차대차 - 측면충돌,신호위반,건조,맑음,교차로 - 교차로안,승용,남,57세,상해없음,승용,여,47세,경상
2021111200100154,2021년 11월 12일 09시,금요일,경상남도 함안군 가야읍,중상사고,0,1,2,0,차대차 - 기타,안전운전불이행,건조,맑음,단일로 - 기타,화물,남,53세,상해없음,승용,여,46세,경상
2021111200100182,2021년 11월 12일 10시,금요일,경상남도 창원시 진해구 자은동,경상사고,0,0,1,0,차대차 - 추돌,안전운전불이행,건조,맑음,단일로 - 기타,건설기계,남,45세,상해없음,승용,여,47세,경상
2021111200100183,2021년 11월 12일 10시,금요일,경상남도 통영시 도천동,경상사고,0,0,1,0,차대차 - 기타,교차로운행방법위반,건조,맑음,교차로 - 교차로안,승용,남,66세,상해없음,화물,남,51세,경상
2021111200100184,2021년 11월 12일 10시,금요일,경상남도 진주시 내동면,경상사고,0,0,1,0,차대차 - 추돌,안전운전불이행,건조,맑음,단일로 - 기타,화물,남,61세,상해없음,승용,남,48세,경상
2021111200100220,2021년 11월 12일 11시,금요일,경상남도 거제시 고현동,경상사고,0,0,2,0,차대차 - 추돌,안전운전불이행,건조,맑음,단일로 - 기타,승용,여,54세,상해없음,승용,여,51세,경상
2021111200100253,2021년 11월 12일 12시,금요일,경상남도 통영시 북신동,경상사고,0,0,1,1,차대차 - 기타,교차로운행방법위반,건조,맑음,교차로 - 교차로안,승용,여,38세,부상신고,승용,여,46세,경상
2021111200100288,2021년 11월 12일 13시,금요일,경상남도 창원시 마산합포구 월영동,부상신고사고,0,0,0,1,차대차 - 측면충돌,안전운전불이행,건조,맑음,단일로 - 기타,화물,남,52세,상해없음,자전거,남,9세,부상신고
2021111200100289,2021년 11월 12일 13시,금요일,경상남도 거창군 북상면,경상사고,0,0,1,0,차량단독 - 기타,안전운전불이행,건조,맑음,기타 - 기타,승용,남,48세,경상,,,,
2021111200100290,2021년 11월 12일 13시,금요일,경상남도 창녕군 창녕읍,중상사고,0,1,0,0,차대사람 - 기타,중앙선침범,건조,맑음,단일로 - 기타,화물,남,78세,상해없음,보행자,남,77세,중상
2021111200100291,2021년 11월 12일 13시,금요일,경상남도 하동군 횡천면,경상사고,0,0,1,0,차대차 - 측면충돌,안전운전불이행,건조,맑음,교차로 - 교차로안,이륜,남,60세,경상,화물,남,52세,상해없음
2021111200100292,2021년 11월 12일 13시,금요일,경상남도 김해시 명법동,부상신고사고,0,0,0,1,차대차 - 측면충돌,신호위반,건조,맑음,교차로 - 교차로안,이륜,남,45세,부상신고,승용,여,60세,상해없음
2021111200100326,2021년 11월 12일 14시,금요일,경상남도 통영시 용남면,경상사고,0,0,1,0,차대차 - 추돌,안전거리미확보,건조,맑음,단일로 - 기타,승용,남,50세,상해없음,승용,여,47세,경상
2021111200100369,2021년 11월 12일 15시,금요일,경상남도 사천시 죽림동,경상사고,0,0,2,0,차대차 - 추돌,안전운전불이행,건조,맑음,교차로 - 교차로부근,건설기계,남,51세,상해없음,승용,남,52세,경상
2021111200100406,2021년 11월 12일 16시,금요일,경상남도 김해시 흥동,경상사고,0,0,2,0,차대차 - 측면충돌,안전운전불이행,건조,맑음,단일로 - 기타,승용,여,68세,경상,건설기계,남,44세,경상
2021111200100451,2021년 11월 12일 17시,금요일,경상남도 김해시 안동,경상사고,0,0,2,0,차대차 - 추돌,안전운전불이행,건조,맑음,단일로 - 기타,승용,남,38세,상해없음,화물,남,62세,경상
2021111200100452,2021년 11월 12일 17시,금요일,경상남도 남해군 이동면,경상사고,0,0,1,0,차대차 - 측면충돌,안전운전불이행,건조,맑음,단일로 - 기타,화물,남,57세,상해없음,승용,남,33세,경상
2021111200100511,2021년 11월 12일 18시,금요일,경상남도 양산시 북정동,경상사고,0,0,3,0,차대차 - 정면충돌,안전운전불이행,건조,맑음,교차로 - 교차로안,화물,남,38세,상해없음,승용,남,35세,경상
2021111200100512,2021년 11월 12일 18시,금요일,경상남도 양산시 물금읍,경상사고,0,0,1,0,차대차 - 정면충돌,신호위반,건조,맑음,교차로 - 교차로안,승용,남,32세,기타불명,승용,여,23세,경상
2021111200100556,2021년 11월 12일 19시,금요일,경상남도 김해시 대동면,중상사고,0,1,0,0,차대차 - 기타,중앙선침범,건조,맑음,단일로 - 기타,승용,여,21세,상해없음,승용,여,57세,중상
2021111200100557,2021년 11월 12일 19시,금요일,경상남도 거제시 장평동,사망사고,1,0,0,0,차대차 - 기타,안전운전불이행,건조,맑음,교차로 - 교차로안,승용,여,52세,상해없음,이륜,남,47세,사망
2021111200100558,2021년 11월 12일 19시,금요일,경상남도 함안군 가야읍,경상사고,0,0,3,0,차대차 - 기타,교차로운행방법위반,건조,맑음,교차로 - 교차로안,승용,여,61세,경상,승용,남,64세,경상
2021111200100559,2021년 11월 12일 19시,금요일,경상남도 김해시 풍유동,경상사고,0,0,1,0,차대사람 - 차도통행중,안전운전불이행,건조,맑음,교차로 - 교차로안,승용,남,48세,상해없음,보행자,여,14세,경상
2021111200100596,2021년 11월 12일 20시,금요일,경상남도 창원시 마산합포구 해운동,경상사고,0,0,1,0,차대사람 - 기타,안전운전불이행,건조,맑음,기타 - 기타,승용,여,63세,상해없음,보행자,여,48세,경상
2021111200100630,2021년 11월 12일 21시,금요일,경상남도 창원시 마산합포구 오동동,경상사고,0,0,3,0,차대차 - 기타,신호위반,건조,맑음,교차로 - 교차로부근,이륜,남,20세,경상,승용,남,64세,상해없음
2021111200100631,2021년 11월 12일 21시,금요일,경상남도 사천시 동금동,중상사고,0,1,3,0,차대차 - 추돌,안전운전불이행,건조,맑음,교차로 - 교차로부근,승용,여,37세,상해없음,승용,여,50세,중상
2021111200100656,2021년 11월 12일 22시,금요일,경상남도 통영시 정량동,경상사고,0,0,1,0,차대사람 - 횡단중,보행자보호의무위반,건조,맑음,교차로 - 교차로횡단보도내,승용,여,50세,기타불명,보행자,남,30세,경상
2021111200100677,2021년 11월 12일 23시,금요일,경상남도 김해시 삼방동,경상사고,0,0,1,0,차대차 - 기타,안전운전불이행,건조,맑음,교차로 - 교차로안,승용,남,60세,상해없음,원동기,남,35세,경상
2021111200100678,2021년 11월 12일 23시,금요일,경상남도 창원시 성산구 사파동,경상사고,0,0,1,0,차대차 - 측면충돌,신호위반,건조,맑음,교차로 - 교차로부근,승합,남,65세,상해없음,승용,남,40세,경상
2021111300100041,2021년 11월 13일 01시,토요일,경상남도 김해시 구산동,중상사고,0,1,0,0,차량단독 - 공작물충돌,안전운전불이행,건조,맑음,단일로 - 기타,승용,남,37세,상해없음,,,,
2021111300100042,2021년 11월 13일 01시,토요일,경상남도 김해시 부원동,경상사고,0,0,1,0,차대차 - 기타,신호위반,건조,맑음,교차로 - 교차로부근,승용,남,33세,상해없음,이륜,남,25세,경상
2021111300100043,2021년 11월 13일 01시,토요일,경상남도 김해시 율하동,경상사고,0,0,1,0,차대차 - 추돌,안전운전불이행,건조,맑음,단일로 - 기타,승용,남,33세,상해없음,승용,남,25세,경상
2021111300100050,2021년 11월 13일 02시,토요일,경상남도 진주시 하대동,경상사고,0,0,1,0,차대차 - 측면충돌,신호위반,건조,맑음,교차로 - 교차로안,승용,남,51세,상해없음,승용,남,62세,상해없음
2021111300100051,2021년 11월 13일 02시,토요일,경상남도 김해시 부원동,경상사고,0,0,3,0,차대차 - 측면충돌,안전운전불이행,건조,맑음,기타 - 기타,승용,남,33세,상해없음,승용,남,46세,경상
2021111300100059,2021년 11월 13일 03시,토요일,경상남도 김해시 외동,경상사고,0,0,1,0,차량단독 - 공작물충돌,안전운전불이행,건조,맑음,단일로 - 기타,승용,남,33세,경상,,,,
2021111300100116,2021년 11월 13일 08시,토요일,경상남도 밀양시 상남면,경상사고,0,0,3,0,차대차 - 측면충돌,신호위반,건조,맑음,교차로 - 교차로안,승용,여,46세,상해없음,화물,남,65세,경상
2021111300100140,2021년 11월 13일 09시,토요일,경상남도 거제시 고현동,중상사고,0,1,0,0,차대차 - 기타,중앙선침범,건조,맑음,교차로 - 교차로부근,승용,남,25세,상해없음,승용,남,34세,중상
2021111300100141,2021년 11월 13일 09시,토요일,경상남도 거제시 아주동,중상사고,0,2,0,0,차대차 - 측면충돌,직진우회전진행방해,건조,맑음,교차로 - 교차로안,승용,여,57세,중상,승용,남,46세,중상
2021111300100180,2021년 11월 13일 10시,토요일,경상남도 거창군 거창읍,중상사고,0,2,0,0,차대차 - 측면충돌,신호위반,건조,맑음,교차로 - 교차로안,승용,여,54세,중상,화물,남,50세,중상
2021111300100261,2021년 11월 13일 12시,토요일,경상남도 창원시 마산회원구 구암동,중상사고,0,1,0,0,차대차 - 기타,안전운전불이행,건조,맑음,단일로 - 기타,승용,남,62세,상해없음,승합,남,49세,상해없음
2021111300100262,2021년 11월 13일 12시,토요일,경상남도 창원시 의창구 소답동,중상사고,0,1,0,0,차대차 - 측면충돌,교차로운행방법위반,건조,맑음,교차로 - 교차로안,화물,남,29세,상해없음,승용,여,53세,중상
2021111300100302,2021년 11월 13일 13시,토요일,경상남도 진주시 하대동,중상사고,0,1,0,0,차대사람 - 횡단중,신호위반,건조,맑음,교차로 - 교차로횡단보도내,승용,남,69세,상해없음,보행자,여,60세,중상
2021111300100339,2021년 11월 13일 14시,토요일,경상남도 창녕군 고암면,중상사고,0,1,1,0,차대차 - 기타,중앙선침범,건조,맑음,단일로 - 기타,이륜,남,34세,중상,승용,여,44세,경상
2021111300100380,2021년 11월 13일 15시,토요일,경상남도 합천군 적중면,중상사고,0,1,0,0,차대차 - 측면충돌,기타,건조,맑음,교차로 - 교차로안,화물,남,76세,상해없음,이륜,여,75세,중상
2021111300100381,2021년 11월 13일 15시,토요일,경상남도 창녕군 계성면,경상사고,0,0,2,0,차대차 - 기타,기타,건조,맑음,기타 - 기타,화물,남,36세,상해없음,승용,남,20세,경상
2021111300100382,2021년 11월 13일 15시,토요일,경상남도 창원시 의창구 팔용동,경상사고,0,0,1,0,차대차 - 추돌,안전운전불이행,건조,맑음,단일로 - 기타,승용,남,33세,상해없음,승용,남,51세,경상
2021111300100411,2021년 11월 13일 16시,토요일,경상남도 창녕군 이방면,중상사고,0,1,0,0,차량단독 - 기타,안전운전불이행,건조,맑음,단일로 - 기타,농기계,남,78세,중상,,,,
2021111300100412,2021년 11월 13일 16시,토요일,경상남도 양산시 남부동,경상사고,0,0,2,1,차대사람 - 기타,안전운전불이행,건조,맑음,기타 - 기타,승용,남,72세,부상신고,보행자,남,71세,경상
2021111300100413,2021년 11월 13일 16시,토요일,경상남도 함안군 산인면,중상사고,0,2,0,0,차대차 - 기타,안전운전불이행,건조,맑음,단일로 - 기타,승용,남,28세,상해없음,승용,남,66세,중상
2021111300100456,2021년 11월 13일 17시,토요일,경상남도 창원시 마산회원구 합성동,중상사고,0,1,0,0,차대사람 - 기타,안전운전불이행,건조,맑음,교차로 - 교차로부근,승합,남,31세,상해없음,보행자,남,53세,중상
2021111300100457,2021년 11월 13일 17시,토요일,경상남도 창원시 의창구 북면,중상사고,0,2,0,0,차대차 - 추돌,안전거리미확보,건조,맑음,단일로 - 기타,승용,남,74세,상해없음,승용,남,55세,중상
2021111300100502,2021년 11월 13일 18시,토요일,경상남도 창원시 마산합포구 오동동,중상사고,0,1,0,0,차대차 - 측면충돌,신호위반,건조,맑음,교차로 - 교차로안,이륜,남,59세,중상,승용,남,63세,상해없음
2021111300100503,2021년 11월 13일 18시,토요일,경상남도 함안군 산인면,중상사고,0,1,0,0,차대차 - 측면충돌,안전운전불이행,건조,맑음,단일로 - 기타,승용,남,44세,상해없음,자전거,남,56세,중상
2021111300100542,2021년 11월 13일 19시,토요일,경상남도 통영시 광도면,경상사고,0,0,1,0,차대차 - 측면충돌,불법유턴,건조,맑음,교차로 - 교차로부근,이륜,남,25세,상해없음,이륜,남,30세,경상
2021111300100543,2021년 11월 13일 19시,토요일,경상남도 거제시 고현동,경상사고,0,0,1,0,차대사람 - 차도통행중,안전운전불이행,건조,맑음,단일로 - 기타,화물,남,57세,상해없음,보행자,남,15세,경상
2021111300100574,2021년 11월 13일 20시,토요일,경상남도 양산시 물금읍,경상사고,0,0,1,0,차대차 - 추돌,안전운전불이행,건조,맑음,단일로 - 기타,승용,여,55세,상해없음,승용,여,28세,경상
2021111300100600,2021년 11월 13일 21시,토요일,경상남도 진주시 하대동,중상사고,0,1,0,0,차대차 - 추돌,안전운전불이행,건조,맑음,교차로 - 교차로부근,승용,남,54세,상해없음,이륜,남,31세,중상
2021111300100601,2021년 11월 13일 21시,토요일,경상남도 사천시 사남면,경상사고,0,0,3,0,차대차 - 추돌,안전운전불이행,건조,맑음,단일로 - 기타,이륜,남,18세,경상,승용,남,33세,경상
2021111300100602,2021년 11월 13일 21시,토요일,경상남도 함안군 가야읍,경상사고,0,0,1,0,차대차 - 측면충돌,안전운전불이행,건조,맑음,교차로 - 교차로안,이륜,남,46세,경상,승용,여,49세,상해없음
2021111300100628,2021년 11월 13일 22시,토요일,경상남도 거제시 상동동,경상사고,0,0,1,0,차대차 - 기타,안전거리미확보,건조,맑음,단일로 - 기타,승용,여,29세,상해없음,이륜,남,36세,경상
2021111300100650,2021년 11월 13일 23시,토요일,경상남도 창원시 진해구 용원동,중상사고,0,1,0,0,차대차 - 측면충돌,직진우회전진행방해,건조,맑음,교차로 - 교차로안,이륜,남,40세,상해없음,이륜,남,34세,중상
2021111300100651,2021년 11월 13일 23시,토요일,경상남도 양산시 동면,중상사고,0,1,0,0,차대차 - 측면충돌,신호위반,건조,맑음,교차로 - 교차로안,승용,여,26세,상해없음,이륜,남,35세,중상
2021111400100027,2021년 11월 14일 01시,일요일,경상남도 진주시 평거동,경상사고,0,0,1,0,차대사람 - 차도통행중,안전운전불이행,건조,맑음,교차로 - 교차로안,승용,여,20세,상해없음,보행자,여,28세,경상
2021111400100028,2021년 11월 14일 01시,일요일,경상남도 김해시 동상동,중상사고,0,1,0,0,차대사람 - 기타,안전운전불이행,건조,맑음,단일로 - 기타,승용,남,42세,상해없음,보행자,남,56세,중상
2021111400100040,2021년 11월 14일 02시,일요일,경상남도 거창군 거창읍,경상사고,0,0,1,0,차대차 - 측면충돌,교차로운행방법위반,건조,맑음,교차로 - 교차로안,승용,남,22세,경상,승용,남,26세,상해없음
2021111400100079,2021년 11월 14일 06시,일요일,경상남도 창원시 마산회원구 봉암동,경상사고,0,0,1,0,차대차 - 추돌,기타,건조,맑음,단일로 - 기타,승용,남,28세,상해없음,승용,남,49세,경상
2021111400100092,2021년 11월 14일 08시,일요일,경상남도 창원시 마산합포구 진동면,중상사고,0,1,2,0,차대차 - 측면충돌,기타,건조,맑음,교차로 - 교차로안,승용,여,39세,경상,승용,남,43세,중상
2021111400100199,2021년 11월 14일 13시,일요일,경상남도 양산시 물금읍,경상사고,0,0,2,0,차대차 - 추돌,안전운전불이행,건조,맑음,기타 - 기타,승용,여,40세,상해없음,승용,남,46세,경상
2021111400100232,2021년 11월 14일 14시,일요일,경상남도 김해시 봉황동,부상신고사고,0,0,0,1,차대차 - 기타,안전운전불이행,건조,맑음,기타 - 기타,자전거,남,62세,상해없음,자전거,남,55세,부상신고
2021111400100260,2021년 11월 14일 15시,일요일,경상남도 사천시 축동면,중상사고,0,1,1,0,차대차 - 측면충돌,신호위반,건조,맑음,교차로 - 교차로부근,승용,남,73세,상해없음,이륜,남,54세,중상
2021111400100261,2021년 11월 14일 15시,일요일,경상남도 창녕군 대합면,중상사고,0,3,0,0,차대차 - 측면충돌,직진우회전진행방해,건조,맑음,교차로 - 교차로안,승용,여,40세,상해없음,승용,남,31세,상해없음
2021111400100291,2021년 11월 14일 16시,일요일,경상남도 사천시 송포동,경상사고,0,0,4,0,차대차 - 측면충돌,안전운전불이행,건조,맑음,단일로 - 기타,승용,남,69세,상해없음,승용,여,46세,경상
2021111400100331,2021년 11월 14일 17시,일요일,경상남도 사천시 사남면,경상사고,0,0,1,0,차대차 - 추돌,안전운전불이행,건조,맑음,교차로 - 교차로부근,승용,남,33세,기타불명,승용,남,61세,경상
2021111400100332,2021년 11월 14일 17시,일요일,경상남도 산청군 산청읍,경상사고,0,0,1,0,차대차 - 기타,안전운전불이행,건조,맑음,교차로 - 교차로안,승용,여,31세,경상,화물,남,57세,상해없음
2021111400100373,2021년 11월 14일 18시,일요일,경상남도 창원시 진해구 자은동,경상사고,0,0,3,0,차대차 - 추돌,안전운전불이행,건조,맑음,교차로 - 교차로부근,승용,여,42세,상해없음,승용,여,50세,경상
2021111400100374,2021년 11월 14일 18시,일요일,경상남도 김해시 외동,경상사고,0,0,1,0,차대차 - 추돌,안전거리미확보,건조,맑음,단일로 - 기타,승용,남,22세,상해없음,승용,남,24세,경상
2021111400100375,2021년 11월 14일 18시,일요일,경상남도 창녕군 창녕읍,경상사고,0,0,1,0,차대차 - 추돌,안전운전불이행,건조,맑음,교차로 - 교차로부근,화물,남,59세,상해없음,승용,남,47세,경상
2021111400100468,2021년 11월 14일 22시,일요일,경상남도 김해시 구산동,경상사고,0,0,1,0,차대사람 - 길가장자리구역통행중,안전운전불이행,건조,맑음,교차로 - 교차로안,기타불명,기타불명,미분류,기타불명,보행자,남,51세,경상
2021111400100482,2021년 11월 14일 23시,일요일,경상남도 김해시 어방동,경상사고,0,0,1,0,차대차 - 측면충돌,신호위반,건조,맑음,교차로 - 교차로안,승용,남,60세,상해없음,화물,남,43세,경상
2021111500100007,2021년 11월 15일 00시,월요일,경상남도 양산시 동면,중상사고,0,1,0,0,차량단독 - 공작물충돌,안전운전불이행,건조,맑음,단일로 - 기타,승용,남,59세,중상,,,,
2021111500100014,2021년 11월 15일 01시,월요일,경상남도 진주시 상대동,중상사고,0,1,2,0,차대차 - 기타,직진우회전진행방해,건조,맑음,교차로 - 교차로안,승용,남,28세,상해없음,이륜,남,17세,중상
2021111500100015,2021년 11월 15일 01시,월요일,경상남도 창원시 성산구 양곡동,사망사고,1,0,0,0,차량단독 - 기타,안전운전불이행,건조,맑음,교차로 - 교차로안,승용,남,25세,사망,,,,
2021111500100021,2021년 11월 15일 02시,월요일,경상남도 창원시 마산합포구 중앙동3가,중상사고,0,1,1,0,차대차 - 추돌,안전운전불이행,건조,맑음,단일로 - 기타,승용,남,35세,상해없음,승용,남,59세,경상
2021111500100036,2021년 11월 15일 04시,월요일,경상남도 거제시 사등면,중상사고,0,1,0,0,차대사람 - 기타,안전운전불이행,건조,맑음,단일로 - 기타,화물,남,47세,상해없음,보행자,남,89세,중상