사고번호,사고일시,요일,시군구,사고내용,사망자수,중상자수,경상자수,부상신고자수,사고유형,법규위반,노면상태,기상상태,도로형태,가해운전자 차종,가해운전자 성별,가해운전자 연령,가해운전자 상해정도,피해운전자 차종,피해운전자 성별,피해운전자 연령,피해운전자 상해정도
2021111500100053,2021년 11월 15일 06시,월요일,경상남도 창원시 마산합포구 중앙동3가,경상사고,0,0,1,0,차대차 - 추돌,안전운전불이행,건조,맑음,교차로 - 교차로안,승용,남,48세,상해없음,이륜,남,73세,경상
2021111500100054,2021년 11월 15일 06시,월요일,경상남도 통영시 무전동,중상사고,0,1,0,0,차대사람 - 횡단중,보행자보호의무위반,건조,맑음,교차로 - 교차로횡단보도내,승용,여,53세,상해없음,보행자,남,59세,중상
2021111500100055,2021년 11월 15일 06시,월요일,경상남도 김해시 부원동,중상사고,0,1,0,0,차대사람 - 기타,안전운전불이행,건조,맑음,교차로 - 교차로안,화물,남,62세,상해없음,보행자,여,81세,중상
2021111500100056,2021년 11월 15일 06시,월요일,경상남도 양산시 동면,중상사고,0,1,0,0,차대사람 - 기타,보행자보호의무위반,건조,맑음,기타 - 기타,승용,남,62세,상해없음,보행자,여,69세,중상
2021111500100110,2021년 11월 15일 08시,월요일,경상남도 사천시 노룡동,중상사고,0,1,2,0,차대차 - 추돌,안전운전불이행,건조,맑음,교차로 - 교차로부근,승용,남,33세,경상,승용,여,61세,중상
2021111500100111,2021년 11월 15일 08시,월요일,경상남도 밀양시 삼랑진읍,중상사고,0,1,0,0,차대차 - 측면충돌,안전운전불이행,건조,맑음,교차로 - 교차로안,승용,여,54세,상해없음,승용,여,26세,중상
2021111500100112,2021년 11월 15일 08시,월요일,경상남도 김해시 삼방동,부상신고사고,0,0,0,1,차대차 - 기타,안전운전불이행,건조,맑음,단일로 - 기타,승용,남,64세,상해없음,승용,남,29세,부상신고
2021111500100172,2021년 11월 15일 10시,월요일,경상남도 함양군 마천면,경상사고,0,0,1,0,차대사람 - 기타,안전운전불이행,건조,맑음,기타 - 기타,승용,여,66세,상해없음,보행자,남,62세,경상
2021111500100173,2021년 11월 15일 10시,월요일,경상남도 창원시 의창구 명서동,경상사고,0,0,1,0,차대차 - 측면충돌,안전운전불이행,건조,맑음,교차로 - 교차로횡단보도내,승용,여,60세,상해없음,자전거,여,22세,경상
2021111500100204,2021년 11월 15일 11시,월요일,경상남도 밀양시 초동면,중상사고,0,1,2,0,차대차 - 추돌,안전운전불이행,건조,맑음,교차로 - 교차로부근,승용,여,48세,상해없음,승용,남,72세,경상
2021111500100244,2021년 11월 15일 12시,월요일,경상남도 창원시 진해구 여좌동,중상사고,0,1,0,0,차대차 - 측면충돌,안전운전불이행,건조,맑음,교차로 - 교차로횡단보도내,자전거,남,81세,중상,승용,남,62세,상해없음
2021111500100245,2021년 11월 15일 12시,월요일,경상남도 김해시 부원동,중상사고,0,1,1,0,차대사람 - 차도통행중,안전운전불이행,건조,맑음,단일로 - 기타,승용,남,21세,상해없음,보행자,여,26세,경상
2021111500100246,2021년 11월 15일 12시,월요일,경상남도 합천군 합천읍,경상사고,0,0,1,0,차대차 - 측면충돌,안전운전불이행,건조,맑음,단일로 - 기타,화물,남,84세,상해없음,승용,여,55세,경상
2021111500100247,2021년 11월 15일 12시,월요일,경상남도 합천군 청덕면,중상사고,0,1,0,0,차대사람 - 보도통행중,안전운전불이행,건조,맑음,단일로 - 기타,농기계,남,70세,상해없음,보행자,여,81세,중상
2021111500100276,2021년 11월 15일 13시,월요일,경상남도 창원시 마산합포구 동성동,중상사고,0,1,0,0,차대사람 - 횡단중,안전운전불이행,건조,맑음,교차로 - 교차로안,승용,여,67세,상해없음,보행자,남,83세,중상
2021111500100277,2021년 11월 15일 13시,월요일,경상남도 창녕군 부곡면,경상사고,0,0,4,0,차대차 - 기타,신호위반,건조,맑음,교차로 - 교차로안,승용,남,64세,경상,승용,남,61세,경상
2021111500100308,2021년 11월 15일 14시,월요일,경상남도 진주시 신안동,중상사고,0,1,0,0,차대차 - 측면충돌,안전거리미확보,건조,맑음,단일로 - 기타,승용,여,30세,상해없음,이륜,남,30세,중상
2021111500100344,2021년 11월 15일 15시,월요일,경상남도 김해시 생림면,중상사고,0,2,0,0,차대차 - 정면충돌,중앙선침범,건조,맑음,단일로 - 기타,화물,남,59세,상해없음,승용,여,63세,중상
2021111500100345,2021년 11월 15일 15시,월요일,경상남도 김해시 구산동,경상사고,0,0,1,0,차대차 - 측면충돌,신호위반,건조,맑음,교차로 - 교차로안,승용,여,42세,상해없음,승용,여,50세,경상
2021111500100382,2021년 11월 15일 16시,월요일,경상남도 통영시 광도면,경상사고,0,0,4,0,차대차 - 기타,중앙선침범,건조,맑음,단일로 - 기타,화물,남,65세,상해없음,승용,남,57세,경상
2021111500100383,2021년 11월 15일 16시,월요일,경상남도 통영시 무전동,중상사고,0,1,0,0,차대차 - 추돌,안전운전불이행,건조,맑음,단일로 - 기타,승용,남,81세,상해없음,승용,여,28세,중상
2021111500100384,2021년 11월 15일 16시,월요일,경상남도 함안군 가야읍,중상사고,0,1,0,0,차대차 - 측면충돌,불법유턴,건조,맑음,교차로 - 교차로부근,자전거,남,59세,중상,승용,여,53세,상해없음
2021111500100431,2021년 11월 15일 17시,월요일,경상남도 사천시 죽림동,중상사고,0,1,2,0,차대차 - 추돌,안전운전불이행,건조,맑음,단일로 - 기타,승용,여,44세,경상,승용,남,66세,경상
2021111500100432,2021년 11월 15일 17시,월요일,경상남도 밀양시 상남면,중상사고,0,1,0,0,차대사람 - 기타,안전운전불이행,건조,맑음,단일로 - 기타,승용,여,70세,상해없음,보행자,남,67세,중상
2021111500100433,2021년 11월 15일 17시,월요일,경상남도 거창군 거창읍,중상사고,0,1,0,0,차대차 - 측면충돌,중앙선침범,건조,맑음,교차로 - 교차로부근,승용,여,58세,상해없음,이륜,여,64세,중상
2021111500100434,2021년 11월 15일 17시,월요일,경상남도 창원시 의창구 팔용동,경상사고,0,0,1,0,차대사람 - 보도통행중,기타,건조,맑음,기타 - 기타,자전거,남,18세,상해없음,보행자,여,14세,경상
2021111500100435,2021년 11월 15일 17시,월요일,경상남도 김해시 전하동,경상사고,0,0,4,0,차대차 - 추돌,안전거리미확보,건조,맑음,단일로 - 기타,승용,남,47세,상해없음,승용,남,24세,경상
2021111500100497,2021년 11월 15일 18시,월요일,경상남도 양산시 동면,중상사고,0,1,0,0,차대차 - 기타,안전운전불이행,건조,맑음,단일로 - 교량,이륜,남,51세,중상,승용,여,41세,상해없음
2021111500100498,2021년 11월 15일 18시,월요일,경상남도 양산시 동면,경상사고,0,0,1,0,차대차 - 기타,안전운전불이행,건조,맑음,단일로 - 기타,승용,남,32세,상해없음,화물,남,62세,경상
2021111500100499,2021년 11월 15일 18시,월요일,경상남도 거제시 옥포동,경상사고,0,0,1,0,차대차 - 측면충돌,신호위반,건조,맑음,교차로 - 교차로안,승용,남,48세,상해없음,이륜,남,44세,경상
2021111500100546,2021년 11월 15일 19시,월요일,경상남도 창원시 마산합포구 진전면,경상사고,0,0,4,0,차대차 - 추돌,안전운전불이행,건조,맑음,단일로 - 기타,승용,남,60세,상해없음,승용,여,52세,경상
2021111500100547,2021년 11월 15일 19시,월요일,경상남도 김해시 삼방동,경상사고,0,0,1,0,차대차 - 기타,안전운전불이행,건조,맑음,교차로 - 교차로안,화물,남,47세,상해없음,이륜,남,18세,경상
2021111500100641,2021년 11월 15일 23시,월요일,경상남도 김해시 삼방동,중상사고,0,1,0,0,차대사람 - 횡단중,안전운전불이행,건조,맑음,단일로 - 기타,승용,남,36세,상해없음,보행자,남,25세,중상
2021111600100039,2021년 11월 16일 04시,화요일,경상남도 김해시 어방동,중상사고,0,1,0,0,차량단독 - 공작물충돌,안전운전불이행,건조,맑음,교차로 - 교차로부근,이륜,남,16세,상해없음,,,,
2021111600100040,2021년 11월 16일 04시,화요일,경상남도 창원시 의창구 소답동,경상사고,0,0,3,0,차대차 - 측면충돌,교차로운행방법위반,건조,맑음,교차로 - 교차로부근,승용,여,59세,경상,승용,남,67세,경상
2021111600100078,2021년 11월 16일 07시,화요일,경상남도 양산시 하북면,경상사고,0,0,1,0,차대차 - 기타,안전거리미확보,건조,맑음,단일로 - 기타,승용,여,35세,상해없음,화물,여,63세,경상
2021111600100090,2021년 11월 16일 07시,화요일,경상남도 창원시 마산합포구 교방동,중상사고,0,1,0,0,차대사람 - 기타,안전운전불이행,건조,맑음,교차로 - 교차로안,승용,남,61세,상해없음,보행자,남,59세,중상
2021111600100091,2021년 11월 16일 07시,화요일,경상남도 함안군 칠북면,경상사고,0,0,1,0,차대차 - 추돌,안전운전불이행,건조,맑음,단일로 - 기타,승용,여,40세,상해없음,승용,남,66세,경상
2021111600100092,2021년 11월 16일 07시,화요일,경상남도 김해시 진례면,경상사고,0,0,2,0,차대차 - 측면충돌,교차로운행방법위반,건조,맑음,교차로 - 교차로안,화물,남,54세,경상,승용,남,69세,경상
2021111600100131,2021년 11월 16일 08시,화요일,경상남도 사천시 사천읍,경상사고,0,0,2,0,차대차 - 측면충돌,신호위반,건조,맑음,교차로 - 교차로안,승용,여,43세,상해없음,승용,남,72세,경상
2021111600100132,2021년 11월 16일 08시,화요일,경상남도 남해군 남해읍,중상사고,0,1,0,0,차대차 - 측면충돌,직진우회전진행방해,건조,맑음,교차로 - 교차로안,승용,남,53세,상해없음,승용,남,25세,중상
2021111600100133,2021년 11월 16일 08시,화요일,경상남도 창원시 마산합포구 산호동,경상사고,0,0,1,0,차대차 - 추돌,안전운전불이행,건조,맑음,단일로 - 기타,승용,남,73세,상해없음,승용,남,67세,상해없음
2021111600100170,2021년 11월 16일 09시,화요일,경상남도 밀양시 무안면,사망사고,1,0,0,0,차대차 - 측면충돌,안전운전불이행,건조,맑음,단일로 - 기타,건설기계,남,56세,상해없음,자전거,남,76세,사망
2021111600100171,2021년 11월 16일 09시,화요일,경상남도 창녕군 남지읍,경상사고,0,0,1,0,차대차 - 기타,직진우회전진행방해,건조,맑음,교차로 - 교차로안,승용,남,80세,상해없음,화물,여,61세,경상
2021111600100203,2021년 11월 16일 10시,화요일,경상남도 통영시 항남동,경상사고,0,0,1,0,차대차 - 측면충돌,안전거리미확보,건조,맑음,교차로 - 교차로안,승용,남,62세,상해없음,화물,남,28세,경상
2021111600100204,2021년 11월 16일 10시,화요일,경상남도 김해시 외동,중상사고,0,3,1,0,차대차 - 추돌,안전운전불이행,건조,맑음,교차로 - 교차로부근,승용,남,49세,기타불명,승용,남,33세,경상
2021111600100205,2021년 11월 16일 10시,화요일,경상남도 고성군 고성읍,중상사고,0,1,0,0,차대사람 - 횡단중,보행자보호의무위반,건조,맑음,교차로 - 교차로횡단보도내,승용,남,78세,상해없음,보행자,여,75세,중상
2021111600100206,2021년 11월 16일 10시,화요일,경상남도 창원시 의창구 팔용동,경상사고,0,0,1,0,차대차 - 후진중충돌,안전운전불이행,건조,맑음,교차로 - 교차로부근,승용,남,63세,상해없음,승용,남,21세,경상
2021111600100343,2021년 11월 16일 14시,화요일,경상남도 함양군 지곡면,중상사고,0,1,0,0,차대차 - 측면충돌,안전운전불이행,건조,맑음,단일로 - 기타,화물,남,65세,상해없음,농기계,남,42세,중상
2021111600100376,2021년 11월 16일 15시,화요일,경상남도 창원시 진해구 이동,중상사고,0,1,0,0,차대차 - 측면충돌,교차로운행방법위반,건조,맑음,교차로 - 교차로안,승용,남,57세,상해없음,자전거,남,64세,중상
2021111600100465,2021년 11월 16일 17시,화요일,경상남도 거제시 아주동,경상사고,0,0,1,0,차대차 - 기타,안전운전불이행,건조,맑음,교차로 - 교차로부근,승용,남,53세,상해없음,승용,남,49세,상해없음
2021111600100466,2021년 11월 16일 17시,화요일,경상남도 거제시 상동동,중상사고,0,1,0,0,차대차 - 기타,안전운전불이행,건조,맑음,교차로 - 교차로안,승용,여,43세,상해없음,자전거,남,62세,중상
2021111600100467,2021년 11월 16일 17시,화요일,경상남도 함안군 칠서면,경상사고,0,0,2,0,차대차 - 측면충돌,안전운전불이행,건조,맑음,주차장 - 주차장,화물,남,65세,상해없음,승용,남,28세,경상
2021111600100514,2021년 11월 16일 18시,화요일,경상남도 거제시 장평동,경상사고,0,0,1,0,차대차 - 추돌,안전거리미확보,건조,맑음,단일로 - 기타,이륜,남,36세,경상,승용,여,43세,상해없음
2021111600100515,2021년 11월 16일 18시,화요일,경상남도 의령군 정곡면,경상사고,0,0,1,0,차대사람 - 차도통행중,안전운전불이행,건조,맑음,기타 - 기타,기타불명,기타불명,미분류,기타불명,보행자,여,64세,경상
2021111600100516,2021년 11월 16일 18시,화요일,경상남도 창원시 성산구 가음정동,경상사고,0,0,1,0,차대차 - 추돌,안전운전불이행,건조,맑음,단일로 - 기타,화물,남,54세,상해없음,승용,여,49세,경상
2021111600100555,2021년 11월 16일 19시,화요일,경상남도 김해시 불암동,사망사고,1,0,0,0,차대차 - 추돌,안전운전불이행,건조,맑음,단일로 - 기타,승용,남,60세,상해없음,화물,남,37세,사망
2021111600100584,2021년 11월 16일 20시,화요일,경상남도 창원시 진해구 경화동,사망사고,1,0,0,0,차대사람 - 기타,안전운전불이행,건조,맑음,교차로 - 교차로부근,승용,여,52세,상해없음,보행자,남,53세,사망
2021111600100585,2021년 11월 16일 20시,화요일,경상남도 창원시 진해구 석동,경상사고,0,0,1,0,차대사람 - 기타,안전운전불이행,건조,맑음,단일로 - 기타,승용,남,25세,상해없음,보행자,여,34세,경상
2021111600100621,2021년 11월 16일 22시,화요일,경상남도 양산시 중부동,중상사고,0,1,0,0,차대차 - 측면충돌,안전운전불이행,건조,맑음,단일로 - 기타,승용,남,45세,상해없음,이륜,남,42세,중상
2021111700100007,2021년 11월 17일 00시,수요일,경상남도 창원시 진해구 제황산동,중상사고,0,1,2,0,차대차 - 측면충돌,교차로운행방법위반,건조,맑음,교차로 - 교차로안,승용,여,20세,기타불명,승용,남,54세,경상
2021111700100036,2021년 11월 17일 05시,수요일,경상남도 통영시 서호동,중상사고,0,1,0,0,차대사람 - 횡단중,안전운전불이행,건조,맑음,교차로 - 교차로부근,승용,남,36세,상해없음,보행자,여,54세,중상
2021111700100050,2021년 11월 17일 06시,수요일,경상남도 함안군 칠원읍,경상사고,0,0,1,0,차대차 - 측면충돌,안전운전불이행,건조,기타,단일로 - 기타,승용,남,27세,상해없음,승용,남,28세,경상
2021111700100071,2021년 11월 17일 07시,수요일,경상남도 진주시 정촌면,중상사고,0,1,0,0,차대차 - 측면충돌,신호위반,건조,맑음,교차로 - 교차로안,건설기계,남,57세,상해없음,화물,남,40세,중상
2021111700100112,2021년 11월 17일 08시,수요일,경상남도 진주시 상대동,중상사고,0,1,0,0,차대차 - 측면충돌,안전운전불이행,건조,맑음,교차로 - 교차로안,승합,남,63세,상해없음,자전거,남,77세,중상
2021111700100114,2021년 11월 17일 08시,수요일,경상남도 양산시 덕계동,경상사고,0,0,1,0,차대차 - 추돌,안전운전불이행,건조,맑음,단일로 - 기타,승용,남,58세,경상,화물,남,64세,상해없음
2021111700100115,2021년 11월 17일 08시,수요일,경상남도 김해시 부곡동,부상신고사고,0,0,0,1,차대차 - 추돌,안전운전불이행,건조,맑음,단일로 - 기타,승용,여,52세,부상신고,화물,남,37세,상해없음
2021111700100146,2021년 11월 17일 09시,수요일,경상남도 사천시 서동,중상사고,0,1,0,0,차대사람 - 횡단중,보행자보호의무위반,건조,맑음,단일로 - 기타,승용,여,53세,상해없음,보행자,남,76세,중상
2021111700100181,2021년 11월 17일 10시,수요일,경상남도 창원시 마산합포구 문화동,경상사고,0,0,1,0,차대사람 - 횡단중,안전운전불이행,건조,맑음,교차로 - 교차로안,승용,여,46세,상해없음,보행자,여,19세,경상
2021111700100182,2021년 11월 17일 10시,수요일,경상남도 합천군 봉산면,중상사고,0,1,0,0,차량단독 - 공작물충돌,안전운전불이행,건조,맑음,단일로 - 기타,화물,남,60세,중상,,,,
2021111700100183,2021년 11월 17일 10시,수요일,경상남도 함양군 휴천면,중상사고,0,1,0,0,차대차 - 측면충돌,안전운전불이행,건조,맑음,단일로 - 지하차도(도로)내,화물,남,74세,상해없음,이륜,남,80세,중상
2021111700100184,2021년 11월 17일 10시,수요일,경상남도 거제시 고현동,경상사고,0,0,1,0,차대차 - 기타,안전거리미확보,건조,맑음,교차로 - 교차로부근,승용,남,38세,상해없음,이륜,여,40세,경상
2021111700100223,2021년 11월 17일 11시,수요일,경상남도 진주시 금산면,중상사고,0,1,1,0,차대사람 - 횡단중,교차로운행방법위반,건조,맑음,교차로 - 교차로안,화물,남,27세,상해없음,보행자,여,54세,중상
2021111700100224,2021년 11월 17일 11시,수요일,경상남도 김해시 풍유동,경상사고,0,0,1,0,차대차 - 기타,중앙선침범,건조,맑음,단일로 - 기타,승용,남,60세,상해없음,승용,남,43세,경상
2021111700100266,2021년 11월 17일 12시,수요일,경상남도 사천시 동금동,중상사고,0,1,0,0,차대차 - 측면충돌,직진우회전진행방해,건조,맑음,교차로 - 교차로안,승용,여,49세,상해없음,이륜,남,51세,중상
2021111700100302,2021년 11월 17일 13시,수요일,경상남도 창원시 마산합포구 두월동2가,경상사고,0,0,1,1,차대차 - 측면충돌,안전운전불이행,건조,맑음,단일로 - 기타,승용,남,64세,상해없음,승용,여,54세,부상신고
2021111700100303,2021년 11월 17일 13시,수요일,경상남도 창원시 진해구 석동,경상사고,0,0,1,0,차대차 - 추돌,안전운전불이행,건조,맑음,교차로 - 교차로안,이륜,남,23세,상해없음,승용,남,28세,경상
2021111700100304,2021년 11월 17일 13시,수요일,경상남도 김해시 전하동,경상사고,0,0,2,0,차대차 - 기타,교차로운행방법위반,건조,맑음,교차로 - 교차로안,화물,남,35세,상해없음,특수,남,38세,경상
2021111700100305,2021년 11월 17일 13시,수요일,경상남도 거창군 거창읍,경상사고,0,0,2,0,차대차 - 측면충돌,신호위반,건조,맑음,교차로 - 교차로안,승용,여,62세,상해없음,승용,남,88세,경상
2021111700100306,2021년 11월 17일 13시,수요일,경상남도 남해군 남해읍,중상사고,0,1,0,0,차대사람 - 횡단중,보행자보호의무위반,건조,맑음,교차로 - 교차로횡단보도내,승용,여,71세,기타불명,보행자,남,10세,중상
2021111700100336,2021년 11월 17일 14시,수요일,경상남도 밀양시 내이동,경상사고,0,0,1,0,차대차 - 추돌,안전거리미확보,건조,맑음,교차로 - 교차로안,승합,남,52세,상해없음,승용,여,53세,경상
2021111700100337,2021년 11월 17일 14시,수요일,경상남도 밀양시 하남읍,중상사고,0,1,3,0,차대차 - 측면충돌,안전운전불이행,건조,맑음,단일로 - 기타,화물,남,44세,경상,승용,남,73세,경상
2021111700100338,2021년 11월 17일 14시,수요일,경상남도 김해시 진례면,중상사고,0,1,0,0,차대차 - 측면충돌,안전운전불이행,건조,맑음,단일로 - 기타,화물,남,60세,상해없음,이륜,남,78세,중상
2021111700100378,2021년 11월 17일 15시,수요일,경상남도 진주시 하대동,경상사고,0,0,3,0,차대차 - 기타,안전운전불이행,건조,맑음,기타 - 기타,이륜,남,18세,경상,이륜,남,45세,경상
2021111700100379,2021년 11월 17일 15시,수요일,경상남도 사천시 축동면,중상사고,0,1,0,0,차대사람 - 횡단중,안전운전불이행,건조,맑음,단일로 - 기타,승용,여,29세,상해없음,보행자,남,62세,중상
2021111700100380,2021년 11월 17일 15시,수요일,경상남도 창원시 마산회원구 회원동,경상사고,0,0,1,0,차대사람 - 기타,안전운전불이행,건조,맑음,기타 - 기타,자전거,기타불명,미분류,기타불명,보행자,여,82세,경상
2021111700100423,2021년 11월 17일 16시,수요일,경상남도 김해시 삼계동,중상사고,0,1,0,0,차대사람 - 횡단중,안전운전불이행,건조,맑음,교차로 - 교차로횡단보도내,승용,남,49세,상해없음,보행자,여,20세,중상
2021111700100424,2021년 11월 17일 16시,수요일,경상남도 창원시 의창구 팔용동,경상사고,0,0,1,0,차대차 - 추돌,안전운전불이행,건조,맑음,단일로 - 기타,승용,남,36세,상해없음,승용,여,68세,경상
2021111700100470,2021년 11월 17일 17시,수요일,경상남도 창원시 진해구 석동,경상사고,0,0,1,0,차대차 - 측면충돌,안전운전불이행,건조,맑음,교차로 - 교차로안,승용,여,67세,상해없음,승용,여,42세,경상
2021111700100471,2021년 11월 17일 17시,수요일,경상남도 함양군 함양읍,중상사고,0,1,1,0,차대차 - 측면충돌,교차로운행방법위반,건조,맑음,교차로 - 교차로안,화물,남,59세,상해없음,승용,남,53세,경상
2021111700100472,2021년 11월 17일 17시,수요일,경상남도 거제시 수월동,중상사고,0,1,0,0,차대차 - 기타,안전운전불이행,건조,맑음,단일로 - 기타,자전거,남,17세,상해없음,이륜,남,52세,중상
2021111700100473,2021년 11월 17일 17시,수요일,경상남도 산청군 단성면,경상사고,0,0,1,0,차대차 - 측면충돌,안전운전불이행,건조,맑음,단일로 - 기타,건설기계,남,43세,상해없음,화물,남,60세,경상
2021111700100474,2021년 11월 17일 17시,수요일,경상남도 의령군 부림면,중상사고,0,1,0,0,차대사람 - 보도통행중,보행자보호의무위반,건조,맑음,교차로 - 교차로부근,승용,여,50세,상해없음,보행자,여,61세,중상
2021111700100475,2021년 11월 17일 17시,수요일,경상남도 창원시 마산회원구 양덕동,경상사고,0,0,1,0,차대차 - 측면충돌,안전운전불이행,건조,맑음,교차로 - 교차로부근,화물,남,65세,상해없음,승용,여,42세,상해없음
2021111700100506,2021년 11월 17일 18시,수요일,경상남도 양산시 동면,경상사고,0,0,1,0,차대차 - 측면충돌,안전거리미확보,건조,맑음,단일로 - 기타,화물,남,63세,상해없음,승용,남,38세,경상
2021111700100536,2021년 11월 17일 18시,수요일,경상남도 창원시 마산합포구 부림동,경상사고,0,0,3,1,차대사람 - 횡단중,안전운전불이행,젖음/습기,맑음,교차로 - 교차로안,승용,남,55세,상해없음,보행자,남,73세,경상
2021111700100537,2021년 11월 17일 18시,수요일,경상남도 창원시 마산합포구 신포동1가,경상사고,0,0,3,0,차대차 - 측면충돌,안전운전불이행,건조,맑음,교차로 - 교차로부근,승용,여,63세,상해없음,승용,남,35세,경상
2021111700100538,2021년 11월 17일 18시,수요일,경상남도 진주시 판문동,경상사고,0,0,2,1,차대차 - 기타,중앙선침범,건조,맑음,교차로 - 교차로부근,승용,남,29세,부상신고,승용,남,60세,경상
2021111700100539,2021년 11월 17일 18시,수요일,경상남도 사천시 곤양면,사망사고,1,0,0,0,차대사람 - 횡단중,보행자보호의무위반,건조,맑음,단일로 - 기타,화물,남,68세,상해없음,보행자,여,83세,사망
2021111700100540,2021년 11월 17일 18시,수요일,경상남도 함양군 서하면,중상사고,0,2,0,1,차대차 - 정면충돌,중앙선침범,건조,맑음,단일로 - 기타,화물,남,73세,부상신고,승용,여,54세,중상
2021111700100541,2021년 11월 17일 18시,수요일,경상남도 산청군 금서면,경상사고,0,0,1,0,차대사람 - 횡단중,보행자보호의무위반,건조,맑음,교차로 - 교차로횡단보도내,승용,남,27세,상해없음,보행자,여,62세,경상
2021111700100542,2021년 11월 17일 18시,수요일,경상남도 함안군 법수면,경상사고,0,0,1,0,차대차 - 기타,안전운전불이행,건조,맑음,단일로 - 기타,승용,여,58세,상해없음,승용,여,63세,경상
2021111700100543,2021년 11월 17일 18시,수요일,경상남도 창원시 성산구 신월동,중상사고,0,1,0,0,차대사람 - 횡단중,보행자보호의무위반,건조,맑음,단일로 - 기타,화물,남,42세,상해없음,보행자,남,59세,중상
2021111700100544,2021년 11월 17일 18시,수요일,경상남도 창원시 마산회원구 내서읍,중상사고,0,1,1,0,차대차 - 정면충돌,안전운전불이행,건조,맑음,교차로 - 교차로안,승용,여,38세,경상,승용,여,51세,중상
2021111700100598,2021년 11월 17일 19시,수요일,경상남도 김해시 삼계동,경상사고,0,0,2,0,차대차 - 기타,안전운전불이행,건조,맑음,교차로 - 교차로부근,승용,남,64세,상해없음,승용,남,53세,경상
2021111700100599,2021년 11월 17일 19시,수요일,경상남도 고성군 거류면,경상사고,0,0,1,0,차대차 - 측면충돌,안전운전불이행,건조,맑음,단일로 - 기타,승용,남,42세,상해없음,화물,남,50세,경상
2021111700100600,2021년 11월 17일 19시,수요일,경상남도 창원시 마산회원구 합성동,중상사고,0,1,0,0,차대차 - 측면충돌,안전운전불이행,건조,맑음,단일로 - 기타,승용,남,51세,상해없음,승용,여,53세,중상
2021111700100630,2021년 11월 17일 20시,수요일,경상남도 김해시 삼문동,경상사고,0,0,2,0,차대차 - 측면충돌,안전운전불이행,건조,맑음,교차로 - 교차로안,승용,남,42세,상해없음,승용,남,54세,경상
2021111800100108,2021년 11월 18일 08시,목요일,경상남도 창녕군 장마면,중상사고,0,1,0,0,차대차 - 측면충돌,신호위반,건조,맑음,교차로 - 교차로안,승용,여,40세,상해없음,화물,남,38세,중상
2021111800100109,2021년 11월 18일 08시,목요일,경상남도 함양군 함양읍,경상사고,0,0,1,0,차대차 - 측면충돌,안전운전불이행,건조,맑음,단일로 - 기타,승용,여,53세,상해없음,자전거,남,19세,경상
2021111800100147,2021년 11월 18일 09시,목요일,경상남도 창원시 진해구 안골동,중상사고,0,1,1,0,차대사람 - 보도통행중,기타,건조,맑음,기타 - 기타,자전거,여,56세,중상,보행자,여,44세,경상
2021111800100148,2021년 11월 18일 09시,목요일,경상남도 창녕군 유어면,중상사고,0,1,0,0,차대차 - 측면충돌,기타,건조,맑음,교차로 - 교차로안,승합,여,60세,상해없음,승용,여,64세,중상
2021111800100149,2021년 11월 18일 09시,목요일,경상남도 창원시 마산회원구 내서읍,중상사고,0,1,0,0,차대사람 - 횡단중,안전운전불이행,건조,맑음,교차로 - 교차로안,특수,남,62세,상해없음,보행자,여,73세,중상
2021111800100178,2021년 11월 18일 10시,목요일,경상남도 통영시 무전동,경상사고,0,0,1,0,차대차 - 추돌,직진우회전진행방해,건조,맑음,교차로 - 교차로안,승용,여,62세,상해없음,승용,남,46세,상해없음
2021111800100179,2021년 11월 18일 10시,목요일,경상남도 양산시 물금읍,경상사고,0,0,2,0,차대차 - 측면충돌,안전운전불이행,건조,맑음,단일로 - 기타,승용,여,57세,상해없음,승합,여,35세,경상
2021111800100209,2021년 11월 18일 11시,목요일,경상남도 김해시 삼방동,경상사고,0,0,1,0,차대차 - 후진중충돌,안전운전불이행,건조,맑음,교차로 - 교차로안,승용,남,25세,상해없음,이륜,남,39세,경상
2021111800100210,2021년 11월 18일 11시,목요일,경상남도 양산시 명동,중상사고,0,1,0,0,차대사람 - 횡단중,안전운전불이행,건조,맑음,교차로 - 교차로안,화물,남,75세,상해없음,보행자,여,80세,중상
2021111800100211,2021년 11월 18일 11시,목요일,경상남도 의령군 화정면,부상신고사고,0,0,0,1,차대차 - 측면충돌,안전운전불이행,건조,맑음,교차로 - 교차로안,화물,남,71세,부상신고,건설기계,남,46세,상해없음
2021111800100212,2021년 11월 18일 11시,목요일,경상남도 창원시 성산구 성주동,부상신고사고,0,0,0,1,차대차 - 측면충돌,안전운전불이행,건조,맑음,교차로 - 교차로안,자전거,남,70세,부상신고,화물,남,33세,상해없음
2021111800100213,2021년 11월 18일 11시,목요일,경상남도 창원시 의창구 명서동,경상사고,0,0,1,0,차대차 - 측면충돌,안전운전불이행,건조,맑음,교차로 - 교차로안,승용,여,56세,상해없음,이륜,남,33세,경상
2021111800100246,2021년 11월 18일 12시,목요일,경상남도 창녕군 창녕읍,경상사고,0,0,1,0,차대사람 - 보도통행중,보행자보호의무위반,건조,맑음,교차로 - 교차로횡단보도내,승용,남,54세,상해없음,보행자,여,31세,경상