사고번호,사고일시,요일,시군구,사고내용,사망자수,중상자수,경상자수,부상신고자수,사고유형,법규위반,노면상태,기상상태,도로형태,가해운전자 차종,가해운전자 성별,가해운전자 연령,가해운전자 상해정도,피해운전자 차종,피해운전자 성별,피해운전자 연령,피해운전자 상해정도
2021112100100321,2021년 11월 21일 17시,일요일,경상남도 밀양시 무안면,중상사고,0,1,0,0,차대차 - 추돌,기타,건조,맑음,단일로 - 기타,승용,남,67세,상해없음,자전거,남,56세,중상
2021112100100372,2021년 11월 21일 18시,일요일,경상남도 김해시 내동,경상사고,0,0,1,0,차대사람 - 횡단중,보행자보호의무위반,건조,맑음,교차로 - 교차로부근,이륜,남,52세,상해없음,보행자,여,40세,경상
2021112100100373,2021년 11월 21일 18시,일요일,경상남도 창원시 마산회원구 회원동,중상사고,0,1,0,0,차대사람 - 횡단중,안전운전불이행,건조,맑음,단일로 - 기타,화물,여,61세,상해없음,보행자,남,49세,중상
2021112100100404,2021년 11월 21일 19시,일요일,경상남도 창원시 성산구 용호동,부상신고사고,0,0,0,1,차대차 - 측면충돌,안전운전불이행,건조,맑음,교차로 - 교차로부근,이륜,남,16세,상해없음,승용,남,29세,부상신고
2021112100100426,2021년 11월 21일 20시,일요일,경상남도 창원시 성산구 성산동,경상사고,0,0,1,0,차대차 - 측면충돌,신호위반,건조,맑음,교차로 - 교차로안,승용,남,22세,상해없음,승용,여,51세,경상
2021112100100454,2021년 11월 21일 21시,일요일,경상남도 양산시 주진동,중상사고,0,1,0,0,차대차 - 측면충돌,교차로운행방법위반,건조,맑음,단일로 - 기타,승용,남,47세,상해없음,이륜,남,68세,중상
2021112100100504,2021년 11월 21일 23시,일요일,경상남도 의령군 지정면,부상신고사고,0,0,0,2,차대사람 - 기타,안전운전불이행,건조,맑음,단일로 - 기타,승용,남,58세,기타불명,보행자,남,85세,부상신고
2021112200100070,2021년 11월 22일 06시,월요일,경상남도 김해시 상동면,경상사고,0,0,1,0,차대차 - 측면충돌,직진우회전진행방해,건조,맑음,교차로 - 교차로안,승용,남,25세,상해없음,건설기계,남,58세,경상
2021112200100093,2021년 11월 22일 07시,월요일,경상남도 양산시 하북면,경상사고,0,0,2,0,차대차 - 측면충돌,안전거리미확보,건조,맑음,단일로 - 기타,승용,남,74세,상해없음,승용,여,44세,경상
2021112200100094,2021년 11월 22일 07시,월요일,경상남도 창원시 의창구 북면,경상사고,0,0,1,0,차대차 - 추돌,안전운전불이행,건조,맑음,단일로 - 기타,승용,남,37세,경상,건설기계,남,67세,상해없음
2021112200100127,2021년 11월 22일 08시,월요일,경상남도 김해시 삼방동,경상사고,0,0,4,0,차대차 - 측면충돌,신호위반,건조,맑음,교차로 - 교차로안,승용,여,35세,상해없음,승용,여,35세,경상
2021112200100128,2021년 11월 22일 08시,월요일,경상남도 양산시 중부동,부상신고사고,0,0,0,1,차대사람 - 기타,안전운전불이행,건조,맑음,단일로 - 기타,승용,남,56세,상해없음,보행자,여,20세,부상신고
2021112200100173,2021년 11월 22일 10시,월요일,경상남도 양산시 물금읍,경상사고,0,0,1,0,차대차 - 측면충돌,신호위반,건조,맑음,단일로 - 기타,승용,남,56세,상해없음,이륜,남,32세,경상
2021112200100174,2021년 11월 22일 10시,월요일,경상남도 창원시 마산회원구 양덕동,경상사고,0,0,1,0,차대차 - 측면충돌,안전운전불이행,건조,맑음,교차로 - 교차로안,승용,여,50세,기타불명,승용,여,61세,경상
2021112200100218,2021년 11월 22일 11시,월요일,경상남도 통영시 용남면,경상사고,0,0,2,0,차대차 - 정면충돌,직진우회전진행방해,건조,맑음,교차로 - 교차로안,승용,여,58세,상해없음,승용,남,61세,경상
2021112200100219,2021년 11월 22일 11시,월요일,경상남도 통영시 도산면,경상사고,0,0,2,0,차대차 - 추돌,안전거리미확보,건조,맑음,단일로 - 기타,건설기계,남,69세,상해없음,승용,남,70세,경상
2021112200100220,2021년 11월 22일 11시,월요일,경상남도 양산시 하북면,부상신고사고,0,0,0,1,차대차 - 측면충돌,안전운전불이행,건조,맑음,교차로 - 교차로안,이륜,남,82세,부상신고,화물,남,61세,상해없음
2021112200100257,2021년 11월 22일 12시,월요일,경상남도 함안군 함안면,경상사고,0,0,5,0,차대차 - 추돌,안전운전불이행,건조,맑음,교차로 - 교차로부근,승합,여,40세,경상,승용,남,50세,경상
2021112200100258,2021년 11월 22일 12시,월요일,경상남도 창원시 마산회원구 내서읍,경상사고,0,0,1,0,차대차 - 후진중충돌,안전운전불이행,건조,맑음,단일로 - 기타,화물,남,41세,상해없음,원동기,남,44세,경상
2021112200100335,2021년 11월 22일 14시,월요일,경상남도 고성군 대가면,중상사고,0,1,3,0,차대차 - 기타,안전운전불이행,건조,맑음,단일로 - 기타,승용,남,62세,상해없음,승용,남,39세,중상
2021112200100366,2021년 11월 22일 15시,월요일,경상남도 창녕군 남지읍,중상사고,0,1,0,0,차대사람 - 기타,안전운전불이행,건조,맑음,기타 - 기타,승용,남,80세,상해없음,보행자,남,59세,중상
2021112200100367,2021년 11월 22일 15시,월요일,경상남도 양산시 원동면,부상신고사고,0,0,0,1,차대차 - 측면충돌,안전운전불이행,건조,맑음,교차로 - 교차로부근,건설기계,남,50세,부상신고,승용,남,59세,상해없음
2021112200100441,2021년 11월 22일 17시,월요일,경상남도 김해시 대동면,중상사고,0,1,3,0,차대차 - 추돌,안전운전불이행,건조,맑음,기타 - 기타,특수,남,56세,상해없음,화물,남,40세,상해없음
2021112200100442,2021년 11월 22일 17시,월요일,경상남도 거제시 연초면,경상사고,0,0,1,0,차대차 - 측면충돌,안전운전불이행,건조,맑음,단일로 - 기타,승합,남,65세,상해없음,승용,남,56세,경상
2021112200100494,2021년 11월 22일 18시,월요일,경상남도 통영시 도천동,경상사고,0,0,1,0,차대사람 - 횡단중,안전운전불이행,건조,맑음,단일로 - 기타,이륜,남,52세,상해없음,보행자,여,65세,경상
2021112200100495,2021년 11월 22일 18시,월요일,경상남도 김해시 삼방동,중상사고,0,1,0,0,차대사람 - 기타,안전운전불이행,건조,맑음,단일로 - 기타,화물,남,53세,상해없음,보행자,남,24세,중상
2021112200100497,2021년 11월 22일 18시,월요일,경상남도 김해시 대청동,경상사고,0,0,2,0,차대차 - 측면충돌,안전운전불이행,건조,맑음,교차로 - 교차로안,승용,남,38세,상해없음,승용,남,51세,경상
2021112200100542,2021년 11월 22일 19시,월요일,경상남도 창원시 마산합포구 오동동,중상사고,0,1,0,0,차대차 - 측면충돌,안전운전불이행,건조,맑음,교차로 - 교차로안,승용,남,71세,상해없음,이륜,남,65세,중상
2021112200100543,2021년 11월 22일 19시,월요일,경상남도 창원시 진해구 용원동,경상사고,0,0,1,0,차대차 - 측면충돌,안전운전불이행,건조,맑음,교차로 - 교차로안,승용,남,54세,상해없음,이륜,남,34세,경상
2021112200100561,2021년 11월 22일 20시,월요일,경상남도 김해시 삼계동,경상사고,0,0,1,0,차대사람 - 횡단중,안전운전불이행,건조,맑음,교차로 - 교차로안,승합,여,50세,상해없음,보행자,여,51세,경상
2021112200100619,2021년 11월 22일 23시,월요일,경상남도 창원시 성산구 상남동,경상사고,0,0,1,0,차대사람 - 기타,안전운전불이행,건조,맑음,단일로 - 기타,승용,남,30세,상해없음,보행자,남,38세,경상
2021112300100008,2021년 11월 23일 00시,화요일,경상남도 창원시 진해구 장천동,경상사고,0,0,3,0,차대차 - 측면충돌,신호위반,건조,맑음,교차로 - 교차로안,승용,남,49세,경상,승용,남,66세,경상
2021112300100009,2021년 11월 23일 00시,화요일,경상남도 통영시 무전동,경상사고,0,0,1,0,차대차 - 추돌,기타,건조,맑음,단일로 - 기타,승용,남,22세,상해없음,승용,남,55세,경상
2021112300100010,2021년 11월 23일 00시,화요일,경상남도 창녕군 창녕읍,중상사고,0,3,0,0,차대차 - 기타,안전운전불이행,건조,맑음,교차로 - 교차로부근,승용,남,22세,상해없음,승용,여,59세,기타불명
2021112300100048,2021년 11월 23일 06시,화요일,경상남도 김해시 어방동,경상사고,0,0,1,0,차대차 - 측면충돌,신호위반,건조,맑음,교차로 - 교차로안,승용,남,35세,상해없음,승용,여,46세,경상
2021112300100049,2021년 11월 23일 06시,화요일,경상남도 김해시 부곡동,부상신고사고,0,0,0,1,차대차 - 추돌,안전운전불이행,건조,맑음,교차로 - 교차로부근,화물,남,37세,부상신고,화물,남,61세,상해없음
2021112300100069,2021년 11월 23일 07시,화요일,경상남도 창원시 마산회원구 구암동,경상사고,0,0,1,0,차대차 - 측면충돌,안전운전불이행,건조,맑음,교차로 - 교차로부근,화물,남,45세,상해없음,승용,남,27세,경상
2021112300100140,2021년 11월 23일 09시,화요일,경상남도 거제시 양정동,부상신고사고,0,0,0,1,차대차 - 측면충돌,안전운전불이행,건조,맑음,단일로 - 기타,화물,남,43세,상해없음,자전거,남,54세,부상신고
2021112300100167,2021년 11월 23일 10시,화요일,경상남도 창원시 마산합포구 진전면,중상사고,0,3,0,0,차대차 - 측면충돌,신호위반,건조,맑음,교차로 - 교차로안,승용,여,51세,상해없음,화물,남,65세,중상
2021112300100168,2021년 11월 23일 10시,화요일,경상남도 창원시 진해구 용원동,경상사고,0,0,1,0,차대차 - 측면충돌,교차로운행방법위반,건조,맑음,교차로 - 교차로안,승합,남,37세,기타불명,화물,남,31세,경상
2021112300100169,2021년 11월 23일 10시,화요일,경상남도 양산시 동면,중상사고,0,1,0,0,차대사람 - 횡단중,안전운전불이행,건조,맑음,교차로 - 교차로안,화물,남,47세,상해없음,보행자,여,73세,중상
2021112300100170,2021년 11월 23일 10시,화요일,경상남도 양산시 남부동,경상사고,0,0,2,0,차대차 - 측면충돌,안전운전불이행,건조,맑음,교차로 - 교차로부근,승용,남,78세,상해없음,승용,남,75세,경상
2021112300100207,2021년 11월 23일 11시,화요일,경상남도 진주시 지수면,경상사고,0,0,1,0,차대차 - 측면충돌,안전운전불이행,건조,맑음,단일로 - 기타,승용,여,56세,상해없음,이륜,남,32세,경상
2021112300100208,2021년 11월 23일 11시,화요일,경상남도 통영시 광도면,중상사고,0,1,0,0,차대차 - 측면충돌,신호위반,건조,맑음,교차로 - 교차로안,승용,여,52세,기타불명,이륜,남,32세,중상
2021112300100260,2021년 11월 23일 13시,화요일,경상남도 창원시 마산합포구 중앙동2가,중상사고,0,1,0,0,차대차 - 측면충돌,안전거리미확보,건조,맑음,단일로 - 기타,자전거,남,71세,중상,승합,남,55세,상해없음
2021112300100261,2021년 11월 23일 13시,화요일,경상남도 양산시 남부동,경상사고,0,0,1,0,차대차 - 추돌,안전운전불이행,건조,맑음,단일로 - 기타,승용,여,55세,상해없음,화물,남,39세,경상
2021112300100262,2021년 11월 23일 13시,화요일,경상남도 양산시 북부동,경상사고,0,0,1,0,차대차 - 측면충돌,안전운전불이행,건조,맑음,교차로 - 교차로안,승용,여,52세,상해없음,승용,남,66세,경상
2021112300100289,2021년 11월 23일 14시,화요일,경상남도 창원시 마산합포구 동성동,경상사고,0,0,1,0,차대차 - 추돌,안전거리미확보,건조,맑음,교차로 - 교차로부근,승용,여,61세,상해없음,승용,여,35세,상해없음
2021112300100290,2021년 11월 23일 14시,화요일,경상남도 진주시 하대동,경상사고,0,0,1,0,차대사람 - 횡단중,안전운전불이행,건조,맑음,단일로 - 기타,화물,남,41세,상해없음,보행자,여,8세,경상
2021112300100291,2021년 11월 23일 14시,화요일,경상남도 사천시 사천읍,경상사고,0,0,2,0,차대차 - 추돌,안전운전불이행,건조,맑음,기타 - 기타,건설기계,남,64세,상해없음,승용,남,36세,경상
2021112300100292,2021년 11월 23일 14시,화요일,경상남도 함안군 칠북면,중상사고,0,1,0,0,차량단독 - 전도전복 - 전도,안전운전불이행,건조,맑음,단일로 - 기타,자전거,남,62세,중상,,,,
2021112300100319,2021년 11월 23일 15시,화요일,경상남도 진주시 하대동,중상사고,0,1,0,0,차대차 - 기타,안전운전불이행,건조,맑음,교차로 - 교차로부근,승용,남,49세,상해없음,승용,남,64세,기타불명
2021112300100320,2021년 11월 23일 15시,화요일,경상남도 사천시 좌룡동,중상사고,0,1,1,0,차대차 - 추돌,안전운전불이행,건조,맑음,교차로 - 교차로부근,승합,남,64세,상해없음,승용,여,57세,중상
2021112300100321,2021년 11월 23일 15시,화요일,경상남도 양산시 동면,중상사고,0,1,0,0,차대차 - 추돌,안전운전불이행,건조,맑음,단일로 - 기타,화물,남,62세,상해없음,승용,남,72세,중상
2021112300100322,2021년 11월 23일 15시,화요일,경상남도 양산시 원동면,경상사고,0,0,1,0,차대차 - 정면충돌,중앙선침범,건조,맑음,단일로 - 기타,화물,남,54세,상해없음,승용,남,67세,경상
2021112300100355,2021년 11월 23일 16시,화요일,경상남도 양산시 북정동,경상사고,0,0,1,0,차대차 - 측면충돌,안전운전불이행,건조,맑음,교차로 - 교차로안,승용,남,81세,기타불명,승용,여,57세,경상
2021112300100402,2021년 11월 23일 17시,화요일,경상남도 통영시 용남면,중상사고,0,1,0,0,차대차 - 추돌,안전거리미확보,건조,맑음,단일로 - 기타,승용,남,21세,상해없음,승용,여,56세,중상
2021112300100403,2021년 11월 23일 17시,화요일,경상남도 김해시 삼계동,경상사고,0,0,1,1,차대차 - 측면충돌,안전운전불이행,건조,맑음,교차로 - 교차로안,이륜,남,20세,상해없음,승용,여,34세,경상
2021112300100404,2021년 11월 23일 17시,화요일,경상남도 거제시 능포동,경상사고,0,0,1,0,차대사람 - 기타,안전운전불이행,건조,맑음,주차장 - 주차장,승용,남,47세,상해없음,보행자,남,7세,경상
2021112300100455,2021년 11월 23일 18시,화요일,경상남도 김해시 삼계동,경상사고,0,0,1,0,차대차 - 추돌,안전운전불이행,건조,맑음,단일로 - 기타,승용,남,54세,상해없음,승용,여,34세,경상
2021112300100456,2021년 11월 23일 18시,화요일,경상남도 양산시 물금읍,경상사고,0,0,1,0,차대차 - 추돌,안전운전불이행,건조,맑음,단일로 - 기타,화물,남,59세,상해없음,승용,여,56세,경상
2021112300100457,2021년 11월 23일 18시,화요일,경상남도 김해시 진영읍,경상사고,0,0,1,0,차대차 - 측면충돌,안전운전불이행,건조,맑음,단일로 - 기타,승용,여,59세,상해없음,승용,여,43세,경상
2021112300100502,2021년 11월 23일 19시,화요일,경상남도 양산시 동면,경상사고,0,0,1,0,차대차 - 측면충돌,안전운전불이행,건조,맑음,교차로 - 교차로안,승용,여,54세,상해없음,승용,여,51세,경상
2021112300100503,2021년 11월 23일 19시,화요일,경상남도 창원시 의창구 명서동,경상사고,0,0,1,0,차대차 - 정면충돌,신호위반,건조,맑음,교차로 - 교차로안,승용,여,48세,상해없음,화물,남,53세,경상
2021112300100536,2021년 11월 23일 20시,화요일,경상남도 거제시 장평동,중상사고,0,1,1,0,차대차 - 추돌,안전거리미확보,건조,맑음,단일로 - 기타,승용,남,62세,상해없음,승용,여,31세,경상
2021112300100597,2021년 11월 23일 23시,화요일,경상남도 양산시 물금읍,중상사고,0,1,0,0,차대사람 - 횡단중,보행자보호의무위반,건조,맑음,교차로 - 교차로횡단보도내,승용,여,32세,상해없음,보행자,여,29세,중상
2021112400100005,2021년 11월 24일 00시,수요일,경상남도 진주시 상대동,중상사고,0,2,0,0,차대차 - 측면충돌,신호위반,건조,맑음,교차로 - 교차로안,승용,남,36세,상해없음,승용,남,61세,중상
2021112400100015,2021년 11월 24일 02시,수요일,경상남도 양산시 하북면,중상사고,0,1,0,0,차대차 - 추돌,안전운전불이행,건조,맑음,단일로 - 기타,화물,남,56세,상해없음,승용,기타불명,미분류,기타불명
2021112400100033,2021년 11월 24일 05시,수요일,경상남도 사천시 사천읍,중상사고,0,1,0,0,차대차 - 측면충돌,신호위반,건조,맑음,교차로 - 교차로안,승용,남,60세,상해없음,승용,남,75세,중상
2021112400100049,2021년 11월 24일 06시,수요일,경상남도 김해시 삼계동,중상사고,0,1,0,0,차대차 - 측면충돌,신호위반,건조,맑음,교차로 - 교차로안,승용,남,47세,상해없음,승용,남,59세,중상
2021112400100050,2021년 11월 24일 06시,수요일,경상남도 거창군 거창읍,경상사고,0,0,1,0,차대사람 - 횡단중,보행자보호의무위반,건조,맑음,교차로 - 교차로부근,승용,남,70세,상해없음,보행자,남,65세,경상
2021112400100071,2021년 11월 24일 07시,수요일,경상남도 밀양시 하남읍,경상사고,0,0,2,0,차대차 - 측면충돌,안전운전불이행,건조,흐림,교차로 - 교차로안,건설기계,남,59세,경상,승용,남,31세,경상
2021112400100072,2021년 11월 24일 07시,수요일,경상남도 김해시 대동면,경상사고,0,0,1,0,차대차 - 측면충돌,중앙선침범,건조,맑음,교차로 - 교차로안,화물,남,58세,상해없음,승용,여,54세,경상
2021112400100073,2021년 11월 24일 07시,수요일,경상남도 양산시 신기동,경상사고,0,0,1,0,차대차 - 측면충돌,안전운전불이행,건조,맑음,교차로 - 교차로부근,승용,남,25세,상해없음,승용,여,50세,경상
2021112400100074,2021년 11월 24일 07시,수요일,경상남도 거제시 장평동,경상사고,0,0,1,0,차대차 - 측면충돌,안전운전불이행,건조,맑음,단일로 - 기타,이륜,남,42세,경상,승합,여,57세,상해없음
2021112400100096,2021년 11월 24일 08시,수요일,경상남도 김해시 삼정동,경상사고,0,0,1,0,차대차 - 기타,중앙선침범,건조,맑음,단일로 - 기타,승용,남,51세,상해없음,승용,남,36세,경상
2021112400100098,2021년 11월 24일 08시,수요일,경상남도 창원시 성산구 상복동,중상사고,0,1,1,0,차대차 - 측면충돌,신호위반,건조,맑음,교차로 - 교차로안,승용,여,53세,상해없음,승용,남,45세,경상
2021112400100099,2021년 11월 24일 08시,수요일,경상남도 김해시 진영읍,경상사고,0,0,1,0,차대차 - 추돌,안전운전불이행,건조,맑음,단일로 - 기타,승용,남,56세,상해없음,승용,여,62세,경상
2021112400100127,2021년 11월 24일 09시,수요일,경상남도 사천시 곤명면,중상사고,0,1,0,0,차대차 - 측면충돌,안전운전불이행,건조,맑음,단일로 - 기타,농기계,남,77세,기타불명,승용,여,67세,중상
2021112400100128,2021년 11월 24일 09시,수요일,경상남도 사천시 곤양면,중상사고,0,2,0,0,차대차 - 측면충돌,안전운전불이행,건조,맑음,단일로 - 기타,화물,남,60세,상해없음,승용,남,63세,중상
2021112400100154,2021년 11월 24일 10시,수요일,경상남도 통영시 무전동,경상사고,0,0,1,0,차대차 - 추돌,안전운전불이행,건조,맑음,단일로 - 기타,승용,여,44세,상해없음,승용,여,56세,경상
2021112400100155,2021년 11월 24일 10시,수요일,경상남도 창원시 의창구 명서동,경상사고,0,0,1,0,차대차 - 측면충돌,안전운전불이행,건조,맑음,교차로 - 교차로안,승용,여,21세,상해없음,이륜,남,22세,경상
2021112400100169,2021년 11월 24일 11시,수요일,경상남도 양산시 상북면,경상사고,0,0,1,0,차대차 - 측면충돌,안전거리미확보,건조,맑음,단일로 - 기타,화물,남,39세,상해없음,화물,남,39세,경상
2021112400100179,2021년 11월 24일 11시,수요일,경상남도 창원시 마산합포구 상남동,경상사고,0,0,1,0,차대차 - 측면충돌,신호위반,건조,맑음,교차로 - 교차로안,승용,여,52세,상해없음,승용,여,22세,경상
2021112400100180,2021년 11월 24일 11시,수요일,경상남도 산청군 산청읍,경상사고,0,0,1,0,차대차 - 측면충돌,중앙선침범,건조,맑음,교차로 - 교차로부근,승합,남,56세,상해없음,승용,남,79세,경상
2021112400100214,2021년 11월 24일 12시,수요일,경상남도 김해시 동상동,부상신고사고,0,0,0,1,차량단독 - 기타,안전운전불이행,건조,맑음,단일로 - 기타,승용,남,74세,기타불명,,,,
2021112400100249,2021년 11월 24일 13시,수요일,경상남도 김해시 외동,경상사고,0,0,1,0,차대차 - 기타,안전운전불이행,건조,맑음,단일로 - 기타,승용,남,83세,경상,승용,여,59세,상해없음
2021112400100250,2021년 11월 24일 13시,수요일,경상남도 창녕군 창녕읍,중상사고,0,1,0,0,차대차 - 기타,교차로운행방법위반,건조,맑음,교차로 - 교차로안,화물,남,73세,상해없음,기타불명,남,88세,중상
2021112400100251,2021년 11월 24일 13시,수요일,경상남도 함안군 군북면,경상사고,0,0,1,0,차대차 - 측면충돌,교차로운행방법위반,건조,맑음,교차로 - 교차로안,이륜,남,44세,경상,화물,남,57세,상해없음
2021112400100272,2021년 11월 24일 14시,수요일,경상남도 거제시 하청면,경상사고,0,0,3,0,차대차 - 추돌,안전운전불이행,건조,맑음,단일로 - 기타,승합,남,54세,상해없음,승용,여,64세,경상
2021112400100273,2021년 11월 24일 14시,수요일,경상남도 창원시 마산회원구 석전동,경상사고,0,0,2,0,차대차 - 측면충돌,안전운전불이행,건조,맑음,단일로 - 기타,승용,남,40세,상해없음,화물,남,29세,경상
2021112400100274,2021년 11월 24일 14시,수요일,경상남도 함안군 산인면,경상사고,0,0,1,0,차대차 - 기타,안전운전불이행,건조,맑음,단일로 - 기타,화물,남,55세,상해없음,승용,여,31세,경상
2021112400100299,2021년 11월 24일 15시,수요일,경상남도 양산시 동면,경상사고,0,0,1,0,차대차 - 추돌,안전운전불이행,건조,맑음,기타 - 기타,승용,남,77세,상해없음,승용,남,46세,경상
2021112400100338,2021년 11월 24일 16시,수요일,경상남도 창원시 마산합포구 예곡동,경상사고,0,0,1,0,차대차 - 측면충돌,신호위반,건조,맑음,교차로 - 교차로안,승용,여,38세,상해없음,화물,남,28세,경상
2021112400100339,2021년 11월 24일 16시,수요일,경상남도 진주시 가좌동,중상사고,0,1,0,0,차대차 - 기타,신호위반,건조,맑음,교차로 - 교차로안,이륜,남,21세,상해없음,승용,여,29세,중상
2021112400100340,2021년 11월 24일 16시,수요일,경상남도 창녕군 길곡면,경상사고,0,0,1,0,차대차 - 기타,기타,건조,맑음,단일로 - 교량,승용,여,37세,경상,화물,남,68세,상해없음
2021112400100372,2021년 11월 24일 17시,수요일,경상남도 진주시 상평동,경상사고,0,0,1,0,차대사람 - 횡단중,보행자보호의무위반,건조,맑음,교차로 - 교차로횡단보도내,승용,남,64세,상해없음,보행자,여,23세,경상
2021112400100373,2021년 11월 24일 17시,수요일,경상남도 김해시 삼방동,경상사고,0,0,1,0,차대차 - 기타,안전운전불이행,건조,맑음,교차로 - 교차로안,이륜,남,51세,경상,승용,남,41세,상해없음
2021112400100374,2021년 11월 24일 17시,수요일,경상남도 김해시 어방동,중상사고,0,1,0,0,차대사람 - 횡단중,안전운전불이행,건조,맑음,단일로 - 기타,이륜,남,41세,기타불명,보행자,여,78세,중상
2021112400100375,2021년 11월 24일 17시,수요일,경상남도 김해시 진영읍,경상사고,0,0,1,0,차대차 - 측면충돌,교차로운행방법위반,건조,맑음,교차로 - 교차로안,승용,남,58세,상해없음,승용,남,40세,경상
2021112400100376,2021년 11월 24일 17시,수요일,경상남도 김해시 신문동,경상사고,0,0,1,0,차대차 - 후진중충돌,안전운전불이행,건조,맑음,기타 - 기타,승용,남,49세,상해없음,승용,여,48세,경상
2021112400100449,2021년 11월 24일 18시,수요일,경상남도 거제시 장평동,중상사고,0,1,0,0,차대차 - 측면충돌,안전운전불이행,건조,맑음,교차로 - 교차로안,화물,남,57세,상해없음,자전거,남,39세,중상
2021112400100450,2021년 11월 24일 18시,수요일,경상남도 창원시 마산회원구 회원동,경상사고,0,0,1,0,차대차 - 측면충돌,안전운전불이행,건조,맑음,단일로 - 기타,승용,여,54세,상해없음,화물,남,58세,경상
2021112400100451,2021년 11월 24일 18시,수요일,경상남도 창원시 의창구 도계동,경상사고,0,0,1,0,차대차 - 측면충돌,안전운전불이행,건조,맑음,단일로 - 기타,승용,남,48세,상해없음,승용,남,43세,경상
2021112400100452,2021년 11월 24일 18시,수요일,경상남도 김해시 주촌면,경상사고,0,0,2,0,차대차 - 추돌,안전운전불이행,건조,맑음,단일로 - 기타,승용,남,60세,상해없음,승용,여,32세,경상
2021112400100491,2021년 11월 24일 19시,수요일,경상남도 진주시 봉곡동,중상사고,0,1,0,0,차대사람 - 기타,안전운전불이행,건조,맑음,교차로 - 교차로안,화물,남,52세,상해없음,보행자,남,79세,중상
2021112400100492,2021년 11월 24일 19시,수요일,경상남도 함안군 가야읍,경상사고,0,0,1,0,차대차 - 측면충돌,안전거리미확보,건조,맑음,교차로 - 교차로안,이륜,남,42세,상해없음,승용,여,49세,경상
2021112400100493,2021년 11월 24일 19시,수요일,경상남도 창원시 성산구 중앙동,경상사고,0,0,2,0,차대차 - 측면충돌,신호위반,건조,맑음,교차로 - 교차로안,승용,남,26세,상해없음,승용,남,49세,경상
2021112400100494,2021년 11월 24일 19시,수요일,경상남도 창원시 마산회원구 합성동,중상사고,0,1,0,0,차대사람 - 횡단중,안전운전불이행,건조,맑음,단일로 - 기타,이륜,남,33세,상해없음,보행자,남,63세,중상
2021112400100495,2021년 11월 24일 19시,수요일,경상남도 창원시 의창구 팔용동,경상사고,0,0,1,0,차대차 - 측면충돌,안전운전불이행,건조,맑음,단일로 - 기타,승용,여,55세,상해없음,승용,남,25세,경상
2021112400100541,2021년 11월 24일 21시,수요일,경상남도 김해시 외동,경상사고,0,0,1,0,차대차 - 추돌,안전운전불이행,건조,맑음,단일로 - 기타,승용,남,51세,상해없음,승용,남,24세,경상
2021112400100573,2021년 11월 24일 23시,수요일,경상남도 창원시 진해구 용원동,경상사고,0,0,1,0,차량단독 - 기타,안전운전불이행,건조,맑음,교차로 - 교차로안,이륜,남,29세,경상,,,,
2021112400100574,2021년 11월 24일 23시,수요일,경상남도 고성군 고성읍,경상사고,0,0,1,0,차대사람 - 차도통행중,안전운전불이행,건조,맑음,교차로 - 교차로안,화물,남,34세,기타불명,보행자,남,83세,경상
2021112500100044,2021년 11월 25일 05시,목요일,경상남도 하동군 고전면,사망사고,1,0,0,0,차대사람 - 차도통행중,안전운전불이행,건조,맑음,단일로 - 기타,화물,남,60세,상해없음,보행자,남,84세,사망
2021112500100062,2021년 11월 25일 06시,목요일,경상남도 하동군 진교면,경상사고,0,0,1,0,차대차 - 정면충돌,신호위반,건조,맑음,교차로 - 교차로안,화물,남,68세,상해없음,화물,남,53세,경상
2021112500100063,2021년 11월 25일 06시,목요일,경상남도 남해군 이동면,사망사고,1,0,0,0,차대사람 - 차도통행중,안전운전불이행,건조,흐림,단일로 - 기타,승용,남,63세,상해없음,보행자,남,81세,사망
2021112500100064,2021년 11월 25일 06시,목요일,경상남도 창원시 성산구 사파동,중상사고,0,1,0,0,차대사람 - 차도통행중,안전운전불이행,건조,맑음,단일로 - 기타,승용,남,58세,상해없음,보행자,남,62세,중상
2021112500100082,2021년 11월 25일 07시,목요일,경상남도 김해시 삼방동,경상사고,0,0,1,0,차대차 - 기타,안전운전불이행,건조,맑음,단일로 - 기타,승용,남,47세,상해없음,승용,남,46세,경상
2021112500100083,2021년 11월 25일 07시,목요일,경상남도 남해군 상주면,중상사고,0,1,0,0,차대차 - 측면충돌,안전운전불이행,건조,맑음,단일로 - 기타,승용,남,60세,상해없음,승용,남,65세,기타불명
2021112500100156,2021년 11월 25일 09시,목요일,경상남도 창원시 진해구 석동,경상사고,0,0,1,0,차대차 - 기타,안전거리미확보,건조,맑음,단일로 - 기타,화물,남,44세,상해없음,승용,여,52세,경상
2021112500100231,2021년 11월 25일 11시,목요일,경상남도 합천군 대양면,사망사고,1,0,0,0,차대차 - 추돌,안전운전불이행,건조,맑음,단일로 - 기타,화물,남,74세,사망,승용,남,50세,기타불명
2021112500100232,2021년 11월 25일 11시,목요일,경상남도 거제시 사등면,경상사고,0,0,2,0,차대차 - 추돌,기타,건조,맑음,단일로 - 기타,화물,남,24세,상해없음,승용,남,24세,상해없음