사고번호,사고일시,요일,시군구,사고내용,사망자수,중상자수,경상자수,부상신고자수,사고유형,법규위반,노면상태,기상상태,도로형태,가해운전자 차종,가해운전자 성별,가해운전자 연령,가해운전자 상해정도,피해운전자 차종,피해운전자 성별,피해운전자 연령,피해운전자 상해정도
2021112500100233,2021년 11월 25일 11시,목요일,경상남도 김해시 대청동,경상사고,0,0,1,0,차대차 - 추돌,안전거리미확보,건조,맑음,단일로 - 기타,화물,남,51세,상해없음,화물,남,62세,경상
2021112500100259,2021년 11월 25일 12시,목요일,경상남도 김해시 삼방동,경상사고,0,0,1,0,차대차 - 측면충돌,안전운전불이행,건조,맑음,교차로 - 교차로안,승용,여,39세,상해없음,이륜,남,24세,경상
2021112500100340,2021년 11월 25일 14시,목요일,경상남도 거창군 거창읍,중상사고,0,1,0,0,차대사람 - 차도통행중,안전운전불이행,건조,맑음,단일로 - 기타,화물,남,33세,상해없음,보행자,여,80세,중상
2021112500100341,2021년 11월 25일 14시,목요일,경상남도 함안군 가야읍,중상사고,0,1,0,0,차대사람 - 보도통행중,기타,건조,맑음,단일로 - 기타,승용,여,49세,상해없음,보행자,남,71세,중상
2021112500100342,2021년 11월 25일 14시,목요일,경상남도 김해시 무계동,부상신고사고,0,0,0,1,차대차 - 측면충돌,안전운전불이행,건조,맑음,교차로 - 교차로횡단보도내,승용,여,48세,부상신고,자전거,남,9세,상해없음
2021112500100379,2021년 11월 25일 15시,목요일,경상남도 함안군 가야읍,중상사고,0,1,0,0,차대사람 - 횡단중,보행자보호의무위반,건조,맑음,교차로 - 교차로횡단보도내,승용,남,65세,상해없음,보행자,여,57세,중상
2021112500100420,2021년 11월 25일 16시,목요일,경상남도 사천시 벌리동,경상사고,0,0,2,0,차대차 - 측면충돌,신호위반,건조,맑음,교차로 - 교차로안,승용,남,74세,상해없음,승용,여,53세,경상
2021112500100421,2021년 11월 25일 16시,목요일,경상남도 김해시 안동,경상사고,0,0,3,0,차대차 - 측면충돌,안전운전불이행,건조,맑음,교차로 - 교차로안,승용,남,66세,상해없음,승용,남,22세,경상
2021112500100422,2021년 11월 25일 16시,목요일,경상남도 김해시 전하동,경상사고,0,0,1,0,차대차 - 측면충돌,안전운전불이행,건조,맑음,교차로 - 교차로안,승합,남,62세,상해없음,승용,여,58세,경상
2021112500100423,2021년 11월 25일 16시,목요일,경상남도 거제시 사등면,중상사고,0,1,1,0,차대차 - 추돌,안전운전불이행,건조,맑음,단일로 - 기타,승용,여,27세,경상,승용,남,65세,상해없음
2021112500100474,2021년 11월 25일 17시,목요일,경상남도 진주시 대안동,경상사고,0,0,1,0,차대사람 - 차도통행중,안전운전불이행,건조,맑음,단일로 - 기타,승용,여,36세,상해없음,보행자,남,69세,경상
2021112500100475,2021년 11월 25일 17시,목요일,경상남도 창원시 진해구 제덕동,경상사고,0,0,3,0,차대차 - 기타,신호위반,건조,맑음,교차로 - 교차로안,승용,남,48세,경상,화물,남,42세,경상
2021112500100476,2021년 11월 25일 17시,목요일,경상남도 사천시 선구동,경상사고,0,0,1,0,차대사람 - 횡단중,안전운전불이행,건조,맑음,교차로 - 교차로부근,화물,남,58세,상해없음,보행자,여,67세,경상
2021112500100477,2021년 11월 25일 17시,목요일,경상남도 김해시 삼정동,경상사고,0,0,4,0,차대차 - 추돌,안전운전불이행,건조,맑음,단일로 - 기타,승합,남,62세,경상,화물,남,58세,상해없음
2021112500100478,2021년 11월 25일 17시,목요일,경상남도 양산시 명동,부상신고사고,0,0,0,1,차대차 - 기타,안전거리미확보,건조,맑음,단일로 - 기타,승용,남,59세,상해없음,이륜,남,25세,부상신고
2021112500100479,2021년 11월 25일 17시,목요일,경상남도 고성군 동해면,중상사고,0,1,0,0,차대차 - 측면충돌,안전운전불이행,건조,맑음,단일로 - 기타,승용,여,69세,상해없음,이륜,여,32세,중상
2021112500100480,2021년 11월 25일 17시,목요일,경상남도 거제시 일운면,경상사고,0,0,2,0,차대사람 - 기타,안전운전불이행,건조,맑음,기타 - 기타,승용,남,57세,상해없음,보행자,여,52세,경상
2021112500100528,2021년 11월 25일 18시,목요일,경상남도 창원시 마산합포구 교방동,경상사고,0,0,2,0,차대차 - 측면충돌,신호위반,건조,맑음,교차로 - 교차로안,승용,남,31세,상해없음,승합,남,66세,경상
2021112500100529,2021년 11월 25일 18시,목요일,경상남도 진주시 문산읍,경상사고,0,0,1,0,차량단독 - 전도전복 - 전도,안전운전불이행,건조,맑음,단일로 - 기타,이륜,남,62세,경상,,,,
2021112500100530,2021년 11월 25일 18시,목요일,경상남도 밀양시 삼문동,경상사고,0,0,3,0,차대차 - 기타,안전운전불이행,건조,맑음,단일로 - 기타,승용,여,38세,상해없음,승용,여,45세,경상
2021112500100531,2021년 11월 25일 18시,목요일,경상남도 김해시 구산동,중상사고,0,1,0,0,차대사람 - 기타,안전운전불이행,건조,맑음,단일로 - 기타,승용,여,50세,상해없음,보행자,여,61세,중상
2021112500100532,2021년 11월 25일 18시,목요일,경상남도 김해시 외동,경상사고,0,0,1,0,차대사람 - 보도통행중,기타,건조,맑음,기타 - 기타,개인형이동수단(PM),남,22세,상해없음,보행자,여,38세,경상
2021112500100533,2021년 11월 25일 18시,목요일,경상남도 거창군 거창읍,경상사고,0,0,1,0,차대사람 - 차도통행중,안전운전불이행,건조,맑음,교차로 - 교차로부근,승용,여,49세,상해없음,보행자,남,64세,경상
2021112500100582,2021년 11월 25일 19시,목요일,경상남도 양산시 유산동,경상사고,0,0,1,0,차대차 - 기타,중앙선침범,건조,맑음,단일로 - 기타,화물,남,69세,상해없음,이륜,남,39세,경상
2021112500100633,2021년 11월 25일 21시,목요일,경상남도 창원시 의창구 팔용동,경상사고,0,0,2,0,차대차 - 추돌,안전거리미확보,건조,맑음,단일로 - 기타,승용,남,64세,상해없음,승용,남,58세,경상
2021112500100659,2021년 11월 25일 22시,목요일,경상남도 창원시 진해구 석동,중상사고,0,1,0,0,차대차 - 측면충돌,안전운전불이행,건조,맑음,교차로 - 교차로안,승용,남,50세,상해없음,이륜,남,33세,중상
2021112500100673,2021년 11월 25일 23시,목요일,경상남도 거제시 옥포동,부상신고사고,0,0,0,1,차대사람 - 기타,안전운전불이행,건조,맑음,교차로 - 교차로안,승용,남,55세,상해없음,보행자,남,42세,부상신고
2021112600100090,2021년 11월 26일 07시,금요일,경상남도 사천시 사천읍,경상사고,0,0,1,0,차대차 - 측면충돌,직진우회전진행방해,건조,맑음,교차로 - 교차로안,승용,남,28세,상해없음,승용,여,28세,경상
2021112600100091,2021년 11월 26일 07시,금요일,경상남도 밀양시 삼문동,경상사고,0,0,1,0,차대차 - 측면충돌,안전운전불이행,건조,흐림,단일로 - 기타,승용,남,32세,상해없음,승용,남,34세,경상
2021112600100092,2021년 11월 26일 07시,금요일,경상남도 남해군 설천면,경상사고,0,0,1,0,차량단독 - 기타,직진우회전진행방해,건조,맑음,단일로 - 기타,승합,남,58세,상해없음,,,,
2021112600100093,2021년 11월 26일 07시,금요일,경상남도 김해시 진영읍,중상사고,0,1,0,0,차대차 - 측면충돌,안전운전불이행,건조,맑음,단일로 - 기타,승용,남,53세,상해없음,승용,여,59세,중상
2021112600100138,2021년 11월 26일 08시,금요일,경상남도 사천시 서포면,중상사고,0,1,3,0,차대차 - 추돌,안전운전불이행,건조,맑음,단일로 - 기타,화물,남,68세,상해없음,승용,남,53세,중상
2021112600100139,2021년 11월 26일 08시,금요일,경상남도 양산시 동면,경상사고,0,0,1,0,차대사람 - 기타,안전운전불이행,건조,맑음,단일로 - 기타,승용,여,51세,상해없음,보행자,여,85세,경상
2021112600100140,2021년 11월 26일 08시,금요일,경상남도 거제시 고현동,경상사고,0,0,1,0,차대사람 - 기타,안전운전불이행,건조,맑음,교차로 - 교차로안,기타불명,기타불명,미분류,기타불명,보행자,여,15세,경상
2021112600100141,2021년 11월 26일 08시,금요일,경상남도 산청군 시천면,중상사고,0,1,1,0,차대차 - 정면충돌,중앙선침범,건조,맑음,교차로 - 교차로안,화물,남,56세,중상,승용,여,53세,경상
2021112600100142,2021년 11월 26일 08시,금요일,경상남도 함안군 산인면,중상사고,0,1,1,0,차대차 - 추돌,안전운전불이행,건조,맑음,단일로 - 기타,승용,여,42세,경상,농기계,남,71세,중상
2021112600100143,2021년 11월 26일 08시,금요일,경상남도 김해시 부곡동,경상사고,0,0,1,0,차대차 - 정면충돌,안전운전불이행,건조,맑음,단일로 - 기타,화물,남,42세,상해없음,승용,여,50세,경상
2021112600100230,2021년 11월 26일 11시,금요일,경상남도 밀양시 삼랑진읍,경상사고,0,0,3,0,차대차 - 추돌,신호위반,건조,맑음,단일로 - 교량,승용,남,44세,상해없음,승용,남,55세,경상
2021112600100245,2021년 11월 26일 11시,금요일,경상남도 양산시 중부동,중상사고,0,1,0,0,차대차 - 측면충돌,신호위반,건조,맑음,교차로 - 교차로안,승용,여,73세,상해없음,자전거,여,80세,중상
2021112600100281,2021년 11월 26일 12시,금요일,경상남도 진주시 이현동,경상사고,0,0,3,0,차대차 - 추돌,안전거리미확보,건조,맑음,기타 - 기타,이륜,남,65세,상해없음,승용,남,58세,경상
2021112600100282,2021년 11월 26일 12시,금요일,경상남도 함양군 안의면,중상사고,0,2,0,0,차대차 - 측면충돌,안전운전불이행,건조,맑음,단일로 - 지하차도(도로)내,이륜,남,82세,중상,화물,남,56세,상해없음
2021112600100283,2021년 11월 26일 12시,금요일,경상남도 의령군 용덕면,경상사고,0,0,1,0,차대차 - 측면충돌,신호위반,건조,맑음,교차로 - 교차로부근,승용,남,48세,상해없음,화물,남,65세,경상
2021112600100284,2021년 11월 26일 12시,금요일,경상남도 창원시 마산회원구 합성동,중상사고,0,1,0,0,차대사람 - 횡단중,보행자보호의무위반,건조,맑음,교차로 - 교차로횡단보도내,승용,남,21세,상해없음,보행자,남,69세,중상
2021112600100285,2021년 11월 26일 12시,금요일,경상남도 창원시 의창구 팔용동,경상사고,0,0,1,0,차대차 - 측면충돌,안전운전불이행,건조,맑음,교차로 - 교차로안,자전거,여,20세,경상,승용,남,58세,상해없음
2021112600100327,2021년 11월 26일 13시,금요일,경상남도 밀양시 내이동,중상사고,0,1,0,0,차대차 - 측면충돌,신호위반,건조,맑음,교차로 - 교차로안,이륜,남,74세,중상,승용,남,55세,상해없음
2021112600100328,2021년 11월 26일 13시,금요일,경상남도 창원시 의창구 도계동,중상사고,0,1,1,0,차대차 - 추돌,안전거리미확보,건조,맑음,단일로 - 기타,화물,남,51세,상해없음,승용,여,62세,경상
2021112600100346,2021년 11월 26일 14시,금요일,경상남도 진주시 신안동,경상사고,0,0,1,0,차대사람 - 기타,기타,건조,맑음,기타 - 기타,승합,남,46세,상해없음,보행자,남,67세,경상
2021112600100347,2021년 11월 26일 14시,금요일,경상남도 김해시 삼계동,중상사고,0,1,0,0,차대차 - 측면충돌,신호위반,건조,맑음,교차로 - 교차로안,이륜,남,63세,중상,승용,남,63세,상해없음
2021112600100348,2021년 11월 26일 14시,금요일,경상남도 창원시 의창구 대산면,경상사고,0,0,1,0,차대사람 - 길가장자리구역통행중,안전운전불이행,건조,맑음,기타 - 기타,화물,남,55세,상해없음,보행자,여,84세,경상
2021112600100397,2021년 11월 26일 15시,금요일,경상남도 양산시 평산동,경상사고,0,0,3,0,차대차 - 측면충돌,신호위반,건조,맑음,교차로 - 교차로안,이륜,남,18세,상해없음,승용,여,46세,경상
2021112600100398,2021년 11월 26일 15시,금요일,경상남도 하동군 옥종면,경상사고,0,0,1,0,차대사람 - 기타,안전운전불이행,건조,맑음,단일로 - 기타,화물,남,64세,상해없음,보행자,남,70세,경상
2021112600100399,2021년 11월 26일 15시,금요일,경상남도 거제시 고현동,경상사고,0,0,1,0,차대차 - 측면충돌,신호위반,건조,맑음,교차로 - 교차로안,승용,남,62세,상해없음,승용,남,25세,경상
2021112600100400,2021년 11월 26일 15시,금요일,경상남도 거제시 사등면,중상사고,0,1,0,0,차량단독 - 기타,안전운전불이행,건조,맑음,단일로 - 기타,이륜,남,52세,중상,,,,
2021112600100401,2021년 11월 26일 15시,금요일,경상남도 함안군 군북면,경상사고,0,0,2,0,차대차 - 측면충돌,안전운전불이행,건조,맑음,교차로 - 교차로안,승용,남,25세,경상,화물,남,47세,경상
2021112600100402,2021년 11월 26일 15시,금요일,경상남도 창원시 성산구 남양동,중상사고,0,1,1,0,차대사람 - 기타,보행자보호의무위반,건조,맑음,교차로 - 교차로안,자전거,여,33세,상해없음,보행자,여,63세,중상
2021112600100573,2021년 11월 26일 18시,금요일,경상남도 진주시 봉곡동,부상신고사고,0,0,0,1,차대차 - 측면충돌,중앙선침범,건조,맑음,단일로 - 기타,승용,여,24세,상해없음,이륜,남,28세,부상신고
2021112600100574,2021년 11월 26일 18시,금요일,경상남도 함양군 함양읍,경상사고,0,0,1,0,차대사람 - 길가장자리구역통행중,안전운전불이행,건조,맑음,교차로 - 교차로부근,이륜,남,34세,기타불명,보행자,남,75세,경상
2021112600100575,2021년 11월 26일 18시,금요일,경상남도 양산시 삼호동,중상사고,0,1,0,0,차대차 - 측면충돌,직진우회전진행방해,건조,맑음,교차로 - 교차로안,승용,남,25세,상해없음,이륜,남,47세,중상
2021112600100638,2021년 11월 26일 19시,금요일,경상남도 진주시 금산면,중상사고,0,1,0,0,차대차 - 기타,안전운전불이행,건조,맑음,미분류 - 미분류,기타불명,기타불명,미분류,기타불명,이륜,남,26세,중상
2021112600100639,2021년 11월 26일 19시,금요일,경상남도 통영시 정량동,경상사고,0,0,1,0,차대차 - 추돌,직진우회전진행방해,건조,맑음,교차로 - 교차로안,승용,남,37세,상해없음,이륜,남,50세,경상
2021112600100640,2021년 11월 26일 19시,금요일,경상남도 거제시 옥포동,경상사고,0,0,2,0,차대차 - 측면충돌,안전운전불이행,건조,맑음,교차로 - 교차로안,이륜,남,28세,경상,승용,남,50세,상해없음
2021112600100671,2021년 11월 26일 20시,금요일,경상남도 김해시 구산동,경상사고,0,0,1,0,차대차 - 측면충돌,신호위반,건조,맑음,교차로 - 교차로부근,승용,여,29세,상해없음,승용,남,31세,경상
2021112600100672,2021년 11월 26일 20시,금요일,경상남도 김해시 관동동,중상사고,0,1,1,0,차대차 - 정면충돌,신호위반,건조,맑음,교차로 - 교차로안,원동기,남,22세,경상,승용,여,64세,중상
2021112600100721,2021년 11월 26일 22시,금요일,경상남도 통영시 태평동,경상사고,0,0,1,0,차대차 - 추돌,교차로운행방법위반,건조,맑음,교차로 - 교차로부근,승용,남,43세,상해없음,이륜,남,54세,경상
2021112700100012,2021년 11월 27일 00시,토요일,경상남도 창원시 진해구 용원동,중상사고,0,1,0,0,차대차 - 추돌,안전거리미확보,건조,맑음,단일로 - 기타,이륜,남,29세,중상,승용,남,54세,상해없음
2021112700100075,2021년 11월 27일 07시,토요일,경상남도 김해시 생림면,경상사고,0,0,1,0,차대차 - 후진중충돌,불법유턴,건조,맑음,단일로 - 기타,건설기계,남,58세,상해없음,승용,남,35세,경상
2021112700100145,2021년 11월 27일 10시,토요일,경상남도 창원시 진해구 풍호동,경상사고,0,0,3,0,차대차 - 추돌,안전거리미확보,건조,맑음,단일로 - 기타,승용,남,42세,경상,승용,남,58세,상해없음
2021112700100146,2021년 11월 27일 10시,토요일,경상남도 김해시 진영읍,중상사고,0,1,0,0,차대차 - 측면충돌,안전운전불이행,건조,맑음,단일로 - 기타,승용,남,75세,상해없음,농기계,남,67세,중상
2021112700100215,2021년 11월 27일 12시,토요일,경상남도 김해시 부원동,경상사고,0,0,1,0,차대차 - 기타,안전운전불이행,건조,맑음,교차로 - 교차로안,승용,여,42세,상해없음,승용,남,34세,경상
2021112700100216,2021년 11월 27일 12시,토요일,경상남도 양산시 상북면,중상사고,0,1,0,0,차대차 - 정면충돌,신호위반,건조,맑음,교차로 - 교차로부근,승용,남,45세,상해없음,승용,여,58세,중상
2021112700100217,2021년 11월 27일 12시,토요일,경상남도 양산시 북부동,중상사고,0,1,0,0,차대차 - 정면충돌,안전운전불이행,건조,맑음,단일로 - 기타,승용,남,57세,상해없음,자전거,남,65세,중상
2021112700100218,2021년 11월 27일 12시,토요일,경상남도 함안군 가야읍,경상사고,0,0,3,0,차대차 - 기타,안전운전불이행,건조,맑음,교차로 - 교차로안,승용,남,71세,상해없음,승용,남,41세,경상
2021112700100219,2021년 11월 27일 12시,토요일,경상남도 창원시 의창구 명서동,경상사고,0,0,3,0,차대차 - 측면충돌,신호위반,건조,맑음,교차로 - 교차로안,승용,남,81세,상해없음,승용,남,42세,경상
2021112700100220,2021년 11월 27일 12시,토요일,경상남도 창원시 의창구 서상동,경상사고,0,0,1,0,차대차 - 측면충돌,신호위반,건조,맑음,교차로 - 교차로안,승용,남,54세,상해없음,화물,남,24세,경상
2021112700100261,2021년 11월 27일 13시,토요일,경상남도 의령군 낙서면,중상사고,0,1,0,0,차대차 - 측면충돌,안전운전불이행,건조,맑음,교차로 - 교차로안,승용,남,41세,상해없음,이륜,여,74세,중상
2021112700100262,2021년 11월 27일 13시,토요일,경상남도 김해시 진영읍,경상사고,0,0,2,0,차대차 - 측면충돌,신호위반,건조,맑음,교차로 - 교차로안,승용,남,24세,상해없음,화물,남,57세,경상
2021112700100306,2021년 11월 27일 14시,토요일,경상남도 사천시 향촌동,경상사고,0,0,1,0,차대차 - 측면충돌,안전운전불이행,건조,맑음,단일로 - 기타,승용,남,75세,상해없음,승용,남,42세,경상
2021112700100307,2021년 11월 27일 14시,토요일,경상남도 거제시 옥포동,경상사고,0,0,2,0,차대사람 - 횡단중,보행자보호의무위반,건조,맑음,교차로 - 교차로횡단보도내,승용,남,67세,상해없음,보행자,남,19세,경상
2021112700100348,2021년 11월 27일 15시,토요일,경상남도 진주시 이반성면,경상사고,0,0,1,0,차대사람 - 기타,안전운전불이행,건조,맑음,단일로 - 기타,화물,남,55세,기타불명,보행자,남,74세,경상
2021112700100349,2021년 11월 27일 15시,토요일,경상남도 양산시 물금읍,경상사고,0,0,1,0,차대차 - 측면충돌,신호위반,건조,맑음,교차로 - 교차로안,화물,남,38세,상해없음,이륜,남,18세,경상
2021112700100350,2021년 11월 27일 15시,토요일,경상남도 거제시 양정동,경상사고,0,0,1,0,차대차 - 측면충돌,안전운전불이행,건조,맑음,단일로 - 기타,승용,남,28세,경상,승용,남,59세,상해없음
2021112700100351,2021년 11월 27일 15시,토요일,경상남도 의령군 부림면,경상사고,0,0,1,0,차대차 - 측면충돌,중앙선침범,건조,맑음,교차로 - 교차로부근,승합,남,53세,상해없음,승용,여,63세,경상
2021112700100387,2021년 11월 27일 16시,토요일,경상남도 창녕군 남지읍,중상사고,0,1,0,0,차대사람 - 기타,안전운전불이행,건조,맑음,단일로 - 기타,승용,여,56세,상해없음,보행자,여,62세,중상
2021112700100388,2021년 11월 27일 16시,토요일,경상남도 김해시 진영읍,경상사고,0,0,1,0,차대차 - 측면충돌,안전운전불이행,건조,맑음,교차로 - 교차로부근,이륜,남,49세,경상,화물,남,66세,상해없음
2021112700100429,2021년 11월 27일 17시,토요일,경상남도 밀양시 삼문동,중상사고,0,1,0,0,차대사람 - 횡단중,안전운전불이행,건조,맑음,단일로 - 기타,승용,남,60세,상해없음,보행자,여,70세,중상
2021112700100430,2021년 11월 27일 17시,토요일,경상남도 양산시 덕계동,경상사고,0,0,1,0,차대차 - 측면충돌,신호위반,건조,맑음,교차로 - 교차로안,승용,여,59세,상해없음,이륜,남,33세,경상
2021112700100431,2021년 11월 27일 17시,토요일,경상남도 창원시 성산구 상남동,경상사고,0,0,1,0,차대사람 - 기타,안전운전불이행,건조,맑음,단일로 - 기타,승용,남,18세,상해없음,보행자,남,49세,경상
2021112700100480,2021년 11월 27일 18시,토요일,경상남도 함양군 함양읍,경상사고,0,0,1,0,차대차 - 정면충돌,안전운전불이행,건조,맑음,교차로 - 교차로안,승용,남,47세,기타불명,승용,남,67세,경상
2021112700100481,2021년 11월 27일 18시,토요일,경상남도 양산시 물금읍,중상사고,0,1,1,0,차대차 - 추돌,안전운전불이행,건조,맑음,교차로 - 교차로안,승용,여,64세,상해없음,이륜,여,33세,경상
2021112700100521,2021년 11월 27일 19시,토요일,경상남도 김해시 외동,경상사고,0,0,1,0,차대차 - 측면충돌,차로위반,건조,맑음,기타 - 기타,승합,남,58세,상해없음,이륜,남,44세,경상
2021112700100522,2021년 11월 27일 19시,토요일,경상남도 창녕군 이방면,경상사고,0,0,5,0,차대차 - 추돌,안전운전불이행,건조,맑음,단일로 - 기타,승용,남,53세,경상,화물,남,56세,경상
2021112700100523,2021년 11월 27일 19시,토요일,경상남도 창원시 의창구 중동,경상사고,0,0,1,0,차대차 - 측면충돌,신호위반,건조,맑음,교차로 - 교차로횡단보도내,이륜,남,46세,상해없음,자전거,남,20세,경상
2021112700100569,2021년 11월 27일 21시,토요일,경상남도 거제시 상동동,경상사고,0,0,1,0,차대차 - 정면충돌,직진우회전진행방해,건조,맑음,교차로 - 교차로안,승용,여,23세,상해없음,이륜,남,40세,경상
2021112800100051,2021년 11월 28일 04시,일요일,경상남도 창원시 성산구 신월동,중상사고,0,1,1,0,차대차 - 측면충돌,신호위반,건조,맑음,교차로 - 교차로안,승용,남,22세,상해없음,승용,남,49세,중상
2021112800100091,2021년 11월 28일 09시,일요일,경상남도 김해시 구산동,경상사고,0,0,1,0,차대차 - 기타,안전운전불이행,건조,맑음,단일로 - 기타,승용,남,46세,상해없음,승용,남,60세,기타불명
2021112800100093,2021년 11월 28일 09시,일요일,경상남도 양산시 북정동,경상사고,0,0,1,0,차대차 - 측면충돌,신호위반,건조,맑음,교차로 - 교차로안,승용,남,57세,상해없음,이륜,남,45세,경상
2021112800100122,2021년 11월 28일 10시,일요일,경상남도 창원시 진해구 이동,경상사고,0,0,1,0,차대차 - 측면충돌,신호위반,건조,맑음,교차로 - 교차로안,승용,여,67세,상해없음,자전거,남,79세,경상
2021112800100123,2021년 11월 28일 10시,일요일,경상남도 김해시 삼정동,중상사고,0,1,0,0,차대차 - 측면충돌,안전운전불이행,건조,맑음,교차로 - 교차로안,승용,남,23세,상해없음,이륜,남,44세,중상
2021112800100124,2021년 11월 28일 10시,일요일,경상남도 남해군 창선면,경상사고,0,0,1,0,차대차 - 정면충돌,중앙선침범,건조,맑음,단일로 - 기타,승용,여,61세,상해없음,승용,여,68세,경상
2021112800100147,2021년 11월 28일 11시,일요일,경상남도 사천시 사천읍,경상사고,0,0,1,0,차대차 - 기타,안전운전불이행,건조,맑음,단일로 - 기타,승용,남,47세,상해없음,승용,남,87세,상해없음
2021112800100148,2021년 11월 28일 11시,일요일,경상남도 양산시 명동,중상사고,0,1,0,0,차대차 - 측면충돌,신호위반,건조,맑음,교차로 - 교차로안,화물,남,65세,상해없음,승용,여,62세,중상
2021112800100177,2021년 11월 28일 12시,일요일,경상남도 창원시 마산합포구 교방동,중상사고,0,1,0,0,차대차 - 추돌,안전운전불이행,건조,맑음,단일로 - 기타,승용,남,57세,중상,화물,남,37세,기타불명
2021112800100178,2021년 11월 28일 12시,일요일,경상남도 창원시 마산합포구 창포동3가,중상사고,0,1,0,0,차대사람 - 기타,안전운전불이행,건조,맑음,교차로 - 교차로안,승용,남,68세,상해없음,보행자,여,76세,중상
2021112800100208,2021년 11월 28일 13시,일요일,경상남도 사천시 서포면,경상사고,0,0,1,0,차량단독 - 전도전복 - 전도,안전운전불이행,건조,맑음,단일로 - 기타,이륜,남,37세,경상,,,,
2021112800100240,2021년 11월 28일 14시,일요일,경상남도 통영시 한산면,중상사고,0,1,1,0,차대차 - 추돌,안전운전불이행,건조,맑음,단일로 - 기타,승합,남,33세,상해없음,화물,남,57세,경상
2021112800100241,2021년 11월 28일 14시,일요일,경상남도 김해시 외동,경상사고,0,0,1,0,차대사람 - 횡단중,신호위반,건조,흐림,교차로 - 교차로횡단보도내,화물,남,45세,상해없음,보행자,남,79세,경상
2021112800100242,2021년 11월 28일 14시,일요일,경상남도 고성군 회화면,경상사고,0,0,1,0,차대차 - 측면충돌,안전운전불이행,건조,맑음,교차로 - 교차로안,승용,남,63세,상해없음,화물,남,55세,경상
2021112800100275,2021년 11월 28일 15시,일요일,경상남도 사천시 사천읍,경상사고,0,0,1,0,차대차 - 측면충돌,안전운전불이행,건조,맑음,교차로 - 교차로안,이륜,남,16세,경상,승용,남,44세,상해없음
2021112800100276,2021년 11월 28일 15시,일요일,경상남도 김해시 봉황동,경상사고,0,0,1,0,차대차 - 측면충돌,신호위반,건조,맑음,교차로 - 교차로안,승용,남,33세,상해없음,승용,여,61세,경상
2021112800100298,2021년 11월 28일 16시,일요일,경상남도 양산시 원동면,경상사고,0,0,1,0,차대차 - 측면충돌,중앙선침범,건조,맑음,단일로 - 기타,승용,남,72세,상해없음,승합,남,67세,경상
2021112800100322,2021년 11월 28일 17시,일요일,경상남도 진주시 상대동,중상사고,0,1,0,0,차대차 - 측면충돌,중앙선침범,건조,맑음,단일로 - 기타,승합,남,62세,상해없음,이륜,남,39세,중상
2021112800100323,2021년 11월 28일 17시,일요일,경상남도 통영시 광도면,경상사고,0,0,1,0,차대차 - 측면충돌,안전운전불이행,건조,맑음,교차로 - 교차로안,화물,남,76세,상해없음,승용,여,65세,경상
2021112800100324,2021년 11월 28일 17시,일요일,경상남도 통영시 미수동,부상신고사고,0,0,0,2,차대차 - 추돌,안전거리미확보,건조,맑음,단일로 - 기타,이륜,남,56세,부상신고,승용,남,31세,부상신고
2021112800100325,2021년 11월 28일 17시,일요일,경상남도 창원시 의창구 북면,중상사고,0,3,0,0,차대차 - 정면충돌,중앙선침범,건조,맑음,단일로 - 기타,승용,여,62세,중상,승용,여,45세,중상
2021112800100359,2021년 11월 28일 18시,일요일,경상남도 창원시 마산회원구 양덕동,중상사고,0,1,0,0,차대차 - 정면충돌,안전운전불이행,건조,맑음,단일로 - 기타,승합,남,60세,상해없음,이륜,남,25세,중상
2021112800100393,2021년 11월 28일 19시,일요일,경상남도 밀양시 내이동,중상사고,0,1,0,0,차대사람 - 횡단중,안전운전불이행,건조,흐림,단일로 - 기타,이륜,남,18세,상해없음,보행자,여,63세,중상
2021112800100394,2021년 11월 28일 19시,일요일,경상남도 양산시 물금읍,중상사고,0,1,0,0,차대차 - 측면충돌,안전운전불이행,건조,맑음,교차로 - 교차로부근,승용,남,32세,상해없음,이륜,남,31세,중상
2021112800100395,2021년 11월 28일 19시,일요일,경상남도 남해군 삼동면,경상사고,0,0,2,0,차대차 - 측면충돌,안전운전불이행,건조,흐림,교차로 - 교차로안,승용,남,40세,경상,승용,여,22세,경상
2021112800100396,2021년 11월 28일 19시,일요일,경상남도 산청군 생초면,중상사고,0,1,0,0,차대사람 - 기타,안전운전불이행,건조,맑음,교차로 - 교차로안,승용,남,67세,상해없음,보행자,여,85세,중상
2021112800100422,2021년 11월 28일 20시,일요일,경상남도 진주시 상평동,중상사고,0,1,0,0,차대차 - 측면충돌,신호위반,건조,맑음,교차로 - 교차로안,승용,남,60세,상해없음,이륜,남,25세,중상
2021112800100423,2021년 11월 28일 20시,일요일,경상남도 통영시 정량동,중상사고,0,1,2,0,차대차 - 측면충돌,교차로운행방법위반,건조,맑음,교차로 - 교차로안,승용,남,59세,상해없음,이륜,남,39세,중상
2021112800100424,2021년 11월 28일 20시,일요일,경상남도 김해시 내동,경상사고,0,0,1,0,차대차 - 기타,신호위반,건조,맑음,교차로 - 교차로안,승용,남,57세,상해없음,이륜,남,25세,경상
2021112800100425,2021년 11월 28일 20시,일요일,경상남도 김해시 부곡동,중상사고,0,2,0,0,차대차 - 추돌,안전운전불이행,건조,맑음,단일로 - 기타,승용,여,50세,기타불명,승용,여,46세,중상