사고번호,사고일시,요일,시군구,사고내용,사망자수,중상자수,경상자수,부상신고자수,사고유형,법규위반,노면상태,기상상태,도로형태,가해운전자 차종,가해운전자 성별,가해운전자 연령,가해운전자 상해정도,피해운전자 차종,피해운전자 성별,피해운전자 연령,피해운전자 상해정도
2021112800100446,2021년 11월 28일 21시,일요일,경상남도 밀양시 가곡동,경상사고,0,0,3,0,차대차 - 측면충돌,안전운전불이행,건조,맑음,단일로 - 기타,승용,남,47세,상해없음,화물,남,54세,경상
2021112800100447,2021년 11월 28일 21시,일요일,경상남도 김해시 어방동,경상사고,0,0,1,0,차대사람 - 기타,안전운전불이행,건조,맑음,단일로 - 기타,승용,남,45세,상해없음,보행자,여,21세,경상
2021112800100448,2021년 11월 28일 21시,일요일,경상남도 김해시 부원동,경상사고,0,0,1,0,차대차 - 추돌,안전운전불이행,건조,맑음,교차로 - 교차로부근,승용,남,32세,상해없음,승용,여,52세,경상
2021112800100482,2021년 11월 28일 23시,일요일,경상남도 통영시 무전동,부상신고사고,0,0,0,1,차대차 - 측면충돌,안전거리미확보,건조,맑음,단일로 - 기타,승용,여,56세,상해없음,승용,여,26세,부상신고
2021112900100028,2021년 11월 29일 05시,월요일,경상남도 창원시 마산합포구 현동,사망사고,1,0,0,0,차대사람 - 횡단중,신호위반,건조,맑음,교차로 - 교차로횡단보도내,승합,남,55세,상해없음,보행자,남,38세,사망
2021112900100048,2021년 11월 29일 06시,월요일,경상남도 김해시 구산동,중상사고,0,1,0,0,차대차 - 기타,중앙선침범,건조,맑음,단일로 - 기타,화물,남,52세,상해없음,이륜,남,69세,중상
2021112900100049,2021년 11월 29일 06시,월요일,경상남도 창원시 성산구 가음동,경상사고,0,0,1,0,차대사람 - 횡단중,신호위반,건조,맑음,교차로 - 교차로안,화물,남,61세,상해없음,보행자,남,45세,경상
2021112900100081,2021년 11월 29일 07시,월요일,경상남도 진주시 장대동,중상사고,0,1,0,0,차대사람 - 횡단중,보행자보호의무위반,건조,맑음,단일로 - 기타,승용,여,31세,상해없음,보행자,남,62세,중상
2021112900100082,2021년 11월 29일 07시,월요일,경상남도 사천시 축동면,중상사고,0,1,0,0,차대차 - 기타,안전운전불이행,건조,맑음,교차로 - 교차로안,화물,남,62세,상해없음,농기계,남,82세,중상
2021112900100083,2021년 11월 29일 07시,월요일,경상남도 김해시 대동면,경상사고,0,0,1,0,차대차 - 기타,중앙선침범,건조,맑음,단일로 - 기타,승용,남,54세,상해없음,승용,남,51세,경상
2021112900100084,2021년 11월 29일 07시,월요일,경상남도 함안군 군북면,경상사고,0,0,1,0,차대차 - 정면충돌,안전운전불이행,건조,맑음,단일로 - 기타,승용,남,67세,상해없음,승용,남,50세,경상
2021112900100123,2021년 11월 29일 08시,월요일,경상남도 사천시 벌리동,경상사고,0,0,1,0,차대차 - 측면충돌,안전거리미확보,건조,맑음,단일로 - 기타,이륜,남,83세,경상,승용,여,29세,상해없음
2021112900100124,2021년 11월 29일 08시,월요일,경상남도 창녕군 창녕읍,중상사고,0,1,0,0,차대사람 - 횡단중,보행자보호의무위반,건조,맑음,단일로 - 기타,승용,남,26세,상해없음,보행자,여,81세,중상
2021112900100126,2021년 11월 29일 08시,월요일,경상남도 고성군 회화면,중상사고,0,1,0,0,차대사람 - 차도통행중,안전운전불이행,건조,맑음,단일로 - 기타,승용,여,55세,상해없음,보행자,여,76세,중상
2021112900100127,2021년 11월 29일 08시,월요일,경상남도 창원시 마산회원구 석전동,경상사고,0,0,1,0,차대차 - 추돌,안전운전불이행,건조,맑음,단일로 - 기타,승용,여,56세,상해없음,화물,남,49세,경상
2021112900100128,2021년 11월 29일 08시,월요일,경상남도 창원시 의창구 팔용동,경상사고,0,0,2,0,차대차 - 추돌,안전운전불이행,건조,맑음,단일로 - 기타,승용,남,52세,상해없음,승용,여,61세,상해없음
2021112900100162,2021년 11월 29일 09시,월요일,경상남도 통영시 광도면,경상사고,0,0,1,0,차대사람 - 보도통행중,안전운전불이행,건조,맑음,단일로 - 기타,승용,여,43세,상해없음,보행자,여,71세,경상
2021112900100163,2021년 11월 29일 09시,월요일,경상남도 김해시 외동,중상사고,0,1,0,0,차대차 - 기타,기타,건조,맑음,단일로 - 기타,승용,남,58세,상해없음,승용,기타불명,미분류,기타불명
2021112900100164,2021년 11월 29일 09시,월요일,경상남도 함양군 유림면,중상사고,0,1,0,0,차대사람 - 기타,안전운전불이행,건조,맑음,단일로 - 기타,승용,남,33세,상해없음,보행자,여,70세,중상
2021112900100174,2021년 11월 29일 10시,월요일,경상남도 김해시 진례면,중상사고,0,2,0,0,차대차 - 추돌,안전운전불이행,건조,맑음,단일로 - 기타,화물,남,40세,상해없음,화물,남,54세,중상
2021112900100188,2021년 11월 29일 10시,월요일,경상남도 거창군 거창읍,경상사고,0,0,1,0,차대차 - 측면충돌,직진우회전진행방해,건조,맑음,교차로 - 교차로안,화물,남,70세,경상,승용,남,41세,상해없음
2021112900100189,2021년 11월 29일 10시,월요일,경상남도 양산시 물금읍,경상사고,0,0,2,0,차대차 - 추돌,안전운전불이행,건조,맑음,단일로 - 기타,승용,남,39세,상해없음,승용,여,33세,경상
2021112900100220,2021년 11월 29일 11시,월요일,경상남도 하동군 하동읍,중상사고,0,1,0,0,차대사람 - 횡단중,보행자보호의무위반,건조,맑음,기타 - 기타,승용,여,58세,상해없음,보행자,여,89세,중상
2021112900100234,2021년 11월 29일 12시,월요일,경상남도 김해시 대동면,경상사고,0,0,3,0,차대차 - 추돌,신호위반,건조,맑음,단일로 - 기타,승용,남,67세,상해없음,승용,남,28세,상해없음
2021112900100247,2021년 11월 29일 12시,월요일,경상남도 진주시 평거동,중상사고,0,1,0,0,차대차 - 측면충돌,안전운전불이행,건조,맑음,기타 - 기타,이륜,남,21세,상해없음,자전거,남,79세,중상
2021112900100248,2021년 11월 29일 12시,월요일,경상남도 진주시 평거동,경상사고,0,0,1,0,차대차 - 측면충돌,교차로운행방법위반,건조,맑음,교차로 - 교차로안,승용,남,43세,상해없음,화물,남,73세,경상
2021112900100249,2021년 11월 29일 12시,월요일,경상남도 양산시 동면,경상사고,0,0,1,0,차대차 - 측면충돌,안전운전불이행,건조,맑음,단일로 - 기타,승용,남,58세,상해없음,화물,남,47세,경상
2021112900100250,2021년 11월 29일 12시,월요일,경상남도 창원시 성산구 성산동,중상사고,0,1,0,0,차대차 - 추돌,안전운전불이행,건조,맑음,단일로 - 기타,화물,남,58세,상해없음,화물,남,70세,중상
2021112900100251,2021년 11월 29일 12시,월요일,경상남도 창원시 의창구 팔용동,경상사고,0,0,2,0,차대차 - 측면충돌,안전운전불이행,건조,맑음,교차로 - 교차로안,승용,남,74세,경상,승용,여,60세,경상
2021112900100252,2021년 11월 29일 12시,월요일,경상남도 김해시 관동동,중상사고,0,1,1,0,차대차 - 측면충돌,안전운전불이행,건조,맑음,교차로 - 교차로안,이륜,남,26세,경상,승용,남,23세,중상
2021112900100282,2021년 11월 29일 13시,월요일,경상남도 진주시 평거동,경상사고,0,0,2,0,차대차 - 추돌,안전운전불이행,건조,맑음,교차로 - 교차로부근,승용,여,45세,상해없음,승용,남,36세,경상
2021112900100283,2021년 11월 29일 13시,월요일,경상남도 밀양시 삼문동,중상사고,0,1,0,0,차대차 - 측면충돌,중앙선침범,건조,맑음,교차로 - 교차로부근,승용,남,75세,상해없음,이륜,남,29세,중상
2021112900100328,2021년 11월 29일 14시,월요일,경상남도 김해시 내동,경상사고,0,0,1,0,차대차 - 측면충돌,안전운전불이행,건조,맑음,단일로 - 기타,이륜,남,23세,경상,승용,여,48세,상해없음
2021112900100329,2021년 11월 29일 14시,월요일,경상남도 고성군 회화면,중상사고,0,2,0,0,차대차 - 측면충돌,신호위반,건조,맑음,교차로 - 교차로안,화물,여,66세,상해없음,이륜,남,74세,중상
2021112900100330,2021년 11월 29일 14시,월요일,경상남도 거제시 연초면,경상사고,0,0,1,0,차대차 - 기타,안전운전불이행,건조,맑음,단일로 - 기타,승용,남,64세,상해없음,자전거,남,23세,경상
2021112900100372,2021년 11월 29일 15시,월요일,경상남도 창원시 진해구 경화동,경상사고,0,0,1,0,차대차 - 기타,안전운전불이행,건조,맑음,단일로 - 기타,승용,남,78세,상해없음,승용,여,36세,경상
2021112900100373,2021년 11월 29일 15시,월요일,경상남도 밀양시 삼랑진읍,중상사고,0,1,0,0,차대차 - 측면충돌,안전운전불이행,건조,맑음,교차로 - 교차로안,자전거,여,81세,중상,화물,남,40세,상해없음
2021112900100374,2021년 11월 29일 15시,월요일,경상남도 김해시 동상동,중상사고,0,1,0,0,차대차 - 측면충돌,중앙선침범,건조,맑음,단일로 - 기타,승용,남,33세,상해없음,승용,여,64세,중상
2021112900100375,2021년 11월 29일 15시,월요일,경상남도 산청군 산청읍,중상사고,0,1,0,0,차량단독 - 도로외이탈 - 추락,안전운전불이행,건조,맑음,단일로 - 기타,특수,남,64세,중상,,,,
2021112900100453,2021년 11월 29일 17시,월요일,경상남도 거창군 거창읍,중상사고,0,1,0,0,차대사람 - 기타,안전운전불이행,건조,맑음,교차로 - 교차로부근,화물,남,51세,상해없음,보행자,여,83세,중상
2021112900100454,2021년 11월 29일 17시,월요일,경상남도 창원시 마산회원구 내서읍,경상사고,0,0,1,0,차대차 - 측면충돌,안전운전불이행,건조,맑음,단일로 - 기타,승합,남,56세,상해없음,승용,여,63세,경상
2021112900100455,2021년 11월 29일 17시,월요일,경상남도 창원시 의창구 서상동,경상사고,0,0,2,0,차대차 - 추돌,안전운전불이행,건조,맑음,단일로 - 기타,승용,남,53세,상해없음,승용,여,31세,경상
2021112900100456,2021년 11월 29일 17시,월요일,경상남도 김해시 진영읍,경상사고,0,0,2,0,차대차 - 추돌,안전운전불이행,건조,맑음,단일로 - 기타,승용,남,52세,상해없음,승용,남,28세,경상
2021112900100505,2021년 11월 29일 18시,월요일,경상남도 거제시 문동동,중상사고,0,1,0,0,차대차 - 측면충돌,불법유턴,건조,맑음,교차로 - 교차로안,승합,남,60세,상해없음,이륜,남,55세,중상
2021112900100549,2021년 11월 29일 19시,월요일,경상남도 창원시 마산회원구 내서읍,경상사고,0,0,1,0,차대차 - 측면충돌,안전운전불이행,건조,기타,교차로 - 교차로부근,승용,남,59세,상해없음,승용,남,55세,경상
2021112900100577,2021년 11월 29일 20시,월요일,경상남도 통영시 광도면,경상사고,0,0,1,0,차대차 - 추돌,안전운전불이행,건조,맑음,교차로 - 교차로부근,승용,남,24세,상해없음,승용,여,38세,경상
2021112900100578,2021년 11월 29일 20시,월요일,경상남도 하동군 금남면,중상사고,0,2,2,0,차대사람 - 기타,안전운전불이행,건조,맑음,단일로 - 기타,승용,남,56세,경상,보행자,남,57세,중상
2021112900100579,2021년 11월 29일 20시,월요일,경상남도 창원시 마산회원구 석전동,경상사고,0,0,1,0,차대사람 - 기타,안전운전불이행,건조,맑음,단일로 - 기타,승합,남,39세,상해없음,보행자,여,68세,경상
2021112900100580,2021년 11월 29일 20시,월요일,경상남도 창원시 마산회원구 양덕동,경상사고,0,0,1,0,차대차 - 측면충돌,안전운전불이행,건조,맑음,단일로 - 기타,승용,여,63세,상해없음,승용,남,27세,경상
2021112900100601,2021년 11월 29일 21시,월요일,경상남도 밀양시 상남면,부상신고사고,0,0,0,1,차대사람 - 차도통행중,안전운전불이행,건조,맑음,단일로 - 기타,승용,남,60세,상해없음,보행자,남,48세,부상신고
2021112900100602,2021년 11월 29일 21시,월요일,경상남도 김해시 서상동,경상사고,0,0,1,0,차대사람 - 횡단중,안전운전불이행,건조,맑음,단일로 - 지하차도(도로)내,승용,남,24세,상해없음,보행자,남,45세,경상
2021112900100603,2021년 11월 29일 21시,월요일,경상남도 창원시 성산구 대방동,경상사고,0,0,1,0,차대사람 - 보도통행중,안전운전불이행,건조,맑음,주차장 - 주차장,화물,남,52세,상해없음,보행자,여,63세,경상
2021112900100622,2021년 11월 29일 22시,월요일,경상남도 사천시 사천읍,중상사고,0,1,0,0,차대차 - 측면충돌,교차로운행방법위반,건조,맑음,교차로 - 교차로안,승용,남,34세,상해없음,이륜,남,29세,중상
2021113000100060,2021년 11월 30일 06시,화요일,경상남도 창원시 의창구 팔용동,경상사고,0,0,1,0,차대차 - 측면충돌,신호위반,건조,맑음,교차로 - 교차로안,승용,남,44세,상해없음,승용,여,57세,경상
2021113000100151,2021년 11월 30일 08시,화요일,경상남도 사천시 사천읍,경상사고,0,0,1,0,차대차 - 측면충돌,신호위반,젖음/습기,비,교차로 - 교차로안,승용,남,60세,상해없음,승용,남,50세,경상
2021113000100152,2021년 11월 30일 08시,화요일,경상남도 사천시 축동면,경상사고,0,0,1,0,차대차 - 측면충돌,안전운전불이행,젖음/습기,비,단일로 - 기타,승용,여,25세,상해없음,화물,남,48세,경상
2021113000100153,2021년 11월 30일 08시,화요일,경상남도 김해시 외동,경상사고,0,0,2,0,차대차 - 측면충돌,교차로운행방법위반,젖음/습기,비,교차로 - 교차로횡단보도내,승용,여,61세,상해없음,승용,남,47세,경상
2021113000100154,2021년 11월 30일 08시,화요일,경상남도 창녕군 창녕읍,부상신고사고,0,0,0,1,차량단독 - 공작물충돌,안전운전불이행,젖음/습기,비,단일로 - 기타,승용,남,21세,부상신고,,,,
2021113000100155,2021년 11월 30일 08시,화요일,경상남도 양산시 동면,경상사고,0,0,1,0,차대차 - 측면충돌,안전운전불이행,젖음/습기,비,교차로 - 교차로부근,승용,여,43세,기타불명,승용,여,40세,경상
2021113000100170,2021년 11월 30일 09시,화요일,경상남도 김해시 주촌면,사망사고,1,0,0,0,차대차 - 측면충돌,기타,젖음/습기,비,단일로 - 기타,승용,남,31세,상해없음,화물,남,60세,사망
2021113000100185,2021년 11월 30일 09시,화요일,경상남도 진주시 문산읍,중상사고,0,1,0,0,차대차 - 추돌,안전거리미확보,젖음/습기,흐림,단일로 - 기타,승용,남,46세,상해없음,승용,여,55세,중상
2021113000100186,2021년 11월 30일 09시,화요일,경상남도 통영시 북신동,경상사고,0,0,1,0,차대사람 - 횡단중,보행자보호의무위반,젖음/습기,비,교차로 - 교차로부근,승용,여,52세,상해없음,보행자,여,76세,경상
2021113000100187,2021년 11월 30일 09시,화요일,경상남도 양산시 중부동,부상신고사고,0,0,0,1,차대사람 - 차도통행중,안전운전불이행,건조,맑음,단일로 - 기타,승용,남,59세,상해없음,보행자,남,35세,부상신고
2021113000100188,2021년 11월 30일 09시,화요일,경상남도 함안군 칠원읍,경상사고,0,0,1,1,차대차 - 측면충돌,안전거리미확보,젖음/습기,비,단일로 - 기타,승용,남,70세,부상신고,승용,여,49세,경상
2021113000100223,2021년 11월 30일 10시,화요일,경상남도 양산시 덕계동,경상사고,0,0,1,0,차대차 - 기타,안전운전불이행,건조,맑음,단일로 - 기타,승용,여,42세,상해없음,승용,여,40세,경상
2021113000100224,2021년 11월 30일 10시,화요일,경상남도 양산시 삼호동,경상사고,0,0,1,0,차대차 - 측면충돌,안전운전불이행,건조,맑음,교차로 - 교차로안,승용,남,48세,상해없음,승용,남,30세,경상
2021113000100225,2021년 11월 30일 10시,화요일,경상남도 김해시 진례면,부상신고사고,0,0,0,1,차대차 - 측면충돌,신호위반,건조,맑음,교차로 - 교차로안,승용,남,36세,부상신고,화물,남,34세,상해없음
2021113000100254,2021년 11월 30일 11시,화요일,경상남도 거제시 옥포동,경상사고,0,0,2,0,차대차 - 기타,안전운전불이행,젖음/습기,비,단일로 - 기타,승용,남,41세,상해없음,승용,남,61세,경상
2021113000100283,2021년 11월 30일 12시,화요일,경상남도 진주시 평거동,경상사고,0,0,1,0,차대차 - 정면충돌,안전운전불이행,건조,맑음,단일로 - 기타,승용,남,68세,상해없음,이륜,남,50세,경상
2021113000100284,2021년 11월 30일 12시,화요일,경상남도 김해시 삼정동,경상사고,0,0,1,0,차량단독 - 기타,안전운전불이행,젖음/습기,비,단일로 - 기타,승합,남,47세,상해없음,,,,
2021113000100285,2021년 11월 30일 12시,화요일,경상남도 양산시 물금읍,경상사고,0,0,6,0,차대차 - 추돌,안전운전불이행,젖음/습기,비,단일로 - 기타,화물,남,38세,상해없음,승용,남,72세,경상
2021113000100313,2021년 11월 30일 13시,화요일,경상남도 거제시 상동동,부상신고사고,0,0,0,1,차대차 - 측면충돌,안전운전불이행,건조,맑음,단일로 - 기타,승용,남,60세,상해없음,이륜,남,32세,부상신고
2021113000100314,2021년 11월 30일 13시,화요일,경상남도 함안군 칠북면,경상사고,0,0,1,0,차대차 - 측면충돌,직진우회전진행방해,젖음/습기,비,교차로 - 교차로안,승용,남,68세,상해없음,승용,여,49세,경상
2021113000100315,2021년 11월 30일 13시,화요일,경상남도 의령군 의령읍,경상사고,0,0,1,0,차대차 - 측면충돌,신호위반,젖음/습기,비,교차로 - 교차로안,승용,여,51세,경상,특수,남,52세,상해없음
2021113000100341,2021년 11월 30일 14시,화요일,경상남도 사천시 사천읍,경상사고,0,0,1,0,차대사람 - 기타,보행자보호의무위반,젖음/습기,흐림,교차로 - 교차로안,승용,남,52세,상해없음,보행자,남,71세,경상
2021113000100342,2021년 11월 30일 14시,화요일,경상남도 김해시 대청동,중상사고,0,1,0,0,차대차 - 기타,안전운전불이행,건조,흐림,단일로 - 기타,승용,남,37세,상해없음,이륜,남,41세,중상
2021113000100461,2021년 11월 30일 17시,화요일,경상남도 사천시 용현면,중상사고,0,1,0,0,차대차 - 측면충돌,안전운전불이행,건조,맑음,단일로 - 기타,승용,남,71세,상해없음,승용,여,69세,중상
2021113000100462,2021년 11월 30일 17시,화요일,경상남도 산청군 산청읍,중상사고,0,1,0,0,차대사람 - 횡단중,안전운전불이행,젖음/습기,비,단일로 - 기타,승용,남,62세,상해없음,보행자,여,29세,중상
2021113000100463,2021년 11월 30일 17시,화요일,경상남도 창원시 성산구 상남동,경상사고,0,0,1,0,차대사람 - 횡단중,안전운전불이행,건조,맑음,교차로 - 교차로안,승용,남,30세,상해없음,보행자,여,56세,경상
2021113000100464,2021년 11월 30일 17시,화요일,경상남도 창원시 의창구 서상동,중상사고,0,1,0,0,차대차 - 측면충돌,안전운전불이행,건조,맑음,교차로 - 교차로안,승용,여,55세,상해없음,이륜,남,32세,중상
2021113000100511,2021년 11월 30일 18시,화요일,경상남도 창원시 성산구 사파동,경상사고,0,0,1,0,차대차 - 측면충돌,신호위반,건조,맑음,교차로 - 교차로안,승용,여,47세,상해없음,승용,여,50세,경상
2021113000100557,2021년 11월 30일 19시,화요일,경상남도 사천시 선구동,중상사고,0,1,1,0,차대차 - 추돌,안전운전불이행,건조,맑음,단일로 - 기타,승용,남,31세,상해없음,승용,남,34세,경상
2021113000100558,2021년 11월 30일 19시,화요일,경상남도 창원시 성산구 신촌동,중상사고,0,1,0,0,차대사람 - 횡단중,보행자보호의무위반,건조,맑음,교차로 - 교차로횡단보도내,화물,남,58세,상해없음,보행자,여,16세,중상
2021113000100559,2021년 11월 30일 19시,화요일,경상남도 김해시 무계동,경상사고,0,0,1,0,차대차 - 기타,안전운전불이행,건조,맑음,교차로 - 교차로안,승용,여,28세,상해없음,이륜,남,21세,경상
2021113000100587,2021년 11월 30일 20시,화요일,경상남도 창원시 진해구 풍호동,경상사고,0,0,1,0,차대차 - 측면충돌,기타,건조,맑음,교차로 - 교차로안,이륜,남,30세,상해없음,승용,여,34세,경상
2021113000100588,2021년 11월 30일 20시,화요일,경상남도 김해시 어방동,경상사고,0,0,1,0,차대차 - 추돌,안전운전불이행,건조,맑음,단일로 - 기타,승용,여,24세,상해없음,승용,남,58세,경상
2021113000100589,2021년 11월 30일 20시,화요일,경상남도 거제시 장평동,중상사고,0,1,0,0,차대차 - 측면충돌,안전운전불이행,건조,맑음,교차로 - 교차로부근,자전거,남,13세,중상,승합,남,27세,상해없음
2021113000100590,2021년 11월 30일 20시,화요일,경상남도 거제시 연초면,부상신고사고,0,0,0,1,차량단독 - 기타,안전운전불이행,건조,맑음,단일로 - 기타,화물,남,53세,부상신고,,,,
2021113000100641,2021년 11월 30일 22시,화요일,경상남도 창원시 진해구 석동,경상사고,0,0,1,0,차대차 - 기타,안전운전불이행,건조,맑음,교차로 - 교차로부근,승용,남,65세,상해없음,이륜,남,42세,경상
2021113000100655,2021년 11월 30일 23시,화요일,경상남도 거제시 고현동,경상사고,0,0,3,0,차대차 - 측면충돌,신호위반,건조,맑음,교차로 - 교차로안,승용,여,60세,상해없음,승용,여,44세,경상
2021113000100656,2021년 11월 30일 23시,화요일,경상남도 거제시 일운면,경상사고,0,0,3,0,차대차 - 추돌,안전운전불이행,건조,맑음,단일로 - 기타,화물,여,43세,상해없음,승용,남,49세,경상
2021120100100021,2021년 12월 1일 01시,수요일,경상남도 창원시 마산회원구 양덕동,중상사고,0,1,0,0,차대차 - 측면충돌,신호위반,건조,맑음,교차로 - 교차로안,승용,여,32세,상해없음,원동기,남,55세,중상
2021120100100028,2021년 12월 1일 02시,수요일,경상남도 진주시 가좌동,부상신고사고,0,0,0,1,차대사람 - 길가장자리구역통행중,안전운전불이행,건조,맑음,단일로 - 기타,승용,남,21세,상해없음,보행자,남,22세,부상신고
2021120100100038,2021년 12월 1일 04시,수요일,경상남도 양산시 덕계동,경상사고,0,0,1,0,차량단독 - 공작물충돌,안전운전불이행,건조,맑음,단일로 - 기타,승용,남,54세,경상,,,,
2021120100100075,2021년 12월 1일 07시,수요일,경상남도 창원시 마산합포구 진북면,경상사고,0,0,2,1,차대차 - 측면충돌,신호위반,건조,맑음,교차로 - 교차로안,승용,남,66세,부상신고,화물,남,44세,경상
2021120100100076,2021년 12월 1일 07시,수요일,경상남도 통영시 용남면,경상사고,0,0,3,0,차대차 - 측면충돌,직진우회전진행방해,건조,맑음,교차로 - 교차로안,승용,여,29세,상해없음,승용,여,44세,경상
2021120100100110,2021년 12월 1일 08시,수요일,경상남도 진주시 신안동,중상사고,0,1,0,0,차대차 - 측면충돌,신호위반,건조,맑음,교차로 - 교차로안,승용,남,59세,상해없음,승용,여,48세,중상
2021120100100111,2021년 12월 1일 08시,수요일,경상남도 김해시 어방동,경상사고,0,0,2,0,차대차 - 측면충돌,신호위반,건조,맑음,교차로 - 교차로안,승용,여,50세,경상,승용,여,52세,경상
2021120100100112,2021년 12월 1일 08시,수요일,경상남도 거제시 연초면,경상사고,0,0,1,0,차대차 - 측면충돌,차로위반,건조,맑음,교차로 - 교차로안,승용,여,29세,상해없음,승용,남,27세,경상
2021120100100154,2021년 12월 1일 09시,수요일,경상남도 양산시 물금읍,중상사고,0,1,0,0,차대차 - 측면충돌,안전운전불이행,건조,맑음,단일로 - 기타,화물,남,70세,상해없음,자전거,여,62세,중상
2021120100100155,2021년 12월 1일 09시,수요일,경상남도 창원시 의창구 봉림동,경상사고,0,0,1,0,차대사람 - 보도통행중,안전운전불이행,건조,맑음,단일로 - 기타,자전거,여,42세,상해없음,보행자,여,42세,경상
2021120100100156,2021년 12월 1일 09시,수요일,경상남도 창원시 의창구 북면,중상사고,0,1,0,0,차대차 - 측면충돌,안전운전불이행,건조,맑음,단일로 - 기타,승용,여,34세,상해없음,이륜,남,70세,중상
2021120100100195,2021년 12월 1일 10시,수요일,경상남도 김해시 진영읍,중상사고,0,1,0,0,차대차 - 측면충돌,중앙선침범,건조,맑음,교차로 - 교차로부근,승용,여,30세,상해없음,화물,남,69세,상해없음
2021120100100222,2021년 12월 1일 11시,수요일,경상남도 합천군 초계면,중상사고,0,1,1,0,차대차 - 측면충돌,교차로운행방법위반,건조,맑음,교차로 - 교차로안,화물,남,48세,경상,승용,남,28세,중상
2021120100100248,2021년 12월 1일 12시,수요일,경상남도 창원시 진해구 용원동,경상사고,0,0,1,0,차대차 - 측면충돌,안전운전불이행,건조,맑음,교차로 - 교차로부근,화물,남,61세,상해없음,승용,남,28세,경상
2021120100100249,2021년 12월 1일 12시,수요일,경상남도 고성군 회화면,경상사고,0,0,1,0,차대사람 - 기타,안전운전불이행,건조,맑음,주차장 - 주차장,기타불명,남,25세,상해없음,보행자,남,60세,경상
2021120100100273,2021년 12월 1일 13시,수요일,경상남도 창원시 의창구 사림동,경상사고,0,0,1,0,차대차 - 추돌,안전운전불이행,건조,맑음,단일로 - 기타,승용,여,53세,상해없음,승용,여,37세,경상
2021120100100309,2021년 12월 1일 14시,수요일,경상남도 통영시 무전동,중상사고,0,1,0,0,차대차 - 기타,안전운전불이행,건조,맑음,교차로 - 교차로안,화물,남,74세,상해없음,화물,남,38세,중상
2021120100100310,2021년 12월 1일 14시,수요일,경상남도 밀양시 하남읍,경상사고,0,0,2,0,차대차 - 측면충돌,신호위반,건조,맑음,교차로 - 교차로안,승용,여,62세,경상,화물,남,45세,경상
2021120100100344,2021년 12월 1일 15시,수요일,경상남도 창원시 마산합포구 해운동,경상사고,0,0,1,0,차대차 - 후진중충돌,안전운전불이행,건조,맑음,주차장 - 주차장,승용,여,42세,상해없음,승용,여,57세,경상
2021120100100345,2021년 12월 1일 15시,수요일,경상남도 창녕군 창녕읍,경상사고,0,0,1,0,차대차 - 기타,안전운전불이행,건조,맑음,단일로 - 기타,승용,여,61세,경상,승용,남,70세,기타불명
2021120100100377,2021년 12월 1일 16시,수요일,경상남도 진주시 대안동,경상사고,0,0,1,0,차대사람 - 길가장자리구역통행중,안전운전불이행,건조,맑음,교차로 - 교차로부근,승용,남,31세,상해없음,보행자,남,35세,경상
2021120100100378,2021년 12월 1일 16시,수요일,경상남도 고성군 고성읍,중상사고,0,1,0,0,차대사람 - 보도통행중,보행자보호의무위반,건조,맑음,단일로 - 기타,승용,남,50세,상해없음,보행자,여,56세,중상
2021120100100379,2021년 12월 1일 16시,수요일,경상남도 김해시 주촌면,경상사고,0,0,1,0,차대차 - 측면충돌,안전운전불이행,건조,맑음,교차로 - 교차로안,승용,남,32세,상해없음,화물,남,51세,경상
2021120100100418,2021년 12월 1일 17시,수요일,경상남도 창원시 마산합포구 상남동,중상사고,0,1,0,0,차대사람 - 길가장자리구역통행중,안전운전불이행,건조,맑음,교차로 - 교차로안,승용,여,50세,상해없음,보행자,남,78세,중상
2021120100100419,2021년 12월 1일 17시,수요일,경상남도 김해시 대동면,중상사고,0,1,0,0,차대차 - 측면충돌,직진우회전진행방해,건조,맑음,교차로 - 교차로안,승용,여,64세,상해없음,승용,남,56세,중상
2021120100100420,2021년 12월 1일 17시,수요일,경상남도 양산시 어곡동,경상사고,0,0,1,0,차량단독 - 공작물충돌,안전운전불이행,건조,맑음,단일로 - 기타,승합,남,57세,상해없음,,,,
2021120100100486,2021년 12월 1일 18시,수요일,경상남도 창원시 의창구 봉곡동,경상사고,0,0,1,0,차대차 - 기타,안전운전불이행,건조,맑음,단일로 - 기타,자전거,여,49세,경상,승용,남,69세,상해없음
2021120100100592,2021년 12월 1일 21시,수요일,경상남도 창원시 마산합포구 화영동,중상사고,0,1,0,0,차대사람 - 횡단중,안전운전불이행,건조,맑음,교차로 - 교차로부근,이륜,남,22세,상해없음,보행자,여,61세,중상
2021120100100593,2021년 12월 1일 21시,수요일,경상남도 통영시 무전동,중상사고,0,1,0,0,차대차 - 추돌,안전운전불이행,건조,맑음,단일로 - 기타,이륜,남,17세,중상,화물,남,40세,상해없음
2021120100100594,2021년 12월 1일 21시,수요일,경상남도 김해시 동상동,경상사고,0,0,1,0,차대차 - 측면충돌,직진우회전진행방해,건조,맑음,교차로 - 교차로안,기타불명,기타불명,미분류,기타불명,이륜,남,52세,경상