사고번호,사고일시,요일,시군구,사고내용,사망자수,중상자수,경상자수,부상신고자수,사고유형,법규위반,노면상태,기상상태,도로형태,가해운전자 차종,가해운전자 성별,가해운전자 연령,가해운전자 상해정도,피해운전자 차종,피해운전자 성별,피해운전자 연령,피해운전자 상해정도
2021120500100374,2021년 12월 5일 19시,일요일,경상남도 창원시 진해구 이동,경상사고,0,0,2,0,차대차 - 측면충돌,신호위반,건조,맑음,교차로 - 교차로부근,승용,남,64세,상해없음,승용,여,20세,경상
2021120500100375,2021년 12월 5일 19시,일요일,경상남도 거창군 거창읍,경상사고,0,0,1,0,차대차 - 측면충돌,안전운전불이행,건조,맑음,단일로 - 기타,이륜,남,49세,상해없음,승용,남,30세,경상
2021120500100376,2021년 12월 5일 19시,일요일,경상남도 창원시 성산구 사파동,경상사고,0,0,2,0,차대차 - 측면충돌,신호위반,건조,맑음,교차로 - 교차로안,이륜,남,27세,상해없음,승용,남,57세,경상
2021120500100398,2021년 12월 5일 20시,일요일,경상남도 창원시 의창구 봉곡동,경상사고,0,0,1,0,차대차 - 기타,안전운전불이행,건조,맑음,교차로 - 교차로안,승합,남,50세,상해없음,승용,남,60세,상해없음
2021120500100427,2021년 12월 5일 22시,일요일,경상남도 양산시 명동,중상사고,0,1,0,0,차대차 - 측면충돌,중앙선침범,건조,맑음,단일로 - 기타,승용,여,48세,상해없음,승용,여,52세,중상
2021120500100442,2021년 12월 5일 23시,일요일,경상남도 김해시 삼방동,경상사고,0,0,1,0,차대차 - 측면충돌,안전운전불이행,건조,맑음,교차로 - 교차로안,승용,남,47세,상해없음,이륜,남,18세,경상
2021120600100020,2021년 12월 6일 05시,월요일,경상남도 통영시 도천동,경상사고,0,0,1,0,차대차 - 추돌,안전운전불이행,건조,맑음,단일로 - 기타,승용,남,54세,상해없음,이륜,남,75세,경상
2021120600100021,2021년 12월 6일 05시,월요일,경상남도 김해시 불암동,중상사고,0,1,0,0,차대차 - 측면충돌,신호위반,건조,맑음,교차로 - 교차로안,승용,남,57세,상해없음,승용,여,55세,중상
2021120600100032,2021년 12월 6일 06시,월요일,경상남도 창원시 진해구 제덕동,경상사고,0,0,1,0,차량단독 - 기타,안전운전불이행,건조,맑음,교차로 - 교차로안,승용,남,31세,경상,,,,
2021120600100033,2021년 12월 6일 06시,월요일,경상남도 창원시 의창구 동읍,경상사고,0,0,1,0,차대차 - 측면충돌,신호위반,건조,맑음,단일로 - 터널,화물,남,52세,상해없음,승용,남,53세,경상
2021120600100053,2021년 12월 6일 07시,월요일,경상남도 창원시 마산회원구 구암동,경상사고,0,0,1,0,차대사람 - 횡단중,안전운전불이행,건조,맑음,교차로 - 교차로횡단보도내,승용,남,68세,상해없음,보행자,남,63세,경상
2021120600100090,2021년 12월 6일 08시,월요일,경상남도 김해시 부원동,경상사고,0,0,1,0,차대차 - 측면충돌,안전운전불이행,건조,맑음,교차로 - 교차로부근,승용,여,51세,상해없음,자전거,남,64세,경상
2021120600100091,2021년 12월 6일 08시,월요일,경상남도 창원시 성산구 상남동,경상사고,0,0,1,0,차대차 - 측면충돌,안전운전불이행,건조,맑음,교차로 - 교차로안,승용,남,48세,상해없음,승용,남,61세,경상
2021120600100092,2021년 12월 6일 08시,월요일,경상남도 김해시 주촌면,중상사고,0,1,0,0,차대차 - 측면충돌,신호위반,건조,맑음,교차로 - 교차로안,승용,여,34세,상해없음,건설기계,남,63세,중상
2021120600100127,2021년 12월 6일 09시,월요일,경상남도 사천시 동금동,중상사고,0,1,0,0,차대사람 - 기타,안전운전불이행,건조,맑음,단일로 - 기타,승용,남,68세,상해없음,보행자,남,33세,중상
2021120600100128,2021년 12월 6일 09시,월요일,경상남도 밀양시 상남면,중상사고,0,2,0,0,차대차 - 측면충돌,신호위반,건조,맑음,교차로 - 교차로안,승용,남,74세,상해없음,승용,여,72세,중상
2021120600100129,2021년 12월 6일 09시,월요일,경상남도 거제시 고현동,경상사고,0,0,2,0,차대차 - 측면충돌,안전운전불이행,건조,맑음,교차로 - 교차로안,승용,여,65세,상해없음,승용,여,26세,경상
2021120600100130,2021년 12월 6일 09시,월요일,경상남도 김해시 흥동,부상신고사고,0,0,0,1,차량단독 - 공작물충돌,안전운전불이행,건조,맑음,단일로 - 기타,승용,남,68세,부상신고,,,,
2021120600100154,2021년 12월 6일 10시,월요일,경상남도 함양군 함양읍,경상사고,0,0,1,0,차대차 - 측면충돌,교차로운행방법위반,건조,맑음,교차로 - 교차로안,승용,여,63세,상해없음,화물,남,47세,경상
2021120600100155,2021년 12월 6일 10시,월요일,경상남도 하동군 하동읍,중상사고,0,1,0,0,차대사람 - 기타,안전운전불이행,건조,맑음,단일로 - 기타,승용,남,55세,상해없음,보행자,여,31세,중상
2021120600100186,2021년 12월 6일 11시,월요일,경상남도 거창군 거창읍,경상사고,0,0,1,0,차대차 - 추돌,안전운전불이행,건조,맑음,교차로 - 교차로안,이륜,남,68세,경상,승용,남,42세,상해없음
2021120600100276,2021년 12월 6일 14시,월요일,경상남도 진주시 가좌동,경상사고,0,0,1,0,차대차 - 측면충돌,교차로운행방법위반,건조,맑음,교차로 - 교차로부근,승용,남,74세,상해없음,승용,남,27세,경상
2021120600100277,2021년 12월 6일 14시,월요일,경상남도 진주시 상대동,경상사고,0,0,3,0,차대차 - 측면충돌,차로위반,건조,맑음,단일로 - 기타,승용,여,63세,상해없음,승용,남,52세,경상
2021120600100278,2021년 12월 6일 14시,월요일,경상남도 남해군 창선면,중상사고,0,1,0,0,차대차 - 측면충돌,안전운전불이행,건조,맑음,단일로 - 기타,화물,남,60세,상해없음,승용,여,59세,중상
2021120600100279,2021년 12월 6일 14시,월요일,경상남도 김해시 율하동,중상사고,0,1,0,0,차대차 - 측면충돌,교차로운행방법위반,건조,맑음,교차로 - 교차로안,승합,남,39세,상해없음,이륜,남,33세,중상
2021120600100306,2021년 12월 6일 15시,월요일,경상남도 창원시 진해구 덕산동,경상사고,0,0,1,0,차대차 - 측면충돌,안전운전불이행,건조,맑음,교차로 - 교차로부근,승용,남,74세,상해없음,이륜,남,23세,경상
2021120600100376,2021년 12월 6일 17시,월요일,경상남도 통영시 무전동,중상사고,0,1,1,0,차대차 - 추돌,안전운전불이행,건조,맑음,단일로 - 기타,화물,여,66세,중상,승용,남,37세,경상
2021120600100377,2021년 12월 6일 17시,월요일,경상남도 양산시 중부동,중상사고,0,1,1,0,차대차 - 추돌,안전운전불이행,건조,맑음,단일로 - 기타,승용,남,58세,상해없음,승용,남,66세,경상
2021120600100378,2021년 12월 6일 17시,월요일,경상남도 고성군 마암면,경상사고,0,0,1,0,차대차 - 추돌,안전운전불이행,건조,맑음,단일로 - 기타,승용,남,47세,상해없음,화물,남,69세,경상
2021120600100379,2021년 12월 6일 17시,월요일,경상남도 창원시 의창구 도계동,경상사고,0,0,1,0,차대사람 - 기타,안전운전불이행,건조,맑음,단일로 - 기타,승용,여,65세,상해없음,보행자,여,64세,경상
2021120600100413,2021년 12월 6일 18시,월요일,경상남도 창원시 진해구 소사동,경상사고,0,0,1,0,차대차 - 기타,안전운전불이행,건조,맑음,단일로 - 기타,화물,남,73세,상해없음,특수,남,63세,경상
2021120600100435,2021년 12월 6일 18시,월요일,경상남도 양산시 하북면,중상사고,0,1,1,1,차대차 - 측면충돌,차로위반,건조,맑음,단일로 - 기타,승용,남,58세,부상신고,승용,남,59세,경상
2021120600100436,2021년 12월 6일 18시,월요일,경상남도 하동군 금남면,경상사고,0,0,1,0,차대차 - 추돌,안전운전불이행,건조,맑음,단일로 - 기타,승용,남,33세,경상,건설기계,남,62세,상해없음
2021120600100437,2021년 12월 6일 18시,월요일,경상남도 창원시 성산구 중앙동,부상신고사고,0,0,0,1,차대사람 - 횡단중,보행자보호의무위반,건조,맑음,단일로 - 기타,이륜,남,31세,상해없음,보행자,남,48세,부상신고
2021120600100438,2021년 12월 6일 18시,월요일,경상남도 김해시 진영읍,중상사고,0,1,0,0,차대사람 - 보도통행중,보행자보호의무위반,건조,맑음,교차로 - 교차로횡단보도내,승용,남,23세,상해없음,보행자,남,67세,중상
2021120600100480,2021년 12월 6일 19시,월요일,경상남도 양산시 물금읍,경상사고,0,0,1,0,차대차 - 측면충돌,교차로운행방법위반,건조,맑음,교차로 - 교차로안,이륜,남,58세,상해없음,이륜,남,39세,경상
2021120600100481,2021년 12월 6일 19시,월요일,경상남도 거제시 동부면,경상사고,0,0,1,0,차대사람 - 차도통행중,안전운전불이행,건조,맑음,단일로 - 기타,승용,여,52세,상해없음,보행자,남,59세,경상
2021120600100482,2021년 12월 6일 19시,월요일,경상남도 창원시 성산구 외동,경상사고,0,0,1,0,차대차 - 기타,신호위반,건조,맑음,교차로 - 교차로부근,승용,남,30세,상해없음,자전거,남,34세,경상
2021120600100507,2021년 12월 6일 20시,월요일,경상남도 창원시 진해구 안골동,중상사고,0,1,0,0,차대차 - 측면충돌,교차로운행방법위반,건조,맑음,교차로 - 교차로안,승용,남,57세,상해없음,이륜,남,29세,중상
2021120600100508,2021년 12월 6일 20시,월요일,경상남도 창원시 마산회원구 회원동,경상사고,0,0,2,0,차대사람 - 횡단중,보행자보호의무위반,건조,맑음,단일로 - 기타,승용,여,25세,상해없음,보행자,남,16세,경상
2021120600100528,2021년 12월 6일 21시,월요일,경상남도 양산시 물금읍,부상신고사고,0,0,0,2,차대차 - 측면충돌,교차로운행방법위반,건조,맑음,교차로 - 교차로안,이륜,남,19세,부상신고,승용,여,58세,부상신고
2021120600100553,2021년 12월 6일 22시,월요일,경상남도 통영시 용남면,부상신고사고,0,0,0,1,차대차 - 기타,안전운전불이행,건조,맑음,단일로 - 기타,승용,남,45세,상해없음,승용,여,51세,부상신고
2021120700100053,2021년 12월 7일 06시,화요일,경상남도 창원시 성산구 신촌동,경상사고,0,0,1,0,차대차 - 측면충돌,안전운전불이행,건조,맑음,교차로 - 교차로안,승용,남,39세,상해없음,승용,남,25세,경상
2021120700100054,2021년 12월 7일 06시,화요일,경상남도 창원시 의창구 도계동,중상사고,0,1,0,0,차대사람 - 횡단중,안전운전불이행,건조,맑음,교차로 - 교차로안,승용,남,61세,상해없음,보행자,여,84세,중상
2021120700100074,2021년 12월 7일 07시,화요일,경상남도 통영시 광도면,중상사고,0,1,1,0,차대차 - 측면충돌,교차로운행방법위반,건조,맑음,교차로 - 교차로안,승용,여,59세,경상,승합,남,55세,중상
2021120700100075,2021년 12월 7일 07시,화요일,경상남도 사천시 곤명면,경상사고,0,0,2,0,차대차 - 기타,안전운전불이행,건조,맑음,기타 - 기타,승용,남,79세,경상,화물,기타불명,미분류,기타불명
2021120700100076,2021년 12월 7일 07시,화요일,경상남도 함양군 서상면,경상사고,0,0,2,0,차대차 - 측면충돌,교차로운행방법위반,건조,맑음,교차로 - 교차로안,화물,남,55세,경상,화물,남,53세,경상
2021120700100077,2021년 12월 7일 07시,화요일,경상남도 양산시 물금읍,경상사고,0,0,1,0,차대차 - 측면충돌,안전운전불이행,건조,맑음,단일로 - 기타,승용,남,56세,기타불명,승용,여,51세,경상
2021120700100105,2021년 12월 7일 08시,화요일,경상남도 창원시 마산합포구 교방동,경상사고,0,0,1,0,차대사람 - 기타,기타,건조,맑음,교차로 - 교차로부근,승용,남,60세,상해없음,보행자,여,42세,경상
2021120700100106,2021년 12월 7일 08시,화요일,경상남도 진주시 하대동,경상사고,0,0,1,0,차대사람 - 횡단중,보행자보호의무위반,건조,맑음,교차로 - 교차로횡단보도내,승용,여,36세,상해없음,보행자,남,66세,경상
2021120700100107,2021년 12월 7일 08시,화요일,경상남도 통영시 중앙동,중상사고,0,1,0,0,차량단독 - 기타,안전운전불이행,건조,맑음,단일로 - 기타,승합,남,46세,상해없음,,,,
2021120700100108,2021년 12월 7일 08시,화요일,경상남도 사천시 정동면,부상신고사고,0,0,0,1,차대사람 - 횡단중,안전운전불이행,건조,맑음,단일로 - 기타,승용,남,54세,상해없음,보행자,여,65세,부상신고
2021120700100109,2021년 12월 7일 08시,화요일,경상남도 창녕군 성산면,경상사고,0,0,1,0,차대차 - 측면충돌,안전운전불이행,건조,맑음,교차로 - 교차로안,화물,남,59세,상해없음,승용,남,34세,경상
2021120700100110,2021년 12월 7일 08시,화요일,경상남도 양산시 물금읍,경상사고,0,0,1,0,차대차 - 측면충돌,안전거리미확보,건조,맑음,교차로 - 교차로안,화물,남,60세,상해없음,승용,여,23세,경상
2021120700100111,2021년 12월 7일 08시,화요일,경상남도 함안군 가야읍,경상사고,0,0,1,0,차대차 - 기타,교차로운행방법위반,건조,맑음,교차로 - 교차로안,승용,남,58세,상해없음,이륜,남,49세,경상
2021120700100112,2021년 12월 7일 08시,화요일,경상남도 의령군 의령읍,경상사고,0,0,1,0,차대차 - 측면충돌,직진우회전진행방해,건조,맑음,교차로 - 교차로안,자전거,남,62세,경상,승용,남,55세,상해없음
2021120700100136,2021년 12월 7일 09시,화요일,경상남도 거창군 거창읍,경상사고,0,0,1,0,차대사람 - 기타,안전운전불이행,건조,맑음,단일로 - 기타,화물,남,64세,상해없음,보행자,여,75세,경상
2021120700100137,2021년 12월 7일 09시,화요일,경상남도 양산시 물금읍,사망사고,1,0,0,0,차대사람 - 기타,기타,건조,맑음,단일로 - 기타,승용,여,37세,상해없음,보행자,여,74세,사망
2021120700100138,2021년 12월 7일 09시,화요일,경상남도 창원시 의창구 소답동,중상사고,0,1,0,0,차대사람 - 기타,안전운전불이행,건조,맑음,단일로 - 기타,승용,남,81세,상해없음,보행자,남,87세,중상
2021120700100139,2021년 12월 7일 09시,화요일,경상남도 김해시 진영읍,중상사고,0,1,0,0,차대사람 - 길가장자리구역통행중,안전운전불이행,건조,맑음,교차로 - 교차로안,승용,여,42세,상해없음,보행자,남,61세,중상
2021120700100162,2021년 12월 7일 10시,화요일,경상남도 창원시 진해구 장천동,경상사고,0,0,1,0,차대사람 - 횡단중,신호위반,건조,맑음,교차로 - 교차로횡단보도내,이륜,남,25세,상해없음,보행자,여,33세,경상
2021120700100192,2021년 12월 7일 11시,화요일,경상남도 통영시 용남면,중상사고,0,1,1,0,차대차 - 측면충돌,중앙선침범,건조,맑음,단일로 - 기타,승용,남,49세,기타불명,화물,남,44세,경상
2021120700100193,2021년 12월 7일 11시,화요일,경상남도 밀양시 내이동,경상사고,0,0,1,0,차대사람 - 기타,안전운전불이행,건조,맑음,단일로 - 기타,승용,남,81세,상해없음,보행자,남,60세,경상
2021120700100238,2021년 12월 7일 12시,화요일,경상남도 창녕군 부곡면,중상사고,0,1,0,0,차대사람 - 기타,안전운전불이행,건조,맑음,기타 - 기타,승용,남,48세,상해없음,보행자,남,61세,중상
2021120700100239,2021년 12월 7일 12시,화요일,경상남도 거제시 거제면,중상사고,0,1,0,0,차대차 - 측면충돌,안전운전불이행,건조,맑음,단일로 - 기타,화물,여,72세,상해없음,이륜,남,79세,중상
2021120700100240,2021년 12월 7일 12시,화요일,경상남도 창원시 성산구 가음동,경상사고,0,0,1,0,차대사람 - 횡단중,보행자보호의무위반,건조,맑음,단일로 - 기타,승용,여,49세,상해없음,보행자,남,25세,경상
2021120700100275,2021년 12월 7일 13시,화요일,경상남도 통영시 광도면,경상사고,0,0,2,0,차대차 - 측면충돌,직진우회전진행방해,건조,맑음,교차로 - 교차로안,승용,남,57세,상해없음,승용,남,59세,경상
2021120700100276,2021년 12월 7일 13시,화요일,경상남도 거창군 거창읍,경상사고,0,0,1,0,차대차 - 측면충돌,직진우회전진행방해,건조,맑음,교차로 - 교차로안,승용,여,55세,상해없음,자전거,여,74세,경상
2021120700100277,2021년 12월 7일 13시,화요일,경상남도 창녕군 남지읍,중상사고,0,1,0,0,차대차 - 기타,안전운전불이행,건조,맑음,단일로 - 기타,승용,남,28세,상해없음,이륜,남,63세,중상
2021120700100278,2021년 12월 7일 13시,화요일,경상남도 양산시 주진동,중상사고,0,1,0,0,차대차 - 추돌,안전운전불이행,건조,맑음,단일로 - 기타,화물,남,40세,상해없음,이륜,남,61세,중상
2021120700100307,2021년 12월 7일 14시,화요일,경상남도 거창군 거창읍,경상사고,0,0,1,0,차대차 - 측면충돌,직진우회전진행방해,건조,맑음,교차로 - 교차로안,승용,남,84세,상해없음,화물,여,56세,경상
2021120700100308,2021년 12월 7일 14시,화요일,경상남도 창원시 성산구 신월동,중상사고,0,1,0,0,차대차 - 측면충돌,교차로운행방법위반,건조,맑음,단일로 - 기타,승용,여,36세,상해없음,이륜,남,29세,중상
2021120700100341,2021년 12월 7일 15시,화요일,경상남도 밀양시 삼랑진읍,중상사고,0,1,0,0,차대사람 - 횡단중,안전운전불이행,건조,맑음,단일로 - 기타,승용,여,55세,상해없음,보행자,여,81세,중상
2021120700100342,2021년 12월 7일 15시,화요일,경상남도 거창군 거창읍,중상사고,0,1,0,0,차대차 - 측면충돌,직진우회전진행방해,건조,맑음,교차로 - 교차로안,이륜,남,48세,중상,화물,남,55세,상해없음
2021120700100343,2021년 12월 7일 15시,화요일,경상남도 고성군 고성읍,경상사고,0,0,2,0,차대차 - 추돌,직진우회전진행방해,건조,맑음,교차로 - 교차로안,화물,남,59세,상해없음,이륜,남,72세,경상
2021120700100377,2021년 12월 7일 16시,화요일,경상남도 사천시 사천읍,중상사고,0,1,0,0,차대차 - 측면충돌,안전운전불이행,건조,맑음,단일로 - 기타,화물,남,56세,상해없음,자전거,남,85세,중상
2021120700100430,2021년 12월 7일 17시,화요일,경상남도 사천시 송포동,경상사고,0,0,1,0,차대차 - 추돌,안전운전불이행,건조,맑음,단일로 - 기타,화물,남,75세,상해없음,화물,남,46세,경상
2021120700100431,2021년 12월 7일 17시,화요일,경상남도 창원시 마산회원구 봉암동,경상사고,0,0,1,0,차대차 - 측면충돌,안전운전불이행,건조,맑음,단일로 - 기타,승용,여,63세,상해없음,특수,남,57세,경상
2021120700100521,2021년 12월 7일 19시,화요일,경상남도 창녕군 도천면,경상사고,0,0,1,0,차량단독 - 도로외이탈 - 추락,안전운전불이행,건조,맑음,단일로 - 기타,원동기,남,35세,경상,,,,
2021120700100580,2021년 12월 7일 22시,화요일,경상남도 창원시 성산구 남산동,중상사고,0,1,0,0,차대차 - 추돌,안전운전불이행,건조,맑음,단일로 - 기타,승용,남,37세,상해없음,승용,여,63세,중상
2021120800100013,2021년 12월 8일 01시,수요일,경상남도 거제시 사등면,사망사고,1,0,0,0,차량단독 - 공작물충돌,안전운전불이행,건조,맑음,기타 - 기타,승용,남,57세,사망,,,,
2021120800100060,2021년 12월 8일 06시,수요일,경상남도 사천시 대방동,경상사고,0,0,1,0,차량단독 - 기타,안전운전불이행,건조,맑음,단일로 - 기타,화물,남,37세,경상,,,,
2021120800100081,2021년 12월 8일 07시,수요일,경상남도 통영시 미수동,중상사고,0,1,0,0,차대차 - 정면충돌,중앙선침범,건조,맑음,기타 - 기타,승용,남,25세,상해없음,화물,남,63세,중상
2021120800100115,2021년 12월 8일 08시,수요일,경상남도 통영시 무전동,경상사고,0,0,2,0,차대차 - 측면충돌,안전운전불이행,건조,맑음,교차로 - 교차로안,승용,여,48세,경상,승용,여,50세,경상
2021120800100116,2021년 12월 8일 08시,수요일,경상남도 합천군 가회면,중상사고,0,1,0,0,차대차 - 측면충돌,안전운전불이행,건조,맑음,단일로 - 기타,화물,남,54세,상해없음,화물,남,62세,중상
2021120800100147,2021년 12월 8일 09시,수요일,경상남도 거제시 거제면,경상사고,0,0,1,0,차대차 - 기타,신호위반,건조,맑음,교차로 - 교차로안,승용,남,75세,상해없음,승용,여,56세,경상
2021120800100169,2021년 12월 8일 10시,수요일,경상남도 김해시 안동,경상사고,0,0,1,0,차대차 - 추돌,안전운전불이행,건조,맑음,교차로 - 교차로안,화물,남,59세,상해없음,승용,여,58세,경상
2021120800100204,2021년 12월 8일 11시,수요일,경상남도 창원시 진해구 이동,중상사고,0,1,0,0,차대차 - 측면충돌,직진우회전진행방해,건조,맑음,교차로 - 교차로안,승용,남,53세,상해없음,이륜,남,61세,중상
2021120800100205,2021년 12월 8일 11시,수요일,경상남도 통영시 도천동,경상사고,0,0,1,0,차대차 - 측면충돌,교차로운행방법위반,건조,맑음,교차로 - 교차로안,승용,여,46세,상해없음,이륜,남,43세,경상
2021120800100206,2021년 12월 8일 11시,수요일,경상남도 양산시 중부동,경상사고,0,0,1,0,차대차 - 측면충돌,안전운전불이행,건조,맑음,교차로 - 교차로안,승용,여,70세,상해없음,승용,여,32세,경상
2021120800100207,2021년 12월 8일 11시,수요일,경상남도 거제시 고현동,경상사고,0,0,1,0,차대차 - 측면충돌,직진우회전진행방해,건조,맑음,교차로 - 교차로안,승용,여,45세,기타불명,승용,남,43세,경상
2021120800100230,2021년 12월 8일 12시,수요일,경상남도 거제시 상동동,중상사고,0,1,0,0,차대차 - 측면충돌,안전운전불이행,건조,맑음,교차로 - 교차로안,승용,남,38세,상해없음,이륜,남,47세,중상
2021120800100271,2021년 12월 8일 13시,수요일,경상남도 창원시 진해구 용원동,중상사고,0,1,0,0,차량단독 - 전도전복 - 전도,안전운전불이행,건조,맑음,단일로 - 기타,이륜,남,52세,중상,,,,
2021120800100272,2021년 12월 8일 13시,수요일,경상남도 함안군 여항면,경상사고,0,0,1,0,차대차 - 측면충돌,교차로운행방법위반,건조,맑음,교차로 - 교차로부근,이륜,남,54세,경상,화물,남,23세,상해없음
2021120800100312,2021년 12월 8일 14시,수요일,경상남도 사천시 좌룡동,경상사고,0,0,2,0,차대차 - 측면충돌,안전운전불이행,건조,맑음,단일로 - 기타,건설기계,남,51세,상해없음,승용,남,59세,경상
2021120800100313,2021년 12월 8일 14시,수요일,경상남도 남해군 남해읍,중상사고,0,1,0,0,차대사람 - 기타,안전운전불이행,건조,맑음,단일로 - 기타,화물,남,53세,상해없음,보행자,여,44세,중상
2021120800100384,2021년 12월 8일 16시,수요일,경상남도 창원시 마산합포구 중앙동2가,중상사고,0,1,0,0,차대차 - 기타,교차로운행방법위반,건조,맑음,교차로 - 교차로부근,승용,남,73세,상해없음,승합,남,50세,상해없음
2021120800100385,2021년 12월 8일 16시,수요일,경상남도 밀양시 교동,중상사고,0,1,0,0,차대차 - 추돌,안전운전불이행,건조,맑음,단일로 - 기타,화물,남,60세,상해없음,승용,여,57세,중상
2021120800100437,2021년 12월 8일 17시,수요일,경상남도 밀양시 하남읍,중상사고,0,1,0,0,차대사람 - 길가장자리구역통행중,안전운전불이행,건조,흐림,단일로 - 기타,승용,남,50세,상해없음,보행자,여,73세,중상
2021120800100438,2021년 12월 8일 17시,수요일,경상남도 거제시 고현동,중상사고,0,1,1,0,차대차 - 기타,안전운전불이행,건조,맑음,단일로 - 기타,이륜,남,40세,경상,자전거,남,25세,중상
2021120800100439,2021년 12월 8일 17시,수요일,경상남도 거제시 아주동,중상사고,0,1,0,0,차대차 - 정면충돌,신호위반,건조,맑음,교차로 - 교차로안,승용,여,68세,상해없음,이륜,남,37세,중상
2021120800100484,2021년 12월 8일 18시,수요일,경상남도 창원시 진해구 자은동,중상사고,0,1,0,0,차대사람 - 횡단중,신호위반,건조,맑음,교차로 - 교차로부근,승합,남,66세,상해없음,보행자,남,14세,중상
2021120800100485,2021년 12월 8일 18시,수요일,경상남도 양산시 물금읍,경상사고,0,0,1,0,차대차 - 추돌,안전운전불이행,건조,맑음,교차로 - 교차로안,승용,여,25세,상해없음,승용,남,40세,경상
2021120800100486,2021년 12월 8일 18시,수요일,경상남도 거제시 고현동,중상사고,0,1,0,0,차대차 - 측면충돌,안전운전불이행,건조,맑음,교차로 - 교차로안,승용,남,40세,상해없음,이륜,남,41세,중상
2021120800100487,2021년 12월 8일 18시,수요일,경상남도 거제시 고현동,경상사고,0,0,1,0,차대차 - 측면충돌,안전운전불이행,건조,맑음,단일로 - 기타,승용,여,57세,상해없음,자전거,남,50세,경상
2021120800100488,2021년 12월 8일 18시,수요일,경상남도 거제시 수월동,경상사고,0,0,1,0,차대차 - 기타,직진우회전진행방해,건조,맑음,교차로 - 교차로안,승용,여,33세,상해없음,승용,여,33세,경상
2021120800100489,2021년 12월 8일 18시,수요일,경상남도 창원시 마산회원구 내서읍,경상사고,0,0,4,0,차대차 - 기타,안전운전불이행,건조,맑음,단일로 - 고가도로위,승용,남,33세,상해없음,승용,여,39세,경상
2021120800100529,2021년 12월 8일 19시,수요일,경상남도 창원시 진해구 자은동,경상사고,0,0,1,0,차대차 - 측면충돌,교차로운행방법위반,건조,기타,교차로 - 교차로안,승용,여,40세,상해없음,이륜,남,37세,경상
2021120800100530,2021년 12월 8일 19시,수요일,경상남도 김해시 삼계동,경상사고,0,0,1,0,차대사람 - 길가장자리구역통행중,안전운전불이행,건조,맑음,단일로 - 기타,이륜,남,71세,상해없음,보행자,여,16세,경상
2021120800100531,2021년 12월 8일 19시,수요일,경상남도 거제시 양정동,경상사고,0,0,1,0,차대차 - 후진중충돌,안전운전불이행,건조,맑음,단일로 - 기타,화물,남,56세,상해없음,승합,여,46세,경상
2021120800100532,2021년 12월 8일 19시,수요일,경상남도 거제시 고현동,경상사고,0,0,1,0,차대차 - 기타,안전운전불이행,건조,맑음,단일로 - 기타,승용,남,24세,상해없음,이륜,남,28세,경상
2021120800100533,2021년 12월 8일 19시,수요일,경상남도 김해시 진영읍,중상사고,0,1,0,0,차대차 - 측면충돌,직진우회전진행방해,건조,맑음,교차로 - 교차로안,승용,남,43세,상해없음,이륜,남,26세,중상
2021120800100559,2021년 12월 8일 20시,수요일,경상남도 김해시 부원동,경상사고,0,0,1,0,차대차 - 측면충돌,차로위반,건조,맑음,단일로 - 기타,승용,남,66세,상해없음,승용,남,55세,경상
2021120800100576,2021년 12월 8일 21시,수요일,경상남도 양산시 물금읍,경상사고,0,0,1,0,차대차 - 측면충돌,신호위반,건조,맑음,교차로 - 교차로안,승용,여,40세,상해없음,승용,남,42세,경상
2021120800100595,2021년 12월 8일 22시,수요일,경상남도 진주시 호탄동,경상사고,0,0,1,0,차대차 - 기타,신호위반,건조,맑음,교차로 - 교차로안,승용,남,46세,상해없음,승용,남,24세,경상
2021120800100596,2021년 12월 8일 22시,수요일,경상남도 통영시 광도면,경상사고,0,0,2,0,차대차 - 추돌,안전운전불이행,건조,맑음,교차로 - 교차로부근,승용,남,51세,상해없음,승용,여,34세,경상
2021120900100105,2021년 12월 9일 08시,목요일,경상남도 진주시 상대동,사망사고,1,0,1,0,차대차 - 측면충돌,신호위반,건조,맑음,교차로 - 교차로안,승용,남,78세,상해없음,자전거,남,73세,사망
2021120900100106,2021년 12월 9일 08시,목요일,경상남도 밀양시 내이동,경상사고,0,0,1,0,차대차 - 추돌,안전운전불이행,건조,맑음,단일로 - 기타,승용,남,61세,상해없음,승용,여,50세,경상
2021120900100107,2021년 12월 9일 08시,목요일,경상남도 김해시 외동,경상사고,0,0,1,0,차대차 - 측면충돌,안전운전불이행,건조,맑음,단일로 - 기타,화물,남,54세,상해없음,자전거,남,18세,경상
2021120900100108,2021년 12월 9일 08시,목요일,경상남도 의령군 유곡면,경상사고,0,0,1,0,차대사람 - 기타,안전운전불이행,건조,맑음,단일로 - 기타,화물,남,60세,기타불명,보행자,남,60세,경상
2021120900100126,2021년 12월 9일 09시,목요일,경상남도 창원시 의창구 사림동,경상사고,0,0,2,1,차대차 - 측면충돌,안전운전불이행,건조,맑음,교차로 - 교차로안,승용,남,74세,경상,승용,남,22세,경상
2021120900100127,2021년 12월 9일 09시,목요일,경상남도 창원시 마산회원구 양덕동,경상사고,0,0,1,0,차대차 - 추돌,안전운전불이행,건조,맑음,단일로 - 기타,화물,남,52세,기타불명,승용,여,45세,경상
2021120900100128,2021년 12월 9일 09시,목요일,경상남도 고성군 대가면,중상사고,0,1,1,0,차대차 - 추돌,안전운전불이행,건조,맑음,단일로 - 터널,화물,남,54세,상해없음,승용,남,50세,경상