사고번호,사고일시,요일,시군구,사고내용,사망자수,중상자수,경상자수,부상신고자수,사고유형,법규위반,노면상태,기상상태,도로형태,가해운전자 차종,가해운전자 성별,가해운전자 연령,가해운전자 상해정도,피해운전자 차종,피해운전자 성별,피해운전자 연령,피해운전자 상해정도
2021121800100283,2021년 12월 18일 14시,토요일,경상남도 사천시 축동면,중상사고,0,1,0,0,차대차 - 측면충돌,신호위반,건조,맑음,교차로 - 교차로안,승합,여,50세,상해없음,화물,남,64세,중상
2021121800100392,2021년 12월 18일 16시,토요일,경상남도 창원시 진해구 안골동,부상신고사고,0,0,0,1,차대차 - 측면충돌,교차로운행방법위반,건조,맑음,교차로 - 교차로안,승용,여,33세,상해없음,이륜,남,44세,부상신고
2021121800100393,2021년 12월 18일 16시,토요일,경상남도 거창군 거창읍,중상사고,0,1,0,0,차대차 - 추돌,중앙선침범,건조,맑음,기타 - 기타,승용,남,58세,상해없음,이륜,남,27세,중상
2021121800100394,2021년 12월 18일 16시,토요일,경상남도 창원시 마산회원구 양덕동,경상사고,0,0,1,0,차대사람 - 횡단중,중앙선침범,건조,맑음,단일로 - 기타,원동기,남,29세,상해없음,보행자,여,72세,경상
2021121800100441,2021년 12월 18일 17시,토요일,경상남도 사천시 축동면,경상사고,0,0,2,0,차대차 - 추돌,안전운전불이행,건조,맑음,단일로 - 기타,승용,남,48세,상해없음,승용,남,50세,경상
2021121800100477,2021년 12월 18일 18시,토요일,경상남도 진주시 인사동,사망사고,1,1,0,0,차대사람 - 횡단중,안전운전불이행,건조,맑음,단일로 - 기타,이륜,남,21세,중상,보행자,남,75세,사망
2021121800100478,2021년 12월 18일 18시,토요일,경상남도 통영시 봉평동,부상신고사고,0,0,0,1,차량단독 - 기타,안전운전불이행,건조,맑음,교차로 - 교차로부근,승용,남,66세,상해없음,,,,
2021121800100479,2021년 12월 18일 18시,토요일,경상남도 사천시 사남면,경상사고,0,0,1,0,차대차 - 측면충돌,신호위반,건조,맑음,교차로 - 교차로안,승용,남,48세,상해없음,이륜,남,26세,경상
2021121800100480,2021년 12월 18일 18시,토요일,경상남도 김해시 구산동,경상사고,0,0,1,0,차대사람 - 횡단중,안전운전불이행,건조,맑음,교차로 - 교차로횡단보도내,이륜,남,41세,상해없음,보행자,여,51세,경상
2021121800100481,2021년 12월 18일 18시,토요일,경상남도 양산시 남부동,경상사고,0,0,1,0,차대차 - 측면충돌,안전운전불이행,건조,맑음,교차로 - 교차로부근,이륜,남,23세,경상,승용,남,32세,상해없음
2021121800100482,2021년 12월 18일 18시,토요일,경상남도 김해시 율하동,중상사고,0,1,0,0,차대차 - 측면충돌,신호위반,건조,맑음,교차로 - 교차로안,승용,남,40세,상해없음,이륜,남,16세,중상
2021121800100572,2021년 12월 18일 21시,토요일,경상남도 김해시 흥동,경상사고,0,0,3,0,차대차 - 측면충돌,안전운전불이행,건조,맑음,단일로 - 기타,승용,남,56세,상해없음,승용,남,51세,경상
2021121800100595,2021년 12월 18일 22시,토요일,경상남도 창원시 진해구 이동,중상사고,0,1,0,0,차대차 - 측면충돌,안전거리미확보,건조,맑음,교차로 - 교차로부근,승용,남,21세,상해없음,이륜,남,47세,중상
2021121800100596,2021년 12월 18일 22시,토요일,경상남도 사천시 용현면,경상사고,0,0,2,0,차대차 - 후진중충돌,안전운전불이행,건조,맑음,단일로 - 교량,승용,남,56세,상해없음,승용,남,51세,경상
2021121900100009,2021년 12월 19일 00시,일요일,경상남도 사천시 송포동,경상사고,0,0,1,0,차대차 - 측면충돌,안전운전불이행,건조,맑음,단일로 - 기타,승용,남,43세,경상,화물,남,48세,기타불명
2021121900100028,2021년 12월 19일 02시,일요일,경상남도 통영시 광도면,경상사고,0,0,1,0,차대사람 - 횡단중,안전운전불이행,건조,맑음,교차로 - 교차로부근,승용,남,33세,상해없음,보행자,남,48세,경상
2021121900100065,2021년 12월 19일 09시,일요일,경상남도 통영시 도천동,부상신고사고,0,0,0,1,차대차 - 추돌,안전운전불이행,건조,맑음,단일로 - 기타,승용,여,53세,상해없음,승합,남,52세,부상신고
2021121900100066,2021년 12월 19일 09시,일요일,경상남도 양산시 북정동,중상사고,0,2,2,1,차대차 - 측면충돌,신호위반,건조,맑음,교차로 - 교차로안,승용,남,59세,부상신고,승용,여,46세,경상
2021121900100067,2021년 12월 19일 09시,일요일,경상남도 양산시 북정동,중상사고,0,1,0,0,차대사람 - 기타,안전운전불이행,건조,맑음,단일로 - 기타,화물,남,60세,상해없음,보행자,남,52세,중상
2021121900100089,2021년 12월 19일 11시,일요일,경상남도 양산시 평산동,경상사고,0,0,1,0,차대사람 - 기타,안전운전불이행,건조,맑음,교차로 - 교차로부근,승용,남,58세,상해없음,보행자,여,64세,경상
2021121900100090,2021년 12월 19일 11시,일요일,경상남도 양산시 교동,중상사고,0,1,0,0,차대차 - 측면충돌,안전운전불이행,건조,맑음,교차로 - 교차로안,승용,남,44세,상해없음,이륜,남,37세,중상
2021121900100113,2021년 12월 19일 12시,일요일,경상남도 김해시 흥동,경상사고,0,0,2,0,차대차 - 측면충돌,안전운전불이행,건조,맑음,교차로 - 교차로안,승용,여,60세,경상,승용,남,31세,경상
2021121900100171,2021년 12월 19일 14시,일요일,경상남도 창원시 마산합포구 신포동1가,경상사고,0,0,1,0,차대차 - 측면충돌,신호위반,건조,맑음,교차로 - 교차로안,승용,여,61세,상해없음,승용,남,39세,상해없음
2021121900100172,2021년 12월 19일 14시,일요일,경상남도 창원시 의창구 동읍,중상사고,0,1,5,0,차대차 - 추돌,안전운전불이행,건조,맑음,단일로 - 기타,승용,남,66세,상해없음,승용,남,74세,경상
2021121900100218,2021년 12월 19일 16시,일요일,경상남도 거창군 주상면,경상사고,0,0,1,0,차량단독 - 도로외이탈 - 추락,안전운전불이행,건조,맑음,단일로 - 기타,승용,남,40세,경상,,,,
2021121900100233,2021년 12월 19일 17시,일요일,경상남도 김해시 진영읍,경상사고,0,0,2,0,차대차 - 측면충돌,안전운전불이행,건조,맑음,교차로 - 교차로안,승용,여,67세,경상,이륜,남,37세,경상
2021121900100262,2021년 12월 19일 18시,일요일,경상남도 진주시 신안동,경상사고,0,0,1,0,차대사람 - 차도통행중,안전운전불이행,건조,맑음,기타 - 기타,이륜,남,24세,상해없음,보행자,여,35세,경상
2021121900100282,2021년 12월 19일 19시,일요일,경상남도 창원시 성산구 웅남동,경상사고,0,0,1,0,차대차 - 측면충돌,신호위반,건조,맑음,교차로 - 교차로안,승용,여,31세,상해없음,승용,남,51세,경상
2021121900100313,2021년 12월 19일 20시,일요일,경상남도 김해시 어방동,경상사고,0,0,1,0,차량단독 - 기타,안전운전불이행,건조,맑음,교차로 - 교차로안,승용,남,59세,상해없음,,,,
2021121900100314,2021년 12월 19일 20시,일요일,경상남도 양산시 신기동,경상사고,0,0,1,0,차대차 - 정면충돌,직진우회전진행방해,건조,맑음,교차로 - 교차로안,승용,남,48세,상해없음,승용,남,36세,경상
2021121900100354,2021년 12월 19일 22시,일요일,경상남도 창원시 의창구 봉곡동,중상사고,0,1,1,0,차대차 - 정면충돌,안전운전불이행,건조,맑음,교차로 - 교차로안,승용,남,50세,경상,이륜,남,22세,중상
2021122000100015,2021년 12월 20일 05시,월요일,경상남도 진주시 정촌면,중상사고,0,2,1,0,차대차 - 추돌,안전운전불이행,건조,맑음,단일로 - 기타,승용,남,50세,상해없음,화물,남,53세,경상
2021122000100031,2021년 12월 20일 06시,월요일,경상남도 통영시 도천동,중상사고,0,4,0,0,차대차 - 정면충돌,중앙선침범,건조,맑음,단일로 - 기타,승용,남,71세,상해없음,화물,남,38세,중상
2021122000100032,2021년 12월 20일 06시,월요일,경상남도 통영시 광도면,부상신고사고,0,0,0,4,차대차 - 추돌,안전운전불이행,건조,맑음,단일로 - 기타,승용,남,45세,상해없음,승용,남,58세,부상신고
2021122000100033,2021년 12월 20일 06시,월요일,경상남도 밀양시 가곡동,중상사고,0,1,0,0,차대사람 - 기타,안전운전불이행,건조,흐림,교차로 - 교차로안,승용,남,60세,상해없음,보행자,남,77세,중상
2021122000100051,2021년 12월 20일 07시,월요일,경상남도 거제시 능포동,경상사고,0,0,2,0,차대차 - 기타,신호위반,건조,맑음,교차로 - 교차로안,승용,남,55세,상해없음,승용,여,43세,경상
2021122000100112,2021년 12월 20일 09시,월요일,경상남도 진주시 상봉동,중상사고,0,1,1,0,차대차 - 측면충돌,안전운전불이행,건조,맑음,교차로 - 교차로안,화물,남,64세,상해없음,승용,남,63세,상해없음
2021122000100113,2021년 12월 20일 09시,월요일,경상남도 남해군 고현면,사망사고,1,0,0,0,차대차 - 측면충돌,안전운전불이행,건조,맑음,교차로 - 교차로부근,원동기,남,68세,사망,화물,남,55세,상해없음
2021122000100114,2021년 12월 20일 09시,월요일,경상남도 김해시 삼문동,중상사고,0,1,1,0,차대차 - 추돌,안전거리미확보,건조,맑음,단일로 - 기타,화물,남,46세,중상,화물,남,26세,경상
2021122000100135,2021년 12월 20일 10시,월요일,경상남도 김해시 동상동,경상사고,0,0,1,0,차대차 - 측면충돌,차로위반,건조,맑음,교차로 - 교차로부근,승용,남,69세,상해없음,승용,여,61세,경상
2021122000100168,2021년 12월 20일 11시,월요일,경상남도 창원시 진해구 용원동,경상사고,0,0,2,0,차대차 - 측면충돌,교차로운행방법위반,건조,맑음,교차로 - 교차로부근,승용,남,40세,상해없음,승용,남,78세,경상
2021122000100169,2021년 12월 20일 11시,월요일,경상남도 밀양시 삼문동,경상사고,0,0,1,0,차대차 - 측면충돌,안전운전불이행,건조,맑음,단일로 - 기타,승용,남,53세,상해없음,승용,여,56세,경상
2021122000100205,2021년 12월 20일 12시,월요일,경상남도 진주시 판문동,경상사고,0,0,3,0,차대차 - 측면충돌,안전운전불이행,건조,맑음,단일로 - 기타,승용,남,28세,상해없음,승용,여,50세,경상
2021122000100240,2021년 12월 20일 13시,월요일,경상남도 진주시 옥봉동,중상사고,0,1,0,0,차대차 - 기타,안전운전불이행,건조,맑음,단일로 - 기타,승용,여,40세,상해없음,승용,여,43세,중상
2021122000100241,2021년 12월 20일 13시,월요일,경상남도 남해군 남해읍,중상사고,0,1,0,0,차량단독 - 공작물충돌,안전운전불이행,건조,맑음,단일로 - 기타,승용,남,67세,중상,,,,
2021122000100242,2021년 12월 20일 13시,월요일,경상남도 창원시 마산회원구 구암동,중상사고,0,1,3,0,차대차 - 측면충돌,안전운전불이행,건조,맑음,교차로 - 교차로부근,승용,여,57세,기타불명,승합,남,62세,상해없음
2021122000100272,2021년 12월 20일 14시,월요일,경상남도 사천시 용현면,중상사고,0,1,1,0,차대차 - 측면충돌,안전운전불이행,건조,맑음,단일로 - 기타,승용,남,65세,경상,이륜,남,51세,중상
2021122000100320,2021년 12월 20일 15시,월요일,경상남도 진주시 내동면,중상사고,0,1,0,0,차대차 - 측면충돌,안전운전불이행,건조,맑음,교차로 - 교차로안,화물,여,67세,상해없음,자전거,남,75세,중상
2021122000100321,2021년 12월 20일 15시,월요일,경상남도 김해시 율하동,경상사고,0,0,2,0,차대사람 - 횡단중,신호위반,건조,맑음,교차로 - 교차로횡단보도내,원동기,남,16세,경상,보행자,여,8세,경상
2021122000100352,2021년 12월 20일 16시,월요일,경상남도 창원시 진해구 경화동,경상사고,0,0,1,0,차대차 - 측면충돌,교차로운행방법위반,건조,맑음,교차로 - 교차로안,이륜,남,56세,경상,승용,남,67세,상해없음
2021122000100353,2021년 12월 20일 16시,월요일,경상남도 김해시 어방동,경상사고,0,0,1,0,차대사람 - 길가장자리구역통행중,안전운전불이행,건조,맑음,단일로 - 기타,승용,남,72세,상해없음,보행자,여,24세,경상
2021122000100354,2021년 12월 20일 16시,월요일,경상남도 양산시 물금읍,경상사고,0,0,3,0,차대차 - 측면충돌,안전운전불이행,건조,맑음,교차로 - 교차로부근,승용,남,62세,기타불명,승합,남,40세,경상
2021122000100355,2021년 12월 20일 16시,월요일,경상남도 창원시 마산회원구 석전동,경상사고,0,0,1,0,차대차 - 측면충돌,안전운전불이행,건조,맑음,단일로 - 기타,승용,여,56세,상해없음,승합,여,59세,경상
2021122000100411,2021년 12월 20일 17시,월요일,경상남도 진주시 상대동,경상사고,0,0,2,0,차대차 - 추돌,안전운전불이행,건조,맑음,단일로 - 기타,승용,여,28세,상해없음,승용,남,42세,경상
2021122000100412,2021년 12월 20일 17시,월요일,경상남도 창원시 진해구 제황산동,사망사고,1,0,0,0,차량단독 - 전도전복 - 전도,기타,건조,맑음,단일로 - 기타,화물,남,75세,사망,,,,
2021122000100413,2021년 12월 20일 17시,월요일,경상남도 양산시 평산동,경상사고,0,0,1,0,차대차 - 기타,교차로운행방법위반,건조,맑음,교차로 - 교차로안,승합,남,50세,상해없음,승합,남,56세,상해없음
2021122000100481,2021년 12월 20일 18시,월요일,경상남도 김해시 안동,경상사고,0,0,1,0,차대사람 - 차도통행중,안전운전불이행,건조,맑음,단일로 - 기타,승용,여,53세,상해없음,보행자,남,63세,경상
2021122000100482,2021년 12월 20일 18시,월요일,경상남도 김해시 풍유동,경상사고,0,0,1,0,차대차 - 측면충돌,신호위반,건조,맑음,교차로 - 교차로안,승용,여,61세,상해없음,승용,여,65세,경상
2021122000100483,2021년 12월 20일 18시,월요일,경상남도 창녕군 계성면,경상사고,0,0,2,0,차대차 - 기타,안전거리미확보,건조,맑음,단일로 - 기타,화물,남,58세,상해없음,승용,남,60세,경상
2021122000100526,2021년 12월 20일 19시,월요일,경상남도 창원시 성산구 대원동,중상사고,0,1,0,0,차대사람 - 기타,안전운전불이행,건조,맑음,교차로 - 교차로안,승용,여,44세,상해없음,보행자,여,28세,중상
2021122000100527,2021년 12월 20일 19시,월요일,경상남도 김해시 율하동,경상사고,0,0,1,0,차대차 - 추돌,안전거리미확보,건조,맑음,교차로 - 교차로부근,원동기,남,51세,상해없음,원동기,여,28세,경상
2021122000100562,2021년 12월 20일 20시,월요일,경상남도 사천시 사천읍,경상사고,0,0,1,0,차대사람 - 횡단중,보행자보호의무위반,건조,맑음,교차로 - 교차로횡단보도내,승용,남,55세,상해없음,보행자,여,23세,경상
2021122000100598,2021년 12월 20일 21시,월요일,경상남도 양산시 물금읍,경상사고,0,0,1,0,차대차 - 측면충돌,안전운전불이행,건조,맑음,교차로 - 교차로안,승용,여,45세,상해없음,이륜,남,19세,경상
2021122000100617,2021년 12월 20일 22시,월요일,경상남도 통영시 도천동,중상사고,0,1,1,0,차대차 - 정면충돌,중앙선침범,건조,맑음,단일로 - 기타,이륜,남,25세,중상,승용,여,64세,경상
2021122000100618,2021년 12월 20일 22시,월요일,경상남도 창원시 의창구 팔용동,중상사고,0,1,1,0,차대차 - 측면충돌,신호위반,건조,맑음,교차로 - 교차로안,승용,남,41세,중상,승용,남,36세,경상
2021122000100619,2021년 12월 20일 22시,월요일,경상남도 김해시 진영읍,경상사고,0,0,2,0,차대차 - 추돌,안전운전불이행,건조,맑음,교차로 - 교차로부근,승용,여,59세,상해없음,원동기,남,17세,경상
2021122100100009,2021년 12월 21일 03시,화요일,경상남도 통영시 정량동,중상사고,0,1,0,0,차대사람 - 기타,안전운전불이행,건조,맑음,단일로 - 기타,승용,남,33세,상해없음,보행자,여,71세,중상
2021122100100035,2021년 12월 21일 06시,화요일,경상남도 창원시 마산합포구 월포동,경상사고,0,0,4,0,차대차 - 정면충돌,중앙선침범,건조,맑음,교차로 - 교차로부근,승용,남,49세,경상,승용,남,54세,경상
2021122100100036,2021년 12월 21일 06시,화요일,경상남도 함양군 함양읍,경상사고,0,0,1,1,차대차 - 측면충돌,신호위반,건조,맑음,교차로 - 교차로안,승용,여,50세,부상신고,화물,남,50세,경상
2021122100100037,2021년 12월 21일 06시,화요일,경상남도 창원시 의창구 북면,경상사고,0,0,1,0,차대차 - 측면충돌,안전운전불이행,건조,맑음,교차로 - 교차로안,승합,남,39세,상해없음,화물,남,60세,경상
2021122100100038,2021년 12월 21일 06시,화요일,경상남도 김해시 주촌면,중상사고,0,2,0,0,차대차 - 측면충돌,신호위반,건조,맑음,교차로 - 교차로안,원동기,남,31세,중상,화물,남,57세,상해없음
2021122100100039,2021년 12월 21일 06시,화요일,경상남도 김해시 삼문동,부상신고사고,0,0,0,1,차량단독 - 공작물충돌,안전운전불이행,건조,맑음,단일로 - 기타,승용,여,58세,부상신고,,,,
2021122100100065,2021년 12월 21일 07시,화요일,경상남도 창원시 마산회원구 봉암동,중상사고,0,1,0,1,차대차 - 측면충돌,안전운전불이행,건조,맑음,단일로 - 기타,승용,여,60세,부상신고,화물,남,37세,중상
2021122100100101,2021년 12월 21일 08시,화요일,경상남도 양산시 명동,경상사고,0,0,2,0,차대차 - 기타,안전거리미확보,건조,맑음,교차로 - 교차로안,승용,여,64세,상해없음,승합,남,47세,경상
2021122100100102,2021년 12월 21일 08시,화요일,경상남도 고성군 마암면,경상사고,0,0,2,0,차대차 - 측면충돌,안전운전불이행,서리/결빙,맑음,단일로 - 기타,화물,남,72세,상해없음,승용,남,55세,상해없음
2021122100100103,2021년 12월 21일 08시,화요일,경상남도 창원시 성산구 상남동,부상신고사고,0,0,0,2,차대사람 - 횡단중,보행자보호의무위반,젖음/습기,맑음,교차로 - 교차로횡단보도내,승용,여,32세,상해없음,보행자,여,15세,부상신고
2021122100100125,2021년 12월 21일 09시,화요일,경상남도 밀양시 하남읍,경상사고,0,0,1,0,차대차 - 측면충돌,안전운전불이행,건조,맑음,단일로 - 기타,승용,남,50세,상해없음,화물,남,66세,경상
2021122100100126,2021년 12월 21일 09시,화요일,경상남도 함양군 수동면,경상사고,0,0,2,0,차대차 - 측면충돌,안전운전불이행,건조,맑음,단일로 - 기타,건설기계,남,42세,상해없음,승용,남,64세,경상
2021122100100183,2021년 12월 21일 11시,화요일,경상남도 통영시 정량동,경상사고,0,0,1,0,차대차 - 기타,안전운전불이행,건조,맑음,교차로 - 교차로안,승합,남,63세,상해없음,자전거,남,62세,경상
2021122100100203,2021년 12월 21일 12시,화요일,경상남도 진주시 신안동,경상사고,0,0,1,0,차대사람 - 기타,안전운전불이행,건조,맑음,주차장 - 주차장,승용,여,50세,상해없음,보행자,남,41세,경상
2021122100100204,2021년 12월 21일 12시,화요일,경상남도 거제시 고현동,경상사고,0,0,1,0,차대차 - 측면충돌,교차로운행방법위반,건조,맑음,교차로 - 교차로안,승용,여,60세,상해없음,승용,남,40세,경상
2021122100100294,2021년 12월 21일 15시,화요일,경상남도 창원시 마산합포구 남성동,경상사고,0,0,1,0,차대차 - 기타,안전운전불이행,건조,맑음,교차로 - 교차로안,승용,여,41세,상해없음,승용,여,21세,경상
2021122100100295,2021년 12월 21일 15시,화요일,경상남도 창원시 마산회원구 합성동,경상사고,0,0,2,0,차대차 - 측면충돌,신호위반,건조,맑음,교차로 - 교차로안,승용,여,52세,상해없음,승용,남,36세,경상
2021122100100351,2021년 12월 21일 17시,화요일,경상남도 통영시 도천동,경상사고,0,0,2,0,차대차 - 기타,안전거리미확보,건조,맑음,교차로 - 교차로부근,승용,여,26세,상해없음,승용,남,42세,경상
2021122100100352,2021년 12월 21일 17시,화요일,경상남도 통영시 봉평동,경상사고,0,0,1,0,차대차 - 측면충돌,안전운전불이행,건조,맑음,교차로 - 교차로부근,승용,남,82세,상해없음,승용,여,40세,경상
2021122100100353,2021년 12월 21일 17시,화요일,경상남도 양산시 물금읍,중상사고,0,1,0,0,차량단독 - 공작물충돌,안전운전불이행,건조,맑음,교차로 - 교차로안,화물,남,34세,중상,,,,
2021122100100354,2021년 12월 21일 17시,화요일,경상남도 고성군 고성읍,경상사고,0,0,2,0,차대차 - 추돌,안전운전불이행,건조,맑음,교차로 - 교차로부근,승용,남,71세,상해없음,승용,남,38세,경상
2021122100100397,2021년 12월 21일 18시,화요일,경상남도 통영시 광도면,사망사고,1,0,0,0,차대차 - 정면충돌,신호위반,건조,맑음,교차로 - 교차로안,화물,남,56세,상해없음,이륜,남,46세,사망
2021122100100399,2021년 12월 21일 18시,화요일,경상남도 합천군 청덕면,중상사고,0,1,0,0,차대차 - 추돌,안전운전불이행,건조,맑음,단일로 - 기타,승용,남,25세,중상,농기계,남,63세,상해없음
2021122100100400,2021년 12월 21일 18시,화요일,경상남도 양산시 북부동,경상사고,0,0,1,0,차대차 - 측면충돌,교차로운행방법위반,건조,맑음,교차로 - 교차로안,승용,남,51세,상해없음,승용,남,31세,경상
2021122100100401,2021년 12월 21일 18시,화요일,경상남도 창원시 마산회원구 내서읍,경상사고,0,0,1,0,차대차 - 정면충돌,중앙선침범,건조,맑음,교차로 - 교차로부근,승용,남,57세,상해없음,이륜,남,32세,경상
2021122100100454,2021년 12월 21일 19시,화요일,경상남도 창원시 성산구 상남동,중상사고,0,1,0,0,차대차 - 측면충돌,안전운전불이행,건조,맑음,교차로 - 교차로안,승용,남,54세,상해없음,이륜,남,23세,중상
2021122100100483,2021년 12월 21일 20시,화요일,경상남도 사천시 사천읍,중상사고,0,1,0,0,차대사람 - 차도통행중,안전운전불이행,건조,맑음,단일로 - 기타,승용,남,55세,상해없음,보행자,남,72세,중상
2021122100100519,2021년 12월 21일 21시,화요일,경상남도 김해시 어방동,중상사고,0,1,0,0,차대사람 - 횡단중,보행자보호의무위반,건조,맑음,단일로 - 기타,승용,남,22세,상해없음,보행자,남,59세,중상
2021122100100520,2021년 12월 21일 21시,화요일,경상남도 창원시 성산구 상남동,경상사고,0,0,4,0,차대차 - 추돌,안전운전불이행,건조,맑음,교차로 - 교차로부근,승용,남,52세,상해없음,승용,여,41세,경상
2021122100100539,2021년 12월 21일 22시,화요일,경상남도 김해시 삼방동,부상신고사고,0,0,0,1,차대사람 - 기타,안전운전불이행,건조,맑음,교차로 - 교차로부근,이륜,남,18세,상해없음,보행자,남,66세,부상신고
2021122100100551,2021년 12월 21일 23시,화요일,경상남도 사천시 선구동,경상사고,0,0,1,0,차대차 - 측면충돌,안전운전불이행,건조,맑음,교차로 - 교차로안,승용,남,57세,경상,특수,남,23세,상해없음
2021122200100024,2021년 12월 22일 06시,수요일,경상남도 김해시 삼방동,중상사고,0,1,0,0,차대차 - 측면충돌,신호위반,건조,맑음,교차로 - 교차로안,승용,여,54세,상해없음,승용,남,38세,중상
2021122200100025,2021년 12월 22일 06시,수요일,경상남도 양산시 북정동,중상사고,0,1,0,0,차대차 - 측면충돌,직진우회전진행방해,건조,맑음,교차로 - 교차로안,승용,남,78세,상해없음,승용,남,64세,중상
2021122200100155,2021년 12월 22일 10시,수요일,경상남도 진주시 초전동,경상사고,0,0,1,0,차대사람 - 기타,안전운전불이행,건조,맑음,주차장 - 주차장,승용,여,53세,상해없음,보행자,남,42세,경상
2021122200100156,2021년 12월 22일 10시,수요일,경상남도 거창군 거창읍,경상사고,0,0,1,0,차대차 - 추돌,안전거리미확보,건조,맑음,기타 - 기타,승용,남,62세,상해없음,승용,남,70세,상해없음
2021122200100157,2021년 12월 22일 10시,수요일,경상남도 창원시 의창구 사림동,경상사고,0,0,1,0,차대사람 - 횡단중,보행자보호의무위반,건조,맑음,교차로 - 교차로횡단보도내,승합,남,54세,상해없음,보행자,남,26세,경상
2021122200100218,2021년 12월 22일 12시,수요일,경상남도 사천시 동금동,중상사고,0,1,0,0,차대차 - 측면충돌,직진우회전진행방해,건조,맑음,교차로 - 교차로안,승용,남,44세,상해없음,자전거,남,74세,중상
2021122200100219,2021년 12월 22일 12시,수요일,경상남도 김해시 외동,경상사고,0,0,1,0,차대차 - 측면충돌,신호위반,건조,맑음,교차로 - 교차로안,승용,여,34세,상해없음,화물,남,69세,경상
2021122200100254,2021년 12월 22일 13시,수요일,경상남도 사천시 사천읍,중상사고,0,1,1,0,차대차 - 추돌,안전운전불이행,건조,맑음,단일로 - 기타,승합,여,65세,상해없음,화물,남,43세,상해없음
2021122200100255,2021년 12월 22일 13시,수요일,경상남도 합천군 합천읍,경상사고,0,0,1,0,차대차 - 추돌,안전운전불이행,건조,맑음,교차로 - 교차로부근,특수,남,44세,상해없음,승용,남,59세,경상
2021122200100256,2021년 12월 22일 13시,수요일,경상남도 고성군 고성읍,중상사고,0,1,0,0,차대차 - 측면충돌,안전운전불이행,건조,맑음,단일로 - 기타,화물,남,47세,상해없음,화물,남,51세,중상
2021122200100257,2021년 12월 22일 13시,수요일,경상남도 산청군 산청읍,중상사고,0,1,0,0,차대사람 - 기타,안전운전불이행,건조,맑음,교차로 - 교차로안,화물,남,61세,상해없음,보행자,여,89세,중상
2021122200100258,2021년 12월 22일 13시,수요일,경상남도 창원시 성산구 성산동,중상사고,0,2,0,0,차대차 - 측면충돌,안전운전불이행,건조,맑음,단일로 - 기타,화물,남,59세,상해없음,승용,남,51세,중상
2021122200100292,2021년 12월 22일 14시,수요일,경상남도 거창군 거창읍,경상사고,0,0,2,0,차대차 - 추돌,안전운전불이행,건조,맑음,교차로 - 교차로안,승합,남,39세,기타불명,승용,여,44세,경상
2021122200100311,2021년 12월 22일 15시,수요일,경상남도 김해시 봉황동,경상사고,0,0,3,0,차대차 - 기타,안전운전불이행,건조,맑음,단일로 - 기타,승용,여,29세,경상,승용,여,21세,상해없음
2021122200100331,2021년 12월 22일 15시,수요일,경상남도 진주시 이현동,경상사고,0,0,2,0,차대차 - 추돌,안전운전불이행,건조,맑음,교차로 - 교차로부근,화물,남,61세,상해없음,승용,남,84세,경상
2021122200100371,2021년 12월 22일 16시,수요일,경상남도 산청군 생초면,경상사고,0,0,1,0,차대차 - 측면충돌,교차로운행방법위반,건조,맑음,교차로 - 교차로안,이륜,남,72세,경상,승용,남,67세,상해없음
2021122200100412,2021년 12월 22일 17시,수요일,경상남도 밀양시 상남면,경상사고,0,0,2,0,차대차 - 측면충돌,교차로운행방법위반,건조,맑음,교차로 - 교차로안,승용,남,29세,상해없음,화물,남,53세,상해없음
2021122200100413,2021년 12월 22일 17시,수요일,경상남도 거제시 양정동,경상사고,0,0,1,0,차대사람 - 횡단중,기타,건조,맑음,교차로 - 교차로부근,승용,여,40세,상해없음,보행자,남,64세,경상
2021122200100455,2021년 12월 22일 18시,수요일,경상남도 양산시 명곡동,경상사고,0,0,2,0,차대차 - 추돌,교차로운행방법위반,건조,맑음,교차로 - 교차로안,승용,여,48세,상해없음,화물,남,53세,경상
2021122200100456,2021년 12월 22일 18시,수요일,경상남도 창원시 마산회원구 내서읍,경상사고,0,0,1,0,차대차 - 정면충돌,안전운전불이행,건조,맑음,교차로 - 교차로안,승용,여,47세,상해없음,이륜,남,18세,경상
2021122200100457,2021년 12월 22일 18시,수요일,경상남도 창원시 마산회원구 회성동,중상사고,0,1,0,0,차대차 - 측면충돌,기타,건조,맑음,교차로 - 교차로안,화물,남,37세,상해없음,승용,남,55세,중상
2021122200100458,2021년 12월 22일 18시,수요일,경상남도 창원시 의창구 팔용동,중상사고,0,1,0,0,차대차 - 측면충돌,신호위반,건조,맑음,교차로 - 교차로안,승용,여,61세,상해없음,이륜,남,41세,중상
2021122200100516,2021년 12월 22일 19시,수요일,경상남도 양산시 덕계동,경상사고,0,0,1,0,차대차 - 추돌,안전운전불이행,건조,기타,교차로 - 교차로부근,이륜,남,26세,기타불명,이륜,남,21세,경상
2021122200100517,2021년 12월 22일 19시,수요일,경상남도 양산시 명동,경상사고,0,0,1,0,차대차 - 추돌,안전운전불이행,건조,기타,교차로 - 교차로안,승용,남,47세,상해없음,자전거,남,12세,경상
2021122200100581,2021년 12월 22일 21시,수요일,경상남도 통영시 무전동,중상사고,0,2,0,0,차대사람 - 횡단중,안전운전불이행,건조,맑음,교차로 - 교차로횡단보도내,이륜,남,38세,중상,보행자,남,16세,중상