사고번호,사고일시,요일,시군구,사고내용,사망자수,중상자수,경상자수,부상신고자수,사고유형,법규위반,노면상태,기상상태,도로형태,가해운전자 차종,가해운전자 성별,가해운전자 연령,가해운전자 상해정도,피해운전자 차종,피해운전자 성별,피해운전자 연령,피해운전자 상해정도
2021122700100460,2021년 12월 27일 19시,월요일,경상남도 양산시 중부동,경상사고,0,0,1,0,차대차 - 측면충돌,교차로운행방법위반,건조,맑음,교차로 - 교차로안,승용,여,28세,상해없음,이륜,남,43세,경상
2021122700100461,2021년 12월 27일 19시,월요일,경상남도 산청군 생비량면,중상사고,0,1,0,0,차량단독 - 공작물충돌,안전운전불이행,건조,흐림,단일로 - 교량,사륜오토바이(ATV),남,61세,중상,,,,
2021122700100495,2021년 12월 27일 20시,월요일,경상남도 고성군 고성읍,중상사고,0,1,0,0,차대차 - 측면충돌,기타,건조,맑음,교차로 - 교차로안,승용,남,24세,상해없음,이륜,남,41세,중상
2021122700100527,2021년 12월 27일 21시,월요일,경상남도 통영시 용남면,경상사고,0,0,1,0,차량단독 - 기타,안전운전불이행,건조,맑음,교차로 - 교차로부근,이륜,남,30세,경상,,,,
2021122700100528,2021년 12월 27일 21시,월요일,경상남도 창원시 마산회원구 내서읍,중상사고,0,1,0,0,차대차 - 추돌,안전운전불이행,건조,맑음,단일로 - 고가도로위,승용,여,34세,상해없음,이륜,남,58세,중상
2021122800100032,2021년 12월 28일 05시,화요일,경상남도 김해시 한림면,경상사고,0,0,1,0,차대차 - 추돌,안전거리미확보,건조,맑음,단일로 - 기타,승용,남,54세,상해없음,이륜,남,40세,경상
2021122800100033,2021년 12월 28일 05시,화요일,경상남도 김해시 흥동,중상사고,0,1,4,0,차대차 - 추돌,안전운전불이행,건조,맑음,교차로 - 교차로부근,승용,남,36세,상해없음,승용,남,51세,경상
2021122800100074,2021년 12월 28일 07시,화요일,경상남도 거제시 거제면,중상사고,0,1,0,0,차대사람 - 횡단중,보행자보호의무위반,건조,맑음,단일로 - 기타,승용,여,58세,상해없음,보행자,여,56세,중상
2021122800100104,2021년 12월 28일 08시,화요일,경상남도 밀양시 가곡동,중상사고,0,1,0,0,차대차 - 측면충돌,안전운전불이행,건조,맑음,교차로 - 교차로안,승용,남,44세,상해없음,이륜,남,89세,중상
2021122800100105,2021년 12월 28일 08시,화요일,경상남도 거제시 동부면,경상사고,0,0,1,0,차량단독 - 공작물충돌,안전운전불이행,서리/결빙,흐림,단일로 - 기타,승용,여,32세,경상,,,,
2021122800100136,2021년 12월 28일 09시,화요일,경상남도 김해시 삼정동,중상사고,0,1,0,0,차대차 - 측면충돌,안전운전불이행,건조,맑음,교차로 - 교차로안,승용,여,53세,상해없음,이륜,남,61세,중상
2021122800100137,2021년 12월 28일 09시,화요일,경상남도 남해군 설천면,부상신고사고,0,0,0,1,차량단독 - 공작물충돌,안전운전불이행,서리/결빙,맑음,단일로 - 기타,승용,여,56세,상해없음,,,,
2021122800100159,2021년 12월 28일 10시,화요일,경상남도 사천시 송포동,경상사고,0,0,1,0,차대차 - 추돌,안전운전불이행,건조,맑음,교차로 - 교차로부근,승용,남,45세,상해없음,승용,남,36세,경상
2021122800100160,2021년 12월 28일 10시,화요일,경상남도 고성군 고성읍,중상사고,0,1,0,0,차대차 - 측면충돌,신호위반,건조,맑음,교차로 - 교차로안,승용,여,51세,상해없음,승용,여,39세,중상
2021122800100213,2021년 12월 28일 12시,화요일,경상남도 김해시 전하동,부상신고사고,0,0,0,1,차대차 - 기타,안전운전불이행,건조,맑음,교차로 - 교차로안,승용,여,50세,부상신고,이륜,남,35세,상해없음
2021122800100231,2021년 12월 28일 13시,화요일,경상남도 사천시 노룡동,중상사고,0,1,0,0,차대차 - 추돌,안전운전불이행,건조,맑음,교차로 - 교차로부근,건설기계,남,63세,상해없음,화물,남,60세,중상
2021122800100260,2021년 12월 28일 14시,화요일,경상남도 김해시 외동,중상사고,0,1,0,0,차대사람 - 차도통행중,안전운전불이행,건조,맑음,교차로 - 교차로안,승용,여,29세,상해없음,보행자,남,42세,중상
2021122800100306,2021년 12월 28일 16시,화요일,경상남도 통영시 북신동,중상사고,0,1,0,0,차대차 - 추돌,직진우회전진행방해,건조,흐림,교차로 - 교차로안,승용,여,45세,상해없음,이륜,남,38세,중상
2021122800100307,2021년 12월 28일 16시,화요일,경상남도 양산시 덕계동,경상사고,0,0,1,0,차대차 - 측면충돌,안전운전불이행,건조,맑음,단일로 - 기타,승용,남,24세,상해없음,승용,남,28세,경상
2021122800100308,2021년 12월 28일 16시,화요일,경상남도 창원시 의창구 팔용동,경상사고,0,0,1,0,차대차 - 측면충돌,안전운전불이행,건조,맑음,교차로 - 교차로안,화물,남,65세,상해없음,승용,남,68세,경상
2021122800100391,2021년 12월 28일 18시,화요일,경상남도 창원시 진해구 이동,경상사고,0,0,1,0,차대차 - 측면충돌,교차로운행방법위반,건조,맑음,교차로 - 교차로부근,승용,남,25세,상해없음,자전거,남,79세,경상
2021122800100392,2021년 12월 28일 18시,화요일,경상남도 김해시 삼정동,경상사고,0,0,1,0,차대차 - 추돌,안전운전불이행,건조,맑음,교차로 - 교차로부근,승용,여,44세,상해없음,승용,여,60세,경상
2021122800100431,2021년 12월 28일 19시,화요일,경상남도 사천시 동금동,경상사고,0,0,2,0,차대차 - 측면충돌,안전운전불이행,건조,맑음,교차로 - 교차로안,승용,여,32세,경상,승용,여,53세,경상
2021122800100432,2021년 12월 28일 19시,화요일,경상남도 양산시 남부동,경상사고,0,0,1,0,차대사람 - 횡단중,보행자보호의무위반,건조,맑음,단일로 - 기타,화물,남,62세,상해없음,보행자,여,16세,경상
2021122800100433,2021년 12월 28일 19시,화요일,경상남도 고성군 거류면,경상사고,0,0,1,0,차대차 - 추돌,안전운전불이행,건조,맑음,단일로 - 기타,승용,여,34세,상해없음,승용,남,37세,경상
2021122800100494,2021년 12월 28일 21시,화요일,경상남도 김해시 외동,경상사고,0,0,1,0,차대사람 - 횡단중,안전운전불이행,건조,맑음,교차로 - 교차로횡단보도내,승용,여,44세,상해없음,보행자,여,17세,경상
2021122800100495,2021년 12월 28일 21시,화요일,경상남도 창녕군 도천면,경상사고,0,0,1,0,차대사람 - 기타,안전운전불이행,건조,맑음,단일로 - 교량,화물,남,55세,상해없음,보행자,여,52세,경상
2021122900100019,2021년 12월 29일 04시,수요일,경상남도 김해시 삼정동,경상사고,0,0,1,0,차대차 - 측면충돌,안전운전불이행,건조,맑음,교차로 - 교차로안,이륜,남,66세,경상,승용,남,59세,상해없음
2021122900100036,2021년 12월 29일 06시,수요일,경상남도 진주시 신안동,중상사고,0,1,0,0,차대사람 - 횡단중,보행자보호의무위반,건조,맑음,교차로 - 교차로횡단보도내,승용,남,59세,상해없음,보행자,여,54세,중상
2021122900100037,2021년 12월 29일 06시,수요일,경상남도 거제시 옥포동,경상사고,0,0,1,0,차대사람 - 차도통행중,안전운전불이행,건조,맑음,교차로 - 교차로안,화물,남,66세,상해없음,보행자,남,38세,경상
2021122900100056,2021년 12월 29일 07시,수요일,경상남도 진주시 옥봉동,경상사고,0,0,1,0,차대사람 - 횡단중,안전운전불이행,건조,맑음,단일로 - 기타,승용,여,58세,상해없음,보행자,여,74세,경상
2021122900100057,2021년 12월 29일 07시,수요일,경상남도 양산시 물금읍,부상신고사고,0,0,0,1,차대사람 - 횡단중,안전운전불이행,건조,맑음,교차로 - 교차로안,승용,남,60세,상해없음,보행자,여,29세,부상신고
2021122900100058,2021년 12월 29일 07시,수요일,경상남도 거제시 상동동,중상사고,0,1,0,0,차대차 - 측면충돌,중앙선침범,젖음/습기,맑음,단일로 - 기타,화물,남,71세,상해없음,이륜,남,40세,중상
2021122900100127,2021년 12월 29일 10시,수요일,경상남도 통영시 광도면,부상신고사고,0,0,0,2,차대차 - 추돌,안전운전불이행,건조,맑음,단일로 - 기타,승용,남,44세,상해없음,승용,남,43세,부상신고
2021122900100128,2021년 12월 29일 10시,수요일,경상남도 사천시 죽림동,경상사고,0,0,2,0,차대차 - 정면충돌,중앙선침범,건조,맑음,단일로 - 기타,승용,남,71세,상해없음,승용,남,65세,경상
2021122900100158,2021년 12월 29일 11시,수요일,경상남도 사천시 곤명면,중상사고,0,1,1,0,차대차 - 추돌,안전운전불이행,건조,맑음,교차로 - 교차로부근,승합,남,65세,경상,승용,여,56세,중상
2021122900100182,2021년 12월 29일 12시,수요일,경상남도 통영시 용남면,중상사고,0,1,1,0,차대차 - 기타,안전운전불이행,건조,맑음,단일로 - 기타,승용,여,48세,중상,화물,남,41세,경상
2021122900100183,2021년 12월 29일 12시,수요일,경상남도 의령군 유곡면,중상사고,0,1,0,0,차량단독 - 공작물충돌,안전운전불이행,건조,맑음,단일로 - 기타,이륜,남,90세,중상,,,,
2021122900100212,2021년 12월 29일 13시,수요일,경상남도 통영시 도천동,중상사고,0,1,0,0,차대사람 - 기타,안전운전불이행,건조,맑음,교차로 - 교차로안,승용,남,80세,상해없음,보행자,여,55세,중상
2021122900100213,2021년 12월 29일 13시,수요일,경상남도 김해시 율하동,중상사고,0,1,0,0,차대차 - 측면충돌,중앙선침범,건조,맑음,단일로 - 기타,원동기,남,24세,중상,승용,남,64세,상해없음
2021122900100243,2021년 12월 29일 14시,수요일,경상남도 창원시 마산합포구 동성동,경상사고,0,0,2,0,차대차 - 측면충돌,신호위반,건조,맑음,단일로 - 기타,승용,남,26세,상해없음,승용,여,60세,경상
2021122900100244,2021년 12월 29일 14시,수요일,경상남도 김해시 대성동,경상사고,0,0,1,0,차대차 - 측면충돌,교차로운행방법위반,건조,맑음,교차로 - 교차로안,이륜,남,58세,경상,승용,남,33세,상해없음
2021122900100245,2021년 12월 29일 14시,수요일,경상남도 창녕군 부곡면,경상사고,0,0,4,0,차대차 - 기타,직진우회전진행방해,건조,맑음,교차로 - 교차로안,승용,여,42세,경상,승용,남,53세,경상
2021122900100279,2021년 12월 29일 15시,수요일,경상남도 창원시 마산합포구 오동동,중상사고,0,1,0,0,차대사람 - 기타,안전운전불이행,건조,맑음,단일로 - 기타,승용,남,55세,상해없음,보행자,여,54세,중상
2021122900100280,2021년 12월 29일 15시,수요일,경상남도 창원시 진해구 마천동,경상사고,0,0,1,0,차대사람 - 기타,안전운전불이행,건조,맑음,교차로 - 교차로안,승용,여,52세,상해없음,보행자,남,8세,경상
2021122900100314,2021년 12월 29일 16시,수요일,경상남도 창원시 진해구 자은동,경상사고,0,0,1,0,차대사람 - 횡단중,안전운전불이행,건조,맑음,교차로 - 교차로부근,화물,남,44세,상해없음,보행자,여,5세,경상
2021122900100358,2021년 12월 29일 17시,수요일,경상남도 진주시 신안동,경상사고,0,0,1,0,차대차 - 측면충돌,신호위반,건조,맑음,교차로 - 교차로안,승용,남,59세,상해없음,화물,남,45세,경상
2021122900100359,2021년 12월 29일 17시,수요일,경상남도 통영시 북신동,중상사고,0,1,0,0,차대차 - 기타,안전거리미확보,건조,맑음,단일로 - 기타,승용,남,25세,상해없음,이륜,남,41세,중상
2021122900100360,2021년 12월 29일 17시,수요일,경상남도 사천시 동금동,중상사고,0,1,0,0,차대사람 - 횡단중,보행자보호의무위반,건조,맑음,단일로 - 기타,승용,남,60세,상해없음,보행자,여,67세,중상
2021122900100422,2021년 12월 29일 18시,수요일,경상남도 창원시 진해구 용원동,경상사고,0,0,1,0,차대사람 - 기타,안전운전불이행,건조,맑음,교차로 - 교차로안,승용,남,31세,상해없음,보행자,남,60세,경상
2021122900100423,2021년 12월 29일 18시,수요일,경상남도 김해시 삼방동,경상사고,0,0,1,0,차대차 - 기타,신호위반,건조,맑음,단일로 - 기타,승용,남,60세,상해없음,원동기,남,23세,경상
2021122900100424,2021년 12월 29일 18시,수요일,경상남도 양산시 물금읍,사망사고,1,0,0,0,차량단독 - 공작물충돌,안전운전불이행,건조,맑음,교차로 - 교차로안,이륜,남,37세,사망,,,,
2021122900100425,2021년 12월 29일 18시,수요일,경상남도 고성군 마암면,중상사고,0,1,0,0,차대차 - 측면충돌,교차로운행방법위반,건조,맑음,교차로 - 교차로부근,승용,남,55세,상해없음,승용,여,64세,중상
2021122900100426,2021년 12월 29일 18시,수요일,경상남도 거제시 장승포동,경상사고,0,0,1,0,차대차 - 측면충돌,신호위반,건조,맑음,교차로 - 교차로부근,승용,여,65세,상해없음,이륜,남,23세,경상
2021122900100427,2021년 12월 29일 18시,수요일,경상남도 김해시 진영읍,중상사고,0,1,0,0,차대사람 - 횡단중,보행자보호의무위반,건조,맑음,교차로 - 교차로안,승합,남,45세,상해없음,보행자,여,25세,중상
2021122900100428,2021년 12월 29일 18시,수요일,경상남도 김해시 관동동,경상사고,0,0,2,0,차대차 - 측면충돌,안전운전불이행,건조,맑음,교차로 - 교차로안,이륜,남,38세,경상,승용,여,30세,경상
2021122900100468,2021년 12월 29일 19시,수요일,경상남도 통영시 용남면,중상사고,0,2,0,0,차대차 - 기타,안전운전불이행,건조,맑음,단일로 - 기타,화물,남,63세,상해없음,승용,남,48세,중상
2021122900100497,2021년 12월 29일 20시,수요일,경상남도 창원시 성산구 상남동,경상사고,0,0,2,0,차대차 - 추돌,안전운전불이행,건조,맑음,단일로 - 기타,승용,남,40세,상해없음,승용,여,34세,경상
2021122900100524,2021년 12월 29일 21시,수요일,경상남도 창원시 마산합포구 대내동,중상사고,0,1,0,0,차대차 - 측면충돌,안전운전불이행,건조,맑음,교차로 - 교차로안,원동기,남,25세,중상,승용,여,63세,상해없음
2021122900100525,2021년 12월 29일 21시,수요일,경상남도 통영시 문화동,경상사고,0,0,2,0,차대차 - 추돌,안전운전불이행,건조,맑음,단일로 - 기타,승용,남,50세,상해없음,승용,여,48세,경상
2021122900100553,2021년 12월 29일 22시,수요일,경상남도 김해시 안동,중상사고,0,1,0,0,차대차 - 기타,신호위반,건조,맑음,교차로 - 교차로안,승용,남,52세,상해없음,승용,여,45세,중상
2021122900100563,2021년 12월 29일 23시,수요일,경상남도 창원시 마산합포구 남성동,경상사고,0,0,1,1,차대차 - 측면충돌,기타,건조,맑음,교차로 - 교차로안,승용,여,58세,상해없음,승용,남,62세,경상
2021123000100052,2021년 12월 30일 07시,목요일,경상남도 양산시 남부동,경상사고,0,0,1,0,차량단독 - 기타,안전운전불이행,건조,맑음,단일로 - 기타,승합,남,47세,상해없음,,,,
2021123000100053,2021년 12월 30일 07시,목요일,경상남도 거제시 상동동,경상사고,0,0,1,0,차대차 - 측면충돌,신호위반,건조,맑음,교차로 - 교차로부근,승용,여,52세,상해없음,이륜,남,46세,경상
2021123000100103,2021년 12월 30일 09시,목요일,경상남도 김해시 외동,중상사고,0,1,0,0,차대차 - 측면충돌,안전운전불이행,건조,맑음,교차로 - 교차로횡단보도내,승용,여,41세,상해없음,자전거,남,51세,중상
2021123000100129,2021년 12월 30일 10시,목요일,경상남도 김해시 삼계동,중상사고,0,1,0,0,차대차 - 측면충돌,직진우회전진행방해,건조,맑음,교차로 - 교차로안,승용,남,47세,상해없음,승용,여,51세,중상
2021123000100130,2021년 12월 30일 10시,목요일,경상남도 창원시 의창구 팔용동,경상사고,0,0,1,0,차대차 - 기타,안전운전불이행,건조,맑음,교차로 - 교차로부근,승용,남,64세,상해없음,승합,남,48세,상해없음
2021123000100163,2021년 12월 30일 11시,목요일,경상남도 거창군 거창읍,경상사고,0,0,1,0,차대사람 - 횡단중,보행자보호의무위반,건조,맑음,기타 - 기타,승용,여,32세,상해없음,보행자,남,10세,경상
2021123000100164,2021년 12월 30일 11시,목요일,경상남도 양산시 평산동,중상사고,0,1,0,0,차대차 - 기타,교차로운행방법위반,건조,맑음,교차로 - 교차로안,승용,남,44세,상해없음,승용,남,69세,중상
2021123000100195,2021년 12월 30일 12시,목요일,경상남도 통영시 항남동,경상사고,0,0,1,0,차대사람 - 차도통행중,안전운전불이행,건조,맑음,단일로 - 기타,승용,여,51세,상해없음,보행자,남,73세,경상
2021123000100196,2021년 12월 30일 12시,목요일,경상남도 의령군 부림면,중상사고,0,1,0,0,차대차 - 기타,안전운전불이행,건조,맑음,교차로 - 교차로안,승용,기타불명,미분류,기타불명,이륜,남,31세,중상
2021123000100227,2021년 12월 30일 13시,목요일,경상남도 통영시 용남면,경상사고,0,0,1,0,차대차 - 측면충돌,교차로운행방법위반,건조,맑음,교차로 - 교차로안,화물,남,53세,상해없음,승용,여,50세,경상
2021123000100228,2021년 12월 30일 13시,목요일,경상남도 고성군 거류면,중상사고,0,1,0,0,차대사람 - 차도통행중,안전운전불이행,건조,맑음,단일로 - 기타,승용,여,51세,상해없음,보행자,남,83세,중상
2021123000100252,2021년 12월 30일 14시,목요일,경상남도 김해시 서상동,중상사고,0,1,11,0,차대차 - 측면충돌,신호위반,건조,맑음,교차로 - 교차로안,승용,남,51세,상해없음,승합,남,49세,경상
2021123000100253,2021년 12월 30일 14시,목요일,경상남도 창녕군 영산면,경상사고,0,0,1,0,차대사람 - 기타,안전운전불이행,건조,맑음,단일로 - 기타,원동기,남,70세,상해없음,보행자,여,86세,경상
2021123000100254,2021년 12월 30일 14시,목요일,경상남도 양산시 북부동,경상사고,0,0,1,0,차대차 - 측면충돌,안전운전불이행,건조,맑음,단일로 - 기타,승용,남,48세,기타불명,승용,남,23세,경상
2021123000100255,2021년 12월 30일 14시,목요일,경상남도 거제시 장승포동,경상사고,0,0,1,0,차대차 - 정면충돌,중앙선침범,건조,맑음,단일로 - 기타,승용,남,71세,상해없음,화물,남,58세,경상
2021123000100270,2021년 12월 30일 15시,목요일,경상남도 김해시 대동면,경상사고,0,0,1,0,차대차 - 측면충돌,안전거리미확보,건조,맑음,단일로 - 기타,승용,남,42세,상해없음,승용,남,28세,경상
2021123000100322,2021년 12월 30일 16시,목요일,경상남도 김해시 외동,중상사고,0,1,0,0,차량단독 - 기타,안전운전불이행,건조,맑음,단일로 - 기타,승합,남,57세,상해없음,,,,
2021123000100323,2021년 12월 30일 16시,목요일,경상남도 김해시 진례면,경상사고,0,0,1,0,차대차 - 정면충돌,중앙선침범,건조,맑음,단일로 - 기타,자전거,남,13세,경상,화물,남,80세,상해없음
2021123000100365,2021년 12월 30일 17시,목요일,경상남도 진주시 장대동,부상신고사고,0,0,0,1,차대사람 - 횡단중,안전운전불이행,건조,맑음,교차로 - 교차로부근,승용,남,61세,상해없음,보행자,남,39세,부상신고
2021123000100366,2021년 12월 30일 17시,목요일,경상남도 창원시 의창구 동읍,경상사고,0,0,2,0,차대차 - 측면충돌,안전운전불이행,건조,맑음,단일로 - 기타,승용,남,57세,경상,화물,남,23세,경상
2021123000100427,2021년 12월 30일 18시,목요일,경상남도 김해시 어방동,중상사고,0,1,0,0,차대차 - 측면충돌,안전운전불이행,건조,맑음,단일로 - 기타,승용,남,62세,상해없음,이륜,남,51세,중상
2021123000100483,2021년 12월 30일 19시,목요일,경상남도 사천시 향촌동,경상사고,0,0,1,0,차대차 - 후진중충돌,안전운전불이행,건조,맑음,단일로 - 기타,화물,남,45세,경상,화물,남,70세,상해없음
2021123000100525,2021년 12월 30일 20시,목요일,경상남도 창원시 마산합포구 서성동,중상사고,0,1,0,0,차대사람 - 횡단중,보행자보호의무위반,건조,맑음,교차로 - 교차로횡단보도내,승용,남,70세,상해없음,보행자,남,76세,중상
2021123000100526,2021년 12월 30일 20시,목요일,경상남도 고성군 고성읍,경상사고,0,0,1,0,차대차 - 추돌,안전운전불이행,건조,맑음,단일로 - 기타,승용,남,62세,상해없음,승용,여,39세,경상
2021123000100527,2021년 12월 30일 20시,목요일,경상남도 창원시 마산회원구 내서읍,경상사고,0,0,1,0,차대사람 - 횡단중,신호위반,건조,맑음,교차로 - 교차로부근,원동기,기타불명,미분류,기타불명,보행자,여,35세,경상
2021123000100578,2021년 12월 30일 21시,목요일,경상남도 김해시 삼계동,중상사고,0,1,0,0,차대차 - 추돌,안전운전불이행,건조,맑음,단일로 - 기타,화물,남,42세,상해없음,승용,남,47세,중상
2021123000100579,2021년 12월 30일 21시,목요일,경상남도 거제시 고현동,경상사고,0,0,1,0,차대사람 - 기타,안전운전불이행,건조,맑음,단일로 - 기타,승합,남,45세,상해없음,보행자,남,40세,경상
2021123100100022,2021년 12월 31일 05시,금요일,경상남도 거제시 고현동,중상사고,0,1,0,0,차대차 - 기타,교차로운행방법위반,건조,맑음,교차로 - 교차로안,승용,여,48세,상해없음,이륜,남,41세,중상
2021123100100074,2021년 12월 31일 08시,금요일,경상남도 양산시 주남동,중상사고,0,1,1,0,차대차 - 기타,교차로운행방법위반,건조,맑음,교차로 - 교차로안,승용,남,45세,중상,승용,여,47세,경상
2021123100100137,2021년 12월 31일 11시,금요일,경상남도 창원시 마산합포구 창포동3가,중상사고,0,1,0,0,차대사람 - 횡단중,신호위반,건조,맑음,교차로 - 교차로부근,승용,남,46세,상해없음,보행자,남,47세,중상
2021123100100138,2021년 12월 31일 11시,금요일,경상남도 함안군 산인면,중상사고,0,1,0,0,차대사람 - 길가장자리구역통행중,안전운전불이행,건조,맑음,단일로 - 기타,이륜,남,88세,상해없음,보행자,여,73세,중상
2021123100100167,2021년 12월 31일 12시,금요일,경상남도 사천시 사천읍,경상사고,0,0,3,0,차대차 - 추돌,안전운전불이행,건조,맑음,단일로 - 기타,승용,남,33세,경상,승용,남,46세,상해없음
2021123100100168,2021년 12월 31일 12시,금요일,경상남도 합천군 초계면,중상사고,0,1,0,0,차대차 - 측면충돌,교차로운행방법위반,건조,맑음,교차로 - 교차로안,승용,남,69세,상해없음,승용,여,26세,중상
2021123100100214,2021년 12월 31일 13시,금요일,경상남도 창원시 진해구 자은동,경상사고,0,0,3,0,차대차 - 측면충돌,안전운전불이행,건조,맑음,교차로 - 교차로안,승용,여,52세,경상,화물,남,40세,경상
2021123100100215,2021년 12월 31일 13시,금요일,경상남도 통영시 중앙동,경상사고,0,0,1,0,차대차 - 측면충돌,안전거리미확보,건조,맑음,기타 - 기타,승용,남,43세,상해없음,승용,남,35세,경상
2021123100100216,2021년 12월 31일 13시,금요일,경상남도 양산시 물금읍,경상사고,0,0,1,0,차대차 - 측면충돌,안전운전불이행,건조,맑음,단일로 - 기타,이륜,남,25세,상해없음,승용,남,25세,경상
2021123100100217,2021년 12월 31일 13시,금요일,경상남도 거제시 고현동,경상사고,0,0,1,0,차대차 - 측면충돌,기타,건조,맑음,교차로 - 교차로안,승용,남,48세,상해없음,승용,남,33세,경상
2021123100100233,2021년 12월 31일 14시,금요일,경상남도 김해시 대동면,경상사고,0,0,6,0,차대차 - 추돌,안전거리미확보,건조,맑음,단일로 - 기타,화물,남,43세,상해없음,승용,남,46세,경상
2021123100100258,2021년 12월 31일 14시,금요일,경상남도 통영시 북신동,경상사고,0,0,2,0,차대차 - 추돌,안전거리미확보,건조,맑음,단일로 - 기타,승용,여,67세,상해없음,승용,남,60세,경상
2021123100100259,2021년 12월 31일 14시,금요일,경상남도 거창군 거창읍,중상사고,0,1,1,1,차대차 - 정면충돌,중앙선침범,건조,맑음,단일로 - 기타,화물,남,55세,부상신고,승용,남,60세,중상
2021123100100260,2021년 12월 31일 14시,금요일,경상남도 양산시 동면,경상사고,0,0,3,0,차대차 - 측면충돌,안전거리미확보,건조,맑음,단일로 - 기타,승용,남,40세,상해없음,승용,남,24세,경상
2021123100100261,2021년 12월 31일 14시,금요일,경상남도 양산시 동면,부상신고사고,0,0,0,1,차대차 - 기타,안전운전불이행,건조,맑음,단일로 - 기타,자전거,남,45세,부상신고,승용,남,72세,상해없음
2021123100100262,2021년 12월 31일 14시,금요일,경상남도 거제시 장승포동,경상사고,0,0,1,0,차대차 - 측면충돌,안전운전불이행,건조,맑음,단일로 - 기타,승용,여,52세,상해없음,이륜,남,56세,경상
2021123100100302,2021년 12월 31일 15시,금요일,경상남도 밀양시 가곡동,경상사고,0,0,1,0,차대차 - 측면충돌,교차로운행방법위반,건조,맑음,교차로 - 교차로안,승용,남,60세,상해없음,승용,남,28세,경상
2021123100100303,2021년 12월 31일 15시,금요일,경상남도 김해시 전하동,경상사고,0,0,1,0,차대차 - 측면충돌,신호위반,건조,맑음,교차로 - 교차로안,승용,남,59세,상해없음,이륜,남,36세,경상
2021123100100304,2021년 12월 31일 15시,금요일,경상남도 산청군 삼장면,경상사고,0,0,1,0,차대차 - 기타,안전운전불이행,건조,맑음,단일로 - 기타,화물,남,78세,상해없음,농기계,남,34세,경상
2021123100100342,2021년 12월 31일 16시,금요일,경상남도 양산시 물금읍,경상사고,0,0,1,0,차대차 - 측면충돌,안전거리미확보,건조,맑음,단일로 - 기타,승용,여,36세,상해없음,승용,여,53세,경상
2021123100100343,2021년 12월 31일 16시,금요일,경상남도 거제시 아주동,부상신고사고,0,0,0,1,차대차 - 추돌,안전운전불이행,건조,기타,단일로 - 터널,승용,남,43세,부상신고,승용,남,25세,상해없음
2021123100100395,2021년 12월 31일 17시,금요일,경상남도 통영시 광도면,경상사고,0,0,2,0,차대차 - 추돌,안전거리미확보,건조,맑음,기타 - 기타,승용,남,57세,상해없음,승용,남,45세,경상
2021123100100396,2021년 12월 31일 17시,금요일,경상남도 창원시 의창구 서상동,경상사고,0,0,1,0,차대차 - 후진중충돌,안전운전불이행,건조,맑음,단일로 - 기타,승용,남,41세,상해없음,승용,남,23세,경상
2021123100100397,2021년 12월 31일 17시,금요일,경상남도 창원시 의창구 동읍,경상사고,0,0,3,0,차대차 - 추돌,안전운전불이행,건조,맑음,단일로 - 터널,승용,남,31세,상해없음,승용,남,29세,경상
2021123100100454,2021년 12월 31일 18시,금요일,경상남도 진주시 충무공동,중상사고,0,1,0,1,차대사람 - 횡단중,신호위반,건조,맑음,교차로 - 교차로횡단보도내,이륜,남,42세,상해없음,보행자,여,30세,부상신고
2021123100100455,2021년 12월 31일 18시,금요일,경상남도 통영시 명정동,경상사고,0,0,2,0,차대차 - 정면충돌,신호위반,건조,맑음,교차로 - 교차로안,이륜,남,40세,상해없음,승용,남,56세,경상
2021123100100518,2021년 12월 31일 19시,금요일,경상남도 통영시 미수동,중상사고,0,1,1,0,차대차 - 추돌,안전운전불이행,건조,맑음,교차로 - 교차로부근,승용,남,57세,상해없음,승용,여,69세,중상
2021123100100584,2021년 12월 31일 21시,금요일,경상남도 창원시 의창구 봉곡동,경상사고,0,0,2,0,차대사람 - 횡단중,안전운전불이행,건조,맑음,단일로 - 기타,승용,남,63세,상해없음,보행자,남,43세,경상
2021123100100585,2021년 12월 31일 21시,금요일,경상남도 창원시 의창구 도계동,중상사고,0,1,0,0,차대차 - 측면충돌,중앙선침범,건조,맑음,기타 - 기타,승용,남,49세,상해없음,승합,남,47세,중상
2021123100100586,2021년 12월 31일 21시,금요일,경상남도 김해시 삼문동,중상사고,0,1,0,0,차대차 - 측면충돌,중앙선침범,건조,맑음,교차로 - 교차로부근,승용,여,50세,상해없음,이륜,남,42세,중상
2021123100100616,2021년 12월 31일 22시,금요일,경상남도 김해시 서상동,경상사고,0,0,1,0,차대사람 - 횡단중,안전운전불이행,건조,맑음,교차로 - 교차로안,승용,남,45세,상해없음,보행자,남,48세,경상
2021123100100635,2021년 12월 31일 23시,금요일,경상남도 김해시 어방동,경상사고,0,0,1,0,차대차 - 추돌,안전운전불이행,건조,맑음,단일로 - 기타,승용,여,56세,상해없음,이륜,남,48세,경상
2021123100100636,2021년 12월 31일 23시,금요일,경상남도 김해시 율하동,중상사고,0,1,0,0,차대차 - 측면충돌,안전운전불이행,건조,맑음,교차로 - 교차로부근,승용,남,19세,상해없음,이륜,남,19세,중상